shape_id,distance_km,pack_used_kwh_heavy_duty,pack_used_kwh_medium_duty,kwh_per_km_heavy_duty,kwh_per_km_medium_duty,depot_code,record_type,from_stop_name,to_stop_name
51056_VTC,12.44350257995628,19.65299166859452,12.266924649122458,1.5793777951435575,0.9858096279806097,VTC,pullin,29th Avenue Station @ Bay 3,VTC
51164_VTC,13.60348570895608,19.89506399636455,12.02744303681652,1.4624975114478418,0.88414420348882,VTC,pullin,Metrotown Station @ Bay 2,VTC
60302_VTC,10.845317049552335,20.28201144126781,13.028348830808284,1.870116968328279,1.2012879633930165,VTC,pullin,Northbound Cambie St @ Dunsmuir St,VTC
VTC_51056,12.45030070736841,25.89762786457558,18.54645446374982,2.0800805115693866,1.4896390777753303,VTC,pullout,VTC,29th Avenue Station @ Bay 3
50077_VTC,10.052070559132348,17.78639583260822,11.632840749931166,1.7694260827137953,1.1572581670114404,VTC,pullin,Eastbound W Pender St @ Granville St,VTC
VTC_50688,13.284910654121196,25.868234863050883,18.36495132746736,1.9471892236645292,1.3823917830994408,VTC,pullout,VTC,Nanaimo Station @ Bay 3
VTC_61337,6.118837610178018,9.6811604561666,7.067368889322709,1.5821894733834816,1.15501821417305,VTC,pullout,VTC,Marine Drive Station @ Bay 1
VTC_50026,9.057623012727223,17.646748298719388,12.201329639646117,1.9482758637584325,1.3470785461595771,VTC,pullout,VTC,Westbound Davie St @ Howe St
VTC_60302,10.60115860385642,21.122687609353445,14.419523126610724,1.9924885947531783,1.3601836992954037,VTC,pullout,VTC,Northbound Cambie St @ Dunsmuir St
61701_VTC,15.0580453429748,22.584407690208906,14.55754328616358,1.4998233287128109,0.9667618176588422,VTC,pullin,UBC Exchange @ Bay 10,VTC
50094_50407,0.5987218966721041,1.6604484130181285,1.0775167739126394,2.7733216744659823,1.7996949500291153,VTC,interline,Westbound W Pender St @ Hamilton St,Northbound Homer St @ W Pender St
VTC_51151,10.94595228658223,23.738913957983744,17.482475724778133,2.168739031238368,1.597163523744618,VTC,pullout,VTC,Eastbound Kingsway @ Joyce St
58321_VTC,9.84486188432126,17.33004993013029,11.341302583936177,1.760314175430922,1.1520022035045632,VTC,pullin,Southbound Howe St @ Dunsmuir St,VTC
VTC_61702,15.155272717197496,29.75422349974119,21.17525456138053,1.9632918559081742,1.3972202913479637,VTC,pullout,VTC,UBC Exchange @ Bay 11
50955_VTC,16.86309263086227,28.00106314789488,18.45691624826393,1.66049394146411,1.0945154991608537,VTC,pullin,Kootenay Loop @ Bay 5,VTC
VTC_61701,15.21916131527373,29.70499205114218,21.456221309764008,1.9518153093844062,1.4098162747135647,VTC,pullout,VTC,UBC Exchange @ Bay 10
VTC_50273,12.643536177822051,26.947990926639005,19.43029685153666,2.1313650348791113,1.5367770992437404,VTC,pullout,VTC,Blanca Loop @ Bay 1
VTC_50081,10.581705596502417,21.357697877659646,15.064633330487668,2.0183606208737306,1.4236488809012982,VTC,pullout,VTC,Southbound Cambie St @ Dunsmuir St
50410_VTC,10.713760490755984,20.16903013300361,13.154792644032424,1.8825350959082756,1.2278408365935196,VTC,pullin,Southbound Cambie St @ W Hastings St,VTC
50081_VTC,10.57536557300114,19.42235939125403,12.618403335895133,1.8365662403992185,1.1931883818853373,VTC,pullin,Southbound Cambie St @ Dunsmuir St,VTC
60403_VTC,10.36532503318148,14.467502192309952,8.659684771084107,1.3957596260605996,0.8354474889463402,VTC,pullin,Southbound Joyce St @ Kingsway,VTC
VTC_54824,0.2383139707789124,0.7635671411903546,0.5222829970828123,3.2040385156383797,2.1915752373885895,VTC,pullout,VTC,Marpole Loop @ Bay 4
VTC_51134,9.135621785159747,18.632528027989448,13.489809860445332,2.0395467835869514,1.4766164994219324,VTC,pullout,VTC,Eastbound Kingsway @ E Broadway
61702_VTC,14.963197715063709,22.451698156976327,14.438085193298386,1.5004612372643995,0.9649063968969225,VTC,pullin,UBC Exchange @ Bay 11,VTC
51188_VTC,11.07695090301842,16.931541730696615,10.79154652309121,1.5285381219919325,0.9742343915373465,VTC,pullin,Westbound Kingsway @ Rhodes St,VTC
VTC_54826,7.036763188472454,15.0313843834624,10.699939953643572,2.1361219613140663,1.520576956628595,VTC,pullout,VTC,Northbound Granville St @ W 10 Ave
VTC_51061,11.332193939050676,24.32454676434924,17.802106911678504,2.1464993358900246,1.5709320725912168,VTC,pullout,VTC,Northbound Earles St @ Kingsway
VTC_51888,8.305654082225262,16.47197913757002,11.646587083368626,1.9832247977701505,1.4022480310482972,VTC,pullout,VTC,Eastbound W 41 Ave @ Crown St
VTC_58268,3.855140604454927,10.293020382363828,8.169761092202284,2.669946816069279,2.1191862840907705,VTC,pullout,VTC,Eastbound W 41 Ave @ Oak St
50445_VTC,15.244299042338476,30.24166692023305,19.51219380892964,1.983801737045561,1.2799666127473495,VTC,pullin,Westbound Eton St @ N Renfrew St,VTC
50806_VTC,3.427599645079237,2.377626413622499,1.7295740168126974,0.6936709825594392,0.5046021110708553,VTC,pullin,Southbound Oak St @ W 43 Ave,VTC
50688_VTC,13.20924085833992,21.696545124321897,13.72004742841952,1.6425277846775992,1.038670395638754,VTC,pullin,Nanaimo Station @ Bay 3,VTC
VTC_59042,1.7482367237610863,5.543007433136221,4.156389366977596,3.1706275001541084,2.377475149953209,VTC,pullout,VTC,63 Ave Loop @ Granville St
50853_VTC,3.7039251390639976,2.790849489266846,0.8878155254171092,0.7534843131230533,0.23969586103499518,VTC,pullin,Southbound Granville St @ W 41 Ave,VTC
VTC_50407,10.344420743354236,20.76804569313685,14.161694087650677,2.0076567077455025,1.3690176027254928,VTC,pullout,VTC,Northbound Homer St @ W Pender St
VTC_50640,7.380774958802871,15.628509353636932,11.23603173165768,2.11746184389448,1.5223376670300373,VTC,pullout,VTC,Dunbar Loop @ Bay 2
50030_VTC,10.840797879101762,19.484588157058184,12.272094300788511,1.7973389389188226,1.1320286973015072,VTC,pullin,Northbound Burrard St @ Robson St,VTC
VTC_60993,10.025614441175174,19.494328033065344,13.694611935530288,1.9444521976630367,1.3659623573081516,VTC,pullout,VTC,Northbound Granville St @ Dunsmuir St
50640_VTC,7.175074486942084,11.54835148163784,7.135248712850718,1.6095096298518823,0.9944494270876427,VTC,pullin,Dunbar Loop @ Bay 2,VTC
59042_VTC,1.5644849979389217,1.7942097583443348,0.5720311265385162,1.1468373047412128,0.3656354182316349,VTC,pullin,63 Ave Loop @ Granville St,VTC
60400_VTC,7.258939208158546,8.72312268795723,5.1067730370170645,1.2017076376880307,0.7035150578582342,VTC,pullin,Westbound E 41 Ave @ Fraser St,VTC
VTC_50790,6.864679048181053,15.557448856949197,11.726462990309871,2.2663038938537823,1.7082317917568273,VTC,pullout,VTC,Southbound Fraser St @ E 41 Ave
VTC_60637,6.761603562358013,15.571242980629462,11.763481419282703,2.3028920339717778,1.7397472819569382,VTC,pullout,VTC,Northbound Fraser St @ E 41 Ave
60402_VTC,9.116109068191037,12.264928440449753,7.12324704958519,1.3454126479515185,0.7813911611084638,VTC,pullin,Westbound E 41 Ave @ Victoria Dr,VTC
61338_VTC,1.8659750270528648,3.010480389922332,1.930492173165614,1.6133551340593812,1.0345755678277475,VTC,pullin,Marine Drive Station @ Bay 2,VTC
VTC_50652,8.68124155874338,19.072436997534343,14.359765865031854,2.196971120832986,1.654114307022053,VTC,pullout,VTC,Northbound Victoria Dr @ E 41 Ave
VTC_50651,8.340005370910896,18.70674052267139,13.763956974540488,2.2430130066724687,1.6503534904842858,VTC,pullout,VTC,Eastbound E 41 Ave @ Bruce St
PCT_61063,14.756370244016598,21.630364407476637,16.729496458745142,1.465832318503075,1.1337135204728688,PCT,pullout,PCT,Haney Place @ Bay 2
PCT_53021,3.6746749383736095,6.349512657715486,4.608049639377158,1.7279113837823556,1.2540019774964517,PCT,pullout,PCT,Coquitlam Central Station @ Bay 3
PCT_61891,6.846111446497663,11.38428831550555,8.167651531911087,1.6628838727610151,1.1930351405672044,PCT,pullout,PCT,Moody Centre Station @ Bay 6
PCT_53187,8.067825738428729,14.0229579232907,9.83632895209538,1.7381334671739923,1.2192044388419179,PCT,pullout,PCT,Westbound St. Johns St @ Barnet Hwy
61061_57752,5.7937360777511815,9.95425262145744,7.714965556072513,1.718105983405642,1.3316045902917708,PCT,interline,Haney Place @ Bay 4,Westbound Dewdney Trunk Rd @ 248 St
59554_61911,4.372632405272187,3.811289765482575,1.6283854858847224,0.8716236381743895,0.3724039285628811,PCT,interline,Burquitlam Station @ Bay 1,Moody Centre Station @ Bay 3
PCT_58440,19.941204761579872,24.580995456297327,19.61532941632309,1.2326735395474602,0.9836581917114338,PCT,pullout,PCT,Sperling Station @ Bay 3
PCT_61062,14.749752658953996,21.575016321041534,16.71861618320414,1.4627374993942144,1.133484511216866,PCT,pullout,PCT,Haney Place @ Bay 3
PCT_58436,12.433412498085806,21.985237324073164,15.90740821712284,1.7682383921114107,1.2794080643244061,PCT,pullout,PCT,Lougheed Station @ Bay 2
58086_PCT,10.987899890617213,12.812534766733938,9.938674365196244,1.1660585639003516,0.904510822280341,PCT,pullin,Braid Station @ Bay 6,PCT
PCT_52373,18.37689905423097,27.184889731655037,20.406161275019866,1.4792968961428872,1.1104246268535545,PCT,pullout,PCT,22nd Street Station @ Bay 5
53104_54909,3.6234072016481895,8.890242830797382,7.666225957561642,2.453558856634565,2.1157505990699814,STC,interline,Scott Road Station @ Bay 1,Eastbound 96 Ave @ Scott Rd
STC_55128,9.235413486783974,14.804948847925916,10.58329281733942,1.603062913112882,1.1459468309117162,STC,pullout,STC,Guildford Exchange @ Bay 1
54990_55836,0.923114084020964,2.2342562817628577,1.6068746441583428,2.420346867670711,1.7407107875106915,STC,interline,King George Station @ Bay 2,Surrey Central Station @ Bay 3
STC_55835,8.975999575722817,9.94292472360858,6.438101566292899,1.1077233950078367,0.7172573385259383,STC,pullout,STC,Scott Road Station @ Bay 9
PCT_58085,10.966584517831407,15.6203532620585,11.776734960465044,1.424358991321334,1.0738744539210316,PCT,pullout,PCT,Braid Station @ Bay 5
PCT_58158,14.982700785166829,25.628313904180583,19.84312657759044,1.7105269785240003,1.3244025134130375,PCT,pullout,PCT,Westbound 8th Ave @ New Westminster Secondary
STC_61760,15.557982491183514,25.490298511874624,19.1513720359584,1.638406427460605,1.230967578656886,STC,pullout,STC,White Rock Centre @ Bay 10
57188_STC,19.071894462761804,31.530786095565823,24.30107343443851,1.6532592583883166,1.274182461626283,STC,pullin,Langley Centre @ Bay 6,STC
58223_55713,6.216690751430934,9.65959070845494,6.635858254241006,1.5538155418510295,1.0674261467346737,STC,interline,Eastbound 88 Ave @ 156 St,Surrey Central Station @ Bay 5
61058_PCT,14.565917073777408,17.940956585053865,13.293741132892164,1.2317079998589613,0.9126607727861156,PCT,pullin,Haney Place @ Bay 7,PCT
61997_PCT,2.2772986453048305,3.299957473345552,2.4018437011532585,1.449066629951748,1.054689821251686,PCT,pullin,Westbound Kingsway Ave @ Mary Hill Bypass,PCT
56395_57027,21.769062711969536,27.001226182972147,20.05123448878368,1.2403485873613542,0.9210885537005081,STC,interline,Surrey Central Station @ Bay 1 Unloading Only,Langley Centre @ Bay 3
STC_55378,15.386620186562478,21.663958246391108,15.796484334454986,1.4079738099541046,1.026637698397888,STC,pullout,STC,Westbound 16 Ave @ King George Blvd
54990_STC,5.878920886156564,9.707524219646558,6.900387378025299,1.651242533728499,1.1737506783386118,STC,pullin,King George Station @ Bay 2,STC
55456_STC,2.5800748492300807,4.387840079882836,2.98988432491353,1.7006638707370099,1.158836273996369,STC,pullin,Newton Exchange @ Bay 5,STC
57210_55713,17.46714311791094,24.248538776501118,18.66775956694393,1.3882372528130535,1.0687357080049265,STC,interline,Westbound 88 Ave @ 212 St,Surrey Central Station @ Bay 5
57210_55738,17.183260753692696,24.49905174828316,18.63577274072,1.4257510317428137,1.0845306375691912,STC,interline,Westbound 88 Ave @ 212 St,Surrey Central Station @ Bay 7
STC_54990,5.212727918645549,8.26937228813938,5.936901897402217,1.5863809539263378,1.138924185197994,STC,pullout,STC,King George Station @ Bay 2
56394_STC,3.866890394844799,6.156924865836678,4.241110982177976,1.5922160281669406,1.0967755868726135,STC,pullin,Scottsdale Exchange @ Bay 1,STC
57143_54990,17.14124669594486,30.641996974238275,23.032919784180184,1.787617757201249,1.3437132195074892,STC,interline,Langley Centre @ Bay 5,King George Station @ Bay 2
61760_STC,14.438228468176318,20.499284281760904,14.727846626661345,1.4197922083684933,1.0200591200730327,STC,pullin,White Rock Centre @ Bay 10,STC
61710_57027,7.208761710073041,10.119552026116557,7.213283376407507,1.4037850650516261,1.0006272459149463,STC,interline,Carvolth Exchange @ Bay 2,Langley Centre @ Bay 3
61804_61337,15.989731007638712,25.34295370061947,17.590642660367724,1.584951847439615,1.100121237309384,VTC,interline,Brentwood Station @ Bay 5 New,Marine Drive Station @ Bay 1
60358_VTC,12.955868453752425,13.977312276375654,9.072525207091829,1.0788402434209177,0.7002637638285175,VTC,pullin,UBC Exchange @ Unloading Only,VTC
VTC_59803,11.618258689173745,20.581733225741505,14.110735764763476,1.771498963516814,1.2145310362139121,VTC,pullout,VTC,VCC-Clark Station @ Bay 1
58136_VTC,5.390072893672341,6.145809863918842,3.248656716059739,1.1402090445073008,0.602711091323735,VTC,pullin,Southbound Granville St @ W King Edward Ave,VTC
VTC_60164,12.76226094408777,21.29976577515857,16.411028507669393,1.6689649168336331,1.2859029116836815,VTC,pullout,VTC,UBC Exchange @ Bay 6
50640_61337,9.011539316155176,14.839546566757678,9.302427684179689,1.6467271623788524,1.0322795426862346,VTC,interline,Dunbar Loop @ Bay 2,Marine Drive Station @ Bay 1
61804_VTC,16.044447420211906,26.841031058886585,17.708522329706614,1.6729171379921592,1.103716560995326,VTC,pullin,Brentwood Station @ Bay 5 New,VTC
57377_RTC,13.88787178941333,16.004222204609473,12.835889252001085,1.1523883894729954,0.9242517101710165,RTC,pullin,South Delta Exchange @ Bay 1,RTC
58597_61326,20.91170224710208,23.285963791538943,19.091149373835776,1.1135374593795149,0.9129409527854867,RTC,interline,South Delta Exchange @ Bay 2,Bridgeport Station @ Bay 7
RTC_57377,13.304219041933754,15.612400870501016,12.522439296128404,1.1734924704179983,0.9412382084704674,RTC,pullout,RTC,South Delta Exchange @ Bay 1
56280_61329,36.73631959153827,36.36247835447392,29.096858788724656,0.9898236611282515,0.7920461034813824,RTC,interline,White Rock Centre @ Bay 1,Bridgeport Station @ Bay 10
61321_57349,26.95312797118071,32.20924905753352,25.27534762031573,1.1950096883735666,0.9377519242791069,RTC,interline,Bridgeport Station @ Bay 1 Unloading Only,Westbound 1A Ave @ 67 St
56081_61326,36.18030520001641,36.52652496913381,28.672996086081938,1.0095692882413065,0.792502880436424,RTC,interline,White Rock Centre @ Bay 5,Bridgeport Station @ Bay 7
61321_57359,25.166952120223907,33.06185922741568,26.225807924421208,1.3137013600009,1.0420732633470706,RTC,interline,Bridgeport Station @ Bay 1 Unloading Only,Westbound 2nd Ave @ 52A St
56280_61327,36.70568575578938,36.424221768283225,28.81972622944029,0.9923318695261875,0.7851570032278913,RTC,interline,White Rock Centre @ Bay 1,Bridgeport Station @ Bay 8
57377_61327,21.320079314040456,24.30508181263965,19.83943279253221,1.1400089772008213,0.9305515472199413,RTC,interline,South Delta Exchange @ Bay 1,Bridgeport Station @ Bay 8
61321_57377,21.86503056817453,25.699954237856613,20.69231089161485,1.1753907298562838,0.946365513969753,RTC,interline,Bridgeport Station @ Bay 1 Unloading Only,South Delta Exchange @ Bay 1
57518_61329,15.209708109942037,17.094799583211106,13.685366901511058,1.1239400164449476,0.8997784048574494,RTC,interline,Ladner Exchange @ Bay 7,Bridgeport Station @ Bay 10
58597_57359,3.996191007439434,8.71604812630911,6.939642109477369,2.181088969491959,1.7365641673679546,RTC,interline,South Delta Exchange @ Bay 2,Westbound 2nd Ave @ 52A St
HTC_52230,3.408037570264233,6.401374476471255,5.2010528224348,1.8783168742987013,1.5261136989260218,HTC,pullout,HTC,22nd Street Station @ Bay 4
52667_61987,4.681997562989167,3.1172789372952194,2.267624813642964,0.6658010593463506,0.48432849080665163,HTC,interline,Edmonds Station @ Bay 6,Eastbound North Fraser Way @ Byrne Rd
60212_HTC,9.403387191897371,10.278109080017447,5.571086232501552,1.0930220005057112,0.5924552630675463,HTC,pullin,Metrotown Station @ Bay 12,HTC
61035_52230,11.752489019239803,17.06342180238411,11.631211386223054,1.4518985531022295,0.9896806852728637,HTC,interline,Surrey Central Station @ Bay 12,22nd Street Station @ Bay 4
52242_51417,0.7714739779618518,1.3610535193301545,0.8844565068731362,1.76422479333121,1.146450213667312,HTC,interline,Northbound 6th St @ 6th Ave,Southbound 8th St @ 8th Ave
52605_52230,2.500401416191072,2.530904703026885,1.159051326482784,1.0121993559267295,0.4635461006290733,HTC,interline,Edmonds Station @ Bay 5,22nd Street Station @ Bay 4
59555_HTC,0.1308381974014429,0.3753740648495643,0.2503740648495645,2.868994470306151,1.9136159762378637,HTC,pullin,Eastbound Westminster Hwy @ Boundary Rd,HTC
HTC_52340,5.667269271084705,6.9145575279748535,5.224462172972544,1.2200862879859986,0.9218658798565594,HTC,pullout,HTC,Southbound Cliveden Ave @ 1600 Block
52453_52804,5.009771794311323,11.686539332788602,8.453759077666017,2.332748838192362,1.687453925000216,HTC,interline,Edmonds Station @ Bay 3,Metrotown Station @ Bay 6
HTC_53497,3.379187046869928,6.296702393231212,5.224480171008993,1.8633778793226965,1.5460760527737945,HTC,pullout,HTC,22nd Street Station @ Bay 3
61035_52771,12.60740977626398,20.1724373169192,14.56415894150369,1.6000461375419024,1.1552062794788895,HTC,interline,Surrey Central Station @ Bay 12,Edmonds Station @ Bay 4
60482_61693,4.159131762206639,7.299186329963831,5.1281728389757415,1.7549783818561275,1.2329911943580685,RTC,interline,Richmond-Brighouse Station @ Bay 2,Bridgeport Station @ Bay 6
58322_HTC,3.943299205240388,3.479950172736585,2.093526155179251,0.8824971151344433,0.5309072546148897,HTC,pullin,22nd Street Station @ Unloading Only,HTC
52453_HTC,5.312171718159673,4.342782617206042,2.2962559865933767,0.8175154809774369,0.43226313237270164,HTC,pullin,Edmonds Station @ Bay 3,HTC
58322_61657,3.5496203185944637,4.079270105486699,2.4626826572530987,1.149213081781648,0.693787626905472,HTC,interline,22nd Street Station @ Unloading Only,New Westminster Station @ Bay 10
56600_59982,7.075555577694935,10.936915752338344,7.600429963397581,1.5457324350353498,1.0741813670939517,RTC,interline,Westbound Steveston Hwy @ No. 5 Rd,Southbound Buswell St @ Cook Rd
60063_52667,4.615211016959901,10.41929979557952,8.497842415249828,2.2575998707948233,1.841268445586149,HTC,interline,Byrne Rd @ North Fraser Way,Edmonds Station @ Bay 6
61035_61657,8.63794541509139,11.579545004851528,7.477520698291052,1.340543896540589,0.8656596376757654,HTC,interline,Surrey Central Station @ Bay 12,New Westminster Station @ Bay 10
HTC_56911,0.3878777942645111,0.7281549313468207,0.5059327091245989,1.8772792413330566,1.3043611070438874,HTC,pullout,HTC,Eastbound Ewen Ave @ Hume St
60690_HTC,16.121853557473425,23.009256539037715,16.202255400748445,1.427209126854497,1.0049871339538219,HTC,pullin,Brentwood Station @ Bay 8,HTC
52692_HTC,9.514328113944291,10.599757483840987,5.579367300691583,1.1140836596023926,0.58641737323673,HTC,pullin,Metrotown Station @ Bay 1,HTC
61035_52453,12.593728599978812,20.12089753385746,14.538496645253316,1.5976918490915637,1.1544235315089906,HTC,interline,Surrey Central Station @ Bay 12,Edmonds Station @ Bay 3
61035_61651,8.316830262588187,10.811997314404843,6.645709474341761,1.300014184856066,0.7990675851876319,HTC,interline,Surrey Central Station @ Bay 12,New Westminster Station @ Bay 4
VTC_50315,10.339352172123782,18.064892001982333,13.099202860937645,1.747197667827545,1.2669268483043623,VTC,pullout,VTC,Eastbound W Broadway @ Alma St
HTC_51389,15.552056846347492,24.529242575094663,18.05408360334763,1.577234626740419,1.160880762057384,HTC,pullout,HTC,Brentwood Station @ Bay 7
61773_RTC,8.220417453941328,12.30519315417227,8.70470323815207,1.496906114940972,1.058912553641488,RTC,pullin,Eastbound Lansdowne Rd @ No. 3 Rd,RTC
RTC_56958,11.65617731721956,13.500220353709748,10.92181735097896,1.1582030700378931,0.9369982159454853,RTC,pullout,RTC,Northbound Knight St Bridge Offramp @ SE Marine Dr
61650_HTC,6.050543947211969,7.927005310119576,5.577219243474197,1.3101310195048268,0.9217715451920855,HTC,pullin,New Westminster Station @ Bay 3,HTC
52515_HTC,10.05361974036394,11.676382485946748,6.539212583936109,1.1614107940712768,0.6504336500496477,HTC,pullin,Patterson Station @ Bay 1,HTC
61657_52667,5.124298150394017,12.76904453869849,9.7621762206159,2.491862136811195,1.905075765325105,HTC,interline,New Westminster Station @ Bay 10,Edmonds Station @ Bay 6
52605_61657,4.75465084800755,4.759360298686143,2.000291765144053,1.0009904934829372,0.42070213546432766,HTC,interline,Edmonds Station @ Bay 5,New Westminster Station @ Bay 10
HTC_52992,5.206355717886492,11.920770198453903,9.341293729529584,2.2896572659259466,1.7942096613639877,HTC,pullout,HTC,Edmonds Station @ Bay 2
HTC_60690,15.15033746726959,23.730944051141226,17.78656894742846,1.5663640564052757,1.174004802589653,HTC,pullout,HTC,Brentwood Station @ Bay 8
52453_52230,2.445836118804161,2.440377499328413,1.0294729503218385,0.9977681990081916,0.4209083930059783,HTC,interline,Edmonds Station @ Bay 3,22nd Street Station @ Bay 4
HTC_61654,6.285958005338391,9.401579663762076,6.615761781038247,1.495647863981548,1.0524667481742271,HTC,pullout,HTC,New Westminster Station @ Bay 7
HTC_60212,9.682956677280696,22.50304250687544,17.072982168171944,2.3239846316440462,1.7631992724113497,HTC,pullout,HTC,Metrotown Station @ Bay 12
HTC_59556,0.5623789810405172,1.081010349128314,0.7837881269060919,1.922209729688371,1.393700962037952,HTC,pullout,HTC,Eastbound Boyd St @ Gifford St
RTC_55096,26.559765784683048,30.01387818857766,24.58444060586974,1.1300505596283004,0.9256271612171945,RTC,pullout,RTC,Scott Road Station @ Bay 7
56600_RTC,0.834152003874445,1.3204106353271043,0.9954106353271036,1.5829376770589765,1.1933204388452574,RTC,pullin,Westbound Steveston Hwy @ No. 5 Rd,RTC
58194_RTC,7.976823409557405,11.332730044039804,8.146347708833005,1.4207071489712972,1.0212521063300066,RTC,pullin,Steveston Exchange @ Bay 1,RTC
60662_HTC,19.095535204246275,14.29830386599776,7.132682650649672,0.7487773300440537,0.3735261973209097,HTC,pullin,SFU Transit Exchange @ Bay 4,HTC
58194_60483,8.142364780393082,12.874164358281895,8.936232668759622,1.5811333323315415,1.0974984429926529,RTC,interline,Steveston Exchange @ Bay 1,Richmond-Brighouse Station @ Bay 1
53104_RTC,26.23830008492366,28.71504789134872,23.235783510044392,1.0943943700014385,0.8855674123262088,RTC,pullin,Scott Road Station @ Bay 1,RTC
56673_RTC,8.338509308920614,9.98869723705553,7.78912992737476,1.1978996325361813,0.9341153962665578,RTC,pullin,Ladner Exchange @ Bay 4,RTC
58279_RTC,7.516671130859624,11.43286752379291,7.8158473322385635,1.5210014279932211,1.039801688296655,RTC,pullin,Eastbound Cook Rd @ No. 3 Rd,RTC
52667_52230,4.129442042101596,4.042818986932884,2.9408971209327843,0.979023060673682,0.7121778416911922,HTC,interline,Edmonds Station @ Bay 6,22nd Street Station @ Bay 4
HTC_52716,10.655394514424277,18.514278885074333,13.65170128003714,1.7375498260539703,1.2812009223644176,HTC,pullout,HTC,Bus Loop @ Burnaby City Hall
HTC_52453,5.144853314529614,11.851892472124122,9.511235086288517,2.303640501985375,1.8486892637789643,HTC,pullout,HTC,Edmonds Station @ Bay 3
HTC_61736,8.321288455928924,15.296123666958476,12.290031815314157,1.8381917353267543,1.4769385631088776,HTC,pullout,HTC,Eastbound 8th Ave @ 8th St
52667_HTC,5.285295028887822,4.253255028161805,2.2251361765512385,0.8047337007517651,0.4210051027216679,HTC,pullin,Edmonds Station @ Bay 6,HTC
60063_60212,6.590834839101042,14.399014410101186,11.8608293773365,2.184702660833956,1.7995943862787283,HTC,interline,Byrne Rd @ North Fraser Way,Metrotown Station @ Bay 12
60063_HTC,6.618407399050883,7.905485431308648,6.110888023452211,1.1944694478073892,0.9233169938025493,HTC,pullin,Byrne Rd @ North Fraser Way,HTC
61678_52992,4.730310438328508,11.754527552132505,9.285988791635548,2.4849378714953976,1.9630823204315582,HTC,interline,New Westminster Station @ Unloading Only,Edmonds Station @ Bay 2
61678_52605,4.728950902969559,11.66148362258747,9.30830677321587,2.4659768861767217,1.9683661269079133,HTC,interline,New Westminster Station @ Unloading Only,Edmonds Station @ Bay 5
58086_52230,7.12547983937567,12.637010991733604,9.38744481970566,1.7734961401337501,1.3174473903961228,HTC,interline,Braid Station @ Bay 6,22nd Street Station @ Bay 4
HTC_61987,6.929372365938232,9.027023843133174,6.855192454605128,1.30271882739425,0.9892948585505753,HTC,pullout,HTC,Eastbound North Fraser Way @ Byrne Rd
HTC_56919,3.43804620737368,6.434915476735403,5.163619511523144,1.87167800797274,1.5019052101302697,HTC,pullout,HTC,22nd Street Station @ Bay 7
61657_HTC,6.460548298728481,8.947853855690843,6.302233784150414,1.3849991427897683,0.9754951890678961,HTC,pullin,New Westminster Station @ Bay 10,HTC
RTC_56927,9.06974580374894,13.434210019272983,9.450806034846828,1.481211305141541,1.0420144334078665,RTC,pullout,RTC,Westbound Cambie Rd @ Jacombs Rd
VTC_60158,13.067393094214422,21.74334106142584,16.80624614854283,1.6639386987640779,1.2861208067570709,VTC,pullout,VTC,UBC Exchange @ Bay 1
61709_HTC,30.116619161005485,35.244370110009534,27.22946197689119,1.170263166711733,0.9041340872732309,HTC,pullin,Carvolth Exchange @ Bay 1 Unloading Only,HTC
60482_59982,0.4340911047355865,1.2782781553137177,0.7468752186425869,2.9447232190863306,1.7205494664478864,RTC,interline,Richmond-Brighouse Station @ Bay 2,Southbound Buswell St @ Cook Rd
59982_RTC,7.164393826284409,10.61124313618039,7.545277193513717,1.481108296594519,1.0531633766184012,RTC,pullin,Southbound Buswell St @ Cook Rd,RTC
RTC_51999,19.162439104000807,31.50602515500351,24.556624011902407,1.6441552656219824,1.2814978238743826,RTC,pullout,RTC,Metrotown Station @ Bay 3
56599_RTC,0.504909966956921,0.8271364283032974,0.6465808727477419,1.6381859785585668,1.2805864709795047,RTC,pullin,Eastbound Horseshoe Way @ No. 5 Rd,RTC
RTC_58279,7.379320975437585,10.636032961683703,7.620330973752247,1.4413294931994742,1.0326601863663167,RTC,pullout,RTC,Eastbound Cook Rd @ No. 3 Rd
59982_60483,0.7251722804679042,1.7030916822404505,1.1713763575917582,2.3485338975471617,1.6153076850041055,RTC,interline,Southbound Buswell St @ Cook Rd,Richmond-Brighouse Station @ Bay 1
56647_RTC,2.9499367004527235,3.637621355157955,2.7377664329008344,1.2331184444058387,0.9280763321059304,RTC,pullin,Entertainment Blvd @ Riverport Recreation Complex,RTC
HTC_52356,2.662509065259561,3.576789950322877,2.6027254674236726,1.3433907125398596,0.9775461429912314,HTC,pullout,HTC,Southbound Furness St @ Ewen Ave
56669_RTC,19.27116501472053,22.82106355661997,18.342800006345698,1.184207780857452,0.9518262124959395,RTC,pullin,Tsawwassen Ferry Terminal @ Bay 1,RTC
RTC_61430,9.851781548370267,11.84470100513566,9.491971836276294,1.2022902605970867,0.9634777009287732,RTC,pullout,RTC,Bridgeport Station @ Bay 13
61321_61767,25.67840869004052,28.800053770017,23.287779405627024,1.1215669209746328,0.9069011902851787,RTC,interline,Bridgeport Station @ Bay 1 Unloading Only,Tsawwassen Ferry Terminal @ Bay 2
50757_RTC,11.523937108375552,12.154102147574516,9.30245925647434,1.0546831376527526,0.8072292627936462,RTC,pullin,Northbound Granville St @ W 71 Ave,RTC
RTC_61323,9.997378014101692,11.873675842265031,9.461420857807733,1.1876789919833728,0.9463902279639751,RTC,pullout,RTC,Bridgeport Station @ Bay 3
56600_60483,7.011852949216516,10.716444930488308,7.535908333504604,1.5283328113271017,1.0747385018030997,RTC,interline,Westbound Steveston Hwy @ No. 5 Rd,Richmond-Brighouse Station @ Bay 1
RTC_56875,4.804609922710691,6.385333360215734,4.679328446341602,1.3290014096739036,0.9739247351222204,RTC,pullout,RTC,Eastbound Williams Rd @ Garden City Rd
RTC_54990,29.28730414702129,40.554381133997566,31.92880417469577,1.3847085730532223,1.0901926655459389,RTC,pullout,RTC,King George Station @ Bay 2
RTC_59982,7.425850174625678,10.822903675959374,7.579520681211611,1.4574632427868683,1.0206939950271323,RTC,pullout,RTC,Southbound Buswell St @ Cook Rd
55383_RTC,28.826889042486467,28.590630802536285,22.283671143434976,0.9918042408391009,0.7730168562619512,RTC,pullin,White Rock Centre @ Bay 8,RTC
52692_RTC,18.535143076368445,20.068892916962508,13.49393857525707,1.0827482061656988,0.7280191212800129,RTC,pullin,Metrotown Station @ Bay 1,RTC
RTC_56088,28.182882624484687,32.294230274716554,26.869491161866883,1.1458810195185647,0.9533975470104411,RTC,pullout,RTC,Southbound 128 St @ Crescent Rd
RTC_56600,1.006457056404353,1.763905110026184,1.2454924587226748,1.752588546925066,1.2375018395442472,RTC,pullout,RTC,Westbound Steveston Hwy @ No. 5 Rd
53104_54990,5.504614722849914,13.485560565316923,10.230948004827583,2.4498645671490373,1.858612912972535,RTC,interline,Scott Road Station @ Bay 1,King George Station @ Bay 2
56517_61326,12.265232411393018,20.926213417006004,14.283944563207443,1.7061407982426742,1.1645881695596139,RTC,interline,Steveston Exchange @ Bay 3,Bridgeport Station @ Bay 7
RTC_56599,0.4723086253878048,0.7490229145192818,0.5768006922970592,1.585876001955864,1.221236838144672,RTC,pullout,RTC,Eastbound Horseshoe Way @ No. 5 Rd
RTC_56647,3.255235994218493,4.350978663276961,3.1479951529640986,1.3366092876229485,0.9670558935066885,RTC,pullout,RTC,Entertainment Blvd @ Riverport Recreation Complex
RTC_56517,7.865533049125107,11.022475162462811,8.004001871479373,1.4013640389812938,1.0176045058217216,RTC,pullout,RTC,Steveston Exchange @ Bay 3
56082_RTC,30.261089566839257,32.9917296195429,27.164828482587232,1.0902360123772918,0.8976817712589908,RTC,pullin,Westbound Sullivan St @ Kidd Rd,RTC
60482_58065,15.044375732782717,27.03097915838513,18.980206490290584,1.7967498046118848,1.2616147607196107,RTC,interline,Richmond-Brighouse Station @ Bay 2,Northbound Seymour St @ W Georgia St
56517_60483,8.471075484085983,12.960652206480423,8.926520285708786,1.5299889879187942,1.0537646964046556,RTC,interline,Steveston Exchange @ Bay 3,Richmond-Brighouse Station @ Bay 1
56713_RTC,1.5494164346763697,1.830393122562785,1.4192820114516738,1.1813435572245647,0.9160106861446339,RTC,pullin,Westbound Machrina Way @ No. 5 Rd,RTC
58194_59982,8.252661889870026,13.13288199475855,9.236859942667143,1.591351029524049,1.1192582546008822,RTC,interline,Steveston Exchange @ Bay 1,Southbound Buswell St @ Cook Rd
RTC_56714,1.2091762722060535,1.7144286557218067,1.314428655721807,1.417848410632436,1.087044698060216,RTC,pullout,RTC,Eastbound Machrina Way @ No. 5 Rd
56596_RTC,2.93312008037756,3.6005334989716578,2.769977943416104,1.227543844201628,0.9443793187831383,RTC,pullin,Northbound Entertainment Blvd @ Steveston Hwy,RTC
56517_RTC,8.429066491576373,11.32436480433071,8.267041499712562,1.3434897939941233,0.9807778249197902,RTC,pullin,Steveston Exchange @ Bay 3,RTC
61321_56647,10.50066883042116,12.30060897168825,9.67640184080178,1.1714119519751485,0.9215033820292073,RTC,interline,Bridgeport Station @ Bay 1 Unloading Only,Entertainment Blvd @ Riverport Recreation Complex
RTC_56280,28.65072025095822,37.33288356095135,31.04593923171949,1.3030347312020107,1.083600655054428,RTC,pullout,RTC,White Rock Centre @ Bay 1
RTC_56856,2.84137470808592,3.6114138724662648,2.692042345934205,1.2710093681727315,0.9474436223681627,RTC,pullout,RTC,Westbound Williams Rd @ No. 4 Rd
56451_RTC,7.397752924832361,10.652813449972218,7.683333645043854,1.4400066558337536,1.0386037115747502,RTC,pullin,Eastbound Cook Rd @ No. 3 Rd,RTC
60482_56517,8.094866493498941,13.749239221826974,9.39912668317331,1.6985134014092895,1.1611218901166354,RTC,interline,Richmond-Brighouse Station @ Bay 2,Steveston Exchange @ Bay 3
RTC_61577,9.134135115116358,14.091490289259603,9.799027314696117,1.5427284698185784,1.072792025867825,RTC,pullout,RTC,Westbound Lansdowne Rd @ No. 3 Rd
61577_58279,3.281772509771838,6.8682376068326905,4.472008445674773,2.092843908705359,1.362680817259233,RTC,interline,Westbound Lansdowne Rd @ No. 3 Rd,Eastbound Cook Rd @ No. 3 Rd
RTC_55383,29.16054023858238,38.14241351272577,31.818122340941617,1.3080146389832465,1.091136243725793,RTC,pullout,RTC,White Rock Centre @ Bay 8
59526_53989,2.0092595071003223,4.655850491667274,4.049231290693983,2.3171971938987608,2.015285370747187,BTC,interline,Lynn Valley @ Bay 1,Northbound Underwood Ave @ Evelyn St
BTC_50892,4.826579986158976,9.72524323895595,7.0850207075114655,2.0149346466534706,1.4679173924039268,BTC,pullout,BTC,Eastbound E Broadway @ Penticton St
BTC_59664,4.412285184904615,10.808494113330411,8.647221634521852,2.4496363359078908,1.9598056952678113,BTC,pullout,BTC,Joyce Station @ Bay 7
BTC_51603,4.722708293385024,10.613714029252671,8.352604365965414,2.247378700928666,1.7686047596174197,BTC,pullout,BTC,29th Avenue Station @ Bay 2
BTC_54060,10.519153824438522,15.411579379604792,12.016675269580494,1.465096873457634,1.1423613980872558,BTC,pullout,BTC,Northbound Fairway Dr @ Dollar Rd
BTC_54475,10.214106707847233,20.98781037222685,18.2120969668706,2.0547866761664495,1.7830337481082628,BTC,pullout,BTC,Northbound Lonsdale Ave @ E Osborne Rd
50405_BTC,8.569286099082325,18.220047828052756,11.690282672814586,2.126203702080144,1.3642073024106973,BTC,pullin,Burrard Station @ Bay 2,BTC
58143_BTC,1.146357020198249,0.1398028925710405,-0.4274928744666993,0.12195405978048901,-0.3729142552751755,BTC,pullin,Kootenay Loop @ Bay 8,BTC
BTC_50980,9.250479056170414,13.19166431428195,9.524034560401462,1.4260520167852948,1.0295720364934589,BTC,pullout,BTC,Lonsdale Quay @ Bay 5
60256_52751,7.206304287605638,12.895173637426629,9.531583587298556,1.7894295220929632,1.3226729273272908,BTC,interline,Phibbs Exchange @ Bay 4,Brentwood Station @ Bay 3 New
61802_BTC,2.380098629380074,3.277241945868369,1.9754715650313752,1.3769353527681192,0.8299956735599276,BTC,pullin,Brentwood Station @ Bay 2,BTC
BTC_58249,4.112323419331861,10.257641954402253,8.009479911176633,2.49436654378435,1.9476775278725411,BTC,pullout,BTC,Joyce Station @ Bay 6
BTC_58363,7.341313245234333,12.964890425925216,9.850345251747251,1.7660178762078391,1.3417688256446045,BTC,pullout,BTC,Northbound Lake City Way @ Enterprise St
BTC_54299,17.04360396125252,26.95429529933952,22.699231399614558,1.5814903561839555,1.3318328360140101,BTC,pullout,BTC,Southbound Capilano Rd @ Teviot Place
61070_50980,6.234127529675447,7.1022585785378585,4.359497353503535,1.139254618185138,0.6992955041024792,BTC,interline,Capilano University @ Bay 2,Lonsdale Quay @ Bay 5
61338_BTC,14.538750733598969,24.984932314370788,17.366419857896005,1.7185061338613334,1.1944918910922868,BTC,pullin,Marine Drive Station @ Bay 2,BTC
BTC_54390,13.320427663317908,18.064025424229428,14.895217698515737,1.3561145243087462,1.1182236843291842,BTC,pullout,BTC,Eastbound W 22 St @ Philip Ave
58363_58431,3.72220121423316,4.965789308771159,3.4196994532943874,1.3341001796954708,0.9187304115150869,BTC,interline,Northbound Lake City Way @ Enterprise St,Lougheed Station @ Bay 7
60473_58736,2.5944704018783287,4.8578937296642,3.368182791366236,1.8724028326348268,1.2982159245014937,BTC,interline,Lonsdale Quay @ Bay 9,Eastbound Harbourside Dr @ Harbourside Place
60473_BTC,8.828472484670332,13.704629484415433,9.92580171810001,1.5523217077713058,1.124294348239185,BTC,pullin,Lonsdale Quay @ Bay 9,BTC
BTC_58378,5.897650790327933,14.695967713393092,11.504355471060167,2.4918341617469584,1.9506674572742002,BTC,pullout,BTC,Kensington Ave @ Union St
51722_BTC,4.090076936592288,4.180658945931407,1.828678035713032,1.0221467739466508,0.44710113380816346,BTC,pullin,Joyce Station @ Bay 1 Unload Only,BTC
BTC_54272,11.053209876887058,23.458510689207767,20.58738317636149,2.122325636669666,1.862570547892244,BTC,pullout,BTC,Southbound Prospect Rd @ W Rockland Rd
51470_BTC,1.2531480777022412,0.5935228995737194,0.4317506651190086,0.4736255117288266,0.3445328391762464,BTC,pullin,Kootenay Loop @ Bay 6,BTC
59518_60686,8.436443740888619,10.248068098855452,7.551531132906881,1.214737917256118,0.895108337688206,BTC,interline,Northbound Banbury Rd @ Gallant Ave,Phibbs Exchange @ Bay 9
60256_BTC,4.600344779037383,7.565291717685259,5.726359295431814,1.6445053753706451,1.2447674186346633,BTC,pullin,Phibbs Exchange @ Bay 4,BTC
BTC_53977,8.515021402273357,16.308956033561948,13.744871249706348,1.9153159179620796,1.6141910396181407,BTC,pullout,BTC,Lynn Valley @ Bay 3
54179_BTC,8.719571153346218,7.403480664290898,4.982578768703392,0.8490647686784163,0.5714247502632375,BTC,pullin,Eastbound E 15 St @ Grand Blvd East,BTC
58363_58736,22.919209694752748,27.17082651430351,21.443895858729675,1.185504512423225,0.9356298120366323,BTC,interline,Northbound Lake City Way @ Enterprise St,Eastbound Harbourside Dr @ Harbourside Place
52692_BTC,7.000535319149253,8.152320361789148,5.930301494674719,1.164528138225273,0.8471211449291574,BTC,pullin,Metrotown Station @ Bay 1,BTC
58736_BTC,13.033837373669682,18.622056183348423,14.543198435294851,1.4287470105287479,1.1158032756089398,BTC,pullin,Eastbound Harbourside Dr @ Harbourside Place,BTC
BTC_54018,8.510182824976011,16.355883982271845,13.916769834982633,1.9219192253155795,1.635307974129435,BTC,pullout,BTC,Southbound Grand Blvd East @ E 19 St
58736_54475,4.398387066748394,16.207934737726795,13.489034912806282,3.6849723527649587,3.066813972508871,BTC,interline,Eastbound Harbourside Dr @ Harbourside Place,Northbound Lonsdale Ave @ E Osborne Rd
54592_60160,20.82103069099841,37.312433995834574,26.857344732819357,1.7920550884143271,1.2899142761664837,BTC,interline,Eastbound Marine Dr @ 25 St,UBC Exchange @ Bay 3
BTC_61070,6.968883823609744,13.128459621244806,10.678943702002751,1.883868342985882,1.5323750506248603,BTC,pullout,BTC,Capilano University @ Bay 2
51695_BTC,1.282605941879956,0.6244244993697688,0.4542296398557342,0.48684048543742914,0.35414590329275686,BTC,pullin,Kootenay Loop @ Bay 3,BTC
60685_BTC,4.502909889104408,7.410082218212668,5.759732177066761,1.6456208098107141,1.2791133553446092,BTC,pullin,Phibbs Exchange @ Bay 8,BTC
BTC_52588,5.228590708229175,8.800846518852254,6.742278546125616,1.683215805169216,1.2895020708953326,BTC,pullout,BTC,Southbound Willingdon Ave @ Moscrop St
BTC_51695,1.3450947512986873,4.143453595143045,3.357670884106388,3.0804176368560996,2.4962337269285757,BTC,pullout,BTC,Kootenay Loop @ Bay 3
BTC_54290,17.346000301325578,33.08809744555742,28.80354190627436,1.9075346979573635,1.6605293096918257,BTC,pullout,BTC,Grouse Mountain @ Skyride
BTC_60687,4.734933103411982,5.714287471394475,4.084917175662678,1.2068359460615763,0.8627190894669866,BTC,pullout,BTC,Phibbs Exchange @ Bay 10
58043_50405,7.180418942335593,14.457026476754208,8.931722037879734,2.0133959582101673,1.2438998489654267,BTC,interline,Kootenay Loop @ Bay 4,Burrard Station @ Bay 2
59526_60479,0.5801110923512777,0.8334304325042124,0.6028748769486567,1.4366738431533748,1.0392403884316606,BTC,interline,Lynn Valley @ Bay 1,Lynn Valley @ Bay 5
BTC_58043,1.3927387896809378,4.200870582498308,3.449463503003566,3.016265945648491,2.476748352642496,BTC,pullout,BTC,Kootenay Loop @ Bay 4
BTC_61510,14.11499304160102,18.156663467440648,14.623264572671772,1.2863388181579432,1.0360093362832505,BTC,pullout,BTC,Northbound Capilano Rd @ Curling Rd
54272_BTC,11.008973733076646,7.206264684165834,4.181952275403777,0.654580968116446,0.3798675859166628,BTC,pullin,Southbound Prospect Rd @ W Rockland Rd,BTC
BTC_54172,7.317836463021226,12.554062953396905,9.633171009826787,1.7155429773315627,1.3163960493658884,BTC,pullout,BTC,Northbound Queensbury Ave @ E 4th St
BTC_54197,9.86304840139535,18.96071472651747,14.369331738431717,1.9223990347482276,1.4568854530206758,BTC,pullout,BTC,Northbound Lonsdale Ave @ E 15 St
BTC_54592,18.949561091538776,24.90473824085384,20.63244072975083,1.3142646481650768,1.088808370287979,BTC,pullout,BTC,Eastbound Marine Dr @ 25 St
BTC_60255,4.909679627703251,5.929962096537938,4.320553132397335,1.2078103962380078,0.8800071409992368,BTC,pullout,BTC,Phibbs Exchange @ Bay 3
60482_RTC,7.459912150031648,10.904287467481192,7.770692770816415,1.4617179462944387,1.0416600912362552,RTC,pullin,Richmond-Brighouse Station @ Bay 2,RTC
60479_BTC,9.382394983181907,8.319987158001135,6.052268567613086,0.886765817567353,0.64506648659131,BTC,pullin,Lynn Valley @ Bay 5,BTC
60684_59832,9.300173436320376,18.56961891832223,12.896945738109537,1.9966959805073614,1.3867424974831681,BTC,interline,Phibbs Exchange @ Bay 7,Southbound Howe St @ Dunsmuir St
BTC_53970,8.792749057885889,17.750527487145366,14.714729201468364,2.0187688025994075,1.6735072392713486,BTC,pullout,BTC,Northbound Boulevard Cres @ E 19 St
BTC_58736,11.116108758302778,17.20773024561363,12.081800542141629,1.5479994501458016,1.0868731860074292,BTC,pullout,BTC,Eastbound Harbourside Dr @ Harbourside Place
RTC_54839,5.704462834629021,7.171141231735983,5.454762847550172,1.257110693789338,0.9562272567430815,RTC,pullout,RTC,Northbound 62B St @ 60 Ave
58043_BTC,1.192445439681212,0.4221367825799048,0.3070780197039973,0.35400930602976577,0.2575195556000377,BTC,pullin,Kootenay Loop @ Bay 4,BTC
58265_60689,9.973630934416246,15.912230083121509,10.631212698669222,1.5954300081641077,1.0659320330356163,BTC,interline,Southbound Cambie St @ W Georgia St,Phibbs Exchange @ Bay 12
RTC_56421,8.373721218862515,10.940810076856842,7.873115921254613,1.3065648820755749,0.9402171048541422,RTC,pullout,RTC,Steveston Exchange @ Bay 2
RTC_57359,17.060393486015514,23.746475300605105,19.0940758397851,1.391906659132464,1.119204891460247,RTC,pullout,RTC,Westbound 2nd Ave @ 52A St
58065_RTC,20.75317808030911,29.77984424065041,20.77324602436423,1.434953438235367,1.0009669817305795,RTC,pullin,Northbound Seymour St @ W Georgia St,RTC
RTC_56673,7.543881726113732,8.756630428880845,7.0945608750390585,1.160759241302669,0.9404390382315626,RTC,pullout,RTC,Ladner Exchange @ Bay 4
58265_60255,10.016995795489295,15.939309366643768,10.6211918158835,1.5912265206122298,1.0603170883496105,BTC,interline,Southbound Cambie St @ W Georgia St,Phibbs Exchange @ Bay 3
60479_59526,0.7593033722731628,1.8250583890447063,1.1546616382352637,2.403595790152942,1.5206855130624508,BTC,interline,Lynn Valley @ Bay 5,Lynn Valley @ Bay 1
BTC_60684,5.098627828792584,6.376732484024394,4.728655273809077,1.250676201156357,0.9274368384187159,BTC,pullout,BTC,Phibbs Exchange @ Bay 7
56958_RTC,11.293728103841092,11.860268613075156,9.699157501964022,1.0501641711244474,0.8588091915073869,RTC,pullin,Northbound Knight St Bridge Offramp @ SE Marine Dr,RTC
56138_RTC,30.09417227935586,29.96841207592503,21.80013922905778,0.9958211110688331,0.7243973692545231,RTC,pullin,Westbound Thrift Ave @ Johnston Rd,RTC
56599_56958,10.383988390386971,13.486422198013235,10.652686615166855,1.2987709241372378,1.0258762062011388,RTC,interline,Eastbound Horseshoe Way @ No. 5 Rd,Northbound Knight St Bridge Offramp @ SE Marine Dr
51818_BTC,4.698750223982239,5.075444414894188,3.692067321208634,1.0801690179208328,0.7857551785503442,BTC,pullin,29th Avenue Station @ Bay 1,BTC
58736_54290,7.813406194423514,22.57628328580965,19.72866005665892,2.889429107361974,2.5249756080439556,BTC,interline,Eastbound Harbourside Dr @ Harbourside Place,Grouse Mountain @ Skyride
BTC_58431,10.848626261953452,17.26308769781768,12.85623400109447,1.5912694640758334,1.185056401673802,BTC,pullout,BTC,Lougheed Station @ Bay 7
54020_BTC,8.356696190518873,7.920029560302999,4.766083503236014,0.9477464993030026,0.5703310727801012,BTC,pullin,Southbound Grand Blvd East @ E 15 St,BTC
54290_54444,13.614852744812731,11.502645575671854,5.619872299725527,0.8448600797430124,0.4127751070878605,BTC,interline,Grouse Mountain @ Skyride,Westbound W Georgia St @ Homer St
60689_54444,10.104115448611962,18.897355654434147,13.0608537814975,1.8702632358610018,1.2926271327681351,BTC,interline,Phibbs Exchange @ Bay 12,Westbound W Georgia St @ Homer St
54990_RTC,31.0895190949162,35.87526298926134,27.402951051645392,1.1539343172126362,0.8814208726736581,RTC,pullin,King George Station @ Bay 2,RTC
RTC_56394,23.181320007420247,30.76654305515525,25.49672841933519,1.3272127318594025,1.0998825093296583,RTC,pullout,RTC,Scottsdale Exchange @ Bay 1
56621_60483,1.2107125077323662,2.6100902949312696,1.5933819330822423,2.155829958195363,1.3160696060426487,RTC,interline,Westbound Lansdowne Rd @ Cooney Rd,Richmond-Brighouse Station @ Bay 1
61321_58279,4.311737279106465,7.976504036793151,5.388992373726753,1.8499513120720907,1.2498424706533906,RTC,interline,Bridgeport Station @ Bay 1 Unloading Only,Eastbound Cook Rd @ No. 3 Rd
BTC_60256,5.134966175834385,6.403967650283699,4.595678876564585,1.2471294709634797,0.8949774388373316,BTC,pullout,BTC,Phibbs Exchange @ Bay 4
60684_BTC,4.511384003802968,7.257144314024528,5.322870673657521,1.608629260534453,1.1798753263234725,BTC,pullin,Phibbs Exchange @ Bay 7,BTC
BTC_54053,12.609851340522605,16.510416534255377,12.64067953582245,1.309326818247099,1.0024447707167472,BTC,pullout,BTC,Southbound Panorama Dr @ Naughton Ave
54053_BTC,13.236094258871336,18.047706707758607,13.235126471569918,1.3635220749249608,0.9999268827130957,BTC,pullin,Southbound Panorama Dr @ Naughton Ave,BTC
59518_54444,18.593649397825125,29.354113296220635,21.009838334938674,1.5787171559583213,1.1299469988605986,BTC,interline,Northbound Banbury Rd @ Gallant Ave,Westbound W Georgia St @ Homer St
BTC_54032,7.004556777494174,11.323251880802175,9.024169229892255,1.616555085567167,1.2883283720230736,BTC,pullout,BTC,Eastbound Mt Seymour Parkway @ Berkley Rd
50405_51695,7.337714460278892,17.679021378664547,11.792988351111909,2.4093362414640214,1.6071746066095463,BTC,interline,Burrard Station @ Bay 2,Kootenay Loop @ Bay 3
53989_BTC,10.82768117513397,7.7790839909680765,4.342967819819448,0.7184441308479723,0.4010986054699484,BTC,pullin,Northbound Underwood Ave @ Evelyn St,BTC
BTC_54111,9.698848909095158,18.409114889428885,15.392035846304085,1.8980721384540404,1.5869961467149059,BTC,pullout,BTC,Westbound Sechelt Dr @ Hyannis Dr
58043_60277,7.241227030484971,14.485941207312372,9.065202551058382,2.000481568431393,1.2518876307695677,BTC,interline,Kootenay Loop @ Bay 4,Northbound Seymour St @ Robson St
BTC_60477,8.539295792906554,17.018309417491434,13.66707696739654,1.99294061597307,1.6004922769802101,BTC,pullout,BTC,Northbound Grand Blvd East @ E 15 St
BTC_54792,8.621061970160179,14.185728679315345,11.271633718452536,1.645473461206517,1.3074530443542456,BTC,pullout,BTC,Westbound Mt Seymour Parkway @ Lytton St
52692_58249,3.895155736101683,6.344657839877368,3.722516385920583,1.6288585796641792,0.9556784473131543,BTC,interline,Metrotown Station @ Bay 1,Joyce Station @ Bay 6
60256_59832,9.406498502641798,18.895454406534704,12.93688194031746,2.0087660037609054,1.3753132408073165,BTC,interline,Phibbs Exchange @ Bay 4,Southbound Howe St @ Dunsmuir St
54440_BTC,13.838029197076798,17.995001734299073,14.729220639803414,1.3004020643416774,1.064401616012985,BTC,pullin,Westbound Marine Dr @ McGuire Ave,BTC
52692_54444,12.032828113193826,19.33392765138915,11.547669618913648,1.606765048874069,0.9596804267694801,BTC,interline,Metrotown Station @ Bay 1,Westbound W Georgia St @ Homer St
58265_60208,7.865901456189762,17.167042840113652,12.298659223093397,2.1824635022098735,1.5635409738594488,BTC,interline,Southbound Cambie St @ W Georgia St,29th Avenue Station @ Bay 4
60689_BTC,4.552963221265244,7.44490488213658,5.629243998529752,1.6351779094907075,1.2363912742008523,BTC,pullin,Phibbs Exchange @ Bay 12,BTC
BTC_51172,4.58372871199497,11.542171548729703,9.191369839554486,2.5180747539716895,2.0052168042803165,BTC,pullout,BTC,Westbound Kingsway @ Boundary Rd
BTC_60662,11.478397970331107,33.13388160070173,27.760322667852144,2.886629448320648,2.4184840723945875,BTC,pullout,BTC,SFU Transit Exchange @ Bay 4
58043_61337,15.699103150130496,23.607204793559152,17.1727601050275,1.5037295167630593,1.0938688624951645,BTC,interline,Kootenay Loop @ Bay 4,Marine Drive Station @ Bay 1
54389_54421,5.207265225252798,6.765850210204133,4.36772323070699,1.2993096985713206,0.8387748735220126,BTC,interline,Westbound W 22 St @ Philip Ave,Lonsdale Quay @ Bay 1
59526_BTC,8.577884559697374,6.947069144585619,3.972527484492467,0.8098813986406352,0.4631127239875815,BTC,pullin,Lynn Valley @ Bay 1,BTC
BTC_61802,3.4697816093266174,7.617607909768576,5.356553465308124,2.195414227020164,1.5437725103245543,BTC,pullout,BTC,Brentwood Station @ Bay 2
BTC_60479,8.04391124566031,15.529863245770631,13.070940464178246,1.930635827707447,1.6249483696416989,BTC,pullout,BTC,Lynn Valley @ Bay 5
61035_60208,20.51683699078539,36.45367935808742,25.401533516067943,1.7767689714774093,1.238082338299826,BTC,interline,Surrey Central Station @ Bay 12,29th Avenue Station @ Bay 4
BTC_54134,9.106603079279738,12.87786647397988,9.212954400540042,1.4141240550256222,1.0116784843189537,BTC,pullout,BTC,Lonsdale Quay @ Bay 6
BTC_59042,14.542278406659166,26.21489116986317,18.38782718973381,1.8026673975557301,1.2644392216637592,BTC,pullout,BTC,63 Ave Loop @ Granville St
60253_59526,5.041631699956603,14.792198498613075,11.732455307511731,2.9340101338105287,2.3271147132014267,BTC,interline,Phibbs Exchange @ Bay 1,Lynn Valley @ Bay 1
61035_52736,16.45524117584885,31.817261037862828,22.63874304723685,1.9335639446330704,1.3757770430289071,BTC,interline,Surrey Central Station @ Bay 12,Metrotown Station @ Bay 4
50405_54592,10.356044012393452,15.909806237771232,11.37044335628216,1.5362822153644182,1.0979523979112815,BTC,interline,Burrard Station @ Bay 2,Eastbound Marine Dr @ 25 St
54275_50405,12.393734220388415,10.264924259895595,5.927819358630631,0.8282349836911297,0.478291631337311,BTC,interline,Southbound Lonsdale Ave @ Carisbrooke Cres,Burrard Station @ Bay 2
BTC_52867,10.620492900192763,16.708850104475456,12.67089502428463,1.5732650321881188,1.1930609194281983,BTC,pullout,BTC,Northbound Eastlake Dr @ Beaverbrook Dr
54275_58736,4.832888233892923,0.9983757194795252,-1.6442893155358325,0.20657951749803388,-0.3402291209642451,BTC,interline,Southbound Lonsdale Ave @ Carisbrooke Cres,Eastbound Harbourside Dr @ Harbourside Place
58725_54475,3.752495820405712,16.696136681418277,13.56997010429098,4.449341846199079,3.616251890408188,BTC,interline,Lonsdale Quay @ Bay 4,Northbound Lonsdale Ave @ E Osborne Rd
58736_54380,1.0974733209853047,2.553753855251849,1.818725193110651,2.326939349158032,1.6571930800812642,BTC,interline,Eastbound Harbourside Dr @ Harbourside Place,Westbound Marine Dr @ Fell Ave
BTC_51671,4.260452896606404,10.52719308175877,8.38436708564319,2.4709093932581765,1.9679520673310633,BTC,pullout,BTC,Joyce Station @ Bay 2
54275_54444,13.470807727261866,13.94212690867794,8.021375889027187,1.0349881900891682,0.5954636166912054,BTC,interline,Southbound Lonsdale Ave @ Carisbrooke Cres,Westbound W Georgia St @ Homer St
58725_60684,4.277858113680062,6.287014979064602,4.364042889321133,1.4696642132565136,1.0201467120579484,BTC,interline,Lonsdale Quay @ Bay 4,Phibbs Exchange @ Bay 7
60348_BTC,8.259499407643693,15.525403860731531,9.978457293108798,1.8797027633858368,1.2081188944543428,BTC,pullin,Eastbound W Georgia St @ Homer St,BTC
BTC_50405,9.06284039675798,18.226346464162813,12.027011841188177,2.011107518861621,1.3270687019370395,BTC,pullout,BTC,Burrard Station @ Bay 2
BTC_52751,2.733485070115389,5.709702813685434,4.083751471984543,2.0887997070510465,1.4939724810028523,BTC,pullout,BTC,Brentwood Station @ Bay 3 New
BTC_54001,11.777435493628085,21.250652642037483,17.39729112520017,1.8043531338834051,1.4771714211139242,BTC,pullout,BTC,Southbound Mountain Hwy @ Frederick Rd
BTC_60688,5.2331285755590455,6.865713186752219,4.851505500226586,1.3119710489855043,0.9270755400288074,BTC,pullout,BTC,Phibbs Exchange @ Bay 11
BTC_53989,10.393657292162992,20.8266775963191,17.605416266119008,2.0037872147297753,1.693861532205205,BTC,pullout,BTC,Northbound Underwood Ave @ Evelyn St
58725_54400,3.8075236531110894,8.990717946387752,6.665471333046432,2.361303242080066,1.7506053646180615,BTC,interline,Lonsdale Quay @ Bay 4,Eastbound W 22 St @ Bridgman Ave
60376_61510,0.2031631316254766,0.6762621380967949,0.4215211679257199,3.328665652503615,2.0747916442968495,BTC,interline,Westbound Marine Dr @ Capilano Rd,Northbound Capilano Rd @ Curling Rd
BTC_54516,9.40944156381464,13.26952230528698,9.4307525137119,1.4102348386238812,1.002264847467592,BTC,pullout,BTC,Lonsdale Quay @ Bay 8
BTC_59832,8.206515886163642,17.458038093521505,11.780573102263403,2.1273386094281648,1.435514567409258,BTC,pullout,BTC,Southbound Howe St @ Dunsmuir St
BTC_51707,2.350855747455214,5.298521928339046,4.090188595005715,2.2538694405535775,1.7398722143769638,BTC,pullout,BTC,Southbound Rupert St @ E Broadway
BTC_60686,5.065253648270553,6.199994653392148,4.517680548635958,1.2240245176091098,0.8918962133670139,BTC,pullout,BTC,Phibbs Exchange @ Bay 9
BTC_51389,2.4105939454863896,5.145104575072009,3.7763580895540314,2.134372147041078,1.566567482932954,BTC,pullout,BTC,Brentwood Station @ Bay 7
BTC_54421,9.214904987741864,12.869007465224904,9.14199505871506,1.3965426102975464,0.9920878262853721,BTC,pullout,BTC,Lonsdale Quay @ Bay 1
52880_54134,18.51650770004256,21.09759220815738,15.671975776258517,1.1393936993912133,0.846378595258678,BTC,interline,Westbound Broadway @ 7900 Block,Lonsdale Quay @ Bay 6
59526_59832,14.50230395467296,15.414122137859987,10.092388206597946,1.0628740223647857,0.695916196360369,BTC,interline,Lynn Valley @ Bay 1,Southbound Howe St @ Dunsmuir St
60253_BTC,4.4744769868205365,7.29096767460108,5.566971949729356,1.6294569613558072,1.2441614888459003,BTC,pullin,Phibbs Exchange @ Bay 1,BTC
50405_59832,0.8403709165602672,2.061355884601461,1.3356828463464818,2.4529119749155797,1.589396800895469,BTC,interline,Burrard Station @ Bay 2,Southbound Howe St @ Dunsmuir St
BTC_50947,5.235297217771972,9.67651587198237,7.043810035854159,1.848322161946038,1.345446064063551,BTC,pullout,BTC,Eastbound E Hastings St @ Nanaimo St
51151_BTC,5.365362222950077,6.013366449892219,3.305710194692784,1.1207754854220904,0.6161206004979065,BTC,pullin,Eastbound Kingsway @ Joyce St,BTC
58430_BTC,10.489861565452347,14.558290396664631,10.59248564543456,1.3878439010683783,1.0097831681897689,BTC,pullin,Lougheed Station @ Bay 6,BTC
54290_BTC,17.82602732088715,13.333593286734365,8.655436250279712,0.7479845647443331,0.4855504871877957,BTC,pullin,Grouse Mountain @ Skyride,BTC
BTC_51607,5.621902710838792,12.551495338506964,9.738646926333198,2.232606287246524,1.7322688469079155,BTC,pullout,BTC,Southbound Rupert St @ E 45 Ave
BTC_54444,8.57129071226567,16.990537764872986,11.704778812241775,1.982261287738056,1.365579491486857,BTC,pullout,BTC,Westbound W Georgia St @ Homer St
BTC_59526,8.937083068384103,17.620377848891962,14.478782770378556,1.9716027829288005,1.6200792428123236,BTC,pullout,BTC,Lynn Valley @ Bay 1
BTC_60689,5.020510957642152,6.385660142617366,4.485260656294001,1.2719143920793963,0.8933872855045958,BTC,pullout,BTC,Phibbs Exchange @ Bay 12
54592_BTC,18.86359851580052,23.43528193506314,19.006095742273,1.2423547880025803,1.0075540849935458,BTC,pullin,Eastbound Marine Dr @ 25 St,BTC
58265_58202,1.3171069865527707,3.2660904332048504,1.811698166375244,2.479745735578476,1.3755132915337074,BTC,interline,Southbound Cambie St @ W Georgia St,Waterfront Station @ Bay 1
BTC_52736,7.224328146818467,16.028291006415007,12.535046775267256,2.2186548950539757,1.7351159195042358,BTC,pullout,BTC,Metrotown Station @ Bay 4
52692_50405,12.268849390356891,19.979815201717223,11.862427077100048,1.6284995084723284,0.9668736406874238,BTC,interline,Metrotown Station @ Bay 1,Burrard Station @ Bay 2
BTC_54196,9.43370455604265,13.32379718965547,9.55198839766586,1.412361083655208,1.0125384297250908,BTC,pullout,BTC,Lonsdale Quay @ Bay 2
58725_BTC,8.794416788739266,13.648120224694464,9.883735408483217,1.5519073694767436,1.1238647935288624,BTC,pullin,Lonsdale Quay @ Bay 4,BTC
BTC_52646,7.466792650918678,16.796109430223197,13.121876132358151,2.249440986975403,1.75736447305038,BTC,pullout,BTC,Metrotown Station @ Bay 5
BTC_57943,10.553215911859468,17.045521812222916,14.0269957351906,1.6151969176587717,1.3291678908442852,BTC,pullout,BTC,Southbound Jones Ave @ W 21 St
54275_BTC,10.529062624313138,7.479221284246461,4.58516058785677,0.710340659098736,0.435476618523378,BTC,pullin,Southbound Lonsdale Ave @ Carisbrooke Cres,BTC
54290_50405,12.588527138478248,7.810825794581555,3.0319493020916517,0.6204717762975533,0.24085020183371236,BTC,interline,Grouse Mountain @ Skyride,Burrard Station @ Bay 2
BTC_52907,6.221918997093056,15.031750606010108,11.809680478714132,2.4159347964885267,1.8980768608899818,BTC,pullout,BTC,Southbound Duthie Ave @ Hastings St
BTC_54548,15.714535807449389,25.700798732262506,21.82048136537234,1.6354793451855691,1.3885539880235256,BTC,pullout,BTC,Eastbound Clements Ave @ Capilano Rd
BTC_60208,4.871681703670866,10.863605645539566,8.326516986661773,2.2299498009801666,1.7091668736049914,BTC,pullout,BTC,29th Avenue Station @ Bay 4
BTC_51764,0.1852407089386057,0.4590859193592584,0.2580059564923813,2.4783208938776693,1.3928145598810688,BTC,pullout,BTC,Southbound Boundary Rd @ Kitchener St
50856_RTC,13.342837590046184,13.491350233243455,9.8141106952064,1.0111305141949762,0.7355339993441703,RTC,pullin,Southbound Granville St @ W 49 Ave,RTC
RTC_60163,24.78948630199076,35.338106896570395,27.521407102691377,1.4255280027215615,1.1102048169703793,RTC,pullout,RTC,UBC Exchange @ Bay 5
60358_RTC,23.440434341302847,25.424379517603235,18.300837331023367,1.0846377309999162,0.7807379788512138,RTC,pullin,UBC Exchange @ Unloading Only,RTC
RTC_51960,14.314566473715772,21.724526936293664,17.315937715935448,1.5176517553768722,1.2096725211853783,RTC,pullout,RTC,Eastbound W 49 Ave @ Granville St
53864_PCT,3.8567531138978186,5.142818720612551,3.5604537470747863,1.3334581106787449,0.9231738827784136,PCT,pullin,Coquitlam Central Station @ Bay 10,PCT
PCT_53767,0.5031955436872676,0.8614537360063609,0.647564847117472,1.7119661467863638,1.2869049721154304,PCT,pullout,PCT,Port Coquitlam Station @ Bay 5
53864_58434,9.736077658283406,17.564619547027927,12.545829164988644,1.8040755387857899,1.2885917312209108,PCT,interline,Coquitlam Central Station @ Bay 10,Lougheed Station @ Bay 10
58079_PCT,11.579123934870038,13.76764764275987,10.62168954946038,1.1890059835441598,0.9173137457725635,PCT,pullin,Braid Station @ Bay 1,PCT
PCT_61911,6.7436403163431216,11.066268335143771,7.799882118203432,1.6409932641758516,1.1566278378312265,PCT,pullout,PCT,Moody Centre Station @ Bay 3
PCT_58434,12.158190465408426,21.621405288074627,15.991435511801292,1.778340728383079,1.315280884708866,PCT,pullout,PCT,Lougheed Station @ Bay 10
PCT_53864,3.743686588502832,6.441413464753263,4.74949465736687,1.7206070306567252,1.2686678078108773,PCT,pullout,PCT,Coquitlam Central Station @ Bay 10
58042_PCT,26.00185214901017,26.61378590028657,21.53689558063156,1.0235342370139464,0.8282831337248189,PCT,pullin,Kootenay Loop @ Bay 2,PCT
58430_PCT,11.509537866013488,17.49960248183864,12.176194785307098,1.5204435387030797,1.0579221274611017,PCT,pullin,Lougheed Station @ Bay 6,PCT
PCT_58437,11.64114107535656,20.554915348894003,14.945504472299136,1.76571310456904,1.2838521907390739,PCT,pullout,PCT,Lougheed Station @ Bay 3
61997_61059,12.270691972789402,18.231236156060795,13.860157047069706,1.4857545276573696,1.1295334507462975,PCT,interline,Westbound Kingsway Ave @ Mary Hill Bypass,Haney Place @ Bay 6
PCT_58082,12.18294170832864,17.468531361629896,13.158860986183768,1.433851673909583,1.0801053884373393,PCT,pullout,PCT,Braid Station @ Bay 2
PCT_53730,3.7030407170152704,6.403956236292386,4.595074818100314,1.729377753495001,1.2408923285629012,PCT,pullout,PCT,Coquitlam Central Station @ Bay 12
53740_53161,3.608528300500424,6.23905853964551,4.66447711089658,1.7289759203995405,1.2926258913501438,PCT,interline,Port Coquitlam Station @ Bay 4,Coquitlam Central Station @ Bay 6
58322_PCT,18.026621566320124,23.14614325916524,17.092639402460396,1.2839978458531647,0.9481887296283666,PCT,pullin,22nd Street Station @ Unloading Only,PCT
PCT_61306,3.7204784259876926,6.352387619837146,4.557929699904473,1.7074114918838021,1.2250923612584739,PCT,pullout,PCT,Coquitlam Central Station @ Bay 13
57752_61063,4.762025588446666,4.884515776764779,2.9567993652959856,1.0257222868804592,0.6209121119528611,PCT,interline,Westbound Dewdney Trunk Rd @ 248 St,Haney Place @ Bay 2
PCT_53784,2.868129713212788,3.9832257401754654,2.854913512627208,1.388788562046443,0.9953920492072948,PCT,pullout,PCT,Eastbound Riverwood Gate @ Terry Fox Secondary
53161_53740,3.475265058967776,4.864635047659619,3.314097936236212,1.3997882075517183,0.9536245092109797,PCT,interline,Coquitlam Central Station @ Bay 6,Port Coquitlam Station @ Bay 4
PCT_53045,5.591343695166911,15.554792020468463,12.63681060423281,2.781941670642396,2.2600668628465668,PCT,pullout,PCT,Westbound Como Lake Ave @ 2500 Block
PCT_58086,12.199907250800289,17.633061148453628,13.467600254842678,1.4453438690935076,1.1039100525915253,PCT,pullout,PCT,Braid Station @ Bay 6
55538_STC,2.4889362890824334,4.308034098668191,3.100465238642601,1.7308735934965949,1.2456989165382022,STC,pullin,Newton Exchange @ Bay 1,STC
STC_55612,5.742416028714653,8.758123519243476,6.281437156334942,1.525163533162511,1.0938666103126178,STC,pullout,STC,Surrey Central Station @ Bay 4
BTC_51743,0.1983161059240341,0.2736212037493154,0.2013989815270932,1.3797225519047218,1.0155452608788114,BTC,pullout,BTC,Northbound Boundary Rd @ Kitchener St
BTC_60683,5.256041187709755,6.726308722051638,4.961389293422573,1.2797290739996143,0.9439403376487671,BTC,pullout,BTC,Phibbs Exchange @ Bay 6
PCT_53495,3.804403062756929,6.449940960183976,4.7242626389331415,1.6953884364476117,1.2417881494159084,PCT,pullout,PCT,Coquitlam Central Station @ Bay 8
53161_PCT,3.864718302487027,5.228232865299605,3.760495137841071,1.3528108534935464,0.9730321445216625,PCT,pullin,Coquitlam Central Station @ Bay 6,PCT
PCT_53740,0.3955744359747875,0.7821789127482481,0.5932900238593593,1.9773242191972726,1.4998189213045443,PCT,pullout,PCT,Port Coquitlam Station @ Bay 4
53864_58086,10.325832609159,12.73910220568381,10.023177528804084,1.2337118649768002,0.9706895228878238,PCT,interline,Coquitlam Central Station @ Bay 10,Braid Station @ Bay 6
53864_53740,3.562310105704835,4.858825330213574,3.45440683304988,1.3639534981618935,0.9697097474803907,PCT,interline,Coquitlam Central Station @ Bay 10,Port Coquitlam Station @ Bay 4
58945_53887,3.743097446271208,6.566640986314352,4.6433863935055335,1.7543334312217536,1.2405197727703225,PCT,interline,Moody Centre Station @ Bay 1 Unloading Only,Coquitlam Central Station @ Bay 11
53348_53161,3.569021324226463,6.218369994835751,4.447483184998471,1.7423179717715749,1.2461352233479308,PCT,interline,Port Coquitlam Station @ Bay 6,Coquitlam Central Station @ Bay 6
PCT_58433,11.547365123356474,20.308035536756183,14.957171238354054,1.7586726772568912,1.2952886722271106,PCT,pullout,PCT,Lougheed Station @ Bay 9
PCT_53866,3.792093440696534,6.4242006378789,4.713126109521474,1.6941039925163075,1.2428823770375668,PCT,pullout,PCT,Coquitlam Central Station @ Bay 5
PCT_58083,12.666487351201528,15.225558902233637,12.038384395510166,1.2020348246579473,0.9504122225620996,PCT,pullout,PCT,Braid Station @ Bay 3
PCT_59557,10.613093345468258,22.081198817402505,16.5716807364697,2.0805620094570334,1.5614373865415714,PCT,pullout,PCT,Burquitlam Station @ Bay 2
PCT_53161,3.8091058043302537,6.430482128106184,4.608195113989008,1.688186797225718,1.2097839626167213,PCT,pullout,PCT,Coquitlam Central Station @ Bay 6
PCT_60213,25.72843177889504,37.78212346963399,30.74968919970081,1.4684969451043868,1.1951637575098804,PCT,pullout,PCT,Metrotown Station @ Bay 13
58945_PCT,7.6451124772562835,11.20799662813245,7.857784776459036,1.466034235791235,1.0278180732900188,PCT,pullin,Moody Centre Station @ Bay 1 Unloading Only,PCT
PCT_53299,3.743341840288552,6.406824177101588,4.688231408922244,1.7115252761975175,1.2524187234155606,PCT,pullout,PCT,Coquitlam Central Station @ Bay 1
53348_PCT,0.606975363344585,0.9828433305179408,0.6873802050541677,1.619247484942766,1.1324680482359812,PCT,pullin,Port Coquitlam Station @ Bay 6,PCT
PCT_58438,11.561502894631126,20.512187750955253,15.026379573030242,1.7741800471702172,1.2996908542061707,PCT,pullout,PCT,Lougheed Station @ Bay 4
58440_58437,5.734708512097696,9.096502170691526,6.98323170317928,1.5862187505261922,1.2177134528193985,PCT,interline,Sperling Station @ Bay 3,Lougheed Station @ Bay 3
61997_58083,11.800001714460842,14.108957907722212,11.339930241177267,1.1956742252360655,0.9610108977594672,PCT,interline,Westbound Kingsway Ave @ Mary Hill Bypass,Braid Station @ Bay 3
PCT_53887,3.7368863841039177,6.427374648284082,4.62348833714766,1.7199812859243049,1.2372568662550718,PCT,pullout,PCT,Coquitlam Central Station @ Bay 11
58042_58065,7.478555004733135,15.211603546730338,9.350241373757974,2.0340297740810893,1.2502737985934795,PCT,interline,Kootenay Loop @ Bay 2,Northbound Seymour St @ W Georgia St
58945_53035,3.801264558509133,6.572481964535058,4.766795375722898,1.7290251344970329,1.25400253056642,PCT,interline,Moody Centre Station @ Bay 1 Unloading Only,Coquitlam Central Station @ Bay 4
53740_PCT,0.6093625658950805,0.9881862208052752,0.7520751096941642,1.621672016156339,1.2341997224418537,PCT,pullin,Port Coquitlam Station @ Bay 4,PCT
PCT_53673,5.894354642592776,7.508757289504842,5.865454234385924,1.27388963589777,0.9950969342770764,PCT,pullout,PCT,Northbound Shaughnessy St @ Citadel Dr
PCT_59208,21.89102047946807,29.702418978282967,23.17081169278484,1.3568311722215658,1.0584619257250756,PCT,pullout,PCT,Westbound 104 Ave @ 245 St
PCT_52183,18.624565050959543,28.79878497100165,21.70744226442131,1.5462795985948636,1.1655274743343838,PCT,pullout,PCT,22nd Street Station @ Bay 8
PCT_58084,12.264310194800643,17.77887817036865,13.4904330859177,1.449643550104095,1.099974876013562,PCT,pullout,PCT,Braid Station @ Bay 4
52692_PCT,23.104376991826488,24.46115005638238,17.793951697574236,1.0587236377347837,0.7701550101900219,PCT,pullin,Metrotown Station @ Bay 1,PCT
57752_PCT,19.209784489673694,22.116419273672555,15.720257847383603,1.151310119359295,0.8183463929974903,PCT,pullin,Westbound Dewdney Trunk Rd @ 248 St,PCT
53864_60213,24.690433070017985,35.672813679727504,29.00848454803847,1.4448030773119818,1.1748876362668572,PCT,interline,Coquitlam Central Station @ Bay 10,Metrotown Station @ Bay 13
PCT_59315,13.608467378807804,23.61524863909491,17.211014620462738,1.7353349191893916,1.2647283592908567,PCT,pullout,PCT,Production Way Station @ Bay 2
STC_55041,3.698709290981837,5.9132865925303815,4.229824376969148,1.5987432715915546,1.1435947094523682,STC,pullout,STC,Scottsdale Exchange @ Bay 2
RTC_56451,7.407104207190599,10.52342141597629,7.5272064083806836,1.420720044111228,1.0162144608514476,RTC,pullout,RTC,Eastbound Cook Rd @ No. 3 Rd
RTC_60483,7.370551776867142,10.606755429203387,7.618031719982135,1.4390721007473604,1.033576854298985,RTC,pullout,RTC,Richmond-Brighouse Station @ Bay 1
60419_55612,3.928959573072477,6.533644415662,4.5087790183751775,1.6629451879426285,1.1475758237057343,STC,interline,Guildford @ Layover,Surrey Central Station @ Bay 4
61716_55299,7.39463953881646,10.37513163360764,7.426377812146524,1.4030611741310408,1.0042920649699638,STC,interline,Carvolth Exchange @ Bay 8,Langley Centre @ Bay 1
54990_55210,0.9642606106308316,2.3178471136540075,1.6045713428280008,2.4037558810347366,1.6640432318170395,STC,interline,King George Station @ Bay 2,Surrey Central Station @ Bay 2
RTC_50640,17.353500774442935,23.48795363231995,18.200100277237155,1.353499443000655,1.0487855167552724,RTC,pullout,RTC,Dunbar Loop @ Bay 2
RTC_50737,17.212351106571695,23.36621789883712,17.824147042566466,1.3575262178980227,1.0355440074517877,RTC,pullout,RTC,Dunbar Loop @ Bay 1
RTC_60211,18.91210242198512,31.19138023831545,24.22710960685081,1.6492814781954541,1.2810373519702944,RTC,pullout,RTC,Metrotown Station @ Bay 11
60195_RTC,19.26711617078972,21.63019836078145,14.295801449567955,1.1226484632699898,0.7419793041597672,RTC,pullin,Metrotown Station @ Bay 10,RTC
61035_53096,24.710772789242604,44.005287397423245,37.40353435876377,1.780813889259674,1.5136529592893484,BTC,interline,Surrey Central Station @ Bay 12,SFU Transit Exchange @ Bay 2
61917_BTC,7.927272905080717,16.547758876927052,10.799190044737356,2.0874466004975463,1.362283117289425,BTC,pullin,Westbound W Pender St @ Howe St,BTC
59558_BTC,8.463708984169308,15.953755015861876,10.763254826549344,1.8849602515519024,1.271694814493404,BTC,pullin,Westbound Dunsmuir St @ Cambie St,BTC
BTC_52092,1.0116010389551946,1.771714276201668,1.299492053979446,1.7513962599638453,1.2845894813647007,BTC,pullout,BTC,Westbound Lougheed Hwy @ Boundary Loop
BTC_59558,8.26339254560995,15.866553197538224,10.606454396450069,1.920101593862628,1.283547203876319,BTC,pullout,BTC,Westbound Dunsmuir St @ Cambie St
60358_61917,11.946379804633777,20.11649525145529,12.621737247388095,1.6838988530778571,1.056532393394387,BTC,interline,UBC Exchange @ Unloading Only,Westbound W Pender St @ Howe St
58620_59832,6.1689837477832175,13.151089463746974,8.33124549918252,2.1318080905096775,1.3505053408798973,BTC,interline,N Grandview Hwy @ Commercial Dr,Southbound Howe St @ Dunsmuir St
55456_HTC,15.055021587480814,17.67586198623608,12.363020242458202,1.1740841342223418,0.82118914082055,HTC,pullin,Newton Exchange @ Bay 5,HTC
HTC_60162,29.58114017595645,40.26484411499089,31.865974975190667,1.3611660630890137,1.0772395785166973,HTC,pullout,HTC,UBC Exchange @ Bay 4
56397_HTC,9.942943326684707,14.231460201580491,10.196098313642423,1.4313126137796977,1.0254607693758349,HTC,pullin,Scott Rd Station @ Bay 2,HTC
HTC_55944,15.9856611773305,25.302979792069465,19.730975245404128,1.5828547541062605,1.234292096305964,HTC,pullout,HTC,Newton Exchange @ Bay 8
HTC_55411,15.950172410771764,25.22559364328793,19.659838738336767,1.5815248257913574,1.2325784469301238,HTC,pullout,HTC,Newton Exchange @ Bay 3
51722_HTC,12.659125525337286,13.52966068118511,9.19342659043667,1.0687674005685026,0.7262291990103102,HTC,pullin,Joyce Station @ Bay 1 Unload Only,HTC
HTC_51787,12.612953231488856,21.07189328357371,16.643982832518535,1.670654992279421,1.3195944301899112,HTC,pullout,HTC,Joyce Station @ Bay 4
PCT_53170,3.859238808946456,6.488366187433395,4.774534572428256,1.6812554259125188,1.2371700246587407,PCT,pullout,PCT,Coquitlam Central Station @ Bay 7
PCT_61057,14.79023633538912,21.60673006977309,16.75897585231109,1.4608779454101017,1.1331107544381354,PCT,pullout,PCT,Haney Place @ Bay 8
61064_PCT,14.74380405521664,18.131508743506046,13.385159356561797,1.2297714128322788,0.9078497860140695,PCT,pullin,Haney Place @ Bay 1,PCT
58175_HTC,16.46765682096645,20.82077810461461,14.47765765934582,1.2643436969190305,0.8791571148673086,HTC,pullin,Guildford Exchange @ Bay 3,HTC
HTC_58150,9.951893183382849,14.43797672837849,10.556595444383763,1.4507768986594702,1.060762535314448,HTC,pullout,HTC,Scott Road Station @ Bay 3
60358_HTC,30.60556826921707,34.045175807916735,24.814326426458035,1.1123850244649502,0.8107781632473775,HTC,pullin,UBC Exchange @ Unloading Only,HTC
STC_57566,8.999731544049002,9.975729507953274,6.448700985019238,1.1084474530298232,0.716543705049001,STC,pullout,STC,Scott Road Station @ Bay 8
60419_55070,3.6315057735655993,5.874837356968666,4.037565435939827,1.617741433796606,1.1118157832296485,STC,interline,Guildford @ Layover,Surrey Central Station @ Bay 9
61035_55096,4.922111137203093,5.56686998122126,3.160202293241233,1.1309923376465125,0.6420420435766441,STC,interline,Surrey Central Station @ Bay 12,Scott Road Station @ Bay 7
55383_56138,1.390991163911695,2.730864591079246,1.4990656311748325,1.9632508544479947,1.0776960127907746,STC,interline,White Rock Centre @ Bay 8,Westbound Thrift Ave @ Johnston Rd
54990_61719,15.689964734184269,18.40995836012738,14.003411237974532,1.1733588106808786,0.8925075024206279,STC,interline,King George Station @ Bay 2,Carvolth Exchange @ Bay 11
56395_55096,4.572083404202872,4.2903520874121135,2.1375156451752897,0.938380101174056,0.4675145784108806,STC,interline,Surrey Central Station @ Bay 1 Unloading Only,Scott Road Station @ Bay 7
STC_56138,15.122918041552966,24.500473139936727,18.249050838525847,1.6200889982090245,1.2067149202543626,STC,pullout,STC,Westbound Thrift Ave @ Johnston Rd
STC_57563,16.159889631653105,18.55818164134998,12.639928820327926,1.1484101726164782,0.7821791552071944,STC,pullout,STC,Eastbound River Rd @ 72 St
61760_56138,1.463329105911923,2.6438565445663045,1.587975072519731,1.8067408991490648,1.0851797221173503,STC,interline,White Rock Centre @ Bay 10,Westbound Thrift Ave @ Johnston Rd
60419_STC,10.182223731560654,15.748277915247952,11.036877910719754,1.5466442626314374,1.0839359065063585,STC,pullin,Guildford @ Layover,STC
STC_55375,17.552352916535945,20.48034844093349,15.614802225632232,1.1668149870459306,0.8896130507335936,STC,pullout,STC,Northbound King George Blvd @ 1100 Block
STC_56388,15.21512987649608,24.389476301488354,18.02212037958584,1.602975229226571,1.1844867921519304,STC,pullout,STC,White Rock Centre @ Bay 7
57136_STC,19.008333840847527,31.465328247931573,24.346811233842317,1.655343835571473,1.2808493073455387,STC,pullin,Langley Centre @ Bay 2,STC
61716_STC,21.07197037341778,27.954285127789944,21.98505435744478,1.3266099293236564,1.0433316850700802,STC,pullin,Carvolth Exchange @ Bay 8,STC
61668_STC,15.978390916406353,27.2384475842106,20.4631755505128,1.704705293963149,1.28067811443401,STC,pullin,Northbound 198 St @ 64 Ave,STC
53104_55441,4.366545525119091,10.148748669080902,8.132773702993358,2.324205395477724,1.8625189308593202,STC,interline,Scott Road Station @ Bay 1,Surrey Central Station @ Bay 10
58223_STC,7.09997717403542,10.294761393606269,7.220205968674549,1.4499710550132694,1.0169336874882928,STC,pullin,Eastbound 88 Ave @ 156 St,STC
STC_55338,14.74207527740656,19.22513696775453,13.60373801389562,1.3040997692650933,0.9227831060355841,STC,pullout,STC,Westbound 60 Ave @ 180 St
STC_57143,19.47635608784747,25.01384659286504,18.18029994623532,1.284318610731951,0.9334548959894586,STC,pullout,STC,Langley Centre @ Bay 5
STC_61787,5.928799744419474,8.982352483508352,6.314350662153337,1.5150372538662749,1.0650301805347304,STC,pullout,STC,Surrey Central Station @ Bay 14
STC_55688,1.8973997414457675,3.062682869027862,1.9532890139480856,1.614147405066146,1.0294557184137338,STC,pullout,STC,Newton Exchange @ Bay 7
60867_55299,5.070278143577329,7.472590350409819,5.428990727598012,1.473802844499876,1.0707481076703997,STC,interline,Eastbound 56 Ave @ 213A St,Langley Centre @ Bay 1
54909_STC,6.010962722978517,8.258845249908742,5.792508062702456,1.37396381087793,0.9636572924598319,STC,pullin,Eastbound 96 Ave @ Scott Rd,STC
56397_55713,4.108259593053015,10.534557990858763,8.393667825628471,2.5642386398056467,2.0431201182666245,STC,interline,Scott Rd Station @ Bay 2,Surrey Central Station @ Bay 5
STC_61035,6.239442204911661,9.273076343523073,6.626228650109057,1.486202778867532,1.0619905485930967,STC,pullout,STC,Surrey Central Station @ Bay 12
54990_55713,0.8999647724925743,2.35983880891786,1.50963321407743,2.6221457561966197,1.677435895514328,STC,interline,King George Station @ Bay 2,Surrey Central Station @ Bay 5
55456_54993,7.138201760608542,12.788217892166378,8.979408112495987,1.7915181331434045,1.2579370006109885,STC,interline,Newton Exchange @ Bay 5,Surrey Central Station @ Bay 8
58325_STC,4.100269796525095,6.569726954464459,5.036844367096304,1.6022669922921133,1.2284177912792322,STC,pullin,Southbound King George Blvd @ 94A Ave,STC
56395_55471,14.772826049311163,19.64385178206878,13.750778636848512,1.329728767975627,0.9308157146742883,STC,interline,Surrey Central Station @ Bay 1 Unloading Only,Southbound King George Blvd @ Crescent Rd
61035_55200,4.914807910137524,4.991827446322409,2.6587548397376493,1.015670914833929,0.5409682104266111,STC,interline,Surrey Central Station @ Bay 12,Scott Road Station @ Bay 4
STC_61668,18.187863510728725,24.369358580286704,17.58373617051895,1.3398692246569597,0.9667840403655212,STC,pullout,STC,Northbound 198 St @ 64 Ave
55714_STC,5.613453086582056,8.359236366984716,5.641064423063537,1.489143355801077,1.004918779235455,STC,pullin,Surrey Central Station @ Bay 6,STC
54990_61707,6.486023582732847,10.51603039371655,7.413436770312218,1.6213370579953523,1.142986403880544,STC,interline,King George Station @ Bay 2,Newton Exchange @ Layover
55375_STC,16.539929078462826,26.031113890787232,19.657742315113264,1.5738346740968305,1.1885022131509768,STC,pullin,Northbound King George Blvd @ 1100 Block,STC
54990_61677,1.0603178838957414,2.485337769636963,1.6628470395454893,2.3439553433782696,1.5682533179917515,STC,interline,King George Station @ Bay 2,Surrey Central Station @ Bay 5A
STC_54998,4.706435668650889,6.054894516958335,4.338771843791675,1.2865138170886727,0.9218806224616674,STC,pullout,STC,Westbound 96 Ave @ King George Blvd
55538_55210,6.725225798234993,12.241265635201286,8.683142764739117,1.8202014330008005,1.2911302943936798,STC,interline,Newton Exchange @ Bay 1,Surrey Central Station @ Bay 2
53104_61707,10.213551604707767,19.938892846592296,15.220892335253184,1.9521997458163127,1.490264398158753,STC,interline,Scott Road Station @ Bay 1,Newton Exchange @ Layover
53104_55836,4.363937746977074,10.55497124347763,8.554890252485366,2.418680525584748,1.960360286626772,STC,interline,Scott Road Station @ Bay 1,Surrey Central Station @ Bay 3
STC_56998,21.387299026693626,30.098358413338037,21.81874192518396,1.407300584135102,1.0201728557660248,STC,pullout,STC,Northbound 204 St @ 40 Ave
61716_55210,15.745872603305571,22.223562014334213,17.67892710336993,1.4113896748833574,1.1227657906782853,STC,interline,Carvolth Exchange @ Bay 8,Surrey Central Station @ Bay 2
54990_61787,0.8611838127239377,1.963686990516823,1.3160413523811985,2.2802181851347747,1.5281770661928018,STC,interline,King George Station @ Bay 2,Surrey Central Station @ Bay 14
STC_55713,5.679446818128207,8.68810909846452,6.148750405294545,1.529745655991174,1.0826319185996018,STC,pullout,STC,Surrey Central Station @ Bay 5
58086_52183,7.459248335182452,12.899307731204372,9.586830844560478,1.7293039662405685,1.285227467135398,PCT,interline,Braid Station @ Bay 6,22nd Street Station @ Bay 8
PCT_53688,1.7318024183837966,2.743670827594829,1.9639631002306344,1.5842862895152658,1.134057256984028,PCT,pullout,PCT,Southbound Reeve St @ Riverside Secondary
55383_STC,14.599663262442164,21.032330599904324,15.1612023982792,1.4406038154325302,1.0384624717531399,STC,pullin,White Rock Centre @ Bay 8,STC
PCT_59423,17.480975659550694,25.62807885530533,19.483396225172665,1.4660554052830272,1.1145485586514132,PCT,pullout,PCT,Westbound 116 Ave @ 231B St
61997_58086,11.540922656521571,13.944288820013796,11.250814899622698,1.2082473156627667,0.9748626894458098,PCT,interline,Westbound Kingsway Ave @ Mary Hill Bypass,Braid Station @ Bay 6
PCT_53407,7.723584356592744,17.62900877923432,14.29590364762852,2.282490611264761,1.8509416078851701,PCT,pullout,PCT,Northbound Poirier St @ King Albert Ave
58777_53740,3.677948062203758,5.05994496615713,3.746102062942062,1.3757521532605073,1.0185304413182679,PCT,interline,Southbound Ottawa St @ Riverside Dr,Port Coquitlam Station @ Bay 4
61997_58084,11.5292770696648,14.63166690024525,11.399242582563604,1.2690879759272407,0.9887213668024913,PCT,interline,Westbound Kingsway Ave @ Mary Hill Bypass,Braid Station @ Bay 4
PCT_53035,4.215457927460776,7.546866116631917,5.391043625394087,1.7902838188632684,1.2788749687845744,PCT,pullout,PCT,Coquitlam Central Station @ Bay 4
PCT_57752,20.415924662209864,31.382021334659125,24.25902221922796,1.5371344601769443,1.1882401909589584,PCT,pullout,PCT,Westbound Dewdney Trunk Rd @ 248 St
PCT_58439,12.143598501702073,21.7172106443991,15.797907961063114,1.7883669854001818,1.300924759563555,PCT,pullout,PCT,Lougheed Station @ Bay 5
STC_60866,23.53559397695651,30.634868348298607,22.514802076247395,1.3016399067001638,0.956627740021834,STC,pullout,STC,Westbound 56 Ave @ 213A St
53104_55210,4.037973819325074,9.82472794547044,8.010344821515018,2.433083616949402,1.9837535308373806,STC,interline,Scott Road Station @ Bay 1,Surrey Central Station @ Bay 2
56397_STC,8.500339213896167,15.176776712891977,12.09319867297592,1.7854318905392996,1.422672480317753,STC,pullin,Scott Rd Station @ Bay 2,STC
STC_57136,19.504656128865268,25.019033488468523,18.05824266341009,1.2827210755816625,0.9258426574711766,STC,pullout,STC,Langley Centre @ Bay 2
PCT_58079,12.017945457087304,17.4572848962724,13.09616619267752,1.4526014416197381,1.0897175594148134,PCT,pullout,PCT,Braid Station @ Bay 1
PCT_58430,11.542269904246506,20.51504916617536,15.087101060728656,1.7773842871780088,1.3071173335825368,PCT,pullout,PCT,Lougheed Station @ Bay 6
56395_54990,2.418332261826861,5.44220177069237,3.6231441693370394,2.250394561821382,1.4981994933152971,STC,interline,Surrey Central Station @ Bay 1 Unloading Only,King George Station @ Bay 2
54990_61035,1.353003257341035,2.999924895206342,2.0860690995478697,2.2172340524160226,1.541806413420969,STC,interline,King George Station @ Bay 2,Surrey Central Station @ Bay 12
STC_55862,11.012748878989484,16.36897409450329,11.789111255331196,1.4863658723511441,1.0704966929576396,STC,pullout,STC,Southbound 160 St @ 88 Ave
PCT_53357,3.4491164804075645,6.009706287806654,4.485532352882505,1.7423900648019046,1.3004873504163224,PCT,pullout,PCT,Coquitlam Central Station @ Bay 9
STC_54920,6.296021466415117,11.813190581527278,8.110839475582791,1.8762945209990802,1.2882483833399334,STC,pullout,STC,Westbound 96 Ave @ Scott Rd
57097_STC,18.96146274743649,31.46980356280105,23.904814382669294,1.6596717237469265,1.2607051840397243,STC,pullin,Langley Centre @ Bay 4,STC
61035_60419,3.5428896180184903,6.560374997272735,4.709427840972735,1.8517017758351444,1.3292618028576006,STC,interline,Surrey Central Station @ Bay 12,Guildford @ Layover
56138_STC,16.58975236226258,25.0119854112298,18.19464985260288,1.5076768395968125,1.096740292157165,STC,pullin,Westbound Thrift Ave @ Johnston Rd,STC
STC_55905,7.940995393431071,11.894035760212912,8.166810065946176,1.4978016194357529,1.0284365701435747,STC,pullout,STC,Northbound 160 St @ 88 Ave
STC_57240,22.869043294449657,29.83303440577472,22.346307838931267,1.3045160666172348,0.9771422245877134,STC,pullout,STC,Eastbound 88 Ave @ 212 St
60419_54993,4.061880631539562,7.021066652598986,4.959555013131669,1.7285260916044725,1.2209996952204536,STC,interline,Guildford @ Layover,Surrey Central Station @ Bay 8
60314_61337,9.342532546401962,14.592863665022756,9.206900228990646,1.5619815711150853,0.9854822750964297,VTC,interline,Nanaimo Station @ Bay 1,Marine Drive Station @ Bay 1
58895_VTC,12.997690450609095,13.980912209708912,9.178532366019024,1.0756458820769763,0.7061664070934157,VTC,pullin,UBC Exchange @ Bay 9,VTC
58051_VTC,10.730689252864044,21.869050945855943,14.123086365768748,2.0379912632377315,1.3161397215933044,VTC,pullin,Eastbound Keefer Place @ Taylor St,VTC
VTC_51336,7.307903250678497,17.26945628619235,12.762039880628503,2.3631205413931804,1.7463339952459853,VTC,pullout,VTC,Northbound Knight St @ E 41 Ave
58135_61337,8.85043629981577,14.562563818612936,9.354868372989582,1.645406319563711,1.0569951645416975,VTC,interline,Southbound Granville St @ W Broadway,Marine Drive Station @ Bay 1
VTC_51818,10.888649439682975,22.19731177473203,16.483946127965798,2.0385734610791464,1.513865077508247,VTC,pullout,VTC,29th Avenue Station @ Bay 1
VTC_60160,13.37053956916276,22.652440485919957,17.342880129958665,1.6942054109891402,1.2970965038656734,VTC,pullout,VTC,UBC Exchange @ Bay 3
51843_61337,12.5268370656419,22.826587281877604,15.150649779568605,1.8222147507997404,1.209455323812201,VTC,interline,Burrard Station @ Bay 3,Marine Drive Station @ Bay 1
54990_57097,21.397964933239905,27.234312932050013,19.769245471395717,1.272752479827829,0.9238843755971339,STC,interline,King George Station @ Bay 2,Langley Centre @ Bay 4
STC_55210,5.692152272486196,8.845437065781002,6.270096381705349,1.5539705619852517,1.1015334941077957,STC,pullout,STC,Surrey Central Station @ Bay 2
58051_61337,9.22185330997506,19.508958326312637,12.698096510699116,2.115513842018096,1.3769571130527403,VTC,interline,Eastbound Keefer Place @ Taylor St,Marine Drive Station @ Bay 1
58135_VTC,6.975809195606722,11.323258827571088,7.270515080510493,1.623217967988909,1.0422468385587973,VTC,pullin,Southbound Granville St @ W Broadway,VTC
VTC_50927,6.994484313260706,14.144586470530117,9.845230156431525,2.022248651514404,1.407570553524031,VTC,pullout,VTC,W 10 Ave @ Fir St
51317_VTC,4.698823457156921,7.069549394788617,4.409201621845863,1.504536073603866,0.9383629034051224,VTC,pullin,Southbound Knight St @ E 63 Ave,VTC
51818_VTC,10.292802645236362,14.578972155613643,8.566990800877077,1.4164239476952347,0.8323282876546737,VTC,pullin,29th Avenue Station @ Bay 1,VTC
VTC_60159,13.476363444908904,22.724018201024855,17.307795606476354,1.6862129233839807,1.2843075713437284,VTC,pullout,VTC,UBC Exchange @ Bay 2
VTC_60351,10.437901363596902,20.752024431963832,14.019975414778866,1.9881414576629686,1.3431795268419342,VTC,pullout,VTC,Southbound Station St @ National Ave
VTC_50001,10.608290766097443,20.93621047502353,14.16772401292818,1.9735705719843781,1.3355331528247856,VTC,pullout,VTC,Westbound Davie St @ Bidwell St
50001_VTC,10.894556034484417,20.33398478736496,13.53565771173316,1.8664353758888408,1.2424239839502311,VTC,pullin,Westbound Davie St @ Bidwell St,VTC
50357_VTC,10.426127756131018,18.307070479235698,12.121166676661275,1.7558839587852106,1.1625760742796865,VTC,pullin,Southbound Alma St @ W 10 Ave,VTC
VTC_51272,10.768589054157005,22.265961938785875,14.955706729464408,2.06767681697265,1.388826953489422,VTC,pullout,VTC,Eastbound E Pender St @ Main St
VTC_50907,13.318447270101172,24.800222890419928,17.548138676607564,1.8620956623145106,1.3175814207713015,VTC,pullout,VTC,Westbound E Broadway @ Renfrew St
VTC_51843,10.563127916938146,21.339607983168328,14.497871419209243,2.0201978193362518,1.3724979507217434,VTC,pullout,VTC,Burrard Station @ Bay 3
VTC_50410,10.57020496994323,21.059734059796337,14.221097358570589,1.9923676144105504,1.3453946634912763,VTC,pullout,VTC,Southbound Cambie St @ W Hastings St
VTC_51305,7.277743623484573,17.19528131930291,12.68400781834094,2.3627214984346803,1.7428489480463252,VTC,pullout,VTC,Southbound Knight St @ E 41 Ave
55456_61677,7.08897562045442,12.653510831345438,8.674014326838284,1.7849561782713985,1.2235920662232802,STC,interline,Newton Exchange @ Bay 5,Surrey Central Station @ Bay 5A
STC_60419,9.449346662423505,15.037095047893567,10.92164927193127,1.5913370082706813,1.1558099900559855,STC,pullout,STC,Guildford @ Layover
STC_61707,2.044141278621236,2.84164386943356,2.038866091655784,1.390140642015818,0.9974193628294565,STC,pullout,STC,Newton Exchange @ Layover
57027_STC,19.00428502355834,31.479658875087164,24.100967055945528,1.6564505760708146,1.2681859394378254,STC,pullin,Langley Centre @ Bay 3,STC
56395_60419,3.6771982526633273,6.674819238386702,4.988272676527907,1.8151915615515841,1.3565416748784194,STC,interline,Surrey Central Station @ Bay 1 Unloading Only,Guildford @ Layover
STC_55645,2.1071405932304104,2.910903136480449,1.829757612619877,1.381447040521301,0.8683604779378846,STC,pullout,STC,Newton Exchange @ Bay 2
53104_55713,4.345102158896521,10.690664050440368,8.463526570671656,2.460394177050917,1.9478314343755379,STC,interline,Scott Road Station @ Bay 1,Surrey Central Station @ Bay 5
59863_61668,2.6535823247067136,4.416423803326498,3.3047213933085717,1.6643251510256505,1.2453811447790017,STC,interline,Langley Centre @ Bay 7,Northbound 198 St @ 64 Ave
56395_STC,5.87070521736461,8.909149061064129,6.183018033011764,1.5175602812950455,1.0531985177391265,STC,pullin,Surrey Central Station @ Bay 1 Unloading Only,STC
50408_VTC,10.571545571036877,19.570658822734703,12.86538210438624,1.8512580484307724,1.2169821354820476,VTC,pullin,Northbound Seymour St @ W Hastings St,VTC
60351_VTC,9.846920142586177,19.7794087763432,12.71364445078975,2.0086898735779095,1.2911290298583313,VTC,pullin,Southbound Station St @ National Ave,VTC
VTC_58051,9.933801575540214,17.615500685046943,11.93070429031002,1.7732889620446226,1.2010209988174856,VTC,pullout,VTC,Eastbound Keefer Place @ Taylor St
VTC_51290,10.50526212148292,21.94736243172011,14.81634744007594,2.0891779926974374,1.410373893458307,VTC,pullout,VTC,Southbound Clark Dr @ E Broadway
56705_RTC,0.6835867705852705,1.1583214761724292,0.8108605929002178,1.6944761455531128,1.1861853210031823,RTC,pullin,Southbound No. 5 Rd @ Horseshoe Way,RTC
61321_55488,36.43733817934148,46.1825039535291,38.33672824442025,1.2674499911662795,1.0521275746249668,RTC,interline,Bridgeport Station @ Bay 1 Unloading Only,Southbound White Rock Centre @ Bay 11
57518_61327,15.222895722266548,17.11570921919295,13.834161974539173,1.1243399108461198,0.9087733521227455,RTC,interline,Ladner Exchange @ Bay 7,Bridgeport Station @ Bay 8
57359_RTC,17.871228264372203,21.34424969614731,16.147581893051292,1.1943359113541663,0.9035518798247827,RTC,pullin,Westbound 2nd Ave @ 52A St,RTC
RTC_61327,10.409775486200472,13.08823989216525,9.947172970267433,1.2573028024970794,0.9555607595431544,RTC,pullout,RTC,Bridgeport Station @ Bay 8
56081_61329,36.34702733637544,37.19460801483257,29.33592803976852,1.0233191196246436,0.8071066656504714,RTC,interline,White Rock Centre @ Bay 5,Bridgeport Station @ Bay 10
RTC_58597,13.216564195397416,15.32566632620711,12.318108521404865,1.1595802131044144,0.932020481215123,RTC,pullout,RTC,South Delta Exchange @ Bay 2
57359_61329,24.886624453555537,28.455948893759164,22.48305108788061,1.1434234058887676,0.9034190687386883,RTC,interline,Westbound 2nd Ave @ 52A St,Bridgeport Station @ Bay 10
57359_61326,24.884220879069304,28.496118105903225,22.193313507569258,1.1451480938216543,0.891862904425373,RTC,interline,Westbound 2nd Ave @ 52A St,Bridgeport Station @ Bay 7
RTC_57518,7.561755988215634,9.068929177452674,7.245915477540685,1.199315237305441,0.9582318563086193,RTC,pullout,RTC,Ladner Exchange @ Bay 7
56280_RTC,29.942774319602577,29.62759977552043,23.00546037183588,0.9894741034775855,0.7683142559296832,RTC,pullin,White Rock Centre @ Bay 1,RTC
RTC_58048,1.2042694733809505,1.88784609757337,1.4072905420178137,1.5676276276216639,1.1685844182921017,RTC,pullout,RTC,Southbound Hwy 99 Onramp @ Steveston Hwy
61321_57396,15.510535262151356,17.389784471257524,14.102025930885889,1.1211595330105655,0.9091901531791429,RTC,interline,Bridgeport Station @ Bay 1 Unloading Only,Ladner Exchange @ Bay 5
RTC_61326,10.011699504317315,11.873116289778672,9.478533078335849,1.1859241564989704,0.9467456623371935,RTC,pullout,RTC,Bridgeport Station @ Bay 7
56081_RTC,28.90757889589785,29.032265091210427,22.599464914312264,1.0043132700860766,0.7817833861388944,RTC,pullin,White Rock Centre @ Bay 5,RTC
57377_61326,21.188644092319954,23.288176434213888,19.055009487418,1.0990876213100833,0.8993029192615817,RTC,interline,South Delta Exchange @ Bay 1,Bridgeport Station @ Bay 7
RTC_55488,28.40926785796911,36.986734997492434,30.792452842733116,1.3019249627412433,1.0838875889614135,RTC,pullout,RTC,Southbound White Rock Centre @ Bay 11
57518_RTC,8.235074571755451,9.817258617570852,7.769824150411989,1.192127470374337,0.943503799839388,RTC,pullin,Ladner Exchange @ Bay 7,RTC
61321_57518,14.779039250188903,16.89892314594622,13.700250060707903,1.1434385456233376,0.9270054587975188,RTC,interline,Bridgeport Station @ Bay 1 Unloading Only,Ladner Exchange @ Bay 7
57359_61327,25.09324966265405,29.207357648862807,22.513681436773844,1.1639527777995105,0.8972007109258813,RTC,interline,Westbound 2nd Ave @ 52A St,Bridgeport Station @ Bay 8
61321_58597,20.492017671692825,23.45823176375458,18.891155043419666,1.1447497332661005,0.9218787210746674,RTC,interline,Bridgeport Station @ Bay 1 Unloading Only,South Delta Exchange @ Bay 2
56081_61327,39.76748086510764,40.12951301135899,32.08748162861407,1.0091037234035358,0.8068774015999571,RTC,interline,White Rock Centre @ Bay 5,Bridgeport Station @ Bay 8
RTC_61329,10.024581100216835,12.114073999688998,9.619588387301782,1.2084369290430466,0.9596000362642292,RTC,pullout,RTC,Bridgeport Station @ Bay 10
53096_61917,11.048977018385768,7.723855729858465,2.351744625669921,0.6990561856546339,0.2128472728069359,BTC,interline,SFU Transit Exchange @ Bay 2,Westbound W Pender St @ Howe St
51861_BTC,10.63083924108177,5.85806323093756,0.8133968534215371,0.5510442871057335,0.0765129483172175,BTC,pullin,SFU Transit Exchange @ Bay 1,BTC
BTC_58393,7.474992142460842,17.146635161443157,13.220778364115182,2.2938666469016935,1.768667861069185,BTC,pullout,BTC,Westbound Hastings St @ Duthie Ave
60358_BTC,17.39038902936319,30.38018011333057,19.02074350498993,1.7469523000339138,1.0937503165037843,BTC,pullin,UBC Exchange @ Unloading Only,BTC
59314_BTC,8.944401207008156,12.349453340046695,8.710406990316361,1.3806908986115916,0.973839029435704,BTC,pullin,Production Way Station @ Bay 1,BTC
60257_59832,9.444934426505478,18.760723151827914,13.008831163932308,1.9863264586760265,1.3773341959289211,BTC,interline,Phibbs Exchange @ Bay 5,Southbound Howe St @ Dunsmuir St
BTC_60162,17.693293552656666,36.3742323238118,24.940582912557502,2.055820314943578,1.4096065742837713,BTC,pullout,BTC,UBC Exchange @ Bay 4
52807_BTC,10.66416464919309,5.890430465466167,0.615571187725486,0.5523574193794795,0.0577233386744515,BTC,pullin,SFU Transit Exchange @ Bay 3,BTC
61651_BTC,13.6099629685662,20.01899092182294,14.745055045867884,1.4709070824115495,1.083401555163913,BTC,pullin,New Westminster Station @ Bay 4,BTC
BTC_51861,11.33441089520399,32.35437813962536,27.557324622868748,2.85452666563515,2.431297477889149,BTC,pullout,BTC,SFU Transit Exchange @ Bay 1
53104_STC,8.614622056964137,15.18940908889554,11.954262518852426,1.7632124762358303,1.3876711525827756,STC,pullin,Scott Road Station @ Bay 1,STC
56996_STC,23.030635275384824,34.292080872230734,26.018359802220104,1.4889767677786188,1.1297282724123796,STC,pullin,Westbound 40 Ave @ 208 St,STC
STC_57027,19.454630267260487,24.96247065222703,18.08576017148697,1.283112056579944,0.9296378251877067,STC,pullout,STC,Langley Centre @ Bay 3
61035_61707,6.686007859088855,10.867626470846718,7.669242592399132,1.6254283123633237,1.1470585667908964,STC,interline,Surrey Central Station @ Bay 12,Newton Exchange @ Layover
61035_54990,1.9298400477835356,4.40091572975494,2.870155721139527,2.2804562143942917,1.4872505752152698,STC,interline,Surrey Central Station @ Bay 12,King George Station @ Bay 2
57143_STC,19.01486571883033,31.381142496597977,24.100279905848264,1.6503478362995425,1.2674441283054592,STC,pullin,Langley Centre @ Bay 5,STC
STC_55693,3.592992529289102,4.729329045864674,2.8891289872032724,1.3162646477309552,0.8041010282242101,STC,pullout,STC,Northbound 140 St @ 77A Ave
STC_61677,6.121982660939329,9.4456103022005,6.628275341239275,1.542900531631236,1.0827007700512277,STC,pullout,STC,Surrey Central Station @ Bay 5A
55714_54990,2.402499467821359,5.442962925925089,3.343523679412986,2.265541782142783,1.3916855026173924,STC,interline,Surrey Central Station @ Bay 6,King George Station @ Bay 2
57097_60866,4.237927310928168,5.979574659093642,4.271473202914858,1.4109667817270863,1.0079156364716748,STC,interline,Langley Centre @ Bay 4,Westbound 56 Ave @ 213A St
55538_55713,6.951096992293112,12.793231152126973,9.300716395940125,1.8404621840712636,1.3380213808341481,STC,interline,Newton Exchange @ Bay 1,Surrey Central Station @ Bay 5
STC_55192,3.681672545998066,5.668236172107755,4.108063432021954,1.5395818344217114,1.1158144513659611,STC,pullout,STC,Scottsdale Exchange @ Bay 9
STC_58515,7.417266152620519,11.42041969399984,8.149279911572803,1.5397074149705425,1.0986905072421682,STC,pullout,STC,Westbound 91 Ave @ 152 St
56372_STC,15.544225706435505,22.020876277414423,16.568351367102423,1.4166595810750164,1.0658846365208734,STC,pullin,Eastbound 24 Ave @ 136 St,STC
61035_STC,5.958131504070941,9.073177247708092,6.327517858379703,1.522822589851998,1.061997012663513,STC,pullin,Surrey Central Station @ Bay 12,STC
STC_55299,19.428922785189226,24.902733751050683,17.98384516678636,1.281735175252957,0.9256223500201227,STC,pullout,STC,Langley Centre @ Bay 1
STC_55538,2.0799896841964545,3.5624725572133555,2.3246466726912267,1.7127356853164475,1.1176241355203107,STC,pullout,STC,Newton Exchange @ Bay 1
57210_55612,17.097316275953514,24.181551476497287,18.7919653992554,1.4143477892204277,1.0991178437568778,STC,interline,Westbound 88 Ave @ 212 St,Surrey Central Station @ Bay 4
STC_61703,2.103220965207748,3.4107997627861493,2.066973941846204,1.6217030065831641,0.9827659461553706,STC,pullout,STC,Newton Exchange @ Bay 12
54909_55738,4.318128820689321,6.723088683581688,4.626957848390748,1.5569449089544423,1.0715191789141962,STC,interline,Eastbound 96 Ave @ Scott Rd,Surrey Central Station @ Bay 7
STC_55441,5.80976463981966,8.91243549479661,6.309990194530658,1.5340441562316471,1.086100829503917,STC,pullout,STC,Surrey Central Station @ Bay 10
53104_55203,4.581381911517961,11.006297558799552,9.158403111936266,2.4023968687545647,1.9990481668667062,STC,interline,Scott Road Station @ Bay 1,Southbound Scott Rd @ 92 Ave
STC_60677,1.9285988971277876,2.9741129452727217,1.962828604207924,1.5421106740763935,1.0177484842136504,STC,pullout,STC,Newton Exchange @ Bay 11
54910_STC,6.136288044438974,8.257128091991955,5.942882667803702,1.3456226357357846,0.9684816985065514,STC,pullin,Northbound Scott Rd @ 96 Ave,STC
STC_56019,2.1737975744010183,3.4924584887316,2.240885509731405,1.6066162414841842,1.0308620895157972,STC,pullout,STC,Newton Exchange @ Bay 4
STC_57188,19.12618758142425,24.17073519308627,17.358265530594746,1.2637508175733563,0.9075653711277752,STC,pullout,STC,Langley Centre @ Bay 6
55299_STC,18.90886491998114,31.31629527570565,23.89778745244536,1.656170024389644,1.263840402561255,STC,pullin,Langley Centre @ Bay 1,STC
57210_55836,17.44603795191419,24.109997326535478,18.704211310493992,1.3819755174778876,1.0721179996310712,STC,interline,Westbound 88 Ave @ 212 St,Surrey Central Station @ Bay 3
54793_STC,3.7486327952065177,6.120966388267069,4.041253977409221,1.6328530220655706,1.0780607752716902,STC,pullin,Scottsdale Exchange @ Bay 6,STC
STC_55836,5.776758239540943,8.866033430281338,6.2769731407182245,1.5347766104516585,1.0865909356831647,STC,pullout,STC,Surrey Central Station @ Bay 3
STC_57248,26.61831385829768,32.64366182578486,23.9137490397889,1.226360993395865,0.8983945852879148,STC,pullout,STC,Northbound Trattle St @ 9000 Block
61321_RTC,9.576576833416862,11.218346019315373,8.668128693006423,1.1714359122739622,0.9051385316264089,RTC,pullin,Bridgeport Station @ Bay 1 Unloading Only,RTC
61321_56022,23.069062706099604,30.797974505517477,25.422512358311167,1.335033629145856,1.1020175670851722,RTC,interline,Bridgeport Station @ Bay 1 Unloading Only,Scottsdale Exchange @ Bay 8
RTC_61717,45.73159714756231,50.89798696619248,42.42488545793293,1.1129719961881006,0.9276930635298041,RTC,pullout,RTC,Carvolth Exchange @ Bay 9
61332_61331,4.38808839201167,7.755296903962441,5.206787611556062,1.7673520246494197,1.1865730920632318,RTC,interline,Richmond-Brighouse Station @ Bay 6,Bridgeport Station @ Bay 12
RTC_61332,9.479498915782017,12.552372969019236,9.308411106926227,1.3241599667384656,0.9819518088059536,RTC,pullout,RTC,Richmond-Brighouse Station @ Bay 6
55456_RTC,26.61178655085028,29.7570416693828,22.657883030256315,1.1181903031020677,0.8514228455485777,RTC,pullin,Newton Exchange @ Bay 5,RTC
56394_61693,22.799077771658947,23.12719007957421,17.942250521138874,1.0143914728131298,0.7869726442813625,RTC,interline,Scottsdale Exchange @ Bay 1,Bridgeport Station @ Bay 6
56394_RTC,23.110094233645587,23.2842196707535,17.84766272581372,1.0075346052399219,0.7722886174920748,RTC,pullin,Scottsdale Exchange @ Bay 1,RTC
RTC_58432,54.62770618643322,62.197452137401946,52.00731905058513,1.1385697200086478,0.9520319025128889,RTC,pullout,RTC,Lougheed Station @ Bay 8
RTC_61328,9.947040650521386,11.83407150302896,9.3642598457642,1.1897077652345438,0.9414116393777241,RTC,pullout,RTC,Bridgeport Station @ Bay 9
XHT_59073,22.16218606804113,25.595426296959563,20.137522339068823,1.1549143310311485,0.9086433205300102,XHT,pullout,XHT,Northbound Railway Ave @ Steveston Hwy
59868_XHT,5.221730679899822,4.307781625147876,2.2116283562599204,0.8249720043452184,0.42354316831643835,XHT,pullin,Edmonds Station @ Bay 7,XHT
XHT_59227,24.203021555358166,28.546010223356102,22.27199589941985,1.1794399372022402,0.9202155131117992,XHT,pullout,XHT,Eastbound Chatham St @ 4th Ave
59889_XHT,17.383362018517623,23.03945381945536,16.759756898466588,1.3253738715740135,0.9641263226649287,XHT,pullin,Kootenay Loop @ Bay 1,XHT
61321_56664,18.14525923606764,22.94464275438832,17.197369880107114,1.2644979306099338,0.947761046363207,XHT,interline,Bridgeport Station @ Bay 1 Unloading Only,Ladner Exchange @ Bay 1
60358_XHT,30.77144826669153,36.65151221294536,26.34875219931549,1.1910883067736104,0.856272736042672,XHT,pullin,UBC Exchange @ Unloading Only,XHT
61649_XHT,6.06970124511898,8.011253532881332,5.671156056298525,1.3198760876943778,0.9343385822916821,XHT,pullin,New Westminster Station @ Bay 2,XHT
XHT_61656,5.951119449409282,8.803654551551974,6.371717651999615,1.4793274822312363,1.0706754764655384,XHT,pullout,XHT,New Westminster Station @ Bay 9
56394_55164,16.973964406639162,18.552626331295045,13.598877591130982,1.0930049036769753,0.8011609583564312,XHT,interline,Scottsdale Exchange @ Bay 1,Ladner Exchange @ Bay 6
VTC_51553,12.744094685157364,26.40616219644556,19.153918418390937,2.0720312308413686,1.5029642270862038,VTC,pullout,VTC,Westbound E 22 Ave @ Boundary Rd
VTC_51493,7.7176674764502415,16.213748572972708,12.256107838455948,2.100861254057328,1.5880585521278734,VTC,pullout,VTC,Eastbound W King Edward Ave @ Dunbar St
VTC_51560,11.06286777779254,23.042723660576065,16.036738992357243,2.0828888244358965,1.449600529850785,VTC,pullout,VTC,Nanaimo Station @ Bay 2
VTC_61804,16.163588275099553,30.820341388586943,21.284545645108675,1.906775949995368,1.316820577389867,VTC,pullout,VTC,Brentwood Station @ Bay 5 New
59767_VTC,12.230752438418747,21.38830306298587,14.233224104870096,1.7487315821880094,1.163724323301751,VTC,pullin,VCC-Clark Station @ Unloading Only,VTC
50042_61337,12.61010887114767,22.888546075108607,15.111897995007135,1.8150950407318314,1.1983955213569677,VTC,interline,Southbound Burrard St @ W Pender St,Marine Drive Station @ Bay 1
VTC_50042,12.07686271848006,24.04194012728034,16.61405864022966,1.9907438452944635,1.3756932597078186,VTC,pullout,VTC,Southbound Burrard St @ W Pender St
VTC_51507,6.47428985159395,14.953196560462684,11.507209324499192,2.3096272955374797,1.7773701190820415,VTC,pullout,VTC,Eastbound W King Edward Ave @ Granville St
58136_61337,7.244839755540488,9.438122837660377,5.407809877554507,1.3027372800678685,0.7464360924503384,VTC,interline,Southbound Granville St @ W King Edward Ave,Marine Drive Station @ Bay 1
RTC_61693,10.330099183938506,12.766005796317856,10.05556018273645,1.235806701272216,0.9734233915557252,RTC,pullout,RTC,Bridgeport Station @ Bay 6
RTC_61705,26.44766325833343,35.859203789069696,28.822274098426995,1.3558552768464627,1.0897852795878042,RTC,pullout,RTC,Newton Exchange @ Bay 10
RTC_56919,20.7463166039332,24.434623407344237,20.30065211136605,1.177781283965935,0.978518379861095,RTC,pullout,RTC,22nd Street Station @ Bay 7
55456_61331,25.75730746847247,28.704807999578374,22.1878128515138,1.1144335654925777,0.8614181772948197,RTC,interline,Newton Exchange @ Bay 5,Bridgeport Station @ Bay 12
58322_RTC,20.87579514532215,20.869907555821044,15.181548133474813,0.9997179705271046,0.7272320899775018,RTC,pullin,22nd Street Station @ Unloading Only,RTC
60596_61693,37.87284653666368,40.62456821991551,31.791995588987863,1.072656848768628,0.8394403509704741,RTC,interline,Westbound Vine Ave @ Anderson St,Bridgeport Station @ Bay 6
RTC_60596,28.910292409232213,35.67379967820324,29.69637137242478,1.2339480754200594,1.0271902806123656,RTC,pullout,RTC,Westbound Vine Ave @ Anderson St
58432_RTC,54.63860033200924,58.617857342536425,47.79911099577781,1.0728286776445113,0.8748231233107812,RTC,pullin,Lougheed Station @ Bay 8,RTC
61709_RTC,44.30948596412439,46.94760341034751,38.31165608616308,1.0595384349156995,0.8646377914919278,RTC,pullin,Carvolth Exchange @ Bay 1 Unloading Only,RTC
RTC_61331,9.966540140858262,12.079916291314364,9.68227146602312,1.2120471217280533,0.9714776972933897,RTC,pullout,RTC,Bridgeport Station @ Bay 12
60596_RTC,31.449024791435413,33.16927694625661,25.999109515251146,1.0546996978834675,0.8267063823973182,RTC,pullin,Westbound Vine Ave @ Anderson St,RTC
RTC_56022,23.07809930017893,30.726393548746334,25.368143638686725,1.3314091922859568,1.0992301969378404,RTC,pullout,RTC,Scottsdale Exchange @ Bay 8
61332_RTC,8.846961866784268,11.04247273369536,8.371035694388787,1.2481655171538708,0.9462045638308519,RTC,pullin,Richmond-Brighouse Station @ Bay 6,RTC
XNE_59659,14.085269084391436,20.235860304102413,15.515294929119111,1.436668350661951,1.1015263418937702,XNE,pullout,XNE,Southbound Laity St @ Cutler Place
XNE_57777,17.339877300816976,24.356484204912977,18.328603382315723,1.4046514737313285,1.0570203620444398,XNE,pullout,XNE,Northbound 232 St @ 128 Ave
59554_XNE,11.00209815640964,13.60942355932069,8.592251884631263,1.2369843793287798,0.7809648452941279,XNE,pullin,Burquitlam Station @ Bay 1,XNE
XNE_53239,10.883324710628717,15.68944256000619,11.603757310760834,1.4416038276137981,1.0661960034536633,XNE,pullout,XNE,Southbound 2nd Ave @ Ioco Rd
53161_XNE,3.842325586420385,5.202305851208816,3.747515570144624,1.353947169285939,0.975324835404152,XNE,pullin,Coquitlam Central Station @ Bay 6,XNE
XNE_53887,3.790357117371625,6.447095756943204,4.630556986853941,1.7009204033560459,1.2216677330037287,XNE,pullout,XNE,Coquitlam Central Station @ Bay 11
XNE_53730,4.397596125969519,7.475141163064759,5.2666424999865535,1.6998243924495786,1.1976185054568738,XNE,pullout,XNE,Coquitlam Central Station @ Bay 12
XNE_61060,14.568611839354029,20.802712404145463,15.807934610961375,1.4279131487291965,1.0850680068405405,XNE,pullout,XNE,Haney Place @ Bay 5
59709_58592,1.6574545476753892,3.8519741772528464,3.2630852883639565,2.32403005117414,1.9687328940274678,XNE,interline,Port Haney Station @ Bay 3,Haney Place @ Bay 9
XNE_61890,7.371931868212727,11.94074387253262,8.655005730483376,1.619757763093322,1.1740485242142806,XNE,pullout,XNE,Moody Centre Station @ Bay 7
XNE_58434,12.47887082962608,22.45719117673716,16.37503087339189,1.7996172476937222,1.3122205604144839,XNE,pullout,XNE,Lougheed Station @ Bay 10
XNE_58439,12.636083255569623,22.624041129210504,16.171841824137392,1.790431470862498,1.27981444068195,XNE,pullout,XNE,Lougheed Station @ Bay 5
58363_XNE,18.519681314400103,19.936866158918573,15.161372660948537,1.0765231766389267,0.8186627190587621,XNE,pullin,Northbound Lake City Way @ Enterprise St,XNE
XNE_58431,12.976289264124516,23.27530662892515,16.57762198724325,1.7936796995790067,1.2775317850747459,XNE,pullout,XNE,Lougheed Station @ Bay 7
59709_61060,1.707258117947835,3.869964422257771,3.2699644222577704,2.2667717210269065,1.915331014028708,XNE,interline,Port Haney Station @ Bay 3,Haney Place @ Bay 5
XNE_53035,4.731978638002178,8.563816513974354,5.954830663538018,1.809774973453803,1.2584229809735834,XNE,pullout,XNE,Coquitlam Central Station @ Bay 4
XNE_61061,14.791257781137489,21.28264729810458,16.553298799102667,1.4388666341306833,1.1191271928349606,XNE,pullout,XNE,Haney Place @ Bay 4
XNE_59423,16.575261362310563,24.32089543331084,18.30361535241521,1.467300870960176,1.1042731063073696,XNE,pullout,XNE,Westbound 116 Ave @ 231B St
58079_XNE,11.604987627218946,13.796628987471976,10.705493837863608,1.1888533991292365,0.9224907584351388,XNE,pullin,Braid Station @ Bay 1,XNE
58430_61306,10.26614982150978,17.318686254337898,11.929405340835103,1.68696995031687,1.1620135638231626,XNE,interline,Lougheed Station @ Bay 6,Coquitlam Central Station @ Bay 13
XNE_59616,11.205667077279298,14.98364838508177,11.26571851453132,1.3371491658415176,1.0053590238615766,XNE,pullout,XNE,Eastbound Mall Access Rd @ Meadowtown Centre
58945_XNE,7.6203933100057455,11.808364449121378,8.083239381379165,1.5495741451581946,1.0607378192364025,XNE,pullin,Moody Centre Station @ Bay 1 Unloading Only,XNE
XNE_53440,3.8609800524802345,5.915310058316677,4.159108189209615,1.5320747525014464,1.0772156635561656,XNE,pullout,XNE,Port Coquitlam Station @ Bay 2
XNE_60390,4.075852559051512,6.823793087799769,5.072868182921273,1.6742001799465795,1.2446152331137748,XNE,pullout,XNE,Coquitlam Central Station @ Bay 14
59616_XNE,9.24113467244224,11.463667615365493,8.839617089450968,1.2405043343379698,0.9565510516594216,XNE,pullin,Eastbound Mall Access Rd @ Meadowtown Centre,XNE
XNE_61306,4.369599306420809,7.305456674749165,5.193794650343547,1.6718825142649414,1.1886203484863345,XNE,pullout,XNE,Coquitlam Central Station @ Bay 13
XNE_61891,8.601583420843687,14.709163664087011,10.139240977456156,1.7100530151742994,1.1787644764202785,XNE,pullout,XNE,Moody Centre Station @ Bay 6
53864_61891,3.999582965107552,6.844915646899463,4.929847103183258,1.7114073408689494,1.2325902840849534,XNE,interline,Coquitlam Central Station @ Bay 10,Moody Centre Station @ Bay 6
53783_53887,3.171873983341837,5.512633415758981,4.034231361897422,1.7379736536540953,1.2718763050122877,XNE,interline,Port Coquitlam Station @ Bay 3,Coquitlam Central Station @ Bay 11
53864_58430,10.40899307099709,18.000913096698838,13.52313840567623,1.7293616177779345,1.2991783464008813,XNE,interline,Coquitlam Central Station @ Bay 10,Lougheed Station @ Bay 6
58960_XNE,18.10533431255882,23.181795973878756,17.23615358422613,1.2803848619242912,0.9519931135582633,XNE,pullin,Southbound Belcarra Bay Rd @ Whiskey Cove Lane,XNE
58430_53730,10.202271781300922,17.17183984644175,11.965403885101791,1.683138835598841,1.172817598040507,XNE,interline,Lougheed Station @ Bay 6,Coquitlam Central Station @ Bay 12
52751_XNE,21.56651964153651,24.24510967662045,18.66585088563478,1.1242013120153636,0.8655013046094315,XNE,pullin,Brentwood Station @ Bay 3 New,XNE
XNE_59557,12.587512868208906,24.647848575408943,18.99807874728782,1.9581190369751034,1.5092797875320927,XNE,pullout,XNE,Burquitlam Station @ Bay 2
53783_60390,3.203689284189286,5.531275754440281,4.026673832863175,1.7265331509325834,1.256886506670746,XNE,interline,Port Coquitlam Station @ Bay 3,Coquitlam Central Station @ Bay 14
61802_XNE,23.96351635615873,26.253346709061017,20.599139576019915,1.0955548559263837,0.8596042112461447,XNE,pullin,Brentwood Station @ Bay 2,XNE
XNE_59709,14.15566892470212,18.38794090301342,14.045319543027588,1.2989807123085397,0.9922045802101257,XNE,pullout,XNE,Port Haney Station @ Bay 3
61061_59423,2.3673410140057163,3.7178865399301824,2.776525860457866,1.5704904861337416,1.172845755652152,XNE,interline,Haney Place @ Bay 4,Westbound 116 Ave @ 231B St
XNE_53783,3.5558176380623983,5.4644974943774764,3.7335208404846782,1.5367766434037764,1.0499753419635751,XNE,pullout,XNE,Port Coquitlam Station @ Bay 3
58430_61891,6.178916894468414,9.899784197066326,6.676147115143413,1.6021876270789408,1.080472068028644,XNE,interline,Lougheed Station @ Bay 6,Moody Centre Station @ Bay 6
XNE_61802,20.71610155862206,33.743598232203624,25.459080435850137,1.6288585058688085,1.2289513238678849,XNE,pullout,XNE,Brentwood Station @ Bay 2
53864_XNE,3.920215651078858,5.202391261034783,3.653602160790883,1.3270676218036794,0.9319900959492874,XNE,pullin,Coquitlam Central Station @ Bay 10,XNE
XNE_61922,7.37071179127387,12.661059007345624,9.19761682792996,1.7177525544188224,1.2478600559065338,XNE,pullout,XNE,Moody Centre Station @ Bay 9
XNE_58960,17.595289780724634,24.841717485049102,18.573141903970992,1.4118390657176227,1.0555746529572692,XNE,pullout,XNE,Southbound Belcarra Bay Rd @ Whiskey Cove Lane
57603_59709,1.99910164227438,2.2998012191851336,1.3153074228387542,1.1504173527508323,0.6579492483145217,XNE,interline,Haney Place @ Bay 10,Port Haney Station @ Bay 3
59709_61061,1.7204654168192262,4.175318588070927,3.3522875136835397,2.426854121712136,1.9484771277072253,XNE,interline,Port Haney Station @ Bay 3,Haney Place @ Bay 4
61061_59709,1.9747795853005887,2.2939474692915534,1.2639217799447804,1.1616220292972002,0.640031823983229,XNE,interline,Haney Place @ Bay 4,Port Haney Station @ Bay 3
XNE_58363,15.128996847056955,26.07302772462544,19.189456591591387,1.7233811328143298,1.268389225378437,XNE,pullout,XNE,Northbound Lake City Way @ Enterprise St
61649_XNE,15.44710976852199,22.145231271549328,16.012742579325508,1.433616489000209,1.0366173879307934,XNE,pullin,New Westminster Station @ Bay 2,XNE
XNE_61889,8.568131185397462,14.741383267404665,10.66010977363318,1.7204899117940893,1.2441580950348945,XNE,pullout,XNE,Moody Centre Station @ Bay 8
58363_58430,3.688215966455031,4.93359790106244,3.434816866845859,1.3376651329353744,0.9312949399075647,XNE,interline,Northbound Lake City Way @ Enterprise St,Lougheed Station @ Bay 6
58430_61922,5.83154121374249,9.139484331223994,6.279446750196893,1.5672502338980427,1.0768074030581964,XNE,interline,Lougheed Station @ Bay 6,Moody Centre Station @ Bay 9
XNE_52751,22.764964812168152,33.33546336906645,25.309006122707977,1.464331864517016,1.1117524815667628,XNE,pullout,XNE,Brentwood Station @ Bay 3 New
XNE_58430,11.45155252926296,20.243257357615075,14.6038133167399,1.7677303846693322,1.2752692946586714,XNE,pullout,XNE,Lougheed Station @ Bay 6
XNE_58592,16.483585388652248,25.026665404176825,18.624530275875912,1.518278021079435,1.1298834468802854,XNE,pullout,XNE,Haney Place @ Bay 9
BTC_59314,12.932038923599327,16.140572707460617,13.20244671206138,1.2481073404446783,1.0209099114269284,BTC,pullout,BTC,Production Way Station @ Bay 1
BTC_51787,4.291625049019051,10.5954233696855,8.412184755112925,2.4688604546446404,1.9601397277322077,BTC,pullout,BTC,Joyce Station @ Bay 4
53096_BTC,10.589513420805114,5.770670853625331,0.4221589039959973,0.5449420218201669,0.03986575088205525,BTC,pullin,SFU Transit Exchange @ Bay 2,BTC
BTC_53096,10.985742438320203,32.43095196957783,27.20705724922813,2.952094694706565,2.4765788386158705,BTC,pullout,BTC,SFU Transit Exchange @ Bay 2
60358_59832,12.069688789345363,20.55617987995805,12.816360087189237,1.703124267636811,1.0618633430302697,BTC,interline,UBC Exchange @ Unloading Only,Southbound Howe St @ Dunsmuir St
BTC_53122,15.115472132486568,21.557239263073097,18.154452197844755,1.426170421547185,1.2010509522111936,BTC,pullout,BTC,Burquitlam Station @ Bay 4
BTC_52807,11.545024305999624,32.820487380346975,27.935180874683187,2.842825316815582,2.419672764150532,BTC,pullout,BTC,SFU Transit Exchange @ Bay 3
59554_BTC,12.075182386320831,14.055424020536602,10.224438979110744,1.163992689374121,0.8467316394900444,BTC,pullin,Burquitlam Station @ Bay 1,BTC
60277_59832,0.7647243742170333,1.657784569090053,0.9683128110999976,2.167819707312695,1.2662245950920672,BTC,interline,Northbound Seymour St @ Robson St,Southbound Howe St @ Dunsmuir St
51740_BTC,0.7306285226355149,1.302289534187128,0.9251081440012896,1.7824236172569938,1.2661812608468255,BTC,pullin,Northbound Boundary Rd @ Lougheed Hwy,BTC
58620_61917,6.060356212715104,12.575673469288596,7.424636003753311,2.075071667058752,1.2251154458835012,BTC,interline,N Grandview Hwy @ Commercial Dr,Westbound W Pender St @ Howe St
HTC_55933,3.305338240047427,6.130929007894405,4.9362051514224605,1.854856768851116,1.4934039402126762,HTC,pullout,HTC,22nd Street Station @ Bay 6
HTC_52123,16.150304156416368,17.75509179181948,14.591533760059033,1.0993657840657785,0.9034835269193335,HTC,pullout,HTC,Marpole Loop @ Bay 5
55797_XHT,13.838104918823632,15.32664292900174,11.149170964407146,1.107568053495048,0.8056862576060689,XHT,pullin,Northbound 143A St @ Gladstone Dr,XHT
XHT_55096,9.474222823308072,13.735975245547907,10.130927739731586,1.4498260703511487,1.0693149114888787,XHT,pullout,XHT,Scott Road Station @ Bay 7
53104_XHT,11.857704710191816,16.79901020392214,12.23572687756529,1.4167168616944241,1.0318798769755633,XHT,pullin,Scott Road Station @ Bay 1,XHT
55714_60419,3.89956506325522,7.088451036546555,5.264633251933351,1.817754267864264,1.3500565233648443,XHT,interline,Surrey Central Station @ Bay 6,Guildford @ Layover
60257_BTC,4.698113291792891,7.567057557750441,5.713700358694239,1.610658808711423,1.2161691308456677,BTC,pullin,Phibbs Exchange @ Bay 5,BTC
61035_BTC,20.798559900397542,26.382631984419763,19.405422708349708,1.26848359265083,0.9330176128193757,BTC,pullin,Surrey Central Station @ Bay 12,BTC
STC_57097,19.51089245147752,25.21507245609095,18.32948032068921,1.2923587436504713,0.939448585771952,STC,pullout,STC,Langley Centre @ Bay 4
STC_55235,8.28957197540965,13.32093579283313,9.502653255830747,1.606950977969504,1.1463382288035624,STC,pullout,STC,Westbound Fraser Hwy @ 156 St
STC_55070,5.810666493727073,8.996138378774704,6.11314600195647,1.5482111025450385,1.0520559059026946,STC,pullout,STC,Surrey Central Station @ Bay 9
STC_55200,9.074880599418483,10.138743967035404,6.461468678659333,1.1172316655808225,0.7120169359664504,STC,pullout,STC,Scott Road Station @ Bay 4
STC_55714,6.266966288947359,9.94668338953068,7.024167471766871,1.5871608256570644,1.1208241991272456,STC,pullout,STC,Surrey Central Station @ Bay 6
STC_54993,5.772611833940809,8.945951261092226,6.186237493599487,1.5497233346772707,1.0716531219415641,STC,pullout,STC,Surrey Central Station @ Bay 8
HTC_60214,9.868752124034016,23.22960994773835,17.43660814754646,2.3538548395765018,1.766850350317539,HTC,pullout,HTC,Metrotown Station @ Bay 14
54990_54993,1.008518887187708,2.620500928589585,1.7424970901686043,2.598365743944517,1.7277783413929129,STC,interline,King George Station @ Bay 2,Surrey Central Station @ Bay 8
STC_55578,2.094811731778892,3.518967519746124,2.251919009823216,1.67984906059212,1.0749982805905474,STC,pullout,STC,Newton Exchange @ Bay 6
61668_57240,7.647381587089653,13.045050879750908,9.741877970679958,1.7058192704511603,1.2738841209553666,STC,interline,Northbound 198 St @ 64 Ave,Eastbound 88 Ave @ 212 St
58261_STC,7.717748931325702,11.468904002717192,8.204136638713493,1.4860426407713088,1.0630219655648014,STC,pullin,Westbound 88 Ave @ 160 St,STC
STC_61719,20.47856411634809,25.17899389556396,18.65407520549275,1.2295292654558483,0.9109073809819095,STC,pullout,STC,Carvolth Exchange @ Bay 11
55395_61707,8.542749612246556,14.74207963279398,11.833850430198416,1.7256832169890948,1.385250764371446,STC,interline,Northbound King George Blvd @ Crescent Rd,Newton Exchange @ Layover
STC_56365,15.706701606052746,21.890389961533447,16.36655031090588,1.393697449061982,1.0420106475186905,STC,pullout,STC,Westbound 24 Ave @ 134 St
HTC_52804,9.724147889374809,22.484406286381585,16.749230907657967,2.312223810473862,1.7224368755188502,HTC,pullout,HTC,Metrotown Station @ Bay 6
56138_61760,1.036548609371405,2.5968695608120447,1.9054635577314505,2.505304177087138,1.8382770865777172,STC,interline,Westbound Thrift Ave @ Johnston Rd,White Rock Centre @ Bay 10
57210_STC,22.83660466188013,30.770439558765872,23.281226499950723,1.347417447311213,1.0194696998373307,STC,pullin,Westbound 88 Ave @ 212 St,STC
61787_STC,5.7908520133718895,8.847070902418803,6.198446518277858,1.5277667054847328,1.0703859300781258,STC,pullin,Surrey Central Station @ Bay 14,STC
53104_55192,8.142036631193319,17.24267728006085,13.19410411981236,2.11773516395169,1.6204918643160902,STC,interline,Scott Road Station @ Bay 1,Scottsdale Exchange @ Bay 9
56397_61035,3.742803761295014,9.642671770447691,7.715597660509852,2.5763230950455487,2.0614486231680624,STC,interline,Scott Rd Station @ Bay 2,Surrey Central Station @ Bay 12
52605_HTC,5.25439141267706,4.290502714347511,2.069604591142387,0.8165555965236977,0.393880932842029,HTC,pullin,Edmonds Station @ Bay 5,HTC
HTC_51434,6.17555926341671,13.56640165560066,10.91043670270578,2.196789161423231,1.7667123311953188,HTC,pullout,HTC,Northbound Canada Way @ 12 Ave
STC_55383,15.24953438508852,24.7145505495122,18.37826219836049,1.6206757482168686,1.2051687437966196,STC,pullout,STC,White Rock Centre @ Bay 8
HTC_52625,5.435877582372201,11.662481310685314,9.625170596241263,2.1454643034098355,1.770674642757659,HTC,pullout,HTC,Northbound 12 St @ 10 Ave
HTC_52771,5.07872795743057,11.689499815158625,9.279475597025034,2.301658980976917,1.8271259407483023,HTC,pullout,HTC,Edmonds Station @ Bay 4
HTC_61651,6.120350850376487,9.07225156812944,6.395221478700587,1.4823090685350775,1.0449109266844059,HTC,pullout,HTC,New Westminster Station @ Bay 4
HTC_61715,29.657156525347855,36.193531410568646,29.01486918776825,1.2203978955175347,0.9783429224905414,HTC,pullout,HTC,Carvolth Exchange @ Bay 7
53104_55738,4.410899864226778,10.795489770067578,8.409756350272026,2.447457458198273,1.906585188767653,STC,interline,Scott Road Station @ Bay 1,Surrey Central Station @ Bay 7
54990_55441,0.8208875311819804,1.9333053721255944,1.2528146407523213,2.355140380000491,1.5261708737960937,STC,interline,King George Station @ Bay 2,Surrey Central Station @ Bay 10
STC_56394,3.76025994109726,5.965815695862982,4.282693258572134,1.5865434276658361,1.1389354261829103,STC,pullout,STC,Scottsdale Exchange @ Bay 1
61629_STC,14.41892962723875,20.718066215034373,14.821070780539312,1.4368657556866042,1.0278898062267312,STC,pullin,White Rock Centre @ Bay 9,STC
HTC_52667,5.165902147750938,11.871093730988322,9.447888797231869,2.2979710787120897,1.828894262223911,HTC,pullout,HTC,Edmonds Station @ Bay 6
58322_52667,1.944142521659752,5.775320191633765,4.547935027022882,2.9706259326622115,2.339301247904512,HTC,interline,22nd Street Station @ Unloading Only,Edmonds Station @ Bay 6
58322_61651,3.994958296873709,5.306308960662324,3.3790565424642707,1.3282514024776741,0.8458302418597415,HTC,interline,22nd Street Station @ Unloading Only,New Westminster Station @ Bay 4
STC_55096,9.023721875943124,10.108710935922076,6.557583287421899,1.1202374225286673,0.7267049425475035,STC,pullout,STC,Scott Road Station @ Bay 7
STC_55738,5.68372282170616,8.628935430384432,6.26001620454928,1.5181837153336355,1.101393646544876,STC,pullout,STC,Surrey Central Station @ Bay 7
STC_54793,3.5219125337984862,5.601316516063615,3.9842075137717146,1.5904189733021081,1.1312624818296182,STC,pullout,STC,Scottsdale Exchange @ Bay 6
54442_XWV,2.9604906833920808,4.96009449892719,3.549321249400023,1.6754298626077744,1.1988962739559341,XWV,pullin,Eastbound Marine Dr @ 1000 Block,XWV
60688_XWV,6.019381880837927,10.572393122610338,7.135092935085488,1.7563918242612993,1.1853530937785008,XWV,pullin,Phibbs Exchange @ Bay 11,XWV
XNE_53866,4.06842567211027,6.81225714469059,4.935489689960395,1.6744209415916673,1.2131202798650083,XNE,pullout,XNE,Coquitlam Central Station @ Bay 5
XHT_61652,6.058721290903168,9.038805233132669,6.33880971742113,1.491866814653437,1.0462289669832643,XHT,pullout,XHT,New Westminster Station @ Bay 5
XHT_59781,8.989480848896282,16.454956737278728,13.560871066935215,1.8304679673797903,1.5085266095872716,XHT,pullout,XHT,Westbound Beresford St @ Royal Oak Ave
XHT_59852,28.23951044653826,31.531509279723235,25.856229421674,1.1165742175105065,0.9156047329724013,XHT,pullout,XHT,South Delta Exchange @ Bay 3
XHT_52499,9.899789309443475,18.52583208491908,14.73140717136431,1.8713359957314613,1.4880525949488563,XHT,pullout,XHT,Metrotown Station @ Bay 8
61321_XHT,15.825892108579142,18.54631066454219,14.558471253590175,1.1718966954468446,0.9199147292112586,XHT,pullin,Bridgeport Station @ Bay 1 Unloading Only,XHT
53864_53783,3.52753468131621,4.767638890306367,3.2382404293018574,1.3515498275774411,0.9179896788693203,XNE,interline,Coquitlam Central Station @ Bay 10,Port Coquitlam Station @ Bay 3
XHT_60483,15.84992319960038,19.986439021146136,15.556056288604257,1.260980180752551,0.9814594110460086,XHT,pullout,XHT,Richmond-Brighouse Station @ Bay 1
XHT_59868,5.157144257891087,11.790827719663367,9.469535276794208,2.2863094631533527,1.836197477374152,XHT,pullout,XHT,Edmonds Station @ Bay 7
59781_XHT,8.368993900778932,6.981211386883909,4.5258336275508375,0.8341757049475377,0.54078586759749,XHT,pullin,Westbound Beresford St @ Royal Oak Ave,XHT
61061_XNE,14.354911211558557,17.25356023260575,12.520554798891448,1.2019273388966143,0.8722140189073349,XNE,pullin,Haney Place @ Bay 4,XNE
53783_XNE,0.583919728309512,0.9616577420532992,0.6709341227290998,1.6469005848412845,1.1490177334331562,XNE,pullin,Port Coquitlam Station @ Bay 3,XNE
57603_57752,4.737201701842323,9.036611802508094,7.116415693697122,1.9075843443596054,1.5022403818966608,XNE,interline,Haney Place @ Bay 10,Westbound Dewdney Trunk Rd @ 248 St
58945_53730,3.7201662610225945,6.209655043190325,4.623427463142283,1.669187506013084,1.2428012993890767,XNE,interline,Moody Centre Station @ Bay 1 Unloading Only,Coquitlam Central Station @ Bay 12
XNE_53357,3.95717661269734,6.647516690463775,4.785651091189931,1.6798635343022033,1.2093599956681933,XNE,pullout,XNE,Coquitlam Central Station @ Bay 9
XNE_58441,18.484300429245927,29.69844973274491,22.0571432635813,1.6066850810191287,1.1932906710757853,XNE,pullout,XNE,Sperling Station @ Bay 4
XNE_61911,7.732952729800097,13.643277525689502,9.46893488271565,1.764303753353241,1.2244914993758704,XNE,pullout,XNE,Moody Centre Station @ Bay 3
XNE_61652,17.194593044519266,29.5601005724995,20.50372834863989,1.7191509270364331,1.192452086278099,XNE,pullout,XNE,New Westminster Station @ Bay 5
57603_XNE,14.300598882185728,17.119648032150693,12.41698893446782,1.1971280484956932,0.868284540861829,XNE,pullin,Haney Place @ Bay 10,XNE
58430_XNE,11.473622306909784,17.3519338000718,12.04891089253194,1.5123326649528903,1.050140101376328,XNE,pullin,Lougheed Station @ Bay 6,XNE
XWV_54127,14.47569640824847,26.33941651684367,20.807490374970545,1.8195612683501066,1.437408590795958,XWV,pullout,XWV,Northbound Inlet Cres @ Indian River Dr
60887_XWV,13.131875179895248,8.656388011224033,5.680355791128284,0.6591890261397599,0.432562426409965,XWV,pullin,Caulfeild Village @ Safeway,XWV
XWV_60887,12.925268695425157,23.792138292753187,20.292903386579887,1.8407461270940009,1.5700179133422947,XWV,pullout,XWV,Caulfeild Village @ Safeway
54604_54441,0.4225141226495794,1.0665672013640384,0.830456090252928,2.524335032106412,1.9655108450461987,XWV,interline,Eastbound Marine Dr @ Main St,Park Royal @ Bay 2
XWV_60255,6.663365950535119,10.722202075362835,7.345036506910511,1.609127002022418,1.1023012335560902,XWV,pullout,XWV,Phibbs Exchange @ Bay 3
58579_XHT,28.112801018231345,28.013198565729013,22.13022788260088,0.9964570427387247,0.7871939856953164,XHT,pullin,Eastbound 17 Ave @ 128 St,XHT
XHT_56220,28.196257138085446,34.18173919106839,28.612933136629472,1.21227931152955,1.0147777060091145,XHT,pullout,XHT,Southbound 128 St @ 16 Ave
61629_XHT,26.083582679748304,26.62523315746789,20.41274017296341,1.020765953986073,0.7825895860852036,XHT,pullin,White Rock Centre @ Bay 9,XHT
56258_XHT,27.020933599106638,29.075005595223477,22.215416006832488,1.0760178025893505,0.822155752885125,XHT,pullin,Westbound Russell Ave @ Hospital St,XHT
XHT_58579,28.920977840121544,35.27439507855505,29.44625141304613,1.2196819648891515,1.0181623725113431,XHT,pullout,XHT,Eastbound 17 Ave @ 128 St
58253_XHT,16.186642920307776,20.270023936222035,15.540526514503757,1.2522685547595076,0.9600833595338413,XHT,pullin,Eastbound Anderson Rd @ Buswell St,XHT
XHT_61597,15.519661341056503,26.755489182816586,20.663049028875104,1.7239737771877954,1.3314110775221635,XHT,pullout,XHT,Guildford Exchange @ Bay 4
61321_58253,4.756068665633596,8.350180856782837,5.927094024179218,1.7556897185104956,1.2462170840819051,XHT,interline,Bridgeport Station @ Bay 1 Unloading Only,Eastbound Anderson Rd @ Buswell St
56220_XHT,28.298892947717743,28.16498679257128,22.22118158303498,0.9952681486376922,0.7852314796938754,XHT,pullin,Southbound 128 St @ 16 Ave,XHT
XHT_60419,16.02160774024862,27.994112665916774,21.42678174890139,1.747272378638473,1.3373677658500018,XHT,pullout,XHT,Guildford @ Layover
59227_XHT,24.51644905066908,30.633531372304468,23.52049461443674,1.2495093114420028,0.959376073012288,XHT,pullin,Eastbound Chatham St @ 4th Ave,XHT
61597_XHT,16.138422938089928,20.695338978886078,13.952964367490134,1.2823643957205328,0.8645804129075294,XHT,pullin,Guildford Exchange @ Bay 4,XHT
54793_XHT,12.095121477781834,12.460793789441782,8.972221826633968,1.030233041671526,0.74180501974416,XHT,pullin,Scottsdale Exchange @ Bay 6,XHT
55797_55714,3.652341345111767,5.660830790907948,3.921223747431139,1.5499183280019295,1.073619187505363,XHT,interline,Northbound 143A St @ Gladstone Dr,Surrey Central Station @ Bay 6
61704_56394,3.8380299897761136,6.797983014876122,4.972277577792888,1.7712167526009022,1.2955285891559538,XHT,interline,Newton Exchange @ Bay 9,Scottsdale Exchange @ Bay 1
55714_59236,3.5831640800319016,7.232985357917143,4.999953143556164,2.018602887382357,1.3954016706685808,XHT,interline,Surrey Central Station @ Bay 6,Eastbound Gladstone Dr @ Grosvenor Rd
XHT_59236,12.956764720316755,22.135945156680243,17.345797312505532,1.7084469491037484,1.338744484979849,XHT,pullout,XHT,Eastbound Gladstone Dr @ Grosvenor Rd
XHT_56394,11.78928425298732,18.55454714771532,15.468415071077716,1.5738484838902522,1.3120741462449792,XHT,pullout,XHT,Scottsdale Exchange @ Bay 1
HTC_59832,24.82129594157046,37.25032964774037,27.82177878109883,1.5007407242324478,1.1208834078039893,HTC,pullout,HTC,Southbound Howe St @ Dunsmuir St
58322_52771,2.023890047825236,5.979938401443965,4.571214747522812,2.954675530851929,2.258628008193822,HTC,interline,22nd Street Station @ Unloading Only,Edmonds Station @ Bay 4
HTC_51417,5.735648588650023,12.080895777138394,9.826626422507124,2.1062824178323356,1.713254616392037,HTC,pullout,HTC,Southbound 8th St @ 8th Ave
52605_56919,2.647492785796356,2.6216599567114485,1.2735050951073474,0.9902425308867698,0.4810230652712739,HTC,interline,Edmonds Station @ Bay 5,22nd Street Station @ Bay 7
61035_52605,12.528568664891566,19.98348702422836,14.605330665939713,1.5950335236799627,1.1657621119057116,HTC,interline,Surrey Central Station @ Bay 12,Edmonds Station @ Bay 5
HTC_52605,5.130846977360971,11.744256246206891,9.432942611846736,2.288950790781038,1.8384766985778496,HTC,pullout,HTC,Edmonds Station @ Bay 5
59552_HTC,0.3985472655990124,0.4992757016659069,0.3826090349992404,1.2527389967548785,0.9600091834131218,HTC,pullin,Westbound Boyd St @ Gifford St,HTC
HTC_52288,8.369558144215606,17.414644737892495,13.839115412203682,2.080712558276228,1.653506095990051,HTC,pullout,HTC,Westbound Armstrong Ave @ Coquitlam St
HTC_60662,18.76607065923936,41.37647626587975,34.62940646917301,2.204855615072956,1.8453200511702983,HTC,pullout,HTC,SFU Transit Exchange @ Bay 4
52605_60214,4.964035881812074,12.128424777196456,8.106882340288195,2.443258885705131,1.6331232354688086,HTC,interline,Edmonds Station @ Bay 5,Metrotown Station @ Bay 14
58322_52453,2.5054925690154963,6.723567924229116,5.229469304186067,2.6835313771738956,2.0872020810825735,HTC,interline,22nd Street Station @ Unloading Only,Edmonds Station @ Bay 3
HTC_52366,0.1295575080130117,0.2861211482148309,0.2277878148814976,2.2084489938328797,1.758198489420007,HTC,pullout,HTC,Westbound Westminster Hwy @ Boundary Rd
HTC_52515,9.90313063622683,22.39575539020578,17.25053127950637,2.2614823749047037,1.7419270645993372,HTC,pullout,HTC,Patterson Station @ Bay 1
52992_HTC,5.560462129457471,5.025510845870189,2.3328161013870408,0.9037937367195995,0.41953637073231026,HTC,pullin,Edmonds Station @ Bay 2,HTC
58322_52605,1.956528274098615,5.775320191633765,4.4748658399156085,2.9518204608080563,2.2871460122278107,HTC,interline,22nd Street Station @ Unloading Only,Edmonds Station @ Bay 5
61035_61654,8.448389986358702,11.439636937163328,7.1440185610860665,1.3540611827383064,0.8456071005980128,HTC,interline,Surrey Central Station @ Bay 12,New Westminster Station @ Bay 7
61650_52605,4.727479177087889,11.768602619562111,9.20933616968428,2.489403375185574,1.9480437300111386,HTC,interline,New Westminster Station @ Bay 3,Edmonds Station @ Bay 5
HTC_61657,5.689748974651141,7.850231925614134,5.797966523879116,1.379714985773245,1.0190197405386605,HTC,pullout,HTC,New Westminster Station @ Bay 10
61678_HTC,6.034927285114769,7.816566684190546,5.689177151161672,1.2952213531172472,0.9427084838609582,HTC,pullin,New Westminster Station @ Unloading Only,HTC
58322_52804,6.130864320037175,15.3067253693254,11.518785493286938,2.496666794484303,1.8788191830702743,HTC,interline,22nd Street Station @ Unloading Only,Metrotown Station @ Bay 6
52771_52230,2.5677646709350355,2.5583402835813835,1.1603733741348643,0.9963297308899339,0.4519002022534727,HTC,interline,Edmonds Station @ Bay 4,22nd Street Station @ Bay 4
HTC_58729,10.418671090005844,18.020669048055986,13.456120798169488,1.729651401064229,1.2915390726824394,HTC,pullout,HTC,Southbound Deer Lake Parkway @ Canada Way
XHT_61693,15.763079638728268,19.41623087829348,15.12333149409763,1.2317536498762458,0.959414774314859,XHT,pullout,XHT,Bridgeport Station @ Bay 6
XHT_59889,17.254145821455516,27.80715651744092,20.91111057526318,1.611621740374,1.2119470179312053,XHT,pullout,XHT,Kootenay Loop @ Bay 1
XHT_57518,22.561029524504946,24.73954955342608,20.390546122174268,1.0965611975532814,0.903795019638923,XHT,pullout,XHT,Ladner Exchange @ Bay 7
XHT_58253,16.29164908486662,20.28863571534421,15.71125218026619,1.2453395975850232,0.9643745761047872,XHT,pullout,XHT,Eastbound Anderson Rd @ Buswell St
60482_XHT,15.80565262226504,19.997264897858894,15.33836218775927,1.2651970390447043,0.9704352331616153,XHT,pullin,Richmond-Brighouse Station @ Bay 2,XHT
XHT_56596,18.035970322494254,19.970247578096444,16.19589715121064,1.1072455332879862,0.897977589318347,XHT,pullout,XHT,Northbound Entertainment Blvd @ Steveston Hwy
57518_XHT,23.028136770367592,25.866336944649163,20.918381114278784,1.1232492321277918,0.90838357105801,XHT,pullin,Ladner Exchange @ Bay 7,XHT
XHT_55164,22.428326260865724,24.086928016811733,19.8746944696297,1.073951205125816,0.8861425609055923,XHT,pullout,XHT,Ladner Exchange @ Bay 6
52692_XHT,10.408957178663863,10.59945346696957,6.659679455872647,1.0183011885855562,0.639802752721816,XHT,pullin,Metrotown Station @ Bay 1,XHT
56596_XHT,18.12189258277657,20.29694275664657,16.481162532204394,1.1200233454610151,0.9094614404606083,XHT,pullin,Northbound Entertainment Blvd @ Steveston Hwy,XHT
56879_59227,7.863403824062528,10.685555508882766,7.456808783317025,1.3588969545458507,0.9482927432136582,XHT,interline,Eastbound Williams Rd @ Shell Rd,Eastbound Chatham St @ 4th Ave
XHT_52390,11.134334906755928,21.52904958938451,16.787023896054638,1.933573021619947,1.5076808840974285,XHT,pullout,XHT,Metrotown Station @ Bay 7
59852_XHT,27.697636326709397,30.702413564142653,25.24217014886,1.1084849696916443,0.9113474468042769,XHT,pullin,South Delta Exchange @ Bay 3,XHT
XHT_60158,29.493316784820344,40.027857269787184,31.744460858149537,1.3571839872004077,1.0763272605028884,XHT,pullout,XHT,UBC Exchange @ Bay 1
56394_55714,9.344504688570757,16.58680145629823,11.310380848695306,1.7750327073606704,1.2103777809142746,XHT,interline,Scottsdale Exchange @ Bay 1,Surrey Central Station @ Bay 6
56664_61693,15.298828673345938,17.1835218907204,14.017323590152884,1.1231919944732782,0.9162350850149902,XHT,interline,Ladner Exchange @ Bay 1,Bridgeport Station @ Bay 6
XWV_60691,6.647627557288905,10.804483925598202,7.2489416598842675,1.6253142692615865,1.090455444053276,XWV,pullout,XWV,Phibbs Exchange @ Bay 13
54622_XWV,6.328937864908377,10.685450970100298,7.110582333787917,1.6883482186398413,1.1235032616157397,XWV,pullin,Westbound Marine Dr @ 25 St,XWV
60253_XWV,6.395376636126615,11.021337470582262,7.53540741645196,1.7233289136286707,1.1782585835344654,XWV,pullin,Phibbs Exchange @ Bay 1,XWV
XWV_54441,2.9491304919685675,4.891806710621209,3.3295153842216085,1.658728470626571,1.1289820485356452,XWV,pullout,XWV,Park Royal @ Bay 2
XHT_61629,27.082439449500903,36.20085838810949,30.27665303643417,1.3366911963603274,1.1179440867167574,XHT,pullout,XHT,White Rock Centre @ Bay 9
55714_61629,20.1919754773139,32.51954428478911,23.638179492735578,1.6105182140957675,1.1706719592292274,XHT,interline,Surrey Central Station @ Bay 6,White Rock Centre @ Bay 9
56664_XHT,24.74353018282245,27.602884630615492,22.56134153292104,1.1155596807192076,0.9118077075591932,XHT,pullin,Ladner Exchange @ Bay 1,XHT
XHT_55714,13.132091999815728,23.452665210684,17.60303227895213,1.78590472949878,1.3404591042462344,XHT,pullout,XHT,Surrey Central Station @ Bay 6
XHT_56258,29.127728116079226,36.30299934439654,30.68740781332533,1.2463381695861266,1.0535462186075928,XHT,pullout,XHT,Westbound Russell Ave @ Hospital St
XHT_61649,6.096764728882729,9.05923553718443,6.516488130051046,1.4859086646836366,1.0688436276997741,XHT,pullout,XHT,New Westminster Station @ Bay 2
60419_XHT,15.781600929715896,19.69612127494528,13.6584535428317,1.248043298183935,0.8654669195894805,XHT,pullin,Guildford @ Layover,XHT
61704_XHT,15.290296616626843,18.12819642351533,12.964616833898017,1.185601357386522,0.8478983213314609,XHT,pullin,Newton Exchange @ Bay 9,XHT
56394_XHT,11.96463299456342,12.192951938794211,8.490815478415081,1.0190828205373734,0.7096595008198916,XHT,pullin,Scottsdale Exchange @ Bay 1,XHT
XHT_61704,15.13750731703415,23.484285720556297,18.32703239635348,1.5513971507138145,1.2107034541763806,XHT,pullout,XHT,Newton Exchange @ Bay 9
54793_55714,9.467099945633432,16.72661625990467,11.745284359082913,1.7668152185949604,1.2406422691777181,XHT,interline,Scottsdale Exchange @ Bay 6,Surrey Central Station @ Bay 6
56394_61704,4.269598850270657,6.353568565228537,4.358245338519448,1.488094968178515,1.0207622522296613,XHT,interline,Scottsdale Exchange @ Bay 1,Newton Exchange @ Bay 9
55714_XHT,13.838848424247184,17.935921533931307,12.27455279012452,1.2960559277826615,0.8869634534487822,XHT,pullin,Surrey Central Station @ Bay 6,XHT
61597_55714,4.20859642079063,7.391665032359802,5.225305272995835,1.756325457067988,1.2415790801851716,XHT,interline,Guildford Exchange @ Bay 4,Surrey Central Station @ Bay 6
51317_61337,3.179191304601543,4.633647566866688,2.8015178252128283,1.4574925265302447,0.8812045444254731,VTC,interline,Southbound Knight St @ E 63 Ave,Marine Drive Station @ Bay 1
54421_BTC,8.861740655732822,13.710288143860195,10.045736531786453,1.547132631893347,1.1336075972035677,BTC,pullin,Lonsdale Quay @ Bay 1,BTC
61656_XHT,6.172658529322896,8.252481646254394,5.827563449874345,1.3369412234698235,0.944092958032719,XHT,pullin,New Westminster Station @ Bay 9,XHT
54778_60477,0.607113949734559,1.0909316630190735,0.8214872185746295,1.7969141764837526,1.3531021959449263,BTC,interline,Westbound E 15 St @ Grand Blvd East,Northbound Grand Blvd East @ E 15 St
60253_54444,9.817295989904451,18.4768695661885,12.907130582288248,1.8820731885021154,1.3147337714540956,BTC,interline,Phibbs Exchange @ Bay 1,Westbound W Georgia St @ Homer St
50405_52881,18.742689990828996,32.45703607290641,23.62122281167748,1.7317170634945143,1.260289895593194,BTC,interline,Burrard Station @ Bay 2,Westbound Broadway @ Lawrence Dr
50405_54444,2.241309101300007,6.185077547607719,3.836008141714311,2.7595825778872904,1.7115033974962868,BTC,interline,Burrard Station @ Bay 2,Westbound W Georgia St @ Homer St
50405_60687,11.018066929332948,18.922065093331017,12.689201526818252,1.717367049473586,1.1516722133023454,BTC,interline,Burrard Station @ Bay 2,Phibbs Exchange @ Bay 10
52751_BTC,4.374219421677904,6.547980217773664,4.222323803037883,1.4969482750048986,0.9652748058574172,BTC,pullin,Brentwood Station @ Bay 3 New,BTC
54413_50980,3.761463251262946,7.220344777298989,4.691885480587102,1.919557442140287,1.2473564586897818,BTC,interline,Eastbound Marine Dr @ Capilano Rd,Lonsdale Quay @ Bay 5
58265_54053,17.390980492172602,25.906086561707944,18.467313341127056,1.489627716698771,1.0618902913173236,BTC,interline,Southbound Cambie St @ W Georgia St,Southbound Panorama Dr @ Naughton Ave
58265_59832,1.386625690216002,3.690666939254806,2.2580703357486205,2.6616173097729727,1.6284642291582447,BTC,interline,Southbound Cambie St @ W Georgia St,Southbound Howe St @ Dunsmuir St
58363_BTC,8.078972308683019,10.54436705291688,7.308002121161146,1.305161925308759,0.9045707599847497,BTC,pullin,Northbound Lake City Way @ Enterprise St,BTC
58441_54444,14.095642604720776,26.118743746946816,17.978244540090365,1.8529658050637137,1.2754469621746274,BTC,interline,Sperling Station @ Bay 4,Westbound W Georgia St @ Homer St
BTC_59518,12.577988996707171,16.178709680855675,12.13922439052706,1.2862715721162696,0.9651164740011319,BTC,pullout,BTC,Northbound Banbury Rd @ Gallant Ave
BTC_60685,4.648143565258377,5.447730566465051,3.964813968514585,1.1720228710625522,0.8529887067492486,BTC,pullout,BTC,Phibbs Exchange @ Bay 8
50405_58202,1.1996154953992093,2.8132177514871146,1.6837584969052646,2.3450995442093125,1.403581817142952,BTC,interline,Burrard Station @ Bay 2,Waterfront Station @ Bay 1
50080_50405,1.1351370143991462,3.4107885598536143,2.0720009403903825,3.0047373282590226,1.8253311398599223,BTC,interline,Eastbound W Pender St @ Hamilton St,Burrard Station @ Bay 2
51843_61917,0.6042098798600142,1.5566656944202544,0.8763621085080348,2.576365839600155,1.4504266443161669,VTC,interline,Burrard Station @ Bay 3,Westbound W Pender St @ Howe St
VTC_58202,10.460801479716752,20.580527319641547,14.03094308799169,1.9673948845646967,1.3412875787000984,VTC,pullout,VTC,Waterfront Station @ Bay 1
50388_VTC,3.851797020326168,3.042527730333548,1.0030302185326945,0.7898982512001393,0.2604057828695652,VTC,pullin,Eastbound W 41 Ave @ Granville St,VTC
VTC_50035,10.52304898805933,20.63188090192813,13.70332219641229,1.9606371618472416,1.3022197475239037,VTC,pullout,VTC,Waterfront Station @ Bay 3
VTC_50624,11.286187825506644,22.761054684623595,15.427100954353568,2.0167176939217595,1.3669009583101666,VTC,pullout,VTC,Westbound Robson St @ Burrard St
VTC_50094,10.674278256485154,21.54283579208594,14.553353810045596,2.0182006946462723,1.3634040129320886,VTC,pullout,VTC,Westbound W Pender St @ Hamilton St
61577_59982,3.424744388074907,7.391432008379184,4.714155521193165,2.15824341054954,1.376498502372334,RTC,interline,Westbound Lansdowne Rd @ No. 3 Rd,Southbound Buswell St @ Cook Rd
XNE_57603,15.774433407958949,23.783013982101423,18.098437315877906,1.5076937070907261,1.147327250863184,XNE,pullout,XNE,Haney Place @ Bay 10
HTC_55131,15.80603807951104,27.55892443421468,20.61136000760612,1.7435694065509437,1.3040181166160858,HTC,pullout,HTC,Guildford Exchange @ Bay 2
59930_VTC,0.0765742311852103,0.1540256433938478,0.1095811989494033,2.0114553030419016,1.4310453693535488,VTC,pullin,Southbound Hudson St @ SW Marine Dr,VTC
