block_id,line_group,block_number,service_id,service_day,depot_code,asset_class,asset_class_new,total_distance_km,total_energy_require_medium_kwh,total_energy_require_heavy_kwh,avg_kwh_per_km_medium,avg_kwh_per_km_heavy,soc_left_medium_percent_depot_only,soc_left_heavy_percent_depot_only,medium_success_depot_only,heavy_success_depot_only,soc_left_medium_percent_on_route_charge,medium_success_on_route_charge,soc_left_heavy_percent_on_route_charge,heavy_success_on_route_charge,total_energy_received_medium,total_energy_received_heavy
2159334,22,58,1,MF,VTC,HY40LF,40-ft,55.755472012111596,86.95763390453797,134.93427920217408,1.5596251052389696,2.420108275163785,74.58197980415994,66.07548241096205,SUCCESS,SUCCESS,74.58197980415993,SUCCESS,66.07548241096205,SUCCESS,0.0,0.0
2159336,22,73,1,MF,VTC,HY40LF,40-ft,61.10985608963594,99.44381102348422,154.50845429034416,1.627295781512233,2.52837208557178,72.36811861285742,62.604883991073734,SUCCESS,SUCCESS,72.36811861285743,SUCCESS,62.60488399107372,SUCCESS,0.0,0.0
2159342,22,72,1,MF,VTC,HY40LF,40-ft,159.2014838195288,257.63940374521803,403.8383997815776,1.6183228796867164,2.5366497226833,44.319254655103194,18.397446847238015,SUCCESS,FAILURE,44.31925465510313,SUCCESS,47.13126515976261,SUCCESS,0.0,162.05873528263874
2159346,22,57,1,MF,VTC,HY40LF,40-ft,48.08806287013204,76.13254547994308,117.83095468831877,1.5831901086460634,2.4503161004122025,76.50132172341435,69.10798675739028,SUCCESS,SUCCESS,76.50132172341435,SUCCESS,69.10798675739028,SUCCESS,0.0,0.0
2159347,22,41,2,SAT,VTC,HY40LF,40-ft,328.53674054875853,547.2864763086942,859.501191618359,1.665830358560676,2.6161493846402832,-7.036609274591167,-62.393828301127485,FAILURE,FAILURE,49.047388514151855,SUCCESS,-33.33543779939167,FAILURE,316.31374752851053,163.88932242979
2159348,22,46,2,SAT,VTC,HY40LF,40-ft,260.3344705624908,429.98226228024964,675.2133709352958,1.6516532034778564,2.5936379822326185,13.762010233998295,-29.718682789946055,FAILURE,FAILURE,61.69037895900702,SUCCESS,28.425970333496792,SUCCESS,270.3159996090492,327.9358436162179
2159349,22,45,2,SAT,VTC,HY40LF,40-ft,260.3344705624908,429.98226228024964,675.2133709352958,1.6516532034778564,2.5936379822326185,13.762010233998295,-29.718682789946055,FAILURE,FAILURE,60.17595248766045,SUCCESS,29.599622340989335,SUCCESS,261.77463431065445,334.5552409384758
2159350,22,43,2,SAT,VTC,HY40LF,40-ft,339.29745357948633,558.8594510440279,877.5048388051504,1.647107707848168,2.5862405672301327,-9.088555149650329,-65.58596432715433,FAILURE,FAILURE,57.30813456874698,SUCCESS,23.886949624575475,SUCCESS,374.47733001176096,504.6272346877561
2159352,22,47,2,SAT,VTC,HY40LF,40-ft,164.55586789705316,270.12558086416425,423.4125748697477,1.6415432905325256,2.5730627554080074,42.10539346380067,14.926848427349704,SUCCESS,FAILURE,42.10539346380065,SUCCESS,35.27421263148886,SUCCESS,0.0,114.7591341113449
2159353,22,42,2,SAT,VTC,HY40LF,40-ft,196.84373090720737,327.9133472267363,514.1661567327783,1.6658561881318712,2.6120524863205192,31.85933559809641,-1.1642121866628135,SUCCESS,FAILURE,31.85933559809643,SUCCESS,18.275052875358348,FAILURE,0.0,109.6374549497994
2159354,22,44,2,SAT,VTC,HY40LF,40-ft,182.93204519408138,305.9230235266517,479.6642495599432,1.6723315108737964,2.622089798706642,35.75832916194119,4.953147241144829,SUCCESS,FAILURE,35.75832916194122,SUCCESS,23.401135182482026,SUCCESS,0.0,104.04665198914188
2159355,22,3,3,SUN,VTC,HY40LF,40-ft,314.73466850496163,521.5662357600629,819.4525187690828,1.657161691902526,2.6036296626031348,-2.476282936181363,-55.29299978175226,FAILURE,FAILURE,61.72897874963624,SUCCESS,20.925959636551784,SUCCESS,362.1176759080113,429.8749311192348
2159356,22,2,3,SUN,VTC,HY40LF,40-ft,337.7821881860046,558.6636876012087,876.5950890632416,1.6539169534113285,2.595148944267399,-9.053845319363244,-65.42466118142582,FAILURE,FAILURE,52.64294473849998,SUCCESS,4.598427610858171,FAILURE,347.9698959263485,394.9302207884816
2159357,22,6,3,SUN,VTC,HY40LF,40-ft,316.2952261535477,526.3841857702433,826.1948652635846,1.6642179275722186,2.6121003320565537,-3.330529391887112,-56.4884512878696,FAILURE,FAILURE,61.74427150505576,SUCCESS,22.21277515388877,SUCCESS,367.0218770587575,443.8749171315172
2159358,22,5,3,SUN,VTC,HY40LF,40-ft,177.57766111655707,293.4368464077054,460.0900744717731,1.6524423430439348,2.5909231576700558,37.97219035324373,8.423745661033141,SUCCESS,FAILURE,37.97219035324372,SUCCESS,45.31027493058704,SUCCESS,0.0,208.04002508028407
2159359,22,8,3,SUN,VTC,HY40LF,40-ft,164.55586789705313,270.12558086416425,423.4125748697477,1.641543290532526,2.573062755408008,42.10539346380067,14.926848427349704,SUCCESS,FAILURE,42.10539346380065,SUCCESS,41.97733575122266,SUCCESS,0.0,152.56474850664353
2159360,22,1,3,SUN,VTC,HY40LF,40-ft,198.2668634780405,327.57320037584145,513.8708985876538,1.6521832979524718,2.591814333334469,31.919645323432373,-1.1118614517116547,SUCCESS,FAILURE,31.919645323432373,SUCCESS,44.40988986191796,SUCCESS,0.0,256.74267740887115
2159361,22,7,3,SUN,VTC,HY40LF,40-ft,248.0929561672799,409.07997174179866,641.9070445805213,1.6488979697834354,2.5873650525882206,17.46809011670237,-23.81330577668817,FAILURE,FAILURE,59.71903072700565,SUCCESS,27.58999599369123,SUCCESS,238.29530504211056,289.91462198493997
2159362,22,4,3,SUN,VTC,HY40LF,40-ft,177.57766111655707,293.4368464077054,460.0900744717731,1.6524423430439348,2.5909231576700558,37.97219035324373,8.423745661033141,SUCCESS,FAILURE,37.97219035324373,SUCCESS,46.70947828956826,SUCCESS,0.0,215.93153202493812
2159589,9,5,2,SAT,VTC,HY40LF,40-ft,286.29175583176993,514.1047523116425,815.7137394380119,1.795737187115299,2.849239360973215,-1.153324877950799,-54.63009564503757,FAILURE,FAILURE,-1.1533248779507967,FAILURE,-54.63009564503759,FAILURE,0.0,0.0
2159696,15,5,1,MF,VTC,HY40LF,40-ft,176.4106958312515,295.41794470838903,462.5818021950735,1.6746033641348812,2.6221868238508828,37.620931789292726,7.9819499654125,SUCCESS,FAILURE,37.62093178929275,SUCCESS,34.8569036577588,SUCCESS,0.0,151.57473882483305
2159698,15,6,1,MF,VTC,HY40LF,40-ft,171.45507672381035,284.4859640201041,444.7662552793195,1.6592449139220904,2.5940687425416655,39.55922623757019,11.14073487955328,SUCCESS,FAILURE,39.559226237570215,SUCCESS,28.944921453910656,SUCCESS,0.0,100.41561227937555
2159699,15,3,1,MF,VTC,HY40LF,40-ft,198.06195246427632,328.3584176314994,513.599172770972,1.6578571176648587,2.593123850294306,31.780422405762526,-1.0636831154205666,SUCCESS,FAILURE,31.780422405762522,SUCCESS,24.541919950718924,SUCCESS,0.0,144.4156012930266
2159706,15,16,2,SAT,VTC,HY40LF,40-ft,140.6216460330129,231.5450894678844,361.7799540042209,1.6465821301332653,2.5727188111515065,48.945906122715535,25.854618084358005,SUCCESS,SUCCESS,48.945906122715535,SUCCESS,25.854618084358012,SUCCESS,0.0,0.0
2159707,15,17,2,SAT,VTC,HY40LF,40-ft,197.7038396501166,330.2706497498861,515.6043249021327,1.6705322988889726,2.6079631322012546,31.441374157821617,-1.4192065429313263,SUCCESS,FAILURE,31.441374157821638,SUCCESS,39.50790252170226,SUCCESS,0.0,230.8288951245334
2159708,15,19,2,SAT,VTC,HY40LF,40-ft,252.44298200331053,431.96002704193137,677.5585210477187,1.7111191747697967,2.684006169119145,13.411342723061818,-30.134489547467858,FAILURE,FAILURE,57.969762193469684,SUCCESS,24.75366003505871,SUCCESS,251.3094858131003,309.56916364544963
2159709,15,13,2,SAT,VTC,HY40LF,40-ft,332.9384799794136,562.1631437681244,879.1575548332154,1.6884895485883287,2.640600614526671,-9.674316270944043,-65.87899908390344,FAILURE,FAILURE,54.62035821960487,SUCCESS,-6.552039136797648,FAILURE,362.6219641266959,334.6040541016766
2159710,15,11,2,SAT,VTC,HY40LF,40-ft,228.89538315507377,381.2992921837191,596.5854740460705,1.6658234295857055,2.606367440980194,22.393742520617185,-15.77756632022527,SUCCESS,FAILURE,22.39374252061719,SUCCESS,25.41643442356075,SUCCESS,0.0,232.33416419495316
2159711,15,14,2,SAT,VTC,HY40LF,40-ft,232.65317157023472,391.1336834400586,612.2486544394266,1.6811878419718032,2.631593845496309,20.650056127649194,-18.55472596443733,SUCCESS,FAILURE,20.6500561276492,SUCCESS,44.26149942708659,SUCCESS,0.0,354.2835112081949
2159712,15,18,2,SAT,VTC,HY40LF,40-ft,226.46999675290934,387.86162847709005,608.0831985352357,1.7126402350783245,2.6850497074837087,21.23020771682801,-17.816169953055976,SUCCESS,FAILURE,21.230207716828037,SUCCESS,42.84138339348469,SUCCESS,0.0,342.10860087448935
2159713,15,20,2,SAT,VTC,HY40LF,40-ft,118.97038939998808,198.604616544774,310.76258342832244,1.6693617424168394,2.6121002460831955,54.78641550624575,34.90025116519106,SUCCESS,SUCCESS,54.78641550624575,SUCCESS,34.90025116519107,SUCCESS,0.0,0.0
2159714,15,15,2,SAT,VTC,HY40LF,40-ft,200.1752299394421,332.8926281019116,520.6758646626951,1.6630060982201433,2.6011003700118756,30.976484379093687,-2.318415720336,SUCCESS,FAILURE,30.976484379093705,SUCCESS,45.934127987622325,SUCCESS,0.0,272.1443465128849
2159715,15,12,2,SAT,VTC,HY40LF,40-ft,324.0318270112318,540.5662307690279,843.5197028283447,1.6682504177291524,2.603200156628769,-5.845076377487217,-59.56023099793346,FAILURE,FAILURE,61.979156323216266,SUCCESS,21.067961469565034,SUCCESS,382.5286724319676,454.7430055166916
2159716,15,2,3,SUN,VTC,HY40LF,40-ft,169.3417992486446,279.9517535496919,437.6895633875964,1.653175735653066,2.584651665032428,40.36316426423903,12.395467484468723,SUCCESS,FAILURE,40.36316426423903,SUCCESS,44.564061151453686,SUCCESS,0.0,181.43086828179514
2159717,15,1,3,SUN,VTC,HY40LF,40-ft,278.0689623114501,461.5488397566915,721.3600874829465,1.6598358763957823,2.5941769318180494,8.16509933391995,-37.900724731018876,FAILURE,FAILURE,59.9269810877333,SUCCESS,25.23968784898123,SUCCESS,291.9370130915073,356.11192695120064
2159718,15,3,3,SUN,VTC,HY40LF,40-ft,205.1308490468832,343.8246087901965,538.4914115784491,1.6761233641245958,2.625111796107154,29.038189930816223,-5.477200634476779,SUCCESS,FAILURE,29.038189930816234,SUCCESS,34.090790786090814,SUCCESS,0.0,223.16347161200116
2159719,15,10,3,SUN,VTC,HY40LF,40-ft,214.74044691473202,361.5296504728926,565.2442529437062,1.6835656983448808,2.632220716054253,25.898998143104144,-10.220612224061382,SUCCESS,FAILURE,25.89899814310416,SUCCESS,29.35748049129548,SUCCESS,0.0,223.22044291461262
2159720,15,5,3,SUN,VTC,HY40LF,40-ft,171.45507672381035,284.4859640201041,444.7662552793195,1.6592449139220904,2.5940687425416655,39.55922623757019,11.14073487955328,SUCCESS,FAILURE,39.559226237570215,SUCCESS,44.362501801595705,SUCCESS,0.0,187.3707654403192
2159721,15,8,3,SUN,VTC,HY40LF,40-ft,146.5096044320484,245.82287872785795,384.5198262893,1.6778618690617744,2.6245366491835793,46.414383204280504,21.8227258352305,SUCCESS,SUCCESS,46.414383204280526,SUCCESS,21.822725835230507,SUCCESS,0.0,0.0
2159722,15,6,3,SUN,VTC,HY40LF,40-ft,230.29471890048936,388.8027474520944,607.9439213946306,1.6882833844752496,2.6398517703626716,21.063342650337873,-17.79147542457989,SUCCESS,FAILURE,21.063342650337887,SUCCESS,51.51317709278116,SUCCESS,0.0,390.8782401979163
2159723,15,7,3,SUN,VTC,HY40LF,40-ft,263.036049614212,440.1850838767595,686.575846859786,1.6734781583070735,2.6101967690997814,11.952999312631297,-31.733306180813116,FAILURE,FAILURE,63.2638258601483,SUCCESS,37.63626324977357,SUCCESS,289.3930617279959,391.2443715885088
2159724,15,4,3,SUN,VTC,HY40LF,40-ft,164.38618014120345,269.019772861407,419.8740164718424,1.636510883276964,2.5541929139735564,42.3014587125165,15.554252398609503,SUCCESS,FAILURE,42.30145871251651,SUCCESS,50.73189349810819,SUCCESS,0.0,198.40189580117254
2159725,15,9,3,SUN,VTC,HY40LF,40-ft,220.59893086258265,373.49302675033834,585.3433262501567,1.6930862959757398,2.6534277567046947,23.777832136464834,-13.784277703928485,SUCCESS,FAILURE,23.77783213646484,SUCCESS,39.87346024735178,SUCCESS,0.0,302.62964204522063
2159731,106,66,1,MF,HTC,NG40LF,40-ft,80.68342992119548,119.73619228704177,177.75573877731372,1.4840245686628546,2.203125709342426,68.77017867251033,58.483025039483394,SUCCESS,SUCCESS,68.77017867251033,SUCCESS,58.483025039483394,SUCCESS,0.0,0.0
2159900,22,17,1,MF,VTC,HY40LF,40-ft,230.12400502018957,405.9820907280233,638.0779022383487,1.7641883587607694,2.7727568107567393,18.017359799995873,-23.13437982949444,FAILURE,FAILURE,34.918306475460135,SUCCESS,-16.400543586930695,FAILURE,95.32133924961852,37.978836408059465
2159901,22,13,1,MF,VTC,HY40LF,40-ft,36.355290184542646,59.839445746254455,93.22579834151551,1.6459625392206794,2.564298011879239,79.39016919392652,73.47060313093696,SUCCESS,SUCCESS,79.39016919392651,SUCCESS,73.47060313093698,SUCCESS,0.0,0.0
2159902,22,3,1,MF,VTC,HY40LF,40-ft,171.995723351576,313.1761357986048,494.2716638081398,1.820836760914353,2.8737439174449726,34.472316347765116,2.3631801758617406,SUCCESS,FAILURE,34.47231634776509,SUCCESS,2.3631801758617392,FAILURE,0.0,0.0
2159903,22,14,1,MF,VTC,HY40LF,40-ft,36.613165623679215,60.982892731568654,94.5382755228693,1.665600111128565,2.582084174161864,79.18743036674314,73.23789441083878,SUCCESS,SUCCESS,79.18743036674314,SUCCESS,73.23789441083878,SUCCESS,0.0,0.0
2159904,22,10,1,MF,VTC,HY40LF,40-ft,58.91904980585878,101.8716529240938,159.84802972239393,1.7290104517938762,2.7130109913364384,71.93765019076352,61.6581507584408,SUCCESS,SUCCESS,71.9376501907635,SUCCESS,61.6581507584408,SUCCESS,0.0,0.0
2159905,22,7,1,MF,VTC,HY40LF,40-ft,217.1165605373412,397.00166420039255,627.5561613810404,1.8285185764635097,2.890411306387239,19.6096340070226,-21.268822939900776,FAILURE,FAILURE,19.60963400702258,FAILURE,-21.268822939900755,FAILURE,0.0,0.0
2159906,22,18,1,MF,VTC,HY40LF,40-ft,202.5803176436857,370.85741912038316,586.9137071074186,1.8306685636295454,2.8971901808335048,24.24513845383278,-14.062714026138053,SUCCESS,FAILURE,24.245138453832755,SUCCESS,-3.604918265963269,FAILURE,0.0,58.98196808738558
2159908,22,5,1,MF,VTC,HY40LF,40-ft,149.1740882911233,270.00048163545125,426.3369552459076,1.8099690417314775,2.857982643834781,42.12757417811148,14.408341268456107,SUCCESS,FAILURE,42.12757417811146,SUCCESS,14.408341268456104,FAILURE,0.0,0.0
2159909,22,1,1,MF,VTC,HY40LF,40-ft,262.24407977997345,481.0660785560713,760.8006241427973,1.834421120048516,2.9011164895738353,4.704596000696578,-44.89372768489314,FAILURE,FAILURE,4.704596000696572,FAILURE,-44.8937276848931,FAILURE,0.0,0.0
2159910,22,6,1,MF,VTC,HY40LF,40-ft,171.995723351576,313.1761357986048,494.2716638081398,1.820836760914353,2.8737439174449726,34.472316347765116,2.3631801758617406,SUCCESS,FAILURE,34.47231634776509,SUCCESS,2.3631801758617392,FAILURE,0.0,0.0
2159911,22,2,1,MF,VTC,HY40LF,40-ft,262.24073875153994,480.9466355791258,760.8206415483692,1.8339890204275198,2.901229782872176,4.725773833488333,-44.89727687027822,FAILURE,FAILURE,4.725773833488327,FAILURE,-44.897276870278176,FAILURE,0.0,0.0
2159912,22,11,1,MF,VTC,HY40LF,40-ft,58.651030872038014,101.00998743757094,157.84681014278576,1.7222201542876485,2.6912879074055542,72.09042775929593,62.01297692503799,SUCCESS,SUCCESS,72.09042775929592,SUCCESS,62.012976925038,SUCCESS,0.0,0.0
2159913,22,8,1,MF,VTC,HY40LF,40-ft,59.17692524499534,103.015099909408,161.16050690374772,1.7407984528246523,2.7233673638252647,71.73491136358014,61.4254420383426,SUCCESS,SUCCESS,71.73491136358014,SUCCESS,61.4254420383426,SUCCESS,0.0,0.0
2159914,22,9,1,MF,VTC,HY40LF,40-ft,59.17692524499534,103.015099909408,161.16050690374772,1.7407984528246523,2.7233673638252647,71.73491136358014,61.4254420383426,SUCCESS,SUCCESS,71.73491136358014,SUCCESS,61.4254420383426,SUCCESS,0.0,0.0
2159915,22,16,1,MF,VTC,HY40LF,40-ft,234.0964851953353,420.8479340582663,663.2857962364618,1.7977541769031748,2.8333863948576647,15.381571975484706,-27.603864580932942,FAILURE,FAILURE,44.01731242759977,SUCCESS,-17.14604606975646,FAILURE,161.5055761499291,58.98209640303514
2159916,22,4,1,MF,VTC,HY40LF,40-ft,167.76536773729364,297.1668454830476,467.751292628673,1.7713241385336795,2.7881278415049997,37.310842999459645,7.065373647398405,SUCCESS,FAILURE,37.310842999459624,SUCCESS,7.065373647398397,FAILURE,0.0,0.0
2159917,22,12,1,MF,VTC,HY40LF,40-ft,36.355290184542646,59.839445746254455,93.22579834151551,1.6459625392206794,2.564298011879239,79.39016919392652,73.47060313093696,SUCCESS,SUCCESS,79.39016919392651,SUCCESS,73.47060313093698,SUCCESS,0.0,0.0
2159918,22,8,2,SAT,VTC,HY40LF,40-ft,149.4252816733928,270.90504266687446,427.68946723840503,1.8129799698755582,2.8622296203746154,41.96719101651162,14.168534177587766,SUCCESS,FAILURE,41.9671910165116,SUCCESS,14.168534177587766,FAILURE,0.0,0.0
2159919,22,5,2,SAT,VTC,HY40LF,40-ft,329.8776798111692,600.0229662905325,948.6907419912662,1.8189256291422982,2.8758864271578553,-16.38705076073271,-78.20757836724577,FAILURE,FAILURE,-16.38705076073271,FAILURE,-78.2075783672457,FAILURE,0.0,0.0
2159920,22,4,2,SAT,VTC,HY40LF,40-ft,171.995723351576,313.1761357986048,494.2716638081398,1.820836760914353,2.8737439174449726,34.472316347765116,2.3631801758617406,SUCCESS,FAILURE,34.47231634776509,SUCCESS,2.3631801758617392,FAILURE,0.0,0.0
2159921,22,1,2,SAT,VTC,HY40LF,40-ft,262.24073875153994,480.9466355791258,760.8206415483692,1.8339890204275198,2.901229782872176,4.725773833488333,-44.89727687027822,FAILURE,FAILURE,4.725773833488327,FAILURE,-44.897276870278176,FAILURE,0.0,0.0
2159922,22,6,2,SAT,VTC,HY40LF,40-ft,194.55614194445857,355.08889999949866,560.9139125945901,1.8251230542023629,2.883043973778625,27.040975177393854,-9.452821382019518,SUCCESS,FAILURE,27.040975177393832,SUCCESS,-9.452821382019508,FAILURE,0.0,0.0
2159923,22,3,2,SAT,VTC,HY40LF,40-ft,246.20693623440232,449.9348214266079,711.009585190988,1.8274660669927092,2.8878535920453046,10.224322442090797,-36.065529289182265,FAILURE,FAILURE,10.2243224420908,FAILURE,-36.065529289182244,FAILURE,0.0,0.0
2159924,22,2,2,SAT,VTC,HY40LF,40-ft,327.8173649976869,602.8046388751462,954.3203683953446,1.838842914497222,2.9111342786922783,-16.880255119706774,-79.20573907718877,FAILURE,FAILURE,-16.88025511970677,FAILURE,-79.20573907718868,FAILURE,0.0,0.0
2159925,22,7,2,SAT,VTC,HY40LF,40-ft,301.78776405928375,546.9445555917844,863.1524903790972,1.8123483478420337,2.860130837542963,-6.9759850340043155,-63.04122169842149,FAILURE,FAILURE,-6.975985034004335,FAILURE,-63.041221698421424,FAILURE,0.0,0.0
2159926,22,47,3,SUN,VTC,HY40LF,40-ft,194.55280091602506,354.9694570225532,560.9339300001619,1.8245404607449924,2.883196373216329,27.062153010185614,-9.45637056740459,SUCCESS,FAILURE,27.062153010185586,SUCCESS,-9.45637056740458,FAILURE,0.0,0.0
2159927,22,45,3,SUN,VTC,HY40LF,40-ft,294.3415052552894,538.6471742048396,852.8880063064829,1.8300075408585619,2.897613795807536,-5.5048181214254654,-61.2212777139154,FAILURE,FAILURE,-5.504818121425473,FAILURE,-61.22127771391537,FAILURE,0.0,0.0
2159928,22,44,3,SUN,VTC,HY40LF,40-ft,239.68032015865728,439.03387137823194,694.1783927619189,1.831747684113622,2.8962677966318005,12.15711500385959,-33.081275312396954,FAILURE,FAILURE,12.157115003859577,FAILURE,-33.081275312396926,FAILURE,0.0,0.0
2159929,22,41,3,SUN,VTC,HY40LF,40-ft,302.4841579116033,555.014641022834,879.8641667204005,1.8348552362369641,2.9087942085797707,-8.406851245183326,-66.00428487950363,FAILURE,FAILURE,-8.406851245183338,FAILURE,-66.00428487950356,FAILURE,0.0,0.0
2159930,22,42,3,SUN,VTC,HY40LF,40-ft,262.24073875153994,480.9466355791258,760.8206415483692,1.8339890204275198,2.901229782872176,4.725773833488333,-44.89727687027822,FAILURE,FAILURE,4.725773833488327,FAILURE,-44.897276870278176,FAILURE,0.0,0.0
2159931,22,46,3,SUN,VTC,HY40LF,40-ft,149.43196373025987,271.14392862076545,427.6494324272614,1.8144975268491301,2.8618337185156237,41.92483535092811,14.175632548357914,SUCCESS,FAILURE,41.92483535092809,SUCCESS,14.175632548357914,FAILURE,0.0,0.0
2159932,22,43,3,SUN,VTC,HY40LF,40-ft,312.0389446897604,571.319814761673,905.2892826920639,1.8309247114320886,2.901206077312346,-11.297839496750528,-70.51228416525956,FAILURE,FAILURE,-11.29783949675053,FAILURE,-70.51228416525952,FAILURE,0.0,0.0
2159933,23,2,1,MF,VTC,HY40LF,40-ft,233.51908957784167,395.7253832759062,639.6088482227406,1.6946168469194653,2.7390002649420753,19.835924951080464,-23.40582415296818,FAILURE,FAILURE,19.835924951080486,FAILURE,-23.405824152968147,FAILURE,0.0,0.0
2159934,23,3,1,MF,VTC,HY40LF,40-ft,228.71265166014894,386.88334389447374,625.1397927813596,1.6915694916141124,2.7332978225895164,21.403662430057853,-20.840388791021198,SUCCESS,FAILURE,21.403662430057878,SUCCESS,-20.84038879102115,FAILURE,0.0,0.0
2159935,23,5,1,MF,VTC,HY40LF,40-ft,218.743317310164,368.8315714842059,594.6210633225362,1.6861386945194141,2.718350762137349,24.60433129712662,-15.429266546548966,SUCCESS,FAILURE,24.60433129712665,SUCCESS,-15.42926654654895,FAILURE,0.0,0.0
2159936,23,4,1,MF,VTC,HY40LF,40-ft,201.50139496313741,340.45959607189207,549.8287792084576,1.6896140899380652,2.7286599147814488,29.6348233915085,-7.487372200081131,SUCCESS,FAILURE,29.63482339150853,SUCCESS,-7.487372200081125,FAILURE,0.0,0.0
2159937,23,1,1,MF,VTC,HY40LF,40-ft,203.26431452090318,341.5676030347687,550.2253182097276,1.680411063987539,2.706944991828085,29.43836825624669,-7.557680533639634,SUCCESS,FAILURE,29.438368256246722,SUCCESS,-7.557680533639617,FAILURE,0.0,0.0
2159938,23,6,1,MF,VTC,HY40LF,40-ft,90.67253885134697,147.7684226681493,235.50078726540494,1.629693229505883,2.59726693714286,63.79992505883878,48.24454126499913,SUCCESS,SUCCESS,63.79992505883882,SUCCESS,48.24454126499913,SUCCESS,0.0,0.0
2159939,23,5,2,SAT,VTC,HY40LF,40-ft,164.67726243074043,276.35176948644545,445.5796547527938,1.678141629313718,2.70577521253242,41.00145931091393,10.996515114752881,SUCCESS,FAILURE,41.00145931091396,SUCCESS,10.996515114752892,FAILURE,0.0,0.0
2159940,23,7,2,SAT,VTC,HY40LF,40-ft,126.79344086216081,211.5060925958591,340.3419515084644,1.6681154100533542,2.6842236411775873,52.49891975250727,29.655682356655255,SUCCESS,SUCCESS,52.49891975250729,SUCCESS,29.655682356655262,SUCCESS,0.0,0.0
2159941,23,2,2,SAT,VTC,HY40LF,40-ft,196.69495704544468,331.6175566904596,535.3597237670766,1.685948443578257,2.721776561070584,31.20256087048589,-4.9219368381341475,SUCCESS,FAILURE,31.202560870485918,SUCCESS,-4.92193683813413,FAILURE,0.0,0.0
2159942,23,6,2,SAT,VTC,HY40LF,40-ft,122.69023346605123,203.03420987216344,325.2808562796877,1.6548522578885112,2.651236753654837,54.00102661841074,32.32608931211211,SUCCESS,SUCCESS,54.001026618410776,SUCCESS,32.32608931211211,SUCCESS,0.0,0.0
2159943,23,1,2,SAT,VTC,HY40LF,40-ft,175.3498273023085,294.77369855445016,475.50634442422137,1.6810606721970203,2.7117582705367242,37.73515983077125,5.690364463790542,SUCCESS,FAILURE,37.73515983077127,SUCCESS,5.6903644637905515,FAILURE,0.0,0.0
2159944,23,4,2,SAT,VTC,HY40LF,40-ft,144.0353632091874,239.87806800817287,385.1342356225429,1.6654109287022096,2.673886655620811,47.46842765812538,21.71378801018743,SUCCESS,SUCCESS,47.468427658125414,SUCCESS,21.713788010187432,SUCCESS,0.0,0.0
2159945,23,3,2,SAT,VTC,HY40LF,40-ft,126.79344086216081,211.5060925958591,340.3419515084644,1.6681154100533542,2.6842236411775873,52.49891975250727,29.655682356655255,SUCCESS,SUCCESS,52.49891975250729,SUCCESS,29.655682356655262,SUCCESS,0.0,0.0
2159946,23,1,3,SUN,VTC,HY40LF,40-ft,218.04008678858085,368.461414826469,595.2131031099319,1.6898792339215214,2.7298333617298134,24.669961910200534,-15.534238140058848,SUCCESS,FAILURE,24.66996191020056,SUCCESS,-15.534238140058813,FAILURE,0.0,0.0
2159947,23,5,3,SUN,VTC,HY40LF,40-ft,148.138570605297,248.34995073186852,400.19533085131957,1.6764705486026086,2.7014931304933882,45.96632079222191,19.043381054730578,SUCCESS,FAILURE,45.96632079222193,SUCCESS,19.043381054730578,FAILURE,0.0,0.0
2159948,23,2,3,SUN,VTC,HY40LF,40-ft,213.93687939247127,359.9895321027734,580.1520078811552,1.6826903950597774,2.711790550225122,26.172068776104005,-12.863831184601985,SUCCESS,FAILURE,26.17206877610404,SUCCESS,-12.863831184601956,FAILURE,0.0,0.0
2159949,23,3,3,SUN,VTC,HY40LF,40-ft,197.39818756702783,331.98771334819645,534.7676839796809,1.6818174342936552,2.7090810233406883,31.136930257411983,-4.816965244624268,SUCCESS,FAILURE,31.13693025741201,SUCCESS,-4.81696524462427,FAILURE,0.0,0.0
2159950,23,4,3,SUN,VTC,HY40LF,40-ft,126.79344086216081,211.5060925958591,340.3419515084644,1.6681154100533542,2.6842236411775873,52.49891975250727,29.655682356655255,SUCCESS,SUCCESS,52.49891975250729,SUCCESS,29.655682356655262,SUCCESS,0.0,0.0
2159955,25,25,1,MF,VTC,HY40LF,40-ft,79.26019257077209,111.24974042600293,166.35197396426412,1.4036016923207335,2.0988086020069536,70.27486871879381,60.50496915527233,SUCCESS,SUCCESS,70.2748687187938,SUCCESS,60.50496915527233,SUCCESS,0.0,0.0
2159956,25,21,1,MF,VTC,HY40LF,40-ft,79.26019257077209,111.24974042600293,166.35197396426412,1.4036016923207335,2.0988086020069536,70.27486871879381,60.50496915527233,SUCCESS,SUCCESS,70.2748687187938,SUCCESS,60.50496915527233,SUCCESS,0.0,0.0
2159958,25,22,1,MF,VTC,HY40LF,40-ft,67.28206164597407,94.7070503293478,141.0990915307823,1.4076121927963356,2.0971279428567446,73.20796979976103,64.98243057964854,SUCCESS,SUCCESS,73.20796979976103,SUCCESS,64.98243057964854,SUCCESS,0.0,0.0
2159961,25,41,1,MF,VTC,HY40LF,40-ft,102.88569668591408,149.54949173900286,223.57387270317938,1.4535498767680255,2.173031625432814,63.48413267038957,50.35924242851429,SUCCESS,SUCCESS,63.484132670389556,SUCCESS,50.35924242851431,SUCCESS,0.0,0.0
2159964,25,24,1,MF,VTC,HY40LF,40-ft,67.28206164597407,94.7070503293478,141.0990915307823,1.4076121927963356,2.0971279428567446,73.20796979976103,64.98243057964854,SUCCESS,SUCCESS,73.20796979976103,SUCCESS,64.98243057964854,SUCCESS,0.0,0.0
2159970,25,35,1,MF,VTC,HY40LF,40-ft,129.52615819998132,191.70951996068138,287.59116190413766,1.4800834258103475,2.220332679520322,56.00895036158131,39.008659236855024,SUCCESS,SUCCESS,56.00895036158131,SUCCESS,39.008659236855046,SUCCESS,0.0,0.0
2159982,25,39,1,MF,VTC,HY40LF,40-ft,102.88569668591408,149.54949173900286,223.57387270317938,1.4535498767680255,2.173031625432814,63.48413267038957,50.35924242851429,SUCCESS,SUCCESS,63.484132670389556,SUCCESS,50.35924242851431,SUCCESS,0.0,0.0
2159985,25,38,1,MF,VTC,HY40LF,40-ft,73.16346386454896,98.34998230039163,145.01040039750444,1.34424994533435,1.9820056724756658,72.5620598758171,64.28893609973326,SUCCESS,SUCCESS,72.56205987581708,SUCCESS,64.28893609973326,SUCCESS,0.0,0.0
2159988,25,23,1,MF,VTC,HY40LF,40-ft,73.16346386454896,98.34998230039163,145.01040039750444,1.34424994533435,1.9820056724756658,72.5620598758171,64.28893609973326,SUCCESS,SUCCESS,72.56205987581708,SUCCESS,64.28893609973326,SUCCESS,0.0,0.0
2160017,106,62,1,MF,HTC,HY40LF,40-ft,264.7858698081312,430.29302363117773,655.0323470910778,1.6250603702643804,2.473819118692876,13.706910703691896,-26.140487072886128,FAILURE,FAILURE,49.46091652143245,SUCCESS,-8.192870875060226,FAILURE,201.65259281205678,101.22455535573798
2160021,106,71,1,MF,HTC,NG40LF,40-ft,173.0252930016896,273.2847816873658,412.04992328752667,1.5794498997594368,2.3814432915510393,41.54525147387132,16.941502963204496,SUCCESS,FAILURE,41.54525147387132,SUCCESS,41.53555943525223,SUCCESS,0.0,138.7104785023493
2160025,27,3,1,MF,BTC,DS40LF,40-ft,227.90110558685004,342.61240912574107,504.2487322546393,1.5033380739575926,2.212576946286366,29.25311894933669,0.5941964087518974,SUCCESS,FAILURE,29.253118949336677,SUCCESS,31.200272910371286,SUCCESS,0.0,172.61827146913322
2160026,106,64,1,MF,HTC,NG40LF,40-ft,213.09292313345958,343.3576005591621,520.8849555238521,1.6113045684962428,2.4444028823877137,29.120992808659206,-2.355488568058881,SUCCESS,FAILURE,29.120992808659224,SUCCESS,33.7085080409492,SUCCESS,0.0,203.4009408748056
2160027,27,4,1,MF,BTC,DS40LF,40-ft,237.36606139360953,355.5124229555247,521.85380736637,1.4977390654260396,2.1985190481844494,26.965882454694206,-2.527270809640068,SUCCESS,FAILURE,26.965882454694203,SUCCESS,48.255097971966045,SUCCESS,0.0,286.41255992825836
2160029,106,72,1,MF,HTC,NG40LF,40-ft,48.464139197275614,64.97148094306039,91.17339601678214,1.3406094076816435,1.8812548314467412,78.48023387534391,73.8345042523436,SUCCESS,SUCCESS,78.48023387534391,SUCCESS,73.83450425234359,SUCCESS,0.0,0.0
2160030,106,63,1,MF,HTC,NG40LF,40-ft,295.58785975172657,491.2191456083896,752.3080172848172,1.6618380268424415,2.545124884075767,2.90440680702312,-43.38794632709524,FAILURE,FAILURE,73.4325761509201,SUCCESS,50.96090306834154,SUCCESS,397.77887509957884,532.1275105902635
2160034,27,6,1,MF,BTC,DS40LF,40-ft,300.02575204324177,451.13339875282304,663.6296961840554,1.5036489224025096,2.211909116682786,10.01180873176897,-27.664839748945997,FAILURE,FAILURE,73.63900855109405,SUCCESS,57.741198334515296,SUCCESS,358.85740698099363,481.6900547907215
2160035,106,74,1,MF,HTC,NG40LF,40-ft,131.89722282314645,206.84427747593907,312.0663419630873,1.5682231441164223,2.3659811426167745,53.32548271703208,34.669088304417144,SUCCESS,SUCCESS,53.32548271703208,SUCCESS,34.669088304417144,SUCCESS,0.0,0.0
2160037,106,73,1,MF,HTC,HY40LF,40-ft,81.90553625827161,122.32831681132564,179.13876258494304,1.493529282631023,2.187138632730115,68.3105821256515,58.23780805231507,SUCCESS,SUCCESS,68.3105821256515,SUCCESS,58.23780805231505,SUCCESS,0.0,0.0
2160038,27,39,2,SAT,BTC,DS40LF,40-ft,193.99670863965744,322.09486804302065,490.8559717755673,1.6603109934267049,2.5302283488083104,32.890980843436054,2.9687993305731784,SUCCESS,FAILURE,32.89098084343607,SUCCESS,21.44246761014476,SUCCESS,0.0,104.1914890967837
2160039,27,32,2,SAT,BTC,DS40LF,40-ft,266.93430614832124,459.33973016172393,704.6400197877006,1.720796913628978,2.6397506935514294,8.556785432318454,-34.936173721223504,FAILURE,FAILURE,64.60465808864016,SUCCESS,54.65240515490382,SUCCESS,316.1100017816544,505.27958486135816
2160040,27,37,2,SAT,BTC,DS40LF,40-ft,304.50142834814875,491.61557370021416,744.3428808980204,1.614493489791221,2.4444643328470144,2.8341181382599054,-41.97568810248589,FAILURE,FAILURE,38.725152455262254,SUCCESS,-29.08615339710386,FAILURE,202.42543354789314,72.69697573835455
2160041,27,42,2,SAT,BTC,DS40LF,40-ft,276.55408775909416,450.48185494867846,685.3694210668372,1.6289104912493375,2.478247299182435,10.127330682858434,-31.519400898375377,FAILURE,FAILURE,29.86081986964002,SUCCESS,-18.73825433944335,FAILURE,111.29687901344806,72.0856665923765
2160042,27,36,2,SAT,BTC,DS40LF,40-ft,211.3678751135312,347.1908127955001,526.9742823178939,1.6425902593240096,2.493161659664896,28.441345249024806,-3.4351564393428826,SUCCESS,FAILURE,28.441345249024806,SUCCESS,9.591170611317821,FAILURE,0.0,73.46848456572624
2160043,27,31,2,SAT,BTC,DS40LF,40-ft,292.59415671194347,477.3159612915082,723.1664060259735,1.6313243116519986,2.471568175361495,5.369510409307063,-38.220993976236436,FAILURE,FAILURE,33.328405134276615,SUCCESS,-19.814209171283157,FAILURE,157.68816624882822,103.81426629993638
2160044,27,34,2,SAT,BTC,DS40LF,40-ft,283.32517833537105,458.09595162985477,694.0182649499411,1.6168557779485737,2.4495467329360827,8.777313540805896,-33.05288385637253,FAILURE,FAILURE,35.245519216015495,SUCCESS,-16.361204042022965,FAILURE,149.28068000818197,94.1410741529314
2160045,27,33,2,SAT,BTC,DS40LF,40-ft,209.30582756039007,322.23193139211685,480.2931798270671,1.5395268022298363,2.2946956872879722,32.866678831184956,4.841634782434916,SUCCESS,FAILURE,32.86667883118495,SUCCESS,68.85213588161557,SUCCESS,0.0,361.0192261993788
2160046,27,40,2,SAT,BTC,DS40LF,40-ft,255.28664287181164,393.0318053309997,583.6767757605719,1.5395705819530665,2.2863584604136786,20.313509693085162,-13.488790028470191,SUCCESS,FAILURE,20.313509693085134,SUCCESS,54.531389756240266,SUCCESS,0.0,383.63381398576684
2160047,27,38,2,SAT,BTC,DS40LF,40-ft,207.04434300585586,352.9461377408118,542.0440521770837,1.7046886315113154,2.618009477137721,27.420897563685852,-6.107101449837531,SUCCESS,FAILURE,27.42089756368586,SUCCESS,57.25095429972925,SUCCESS,0.0,357.33943442755674
2160048,27,35,2,SAT,BTC,DS40LF,40-ft,230.2372002852064,347.9948495416524,513.4823267296814,1.511462305442273,2.2302318048239167,28.29878554226022,-1.0429657322130108,SUCCESS,FAILURE,28.2987855422602,SUCCESS,67.51694955864876,SUCCESS,0.0,386.67792224046036
2160050,27,36,3,SUN,BTC,DS40LF,40-ft,230.56154681327013,369.03762446928977,555.1399635365075,1.6006035246118915,2.4077734175946985,24.567797079913163,-8.429071549026144,SUCCESS,FAILURE,24.567797079913163,SUCCESS,54.28332157998644,SUCCESS,0.0,353.6978972476309
2160051,27,41,3,SUN,BTC,DS40LF,40-ft,213.89909732433355,339.8469093681031,510.0992129365364,1.5888188104543324,2.3847656176083665,29.743455785797323,-0.44312286108800825,SUCCESS,FAILURE,29.74345578579734,SUCCESS,58.9687894266057,SUCCESS,0.0,335.08318530259254
2160052,27,39,3,SUN,BTC,DS40LF,40-ft,261.18500908878576,419.30961995540275,629.7343095253018,1.605412276218598,2.4110660551396097,15.654322702942777,-21.655019419379748,FAILURE,FAILURE,55.52846793157431,SUCCESS,30.07959157090225,SUCCESS,224.89017908948182,291.7832059851904
2160053,27,32,3,SUN,BTC,DS40LF,40-ft,203.36470641893382,331.2533076040284,502.3885801900566,1.6288633039483384,2.4703823442949333,31.26714404183894,0.9240106045998999,SUCCESS,FAILURE,31.267144041838957,SUCCESS,58.24061518526932,SUCCESS,0.0,323.2656498349756
2160054,27,34,3,SUN,BTC,DS40LF,40-ft,184.85225543921175,287.33462063181446,427.75778574789524,1.5544014864687643,2.3140522939876296,39.05414527804709,14.156420966685246,SUCCESS,FAILURE,39.054145278047095,SUCCESS,64.28796990439118,SUCCESS,0.0,282.74193600866147
2160055,27,38,3,SUN,BTC,DS40LF,40-ft,285.16153050015834,455.7442193763769,683.523925795701,1.5981967082902995,2.3969710240958375,9.194287344614025,-31.19218542476967,FAILURE,FAILURE,52.85660382577378,SUCCESS,37.50851731502711,SUCCESS,246.25546495374113,387.4719634524536
2160056,27,33,3,SUN,BTC,DS40LF,40-ft,303.23439238473,497.86299182641824,758.2391896210956,1.6418421007955863,2.50050524829346,1.7264198889329407,-44.439572627853835,FAILURE,FAILURE,32.479003736553565,SUCCESS,-33.91191173403882,FAILURE,173.44457290058025,59.376007441116656
2160057,27,40,3,SUN,BTC,DS40LF,40-ft,208.15250003460375,340.1527949540894,517.2621749404082,1.6341518593220914,2.485015432696784,29.689220752821026,-1.7131515851787473,SUCCESS,FAILURE,29.68922075282105,SUCCESS,11.56741760192773,FAILURE,0.0,74.90241021528064
2160058,27,35,3,SUN,BTC,DS40LF,40-ft,234.81072510103058,385.8059891530567,585.763365415382,1.6430509679106793,2.4946192945971664,21.59468277428073,-13.858752733223763,SUCCESS,FAILURE,21.59468277428073,SUCCESS,49.00963408273142,SUCCESS,0.0,354.57770164198723
2160059,27,37,3,SUN,BTC,DS40LF,40-ft,165.6421720147742,261.15220851549253,391.55143601171676,1.576604588909879,2.3638390589130465,43.696416929877216,20.57598652274526,SUCCESS,SUCCESS,43.6964169298772,SUCCESS,20.57598652274521,SUCCESS,0.0,0.0
2160060,27,31,3,SUN,BTC,DS40LF,40-ft,248.36253939173517,398.7348688196977,600.4728699308462,1.605454952249399,2.417727212008158,19.302328223457863,-16.466820909724493,FAILURE,FAILURE,59.99409656108177,SUCCESS,46.4698010794118,SUCCESS,229.50157342419885,354.9625480187285
2160062,130,54,1,MF,BTC,DS40LF,40-ft,43.00817903958793,70.87690315165344,108.10420328892859,1.6479866093938331,2.5135731319715124,77.43317320006146,70.83258806933891,SUCCESS,SUCCESS,77.43317320006145,SUCCESS,70.83258806933893,SUCCESS,0.0,0.0
2160063,210,11,1,MF,BTC,DS40LF,40-ft,242.18537446404594,382.39840922192013,556.0240399503391,1.5789492246101333,2.2958613466267948,22.19886361313473,-8.585822686230333,SUCCESS,FAILURE,22.19886361313472,SUCCESS,2.094829133870486,FAILURE,0.0,60.23887626536856
2160064,130,7,1,MF,BTC,DS40LF,40-ft,197.83379340961685,317.56479796427965,471.37033600645844,1.6052100730169925,2.382658330927727,33.69418475810645,6.423699289635032,SUCCESS,FAILURE,33.69418475810644,SUCCESS,63.277752830227975,SUCCESS,0.0,320.65686196894416
2160065,27,45,2,SAT,BTC,DS40LF,40-ft,158.70644698797227,274.8057946945395,422.3644890475486,1.7315351701835144,2.6612938356534306,41.27556831657102,15.11267924688855,SUCCESS,FAILURE,41.27556831657101,SUCCESS,58.79853135209508,SUCCESS,0.0,246.38820587336505
2160066,27,41,2,SAT,BTC,DS40LF,40-ft,144.98174866119396,251.09452360226567,384.2338358687779,1.731904366728569,2.6502221101408368,45.47969439676141,21.873433356599673,SUCCESS,SUCCESS,45.47969439676141,SUCCESS,21.87343335659966,SUCCESS,0.0,0.0
2160067,210,58,2,SAT,BTC,DS40LF,40-ft,273.6311008527246,433.2716411875575,636.6741710551172,1.5834151886877639,2.3267609897816106,13.178787023482712,-22.88549132182929,FAILURE,FAILURE,68.3898684347804,SUCCESS,39.28188567717169,SUCCESS,311.39049915971907,350.62400627436546
2160068,130,4,1,MF,BTC,DS40LF,40-ft,246.5898962218206,378.71045376324423,545.6965046287758,1.5357906368660548,2.2129718735024446,22.8527564249567,-6.7546994022652,SUCCESS,FAILURE,22.85275642495671,SUCCESS,53.79753051138171,SUCCESS,0.0,341.5145767129685
2160069,130,1,1,MF,BTC,DS40LF,40-ft,231.4740835023315,378.75576170645553,573.0955391391255,1.6362771847961137,2.4758518554987736,22.844723101692285,-11.612684244525802,SUCCESS,FAILURE,22.84472310169228,SUCCESS,66.52704664655093,SUCCESS,0.0,440.7080822256728
2160070,130,52,1,MF,BTC,DS40LF,40-ft,86.68402492071128,132.12718606281024,184.05813278220597,1.524239168447303,2.1233224109120625,66.57319396049465,57.36557929393512,SUCCESS,SUCCESS,66.57319396049463,SUCCESS,57.36557929393511,SUCCESS,0.0,0.0
2160071,210,1,1,MF,BTC,DS40LF,40-ft,322.6896036883798,501.50190182057116,745.0337849022574,1.5541309546026458,2.308824878107117,1.0812230814590178,-42.098188812456975,FAILURE,FAILURE,44.147888451378236,SUCCESS,1.5097449660250257,FAILURE,242.8959926863443,245.94874651063833
2160072,210,76,1,MF,BTC,DS40LF,40-ft,70.36736335115972,105.36097362468982,154.67131825893821,1.4972988699164236,2.1980547642103616,71.31897630767912,62.576007400897495,SUCCESS,SUCCESS,71.31897630767912,SUCCESS,62.576007400897474,SUCCESS,0.0,0.0
2160073,210,7,1,MF,BTC,DS40LF,40-ft,357.72684975118574,572.0193850324807,859.8057899731014,1.5990395616944733,2.4035260159284464,-11.421876778808636,-62.44783510161371,FAILURE,FAILURE,39.31031075377598,SUCCESS,-23.891272633238966,FAILURE,286.12953768377736,217.45901232163385
2160075,210,44,3,SUN,BTC,DS40LF,40-ft,207.91422756547436,326.28314639843256,485.899207813785,1.5693161079882452,2.337017593761207,32.14837829815026,3.84765818904522,SUCCESS,FAILURE,32.14837829815029,SUCCESS,24.49426224941201,SUCCESS,0.0,116.44684690046864
2160076,210,41,3,SUN,BTC,DS40LF,40-ft,304.73849365219206,444.92091960980457,654.9318990282982,1.4600089220025063,2.1491603872525316,11.11331212592118,-26.12267713267698,FAILURE,FAILURE,25.773064401423124,SUCCESS,-15.320047507692374,FAILURE,82.68100283383095,60.926831084912976
2160103,33,86,1,MF,VTC,HY40LF,40-ft,198.52309314663813,293.46612980200916,438.70010744396484,1.4782468132573463,2.209819021507594,37.96699826205512,12.216293006389217,SUCCESS,FAILURE,37.966998262055135,SUCCESS,38.438457793247125,SUCCESS,0.0,147.89300939787861
2160104,33,82,1,MF,VTC,HY40LF,40-ft,234.02490938110378,347.1182165227757,519.0733338003561,1.483253288894569,2.218026000621404,28.454216928585872,-2.03427904261632,SUCCESS,FAILURE,28.454216928585886,SUCCESS,21.56837298711682,SUCCESS,0.0,133.11895744769492
2160105,33,83,1,MF,VTC,HY40LF,40-ft,234.02490938110378,347.1182165227757,519.0733338003561,1.483253288894569,2.218026000621404,28.454216928585872,-2.03427904261632,SUCCESS,FAILURE,28.454216928585886,SUCCESS,36.4629467521788,SUCCESS,0.0,217.12435348264444
2160106,33,90,1,MF,VTC,HY40LF,40-ft,97.44222271276956,134.76416560859144,198.1806320476501,1.383016128499406,2.0338270877895215,66.10564439563981,54.8615900624734,SUCCESS,SUCCESS,66.10564439563983,SUCCESS,54.8615900624734,SUCCESS,0.0,0.0
2160107,33,81,1,MF,VTC,HY40LF,40-ft,305.0285418500351,454.42238996430876,679.8197865131385,1.4897700628543868,2.228708770628313,9.428654261647386,-30.535423140627394,FAILURE,FAILURE,57.33872314794846,SUCCESS,22.250470735369365,SUCCESS,270.21278851873785,297.7124414606218
2160108,33,94,1,MF,VTC,HY40LF,40-ft,183.50833303709595,268.3828650035759,399.16759644219326,1.4625105059906063,2.175201473611022,42.414385637663855,19.225603467696235,SUCCESS,FAILURE,42.414385637663884,SUCCESS,45.674097457483626,SUCCESS,0.0,149.16950610240082
2160109,33,87,1,MF,VTC,HY40LF,40-ft,269.52672561556943,400.77030324354223,599.4465601567473,1.4869408676569156,2.224070948020747,18.94143559511663,-16.284851091621857,FAILURE,FAILURE,55.50413527637987,SUCCESS,27.6794016358903,SUCCESS,206.21362620232452,247.9583853831686
2160110,33,85,1,MF,VTC,HY40LF,40-ft,305.0285418500351,454.42238996430876,679.8197865131385,1.4897700628543868,2.228708770628313,9.428654261647386,-30.535423140627394,FAILURE,FAILURE,54.32370861521753,SUCCESS,9.185769096952754,FAILURE,253.20810655413538,224.02752421995208
2160111,33,91,1,MF,VTC,HY40LF,40-ft,76.95516658784612,106.19534368625817,157.33991669303043,1.3799637944391128,2.044565994323763,71.17103835350032,62.10285165017191,SUCCESS,SUCCESS,71.17103835350034,SUCCESS,62.10285165017191,SUCCESS,0.0,0.0
2160112,33,95,1,MF,VTC,HY40LF,40-ft,92.0176444432412,132.50986963970945,197.58042837479113,1.4400484868034726,2.1472015456412135,66.50534226246286,54.96800915340583,SUCCESS,SUCCESS,66.50534226246288,SUCCESS,54.96800915340584,SUCCESS,0.0,0.0
2160113,33,84,1,MF,VTC,HY40LF,40-ft,198.52309314663813,293.46612980200916,438.70010744396484,1.4782468132573463,2.209819021507594,37.96699826205512,12.216293006389217,SUCCESS,FAILURE,37.966998262055135,SUCCESS,39.536506499773196,SUCCESS,0.0,154.0860041026856
2160114,33,88,1,MF,VTC,HY40LF,40-ft,183.46061529124307,267.1516038485579,398.4595957622042,1.4561795915949354,2.171908096621452,42.632694353092575,19.35113550315529,SUCCESS,FAILURE,42.632694353092596,SUCCESS,32.95988739603905,SUCCESS,0.0,76.75336067586437
2160115,33,93,1,MF,VTC,HY40LF,40-ft,76.95516658784612,106.19534368625817,157.33991669303043,1.3799637944391128,2.044565994323763,71.17103835350032,62.10285165017191,SUCCESS,SUCCESS,71.17103835350034,SUCCESS,62.10285165017191,SUCCESS,0.0,0.0
2160116,33,89,1,MF,VTC,HY40LF,40-ft,76.95516658784612,106.19534368625817,157.33991669303043,1.3799637944391128,2.044565994323763,71.17103835350032,62.10285165017191,SUCCESS,SUCCESS,71.17103835350034,SUCCESS,62.10285165017191,SUCCESS,0.0,0.0
2160117,33,92,1,MF,VTC,HY40LF,40-ft,97.44222271276956,134.76416560859144,198.1806320476501,1.383016128499406,2.0338270877895215,66.10564439563981,54.8615900624734,SUCCESS,SUCCESS,66.10564439563983,SUCCESS,54.8615900624734,SUCCESS,0.0,0.0
2160118,33,4,2,SAT,VTC,HY40LF,40-ft,183.50833303709595,268.3828650035759,399.16759644219326,1.4625105059906063,2.175201473611022,42.414385637663855,19.225603467696235,SUCCESS,FAILURE,42.414385637663884,SUCCESS,46.64654614521475,SUCCESS,0.0,154.65411670120437
2160119,33,3,2,SAT,VTC,HY40LF,40-ft,305.0285418500351,454.42238996430876,679.8197865131385,1.4897700628543868,2.228708770628313,9.428654261647386,-30.535423140627394,FAILURE,FAILURE,42.96424006673345,SUCCESS,3.7076370656700184,FAILURE,189.1407039406853,193.13085956351745
2160120,33,2,2,SAT,VTC,HY40LF,40-ft,290.0137817404929,429.3391251658755,640.2872755113669,1.4804093880960878,2.207782235963883,13.876041637256122,-23.526112679320377,FAILURE,FAILURE,49.382282202863934,SUCCESS,7.847816555912589,FAILURE,200.25519679002787,176.94896088671396
2160121,33,5,2,SAT,VTC,HY40LF,40-ft,269.52672561556943,400.77030324354223,599.4465601567473,1.4869408676569156,2.224070948020747,18.94143559511663,-16.284851091621857,FAILURE,FAILURE,48.22990960875732,SUCCESS,19.30727053217624,FAILURE,165.18699343693334,200.73956595822128
2160122,33,1,2,SAT,VTC,HY40LF,40-ft,305.0285418500351,454.42238996430876,679.8197865131385,1.4897700628543868,2.228708770628313,9.428654261647386,-30.535423140627394,FAILURE,FAILURE,44.077056801757344,SUCCESS,5.608261757526577,FAILURE,195.41699032622003,203.85038282558844
2160123,33,6,2,SAT,VTC,HY40LF,40-ft,61.94040647830392,81.11207888782488,117.80740569125884,1.3095180270771436,1.9019475716957661,75.61842572910908,69.11216211147894,SUCCESS,SUCCESS,75.61842572910908,SUCCESS,69.11216211147894,SUCCESS,0.0,0.0
2160124,33,1,3,SUN,VTC,HY40LF,40-ft,305.0285418500351,454.42238996430876,679.8197865131385,1.4897700628543868,2.228708770628313,9.428654261647386,-30.535423140627394,FAILURE,FAILURE,33.69446658183146,SUCCESS,-12.906526519569358,FAILURE,136.85918148583818,99.42697694276737
2160125,33,4,3,SUN,VTC,HY40LF,40-ft,290.0137817404929,429.3391251658755,640.2872755113669,1.4804093880960878,2.207782235963883,13.876041637256122,-23.526112679320377,FAILURE,FAILURE,37.21468328895125,SUCCESS,-11.352630621511087,FAILURE,131.62993891556047,68.65843880604444
2160126,33,2,3,SUN,VTC,HY40LF,40-ft,325.51559797495855,482.991211886642,720.6605018677582,1.483772866465827,2.21390466801286,4.36326030378688,-37.77668472832592,FAILURE,FAILURE,35.09057608368487,SUCCESS,-25.570771858023157,FAILURE,173.30206099862468,68.84134858850763
2160127,33,3,3,SUN,VTC,HY40LF,40-ft,305.0285418500351,454.42238996430876,679.8197865131385,1.4897700628543868,2.228708770628313,9.428654261647386,-30.535423140627394,FAILURE,FAILURE,34.47794528920001,SUCCESS,-19.451057638095662,FAILURE,141.27800139539679,62.51582143427902
2160151,44,11,1,MF,BTC,DS40LF,40-ft,103.309209095423,139.02899548986514,198.83178563519667,1.3457560725438238,1.924627894997656,65.3494688847757,54.74613729872401,SUCCESS,SUCCESS,65.3494688847757,SUCCESS,54.746137298723994,SUCCESS,0.0,0.0
2160152,44,12,1,MF,BTC,DS40LF,40-ft,60.61627554026289,82.597926661673,117.55363873474073,1.3626361224851127,1.9393081756839148,75.35497754225656,69.15715625270555,SUCCESS,SUCCESS,75.35497754225658,SUCCESS,69.15715625270555,SUCCESS,0.0,0.0
2160154,44,29,1,MF,BTC,DS40LF,40-ft,67.19434177464272,94.88944933329253,135.50968545830978,1.412164280908265,2.01668298073049,73.17562955083467,65.97346002512239,SUCCESS,SUCCESS,73.17562955083467,SUCCESS,65.97346002512236,SUCCESS,0.0,0.0
2160156,44,21,1,MF,BTC,DS40LF,40-ft,102.49182798855941,157.68702764281872,235.87759997264476,1.5385326882882842,2.301428363624995,62.04130715552859,48.177730501304126,SUCCESS,SUCCESS,62.0413071555286,SUCCESS,48.177730501304104,SUCCESS,0.0,0.0
2160157,44,30,1,MF,BTC,DS40LF,40-ft,60.119343570334124,83.03266078191525,118.472294055483,1.3811305288916644,1.9706185566860237,75.27789702448312,68.99427410363776,SUCCESS,SUCCESS,75.27789702448312,SUCCESS,68.99427410363775,SUCCESS,0.0,0.0
2160159,44,25,1,MF,BTC,DS40LF,40-ft,83.94937448843291,119.80006640236198,173.17073345801046,1.4270513286417497,2.062799568350221,68.75885347475852,59.29596924503362,SUCCESS,SUCCESS,68.75885347475852,SUCCESS,59.2959692450336,SUCCESS,0.0,0.0
2160160,44,1,1,MF,BTC,DS40LF,40-ft,87.77100053808692,137.086569051916,205.5121022885452,1.561866313605817,2.3414578964423023,65.69387073547588,53.561683991392705,SUCCESS,SUCCESS,65.6938707354759,SUCCESS,53.56168399139267,SUCCESS,0.0,0.0
2160161,84,89,1,MF,VTC,HY40LF,40-ft,92.5184669835475,138.17171036711898,205.31318538720672,1.493450063236456,2.2191589644877863,65.50146979306402,53.59695294553073,SUCCESS,SUCCESS,65.50146979306403,SUCCESS,53.59695294553071,SUCCESS,0.0,0.0
2160162,84,90,1,MF,VTC,HY40LF,40-ft,83.70543375433151,120.12123355380872,176.85839946449317,1.4350470234268728,2.1128664117978038,68.70190894436016,58.64212775452249,SUCCESS,SUCCESS,68.70190894436017,SUCCESS,58.642127754522456,SUCCESS,0.0,0.0
2160165,44,28,1,MF,BTC,DS40LF,40-ft,80.0212365772334,112.78097990250544,164.75952642214796,1.4093881165364597,2.058947517802083,70.0033723577118,60.787318010257465,SUCCESS,SUCCESS,70.00337235771181,SUCCESS,60.78731801025745,SUCCESS,0.0,0.0
2160167,84,91,1,MF,VTC,HY40LF,40-ft,68.68843606544871,101.40430474667225,150.6147459846793,1.4762936901060133,2.1927234715486663,72.0205133427886,63.29525780413488,SUCCESS,SUCCESS,72.02051334278862,SUCCESS,63.29525780413488,SUCCESS,0.0,0.0
2160168,44,13,1,MF,BTC,DS40LF,40-ft,63.94096961998814,100.31916343146926,150.8136628860178,1.5689340344333658,2.3586389725136887,72.21291428520048,63.25998884999684,SUCCESS,SUCCESS,72.2129142852005,SUCCESS,63.25998884999683,SUCCESS,0.0,0.0
2160170,44,26,1,MF,BTC,DS40LF,40-ft,60.05714122901003,85.41732926835328,127.1356883477791,1.4222676524451894,2.116912089821009,74.85508346305794,67.45821128585477,SUCCESS,SUCCESS,74.85508346305795,SUCCESS,67.45821128585476,SUCCESS,0.0,0.0
2160260,84,41,1,MF,VTC,HY40LF,40-ft,189.21813240834373,269.6290662284981,401.64345872846906,1.4249642082219842,2.1226478330401184,42.19342797367055,18.78662079282464,SUCCESS,FAILURE,42.19342797367056,SUCCESS,63.48494510561119,SUCCESS,0.0,252.0985491241159
2160261,84,42,1,MF,VTC,HY40LF,40-ft,189.21813240834373,269.6290662284981,401.64345872846906,1.4249642082219842,2.1226478330401184,42.19342797367055,18.78662079282464,SUCCESS,FAILURE,42.19342797367056,SUCCESS,62.19570510243617,SUCCESS,0.0,244.8272355062088
2160262,84,20,1,MF,VTC,HY40LF,40-ft,161.6803729216372,234.48033828147558,349.28023504610155,1.4502708896838261,2.1603131458348983,48.42547193590858,28.070880310974903,SUCCESS,SUCCESS,48.42547193590857,SUCCESS,28.070880310974918,SUCCESS,0.0,0.0
2160268,84,21,1,MF,VTC,HY40LF,40-ft,147.42819547248487,215.4365892110328,321.9288018615931,1.4612984207029829,2.183631162477845,51.802023189533195,32.92042520184519,SUCCESS,SUCCESS,51.802023189533166,SUCCESS,32.92042520184519,SUCCESS,0.0,0.0
2160270,84,7,1,MF,VTC,HY40LF,40-ft,80.53218757082965,110.09877311320979,162.20480423027695,1.3671399776192066,2.0141611586996144,70.47894093737416,61.24028293789415,SUCCESS,SUCCESS,70.47894093737415,SUCCESS,61.240282937894165,SUCCESS,0.0,0.0
2160274,84,7,2,SAT,VTC,HY40LF,40-ft,173.20349411806447,255.70554924679442,382.0212876264263,1.4763302007781223,2.2056211369848047,44.66213665836979,22.265729144250663,SUCCESS,SUCCESS,44.66213665836977,SUCCESS,22.265729144250667,SUCCESS,0.0,0.0
2160341,130,18,2,SAT,BTC,DS40LF,40-ft,276.5713028831843,450.5080871029501,688.3949967988609,1.628903947757847,2.489032627834201,10.122679591675514,-32.05585049625193,FAILURE,FAILURE,64.64145671014293,SUCCESS,55.23365130025799,SUCCESS,307.48590294815625,492.31279013231585
2160365,100,17,1,MF,HTC,NG40LF,40-ft,39.18150139197338,55.90545028591911,82.72889183858987,1.4268327731150128,2.1114273036902436,80.08768611951788,75.33175676620746,SUCCESS,SUCCESS,80.08768611951788,SUCCESS,75.33175676620748,SUCCESS,0.0,0.0
2160366,100,14,1,MF,HTC,EL40QC,40-ft,71.19761914780125,105.20356731080169,156.22644609550966,1.4776276028613609,2.1942650325314186,71.34688522858126,62.300275514980555,SUCCESS,SUCCESS,71.34688522858126,SUCCESS,62.30027551498056,SUCCESS,0.0,0.0
2160367,100,4,1,MF,HTC,EL40QC,40-ft,360.03530425074086,548.5650082286585,815.7431039244777,1.523642269944225,2.265730872204595,-7.263299331322422,-54.6353021142691,FAILURE,FAILURE,68.51729104804394,SUCCESS,67.2664012287289,SUCCESS,427.4025297396262,687.5256068545089
2160368,100,23,1,MF,HTC,EL40QC,40-ft,66.39272554758702,89.57188560616198,128.92255291357426,1.3491219838830277,1.9418174483764634,74.11845999890745,67.14139132738046,SUCCESS,SUCCESS,74.11845999890745,SUCCESS,67.14139132738045,SUCCESS,0.0,0.0
2160369,100,1,1,MF,HTC,EL40QC,40-ft,358.83516703568773,545.7805425872641,812.1718232462515,1.5209784121660066,2.2633562645365735,-6.769599749514908,-54.00209632025735,FAILURE,FAILURE,70.0289434671901,SUCCESS,59.5239816088959,SUCCESS,433.14378374221616,640.2870795204244
2160370,100,22,1,MF,HTC,EL40QC,40-ft,70.5146267814531,103.97514182357811,153.48771524316496,1.474518785241956,2.1766791125318075,71.56469116603226,62.78586609163742,SUCCESS,SUCCESS,71.56469116603226,SUCCESS,62.78586609163743,SUCCESS,0.0,0.0
2160371,100,21,1,MF,HTC,EL40QC,40-ft,166.6509828076386,250.94979772480633,373.0659312538732,1.5058404906886862,2.2386062474320636,45.50535501333221,23.853558288320357,SUCCESS,SUCCESS,45.50535501333223,SUCCESS,23.853558288320343,SUCCESS,0.0,0.0
2160372,100,20,1,MF,HTC,EL40QC,40-ft,71.74427327128012,106.46579644497196,157.07584259773733,1.483962295393285,2.1893850956410232,71.1230857367071,62.14967329827352,SUCCESS,SUCCESS,71.1230857367071,SUCCESS,62.14967329827352,SUCCESS,0.0,0.0
2160373,100,6,1,MF,HTC,EL40QC,40-ft,359.6648238584127,548.2828686184653,815.3218786110488,1.5244272785328175,2.2668935757031723,-7.213274577742065,-54.56061677500864,FAILURE,FAILURE,71.34917140045384,SUCCESS,64.65562643206646,SUCCESS,443.09219531702485,672.3796116879037
2160374,100,8,1,MF,HTC,EL40QC,40-ft,361.368883497326,553.2252366473278,820.9651184052296,1.5309155323314425,2.271820170181599,-8.089580965838266,-55.561191206601,FAILURE,FAILURE,72.7930326192564,SUCCESS,62.504305910648185,SUCCESS,456.17794061993374,665.8894037412854
2160375,100,7,1,MF,HTC,EL40QC,40-ft,230.65370904452035,349.83984279457195,520.0441930913667,1.5167319192211495,2.254653503061547,27.971659078976607,-2.2064172147813172,SUCCESS,FAILURE,27.971659078976607,SUCCESS,58.8631439796285,SUCCESS,0.0,344.4323251364714
2160376,100,3,1,MF,HTC,EL40QC,40-ft,391.4594968240067,596.6249180394924,888.0831458254941,1.5241038290807503,2.268646317258106,-15.784559936080209,-67.46155067827908,FAILURE,FAILURE,70.20519616888372,SUCCESS,55.45380740318249,SUCCESS,484.98222443199637,693.2426195794433
2160377,100,5,1,MF,HTC,EL40QC,40-ft,230.38699319520336,348.90779711083803,518.9997901952163,1.5144422533229287,2.2527304297750685,28.136915405879787,-2.0212393963149413,SUCCESS,FAILURE,28.136915405879776,SUCCESS,61.09317184566186,SUCCESS,0.0,355.9652794047492
2160378,100,25,1,MF,HTC,EL40QC,40-ft,70.85612296462718,104.5893545671899,154.8570806693373,1.4760806856367663,2.1855144508350413,71.45578819730676,62.543070803309,SUCCESS,SUCCESS,71.45578819730676,SUCCESS,62.543070803309,SUCCESS,0.0,0.0
2160379,100,13,1,MF,HTC,EL40QC,40-ft,71.78954433036324,106.44177452485033,157.38395845141324,1.482691881077047,2.1922963840968137,71.12734494240243,62.09504282776361,SUCCESS,SUCCESS,71.12734494240243,SUCCESS,62.09504282776363,SUCCESS,0.0,0.0
2160380,100,16,1,MF,HTC,EL40QC,40-ft,40.04014242385241,58.07570318370163,84.93080709064381,1.450436978193794,2.121141483254302,79.70288950643588,74.94134626052414,SUCCESS,SUCCESS,79.70288950643588,SUCCESS,74.94134626052416,SUCCESS,0.0,0.0
2160381,100,10,1,MF,HTC,EL40QC,40-ft,102.68030520499505,152.63759296821655,227.63519456012867,1.486532326364679,2.2169314174287726,62.93659699145097,49.63914990068641,SUCCESS,SUCCESS,62.93659699145097,SUCCESS,49.639149900686405,SUCCESS,0.0,0.0
2160382,100,12,1,MF,HTC,EL40QC,40-ft,71.19761914780125,105.20356731080169,156.22644609550966,1.4776276028613609,2.1942650325314186,71.34688522858126,62.300275514980555,SUCCESS,SUCCESS,71.34688522858126,SUCCESS,62.30027551498056,SUCCESS,0.0,0.0
2160383,100,2,1,MF,HTC,EL40QC,40-ft,324.58462236739695,490.5858796126457,733.4378886593422,1.5114267460808792,2.259619951524274,3.016688011942251,-40.04217884030889,FAILURE,FAILURE,70.93287570142994,SUCCESS,56.737621225750225,SUCCESS,383.0472985687106,545.8380723725736
2160384,100,24,1,MF,HTC,EL40QC,40-ft,72.29092739475901,107.7280255791422,157.92523909996504,1.4902011837650366,2.1845789615836964,70.89928624483295,61.999071081566484,SUCCESS,SUCCESS,70.89928624483295,SUCCESS,61.999071081566484,SUCCESS,0.0,0.0
2160385,100,26,1,MF,HTC,EL40QC,40-ft,39.72815551545226,57.16767942008936,83.57828834081756,1.4389713964408442,2.1037545603724244,79.86388662764374,75.18115454950043,SUCCESS,SUCCESS,79.86388662764374,SUCCESS,75.18115454950043,SUCCESS,0.0,0.0
2160386,100,11,1,MF,HTC,EL40QC,40-ft,72.64818536224227,108.61202742263285,159.58587370346717,1.4950411614697015,2.1966945617117832,70.74254832932041,61.704632322080286,SUCCESS,SUCCESS,70.74254832932041,SUCCESS,61.7046323220803,SUCCESS,0.0,0.0
2160387,100,15,1,MF,HTC,EL40QC,40-ft,39.18150139197338,55.90545028591911,82.72889183858987,1.4268327731150128,2.1114273036902436,80.08768611951788,75.33175676620746,SUCCESS,SUCCESS,80.08768611951788,SUCCESS,75.33175676620748,SUCCESS,0.0,0.0
2160388,100,7,2,SAT,HTC,EL40QC,40-ft,199.64579298828565,302.0763127872277,449.3984791465448,1.5130612484529151,2.2509789583841298,36.44037007318658,10.319418591038163,SUCCESS,FAILURE,36.44037007318658,SUCCESS,66.92434712690684,SUCCESS,0.0,319.2517969422994
2160389,100,8,2,SAT,HTC,EL40QC,40-ft,359.78487525135296,547.9410137582215,815.9549569947466,1.5229684498977865,2.267896771437943,-7.152662013869058,-54.6728647153806,FAILURE,FAILURE,65.54247995245994,SUCCESS,64.3226583071373,SUCCESS,410.00060069009555,671.1347498470009
2160390,100,10,2,SAT,HTC,EL40QC,40-ft,228.05715435895237,338.5272137488649,499.1634208997555,1.4843963773047755,2.188764576594222,29.97744437076864,1.4958473581993794,SUCCESS,FAILURE,29.97744437076864,SUCCESS,63.55624769463272,SUCCESS,0.0,350.02065789748406
2160391,100,5,2,SAT,HTC,EL40QC,40-ft,327.5020416462081,497.7108510496051,741.4129998416764,1.5197183154884546,2.2638423751953445,1.753395203970734,-41.456205645687305,FAILURE,FAILURE,66.0183457560705,SUCCESS,63.902651359758146,SUCCESS,362.45432111384264,594.2239535107124
2160392,100,4,2,SAT,HTC,EL40QC,40-ft,328.2436957102312,501.1328722542258,745.4775019665246,1.5267098159186543,2.2711098848479376,1.1466538556337296,-42.176862050802235,FAILURE,FAILURE,69.40477095807798,SUCCESS,61.281263009351996,SUCCESS,384.9757804577855,583.50382533927
2160393,100,6,2,SAT,HTC,EL40QC,40-ft,358.3343090369119,544.5325536463904,812.595529386789,1.5196215933381312,2.2677022793903996,-6.548325114608222,-54.07722152248032,FAILURE,FAILURE,70.08803012688917,SUCCESS,62.37550312801048,SUCCESS,432.2290435620452,656.793367028768
2160394,100,1,2,SAT,HTC,EL40QC,40-ft,391.5342771578638,596.3070850993704,888.408108355516,1.5230009730640868,2.2690429936414387,-15.728206577902547,-67.51916814814113,FAILURE,FAILURE,68.18580379639097,SUCCESS,62.07721299406248,SUCCESS,473.2750185110152,730.9235896420286
2160395,100,9,2,SAT,HTC,EL40QC,40-ft,102.68030520499505,152.63759296821655,227.63519456012867,1.486532326364679,2.2169314174287726,62.93659699145097,49.63914990068641,SUCCESS,SUCCESS,62.93659699145097,SUCCESS,49.639149900686405,SUCCESS,0.0,0.0
2160396,100,2,2,SAT,HTC,EL40QC,40-ft,265.33681707977155,405.638936785977,601.7287116008895,1.52876989047481,2.26779200196701,18.07820269752181,-16.689487872498134,FAILURE,FAILURE,66.15711601789486,SUCCESS,66.5668193788093,SUCCESS,271.165071126904,469.56557289737384
2160397,100,3,2,SAT,HTC,EL40QC,40-ft,391.53427715786387,596.3070850993703,888.4081083555161,1.523000973064086,2.2690429936414382,-15.72820657790253,-67.51916814814115,FAILURE,FAILURE,69.71827829549675,SUCCESS,62.53895366948794,SUCCESS,481.91817468597185,733.5278070514279
2160398,100,1,3,SUN,HTC,EL40QC,40-ft,295.42743040645223,449.0386181781416,668.8467390211538,1.5199625084249944,2.2639967388977635,10.383223727279866,-28.5898473441762,FAILURE,FAILURE,69.84516622230021,SUCCESS,59.818975910137894,SUCCESS,335.36535567191476,498.62576315433154
2160399,100,3,3,SUN,HTC,EL40QC,40-ft,264.2699536825034,401.9107540510415,597.5511000162879,1.5208340882138314,2.2611390046035726,18.739228005134485,-15.948776598632609,FAILURE,FAILURE,70.35536786558343,SUCCESS,57.47410866421673,SUCCESS,291.11502881293205,414.1050728824703
2160400,100,8,3,SUN,HTC,EL40QC,40-ft,199.05386780572368,300.83810557317906,448.24096679064127,1.5113401658027397,2.2518576088565325,36.65991035936542,10.524651278255098,SUCCESS,FAILURE,36.65991035936542,SUCCESS,68.15863933657603,SUCCESS,0.0,325.05569264893006
2160401,100,6,3,SUN,HTC,EL40QC,40-ft,360.05159110066995,548.8730594419554,816.9993598908969,1.5244289235441575,2.2691174822845457,-7.317918340772237,-54.85804253384698,FAILURE,FAILURE,68.13586660923686,SUCCESS,58.90302144474372,SUCCESS,425.55934711805116,641.6124008392514
2160402,100,5,3,SUN,HTC,EL40QC,40-ft,391.20906782461884,596.0009235690555,888.2949988957628,1.523484429650915,2.2706401051368017,-15.673922618626865,-67.49911327939056,FAILURE,FAILURE,67.6924875723125,SUCCESS,59.68208526533021,SUCCESS,470.1865534768979,717.3019597922251
2160403,100,9,3,SUN,HTC,EL40QC,40-ft,263.4113126506244,399.740501153259,595.349184764234,1.5175525194069963,2.260150404223054,19.12402461821649,-15.558366092949285,FAILURE,FAILURE,70.41922944734958,SUCCESS,67.23228607705462,SUCCESS,289.3049552363106,466.9392782388221
2160404,100,2,3,SUN,HTC,EL40QC,40-ft,360.910232132549,551.043312339738,819.2012751429509,1.5268154329782484,2.269820033370759,-7.702714953854254,-55.24845303953029,FAILURE,FAILURE,71.7763714280245,SUCCESS,61.45346364122639,SUCCESS,448.26204719379604,658.1988100794679
2160405,100,4,3,SUN,HTC,EL40QC,40-ft,359.45966591810804,547.6348522279068,815.8418475349933,1.5234945785340732,2.2696339113631128,-7.098378054593396,-54.65280984663002,FAILURE,FAILURE,66.45472199962275,SUCCESS,57.4963837350257,SUCCESS,414.83948430577897,632.5214518005383
2160406,100,7,3,SUN,HTC,EL40QC,40-ft,231.6619107441135,351.37442981211035,522.8960334034646,1.5167552951776675,2.2571515175882286,27.699569182249945,-2.71206266018875,SUCCESS,FAILURE,27.69956918224995,SUCCESS,61.782532748055495,SUCCESS,0.0,363.74951810249763
2160408,152,2,1,MF,PCT,NG40LF,40-ft,381.2937310222597,555.2364362649246,819.3283380562401,1.456190834232494,2.1488114579266666,-8.44617664271712,-55.27098192486526,FAILURE,FAILURE,66.75837672043879,SUCCESS,64.10537844469215,SUCCESS,424.1536809681992,673.2826724843042
2160411,152,34,1,MF,PCT,NG40LF,40-ft,120.71178231774219,173.41652611338296,247.7082301033229,1.4366163996892143,2.0520633971859996,59.25238898698885,46.08010104551013,SUCCESS,SUCCESS,59.25238898698883,SUCCESS,46.08010104551009,SUCCESS,0.0,0.0
2160412,152,9,1,MF,PCT,NG40LF,40-ft,267.0732679051193,395.15123838382766,575.9473850423344,1.4795611761646228,2.156514538351124,19.937723690810703,-12.118330681264963,FAILURE,FAILURE,71.69109893836973,SUCCESS,66.72520289102295,SUCCESS,291.88903639623305,444.6775293477039
2160413,152,41,1,MF,PCT,NG40LF,40-ft,72.24775535423497,97.90073100435671,137.71741633266006,1.3550695177219514,1.906182630275827,72.64171436092967,65.58201838073404,SUCCESS,SUCCESS,72.64171436092965,SUCCESS,65.58201838073401,SUCCESS,0.0,0.0
2160414,152,6,1,MF,PCT,NG40LF,40-ft,222.26114501767864,323.37099812513003,471.22066188313767,1.4549146595074416,2.1201216337010087,32.66471664448049,6.450237254762829,SUCCESS,FAILURE,32.664716644480514,SUCCESS,68.94205506376301,SUCCESS,0.0,352.4538524427611
2160415,152,11,1,MF,PCT,NG40LF,40-ft,217.7024733764162,309.05745233959436,448.18736710630327,1.4196322510549606,2.0587150901651428,35.20257937241235,10.53415476838595,SUCCESS,FAILURE,35.202579372412345,SUCCESS,66.87635248807872,SUCCESS,0.0,317.76999513906736
2160417,152,12,1,MF,PCT,NG40LF,40-ft,289.40762891891666,418.08622918295146,616.3494268800945,1.4446275336442036,2.129693087851451,15.871235960469605,-19.281813276612496,FAILURE,FAILURE,70.92900195449475,SUCCESS,65.17273994694695,SUCCESS,310.52580020630177,476.3236801808754
2160418,152,5,1,MF,PCT,NG40LF,40-ft,218.50848336355824,314.9414905570635,459.04874713552874,1.441323859417661,2.100828032254269,34.15931018491782,8.608378167459446,SUCCESS,FAILURE,34.15931018491779,SUCCESS,60.818073163013395,SUCCESS,0.0,294.4626797749244
2160419,152,14,1,MF,PCT,NG40LF,40-ft,229.13550458262975,327.1964838297422,475.95523026378874,1.4279606489868537,2.0771780049134727,31.98643903727976,5.610774775923987,SUCCESS,FAILURE,31.986439037279734,SUCCESS,58.62104964624501,SUCCESS,0.0,298.9779502686107
2160420,152,52,1,MF,PCT,NG40LF,40-ft,100.86237787114527,132.36927278423397,186.30723733933726,1.3123750954329048,1.847143020734157,66.53027078293724,56.966801890188435,SUCCESS,SUCCESS,66.53027078293722,SUCCESS,56.966801890188414,SUCCESS,0.0,0.0
2160421,152,7,1,MF,PCT,NG40LF,40-ft,270.55423818219674,382.9360423080256,537.2710744034667,1.4153762472208942,1.9858165150665925,22.103538597867807,-5.260828794940908,SUCCESS,FAILURE,22.103538597867807,SUCCESS,64.281445976766,SUCCESS,0.0,392.218429712427
2160423,152,24,2,SAT,PCT,NG40LF,40-ft,317.02885822148295,444.8403390310153,645.1221903518418,1.40315408990383,2.034900525999264,11.127599462585948,-24.383367083659895,FAILURE,FAILURE,69.17238181371295,SUCCESS,65.17823294864444,SUCCESS,327.372572460356,505.12742418219676
2160424,152,25,2,SAT,PCT,NG40LF,40-ft,279.6723778522686,372.53894142896013,533.8267938130764,1.3320548289032192,1.908757661062473,23.94699620053899,-4.650140746999357,SUCCESS,FAILURE,23.94699620053902,SUCCESS,67.56311604901656,SUCCESS,0.0,407.28276832952963
2160425,151,23,2,SAT,PCT,NG40LF,40-ft,298.8960302725462,456.7973670542409,664.6477610325671,1.52828181303617,2.2236754379993364,9.007559032936014,-27.845347700809768,FAILURE,FAILURE,71.61199904778013,SUCCESS,63.91121229786807,SUCCESS,353.08904168372055,517.5069983925437
2160426,151,34,2,SAT,PCT,NG40LF,40-ft,140.03606342212893,200.52300060556465,284.55909167139936,1.4319382857907257,2.0320414950084382,54.446276488375055,39.54626034195047,SUCCESS,SUCCESS,54.446276488375055,SUCCESS,39.54626034195046,SUCCESS,0.0,0.0
2160427,151,29,2,SAT,PCT,NG40LF,40-ft,277.4997013961424,410.3125193444427,594.2123213486435,1.478605264366409,2.1413079666719375,17.249553307722927,-15.356794565362323,FAILURE,FAILURE,71.41341881261246,SUCCESS,68.64310720685268,SUCCESS,305.48420144757705,473.7594459952929
2160428,151,22,2,SAT,PCT,NG40LF,40-ft,271.87207703239915,397.79873548955663,576.0213306409717,1.4631834936184003,2.1187219258722436,19.468309310362304,-12.131441603009154,FAILURE,FAILURE,63.85744751632054,SUCCESS,64.70448638366054,SUCCESS,250.3547394816045,433.35463384481733
2160429,151,21,2,SAT,PCT,NG40LF,40-ft,287.9572486929919,449.1292611014898,661.4713595517703,1.5597081273002882,2.2971165426608295,10.367152286969894,-27.282155948895443,FAILURE,FAILURE,69.34838127844338,SUCCESS,67.65878327357584,SUCCESS,332.6541315119103,535.4668972147384
2160430,151,30,2,SAT,PCT,NG40LF,40-ft,206.48524582579935,307.7767032911063,445.9270631982545,1.4905505817629274,2.1596073918737004,35.4296625370379,10.93491787264992,SUCCESS,FAILURE,35.429662537037885,SUCCESS,69.09131880485727,SUCCESS,0.0,328.0021012576496
2160431,151,25,2,SAT,PCT,NG40LF,40-ft,377.81733524094966,545.5896139825797,802.7085649982617,1.4440565932069656,2.1245943214499183,-6.735747160031866,-52.324213652174066,FAILURE,FAILURE,63.9284081876591,SUCCESS,61.4840125319685,SUCCESS,398.545836160977,641.8783956785646
2160432,151,24,2,SAT,PCT,NG40LF,40-ft,332.60754519386353,482.104415168431,709.4523335460409,1.4494692683157016,2.133001321820675,4.520493764462595,-35.78942084149661,FAILURE,FAILURE,68.70611563489659,SUCCESS,62.93986425581149,SUCCESS,362.0069073492477,556.8331679488181
2160433,151,59,3,SUN,PCT,NG40LF,40-ft,254.52463340629262,375.28447540484575,541.7809527679627,1.4744524739410452,2.1285992853317603,23.46019939630395,-6.0604526184331045,SUCCESS,FAILURE,23.460199396303924,SUCCESS,61.54831689155264,SUCCESS,0.0,381.3134600363198
2160434,151,58,3,SUN,PCT,NG40LF,40-ft,309.42308622330097,466.69058751962143,675.8767005473813,1.5082603991055323,2.184312453207264,7.253441929145141,-29.83629442329456,FAILURE,FAILURE,59.13545032716014,SUCCESS,50.6048883748724,SUCCESS,292.61452736480487,453.6882709816622
2160435,151,63,3,SUN,PCT,NG40LF,40-ft,308.9265247604022,468.3587940351111,680.9828981254202,1.5160847531572814,2.2043523088656056,6.957660632072506,-30.741648603797906,FAILURE,FAILURE,66.6988233213415,SUCCESS,63.42338573449147,SUCCESS,336.94015756747734,531.0907936679525
2160436,151,55,3,SUN,PCT,NG40LF,40-ft,337.5219260186439,437.19253758832883,615.2220118531775,1.2953011460481514,1.8227616176236032,12.483592626182835,-19.08191699524423,FAILURE,FAILURE,71.4493857204076,SUCCESS,69.94160743242342,SUCCESS,332.5670730514278,502.09267777204553
2160437,152,52,3,SUN,PCT,NG40LF,40-ft,335.77815383058584,450.69338431097015,644.496799452458,1.3422355777748538,1.9194125409886962,10.089825476778348,-24.272482172421636,FAILURE,FAILURE,73.04083522300064,SUCCESS,68.83087890583515,SUCCESS,355.04369496869356,525.1029564813682
2160449,410,31,1,MF,HTC,NG40LF,40-ft,274.7836340318422,358.8140946542754,520.4238841535322,1.3058059149647014,1.8939406125374443,26.380479671227775,-2.2737383250943553,SUCCESS,FAILURE,26.380479671227736,SUCCESS,36.245215377479965,SUCCESS,0.0,217.24689888251936
2160450,410,4,1,MF,HTC,NG40LF,40-ft,392.76097096168115,523.3191881485174,760.35748803799,1.3324113820860624,1.9359293419003505,-2.787090097254846,-44.81515745354433,FAILURE,FAILURE,62.02057548484593,SUCCESS,22.766711534026474,SUCCESS,365.5152338830483,381.1617410898997
2160451,388,1,1,MF,HTC,NG40LF,40-ft,346.4733557675385,465.7290856065692,679.7031628448574,1.3441988477724205,1.9617761410227883,7.423920991743056,-30.514745185258395,FAILURE,FAILURE,52.77693187279395,SUCCESS,24.86137314111729,SUCCESS,255.79098136912705,312.32130736075896
2160452,410,2,1,MF,HTC,NG40LF,40-ft,327.04948785092364,448.8172203671921,661.2606590900926,1.3723220400570475,2.0218978584412577,10.42247865829928,-27.244797711009326,FAILURE,FAILURE,49.32894886699324,SUCCESS,13.02327591121114,FAILURE,219.43249197703392,227.11193522932365
2160453,410,15,1,MF,HTC,NG40LF,40-ft,388.4675516908057,535.3550181408309,789.4932320934766,1.3781202981064886,2.0323273556754122,-4.921102507239518,-49.981069520119966,FAILURE,FAILURE,53.03476142875152,SUCCESS,19.81205457568,FAILURE,326.87107259898954,393.6332199003118
2160454,410,16,1,MF,HTC,EL40QC,40-ft,85.67432710602986,111.75983549164681,162.13973774759543,1.3044728714744818,1.8925125323357672,70.1844263312683,61.25181954829869,SUCCESS,SUCCESS,70.18442633126828,SUCCESS,61.25181954829869,SUCCESS,0.0,0.0
2160455,410,35,1,MF,HTC,EL40QC,40-ft,85.67432710602986,111.75983549164681,162.13973774759543,1.3044728714744818,1.8925125323357672,70.1844263312683,61.25181954829869,SUCCESS,SUCCESS,70.18442633126828,SUCCESS,61.25181954829869,SUCCESS,0.0,0.0
2160456,410,30,1,MF,HTC,NG40LF,40-ft,447.9070971464766,593.8082721309183,864.9367677520322,1.3257398150508173,1.9310628772403147,-15.285154633141545,-63.35758293475748,FAILURE,FAILURE,51.11740596121044,SUCCESS,2.170627541896714,FAILURE,374.5104417521454,369.5791070883297
2160457,410,32,1,MF,HTC,NG40LF,40-ft,72.83058070980289,99.82715583048092,147.3669907080174,1.37067636777808,2.023421882288823,72.30014967544665,63.87110093829479,SUCCESS,SUCCESS,72.30014967544666,SUCCESS,63.87110093829479,SUCCESS,0.0,0.0
2160458,123,21,1,MF,HTC,NG40LF,40-ft,187.2274161501636,279.3227528723722,415.3740354091451,1.491890229625049,2.2185534787063403,40.474689207026216,16.352121381357254,SUCCESS,FAILURE,40.474689207026174,SUCCESS,54.47535191295654,SUCCESS,0.0,215.01502019821993
2160459,410,41,1,MF,HTC,NG40LF,40-ft,250.5559532919963,335.27777694350505,490.5414370926495,1.3381353447737658,1.9578119403971044,30.553585648314712,3.024567891374203,SUCCESS,FAILURE,30.55358564831469,SUCCESS,42.3493259143822,SUCCESS,0.0,221.7916352497652
2160460,410,45,1,MF,HTC,EL40QC,40-ft,121.56482514063518,164.60197900590123,241.8606997842888,1.35402637083118,1.9895615323304785,60.815251949308305,47.11689720136723,SUCCESS,SUCCESS,60.81525194930829,SUCCESS,47.116897201367244,SUCCESS,0.0,0.0
2160461,410,11,1,MF,HTC,NG40LF,40-ft,337.6587674766464,432.2980259365606,615.5241994268542,1.2802807673769636,1.822917864762466,13.351413841035361,-19.135496352279116,FAILURE,FAILURE,60.168257195526586,SUCCESS,33.306035081154604,SUCCESS,264.0469965193305,295.7702372845664
2160462,410,43,1,MF,HTC,NG40LF,40-ft,304.73354980903235,411.0608899556229,596.5016813859474,1.3489190481757678,1.9574532628906718,17.11686348304559,-15.762709465593517,FAILURE,FAILURE,52.982196582661444,SUCCESS,29.896136029262138,SUCCESS,202.28047868183342,257.5158885909858
2160464,388,7,1,MF,HTC,NG40LF,40-ft,136.90078472018504,164.40522738432927,231.10170077133625,1.2009078525032653,1.6880962460784343,60.85013698859411,49.02452113983401,SUCCESS,SUCCESS,60.85013698859411,SUCCESS,49.02452113983401,SUCCESS,0.0,0.0
2160465,388,5,1,MF,HTC,NG40LF,40-ft,232.65666811862425,298.9683633346198,425.60756968086486,1.2850195343732222,1.8293375088818047,36.99142494067025,14.53766495020127,SUCCESS,FAILURE,36.99142494067023,SUCCESS,42.088158834426714,SUCCESS,0.0,155.3847855070315
2160466,410,24,1,MF,HTC,NG40LF,40-ft,110.69392523652787,136.9519396771327,195.29041097840204,1.2372127863791749,1.764237834742156,65.71774119199775,55.374040606666306,SUCCESS,SUCCESS,65.71774119199773,SUCCESS,55.3740406066663,SUCCESS,0.0,0.0
2160467,410,59,1,MF,HTC,NG40LF,40-ft,72.66916763126893,98.57270996487135,145.22981794422333,1.356458497846566,1.9985066938035514,72.52256915516465,64.25003227939303,SUCCESS,SUCCESS,72.52256915516465,SUCCESS,64.25003227939304,SUCCESS,0.0,0.0
2160468,410,39,1,MF,HTC,NG40LF,40-ft,256.89556304396456,350.1780407426364,515.2556658078346,1.363114397903041,2.0057009148097076,27.911694903787872,-1.357387554580597,SUCCESS,FAILURE,27.911694903787858,SUCCESS,21.736276095602193,SUCCESS,0.0,130.24826298703096
2160469,410,49,1,MF,HTC,EL40QC,40-ft,74.77893478221728,99.69010641351991,146.10718423386442,1.3331308703962257,1.9538548477506432,72.32444921746102,64.09447088052049,SUCCESS,SUCCESS,72.32444921746102,SUCCESS,64.09447088052049,SUCCESS,0.0,0.0
2160470,388,2,1,MF,HTC,NG40LF,40-ft,278.18305042950897,364.31647920045197,523.3856952357143,1.3096286011601164,1.881443511485036,25.40487957438795,-2.7988821339918846,SUCCESS,FAILURE,25.404879574387955,SUCCESS,35.50669374530527,SUCCESS,0.0,216.04344795923603
2160471,410,12,1,MF,HTC,NG40LF,40-ft,434.45519723673254,592.8263176089653,871.9147261685209,1.364528083400823,2.0069151703424524,-15.11104922144774,-64.59480960434767,FAILURE,FAILURE,56.21143452170485,SUCCESS,-20.346167213907044,FAILURE,402.25880831138085,249.5623430820855
2160472,410,47,1,MF,HTC,NG40LF,40-ft,159.29742251097707,203.11472188482892,291.2393884610966,1.2750659658089096,1.8282743303083107,53.986751438860125,38.361810556543155,SUCCESS,SUCCESS,53.98675143886011,SUCCESS,38.361810556543155,SUCCESS,0.0,0.0
2160473,410,50,1,MF,HTC,NG40LF,40-ft,256.5651733995786,335.31558564974716,484.10005459093355,1.30694116121334,1.8868502227969521,30.546881976995188,4.166656987423132,SUCCESS,FAILURE,30.546881976995166,SUCCESS,41.4605737409839,SUCCESS,0.0,210.33769049008268
2160474,410,29,1,MF,HTC,NG40LF,40-ft,259.29599858897075,358.79320172908785,524.7818009384144,1.3837205498023804,2.02387157454861,26.384184090587265,-3.046418606101849,SUCCESS,FAILURE,26.384184090587258,SUCCESS,33.59006217677195,SUCCESS,0.0,206.62975161540822
2160475,410,7,2,SAT,HTC,NG40LF,40-ft,416.17322912676826,581.9983644124181,855.0192280562123,1.3984521917317723,2.0544791644821765,-13.191199363903921,-61.59915391067594,FAILURE,FAILURE,65.57774670710675,SUCCESS,12.480425987728154,FAILURE,444.25685584050046,417.8088306269993
2160476,410,8,2,SAT,HTC,NG40LF,40-ft,248.6131262256958,327.554472044416,477.25627276149476,1.3175268619849771,1.919674475788669,31.922965949571637,5.3800934820044795,SUCCESS,FAILURE,31.922965949571626,SUCCESS,34.74430906077531,SUCCESS,0.0,165.6141758642675
2160477,123,25,2,SAT,HTC,NG40LF,40-ft,79.97877021555156,130.33476786453062,201.18266638764166,1.629617053541385,2.515450860840099,66.89099860557968,54.3293144702763,SUCCESS,SUCCESS,66.89099860557965,SUCCESS,54.32931447027634,SUCCESS,0.0,0.0
2160478,410,9,2,SAT,HTC,NG40LF,40-ft,399.03625141110155,557.9956442077219,819.7556543673755,1.398358275055202,2.054338801220428,-8.935397909170536,-55.346747228258074,FAILURE,FAILURE,70.4830520203212,SUCCESS,35.98770709076033,SUCCESS,447.9200576023335,515.1263223592638
2160479,410,10,2,SAT,HTC,NG40LF,40-ft,406.5338566629866,542.7422213292908,791.5347221940788,1.3350480222837133,1.947032723649029,-6.230890306611845,-50.34303585001396,FAILURE,FAILURE,43.4683513457647,SUCCESS,-17.076258258972434,FAILURE,280.3037229194039,187.62462561347442
2160480,410,6,2,SAT,HTC,NG40LF,40-ft,354.8937481058866,475.35783260296125,693.186466502052,1.3394370431713913,1.9532225354818928,5.7166963469926895,-32.90540186206595,FAILURE,FAILURE,38.10520300487928,SUCCESS,-13.000508839262487,FAILURE,182.67117755048048,112.26359664861178
2160481,410,3,2,SAT,HTC,NG40LF,40-ft,441.32525223878,591.8404868316431,863.250191514081,1.3410528489573639,1.9560407820194652,-14.936256530433178,-63.05854459469522,FAILURE,FAILURE,47.66988024432456,SUCCESS,-24.25094566312942,FAILURE,353.0986114096338,218.8748579740312
2160482,410,1,3,SUN,HTC,NG40LF,40-ft,406.8581510083263,543.0451517947066,792.0979357299769,1.334728456217148,1.9468651021662013,-6.284601382040175,-50.442896406024275,FAILURE,FAILURE,52.88453587988585,SUCCESS,32.897594844962434,SUCCESS,333.7139341572629,470.04037065556554
2160483,410,8,3,SUN,HTC,NG40LF,40-ft,431.4245694854814,575.5303632377365,839.8058379696344,1.334023150151407,1.946587879710212,-12.044390644988743,-58.901744320857155,FAILURE,FAILURE,70.50851193360356,SUCCESS,48.55395060370806,SUCCESS,465.5983705432608,606.0501193745482
2160490,106,2,1,MF,HTC,NG40LF,40-ft,231.56832359251678,352.1094142158697,525.1402811923056,1.520542225954294,2.2677552484094403,27.569252798604666,-3.1099789348059472,SUCCESS,FAILURE,27.569252798604655,SUCCESS,35.827727785204175,SUCCESS,0.0,219.60866590085712
2160491,106,13,1,MF,HTC,HY40LF,40-ft,61.65117563399816,104.72808428630701,159.24866435934646,1.6987199872398484,2.5830596533106043,71.43119072937819,61.764421212881835,SUCCESS,SUCCESS,71.43119072937822,SUCCESS,61.764421212881814,SUCCESS,0.0,0.0
2160492,106,1,1,MF,HTC,NG40LF,40-ft,240.1937464528981,415.1998254179382,625.9952659910513,1.728603810671477,2.606209675462174,16.383009677670536,-20.992068438129653,FAILURE,FAILURE,62.40444651260736,SUCCESS,42.13923076618949,SUCCESS,259.56090374904346,356.06052751236
2160496,123,1,1,MF,HTC,NG40LF,40-ft,356.0756284068819,595.2691737240945,893.0564308862923,1.6717492752519696,2.508052670950597,-15.544179738314618,-68.3433388096263,FAILURE,FAILURE,69.4558589473757,SUCCESS,-39.412851212612146,FAILURE,479.4002181872933,163.1679500471598
2160497,123,7,1,MF,HTC,NG40LF,40-ft,223.49954128992692,392.0532173162554,593.8503505570811,1.7541566978326733,2.6570540016756885,20.487018206337694,-15.292615347000197,SUCCESS,FAILURE,20.48701820633769,SUCCESS,47.11895069920077,SUCCESS,0.0,352.00123250057356
2160498,106,3,1,MF,HTC,NG40LF,40-ft,152.51770722999512,256.06158240655225,388.04876468949203,1.678897401863077,2.54428663882495,44.59901021160422,21.19702753732411,SUCCESS,SUCCESS,44.599010211604224,SUCCESS,21.19702753732411,SUCCESS,0.0,0.0
2160499,123,3,1,MF,HTC,NG40LF,40-ft,223.51496596664123,377.2362852415845,574.3180746921532,1.687745085033302,2.5694837578700125,23.114133822414104,-11.829445867403052,SUCCESS,FAILURE,23.114133822414107,SUCCESS,69.69596701508763,SUCCESS,0.0,459.8033286572472
2160500,123,6,1,MF,HTC,NG40LF,40-ft,267.20519864783256,456.1375776757057,691.9104702445222,1.707068500103846,2.5894349127407392,9.124542965300412,-32.67916139087273,FAILURE,FAILURE,71.62986902570198,SUCCESS,60.11653432764577,SUCCESS,352.53003898066464,523.3677238524444
2160501,106,11,1,MF,HTC,NG40LF,40-ft,24.323132508082196,35.00713900812412,51.94491986366875,1.439252900361078,2.1356180108137086,83.79306045955246,80.78990782559065,SUCCESS,SUCCESS,83.79306045955246,SUCCESS,80.78990782559063,SUCCESS,0.0,0.0
2160502,106,7,1,MF,HTC,NG40LF,40-ft,161.19262396977402,290.650605028128,445.39198301448727,1.8031259611645085,2.7631039935053403,38.46620478224681,11.02979024565829,SUCCESS,FAILURE,38.46620478224686,SUCCESS,64.98456012750466,SUCCESS,0.0,304.30490213361367
2160504,123,10,1,MF,HTC,NG40LF,40-ft,243.19357909466055,413.8673504433558,629.3581991044147,1.7018021280992055,2.5878898671886548,16.61926410578798,-21.588333174541603,FAILURE,FAILURE,70.87783823164773,SUCCESS,59.92775047869765,SUCCESS,306.0183580698488,459.75071180426943
2160505,106,5,1,MF,HTC,NG40LF,40-ft,166.6050488125398,288.8336779908234,434.75169044378555,1.7336430081168337,2.609474884119258,38.788354966166075,12.916366942591218,SUCCESS,FAILURE,38.788354966166075,SUCCESS,59.5589362634587,SUCCESS,0.0,263.06409096969264
2160506,123,2,1,MF,HTC,NG40LF,40-ft,181.95452852796618,320.6477505222072,488.7773590856265,1.7622411110967435,2.6862610292796423,33.14756196414766,3.3373476798534667,SUCCESS,FAILURE,33.14756196414769,SUCCESS,60.932507429773,SUCCESS,0.0,324.8367009895463
2160507,106,9,1,MF,HTC,NG40LF,40-ft,36.76581355005418,58.247454100851755,87.71283469556131,1.5842830193748265,2.3857172254911805,79.67243721616104,74.44807895468772,SUCCESS,SUCCESS,79.67243721616106,SUCCESS,74.4480789546877,SUCCESS,0.0,0.0
2160508,123,29,1,MF,HTC,NG40LF,40-ft,55.58780092747567,83.79175085907816,124.18691061206007,1.5073766089146006,2.2340677008267398,75.14330658526983,67.98104421771986,SUCCESS,SUCCESS,75.14330658526983,SUCCESS,67.98104421771986,SUCCESS,0.0,0.0
2160509,410,27,1,MF,HTC,NG40LF,40-ft,88.79602781867158,118.61372665724225,172.0810287073095,1.3357999177560143,1.9379361096952716,68.96919740119819,59.48917930721463,SUCCESS,SUCCESS,68.96919740119819,SUCCESS,59.48917930721461,SUCCESS,0.0,0.0
2160510,106,6,2,SAT,HTC,NG40LF,40-ft,210.96334813766194,383.6118653990384,588.4636423420576,1.818381575688287,2.7894117510784944,21.983711808681143,-14.337525237953471,SUCCESS,FAILURE,21.983711808681164,SUCCESS,68.24692585953761,SUCCESS,0.0,465.7763041898499
2160511,123,9,2,SAT,HTC,NG40LF,40-ft,332.22672783751415,524.495739958416,791.318235336993,1.5787283081418333,2.3818620509184676,-2.995698574187237,-50.304651655495206,FAILURE,FAILURE,69.1190321481847,SUCCESS,66.66458518069143,SUCCESS,406.727081274178,659.7064957560924
2160512,106,9,2,SAT,HTC,NG40LF,40-ft,111.4218998018861,197.6893446572175,302.3203236869169,1.7742413745297771,2.713293564590606,54.9486977558125,36.397105729270066,SUCCESS,SUCCESS,54.94869775581254,SUCCESS,36.397105729270045,SUCCESS,0.0,0.0
2160513,106,1,2,SAT,HTC,NG40LF,40-ft,309.9137892268458,530.4508672387561,802.5706638092528,1.7116078266865535,2.589657807132292,-4.05157220545321,-52.29976308674694,FAILURE,FAILURE,72.02769006473517,SUCCESS,66.57386868582287,SUCCESS,429.0870392038623,670.4472831972939
2160514,123,22,2,SAT,HTC,NG40LF,40-ft,204.01465686409355,371.5920511877691,569.9891141298807,1.8213987999661658,2.7938635531935567,24.114884541175698,-11.06189966841856,SUCCESS,FAILURE,24.11488454117574,SUCCESS,69.05909083391845,SUCCESS,0.0,451.88238643318095
2160515,106,2,2,SAT,HTC,NG40LF,40-ft,174.59177933016457,310.78575955816154,478.46978417882855,1.7800709790032276,2.740505801673575,34.896141922311784,5.164931883186432,SUCCESS,FAILURE,34.896141922311806,SUCCESS,62.74076370259555,SUCCESS,0.0,324.7276914614674
2160516,123,6,2,SAT,HTC,NG40LF,40-ft,198.52066709568996,360.3715503063108,552.695727510165,1.815284804239582,2.78407148029458,26.104335052072557,-7.995696367050538,SUCCESS,FAILURE,26.104335052072592,SUCCESS,55.72528371866782,SUCCESS,0.0,359.38632768345167
2160517,123,1,2,SAT,HTC,NG40LF,40-ft,320.97460177993923,537.5212179602144,817.2902635702235,1.6746534304565939,2.5462770544398374,-5.305180489399705,-54.909621200394234,FAILURE,FAILURE,66.0826157363761,SUCCESS,57.69998802978876,SUCCESS,402.62717071337545,635.1181960582319
2160518,123,18,2,SAT,HTC,NG40LF,40-ft,176.6899640836637,277.52851148539213,418.32789142223004,1.5707089699445567,2.367581506916541,40.79281711251913,15.828388045703898,SUCCESS,FAILURE,40.79281711251914,SUCCESS,65.2549460493181,SUCCESS,0.0,278.7657871403842
2160519,106,17,3,SUN,HTC,NG40LF,40-ft,92.65918866189533,161.46482272395463,247.4448222211633,1.7425667659699093,2.6704833680776785,61.37148533263216,46.126804570715734,SUCCESS,SUCCESS,61.37148533263218,SUCCESS,46.12680457071573,SUCCESS,0.0,0.0
2160520,106,6,3,SUN,HTC,NG40LF,40-ft,137.90272521802942,245.1568844291981,375.4427939322055,1.7777522818464668,2.7225190317204846,46.53246729978757,23.432128735424556,SUCCESS,SUCCESS,46.53246729978762,SUCCESS,23.43212873542454,SUCCESS,0.0,0.0
2160521,106,5,3,SUN,HTC,NG40LF,40-ft,284.31691347128896,477.0620117798064,718.0153088767448,1.6779234339429523,2.5254048382501586,5.414536918474043,-37.30767887885546,FAILURE,FAILURE,57.07393041162804,SUCCESS,43.04153852939807,SUCCESS,291.35897930138844,453.1695861825498
2160522,106,10,3,SUN,HTC,NG40LF,40-ft,334.2352535816198,511.7618792496185,758.7057265631488,1.5311427318502384,2.2699751699827018,-0.7379218527692365,-44.522291943820704,FAILURE,FAILURE,64.02435262210805,SUCCESS,59.005625678952214,SUCCESS,365.2592280383078,583.8974553924389
2160523,106,21,3,SUN,HTC,NG40LF,40-ft,89.65732213359408,156.0070443661527,238.4746735519461,1.7400368497923024,2.65984604354574,62.339176530823984,47.717256462420906,SUCCESS,SUCCESS,62.33917653082401,SUCCESS,47.71725646242089,SUCCESS,0.0,0.0
2160524,123,10,3,SUN,HTC,NG40LF,40-ft,199.0448822151538,341.54983101823257,515.1925684504314,1.7159437972840756,2.5883236118251145,29.441519323008414,-1.3462000798637184,SUCCESS,FAILURE,29.441519323008418,SUCCESS,52.447038291078464,SUCCESS,0.0,303.3938644121138
2160526,106,18,3,SUN,HTC,NG40LF,40-ft,168.8888943062427,301.04657814672,461.95348366457716,1.7825125765868213,2.7352508023821067,36.622947137106394,8.093353960181359,SUCCESS,FAILURE,36.62294713710643,SUCCESS,70.35988164561721,SUCCESS,0.0,351.18321614585824
2160527,106,14,3,SUN,HTC,HY40LF,40-ft,361.23804466050694,543.4238645487181,808.2220396898566,1.5043372994099506,2.237366887669396,-6.35174903346066,-53.301780086854,FAILURE,FAILURE,80.05035241999916,SUCCESS,68.9819807463703,SUCCESS,487.3078521975133,689.6804110993853
2160528,123,12,3,SUN,HTC,NG40LF,40-ft,144.28174796309546,251.79918410515785,383.9349429815848,1.7451908343220468,2.6610083978174988,45.35475459128408,21.9264285493644,SUCCESS,SUCCESS,45.3547545912841,SUCCESS,21.926428549364378,SUCCESS,0.0,0.0
2160529,106,3,3,SUN,HTC,NG40LF,40-ft,249.5641669050638,438.11640980666795,683.1257395343017,1.7555261047285324,2.737274938169181,12.319785495271644,-31.121585023812358,FAILURE,FAILURE,68.62182879668177,SUCCESS,69.92924844663067,SUCCESS,317.54352421995304,569.9267007732985
2160546,183,52,1,MF,PCT,NG40LF,40-ft,85.12137661497346,110.24556417894657,152.41824711122266,1.295157204489496,1.7905989443832748,70.45291415266905,62.97548810084705,SUCCESS,SUCCESS,70.45291415266907,SUCCESS,62.975488100847045,SUCCESS,0.0,0.0
2160547,152,53,1,MF,PCT,NG40LF,40-ft,92.26177129708952,124.17730392108774,179.60527837495832,1.3459236927202265,1.946692284896812,67.98274753172203,58.15509248670953,SUCCESS,SUCCESS,67.98274753172203,SUCCESS,58.15509248670951,SUCCESS,0.0,0.0
2160548,152,59,1,MF,PCT,NG40LF,40-ft,57.67900246907482,72.94709837961763,103.25553005099736,1.264708043776051,1.7901753780564924,77.06611730857844,71.69228190585153,SUCCESS,SUCCESS,77.06611730857844,SUCCESS,71.69228190585153,SUCCESS,0.0,0.0
2160549,701,3,1,MF,PCT,NG40LF,40-ft,512.536319359405,648.2282385760049,913.2230975466323,1.264745958659466,1.7817724579753234,-24.934084853901567,-71.91898892670785,FAILURE,FAILURE,9.740190324675915,FAILURE,-34.39586088394551,FAILURE,195.56291200717698,211.63044216117967
2160550,106,12,1,MF,HTC,NG40LF,40-ft,191.4822109136017,307.3891474082033,468.0754050324665,1.6053143837309238,2.4444850662585353,35.498378119112886,7.007906909137149,SUCCESS,FAILURE,35.498378119112864,SUCCESS,71.13258344776825,SUCCESS,0.0,361.6631756778795
2160551,151,28,2,SAT,PCT,NG40LF,40-ft,349.0473027649043,502.9287506906277,743.1094376701628,1.4408613007657818,2.1289648474111638,0.8282356931511246,-41.75699249470971,FAILURE,FAILURE,70.48011577332241,SUCCESS,64.6154532351571,SUCCESS,392.83660365216576,599.9405939164492
2160552,151,32,2,SAT,PCT,NG40LF,40-ft,322.8071920882978,470.8410630154592,695.0230524708128,1.4585829391517073,2.1530593788031287,6.517542018535605,-33.23103767212992,FAILURE,FAILURE,68.81626561064932,SUCCESS,67.35388493488733,SUCCESS,351.36480105952126,567.2989635035779
2160553,151,60,3,SUN,PCT,NG40LF,40-ft,363.2485823557895,520.6359813578407,768.246678716599,1.4332773936276388,2.1149337286721406,-2.3113442123831,-46.21395012705656,FAILURE,FAILURE,61.60075825854108,SUCCESS,64.70862429315432,SUCCESS,360.4642579360122,625.6033197299898
2160554,151,57,3,SUN,PCT,NG40LF,40-ft,360.15737065602747,508.8656455305338,746.4622703463551,1.4128980467722592,2.0726002885535078,-0.2244052359102462,-42.35146637346722,FAILURE,FAILURE,65.07437320309387,SUCCESS,61.07539656559552,SUCCESS,368.2851103959831,583.3275069763142
2160555,151,62,3,SUN,PCT,NG40LF,40-ft,296.66717256541574,419.7882013426016,615.9193599484801,1.4150139960296328,2.0761291336090397,15.569467847056456,-19.2055602745532,FAILURE,FAILURE,65.9874808414705,SUCCESS,65.8073324603255,SUCCESS,284.35759328849485,479.47271502471597
2160556,151,65,3,SUN,PCT,NG40LF,40-ft,265.17561543716306,380.3283316284384,561.3540199947631,1.4342507737803754,2.116914178060175,22.565898647440008,-9.53085460900055,SUCCESS,FAILURE,22.565898647440008,SUCCESS,63.55583027543078,SUCCESS,0.0,412.20890274819277
2160557,123,45,1,MF,HTC,NG40LF,40-ft,64.54656114262329,96.12467193922232,140.20116880512464,1.4892299487004963,2.1720935449269483,72.9566184504925,65.14163673668003,SUCCESS,SUCCESS,72.95661845049248,SUCCESS,65.14163673668006,SUCCESS,0.0,0.0
2160558,106,8,1,MF,HTC,NG40LF,40-ft,208.01925002069655,352.67958404805455,531.475852082127,1.6954180154623442,2.5549359111199976,27.46815885672792,-4.233307106760093,SUCCESS,FAILURE,27.468158856727932,SUCCESS,70.21488266988577,SUCCESS,0.0,419.8877903402827
2160559,123,9,1,MF,HTC,NG40LF,40-ft,178.59319106716256,306.3207898240341,458.3517300651131,1.7151873931679606,2.5664569143217966,35.687803222689,8.731962754412576,SUCCESS,FAILURE,35.68780322268897,SUCCESS,65.21500231022482,SUCCESS,0.0,318.56434309478095
2160560,123,26,1,MF,HTC,NG40LF,40-ft,149.3265972060158,258.5397500927889,397.3759475599805,1.7313710680495793,2.661119686613817,44.159618777874314,19.543271709223323,SUCCESS,FAILURE,44.15961877787433,SUCCESS,68.78471961277288,SUCCESS,0.0,277.7217661760195
2160561,410,17,1,MF,HTC,NG40LF,40-ft,315.97515232715807,423.19237301685854,617.9692708443442,1.3393216836831798,1.9557527428755028,14.965891309067638,-19.56901965325252,FAILURE,FAILURE,56.2972254885988,SUCCESS,30.234929694044816,SUCCESS,233.10872477255577,280.894274318757
2160562,410,55,1,MF,HTC,NG40LF,40-ft,229.63748671037166,321.09863745764795,475.8193469980222,1.3982849318614556,2.0720456133459835,33.06761747204824,5.63486755354217,SUCCESS,FAILURE,33.06761747204823,SUCCESS,66.83389324063401,SUCCESS,0.0,345.162504875198
2160563,123,5,1,MF,HTC,NG40LF,40-ft,57.275182881786705,84.72036008223303,126.87235400251926,1.4791809614487288,2.21513660225892,74.97865955988777,67.50490177260296,SUCCESS,SUCCESS,74.97865955988775,SUCCESS,67.50490177260298,SUCCESS,0.0,0.0
2160564,410,20,1,MF,HTC,NG40LF,40-ft,323.70214190027576,546.8809029895547,817.4422260481582,1.6894571650935646,2.525291372029262,-6.9646991116231645,-54.9365649021557,FAILURE,FAILURE,55.254067485885564,SUCCESS,42.18533503665549,SUCCESS,350.91384360994937,547.7675156548946
2160565,123,39,1,MF,HTC,NG40LF,40-ft,173.6978896717715,277.49382443763113,418.66665555193464,1.5975658942201187,2.410315153183892,40.798967298292354,15.768323483699536,SUCCESS,FAILURE,40.79896729829234,SUCCESS,55.11559146258813,SUCCESS,0.0,221.91859140093175
2160566,410,1,1,MF,HTC,NG40LF,40-ft,273.1084683658469,412.9751742460503,612.2069743559317,1.512128776954813,2.2416257467924425,16.777451374813783,-18.547335878711294,FAILURE,FAILURE,66.39793554322368,SUCCESS,42.785136072978474,SUCCESS,279.8595307098319,345.9151418075302
2160567,410,58,1,MF,HTC,NG40LF,40-ft,157.58519874122547,231.5765149361325,342.0639289404004,1.4695321437923239,2.170660262973758,48.94033423118218,29.35036720914887,SUCCESS,SUCCESS,48.94033423118218,SUCCESS,29.35036720914886,SUCCESS,0.0,0.0
2160569,410,8,1,MF,HTC,NG40LF,40-ft,222.35727096385082,379.36579485528983,582.6464315135013,1.7061092412712886,2.62031652478872,22.7365611958706,-13.306104878280363,SUCCESS,FAILURE,22.736561195870593,SUCCESS,66.86058892214778,SUCCESS,0.0,452.14015303441477
2160570,123,44,1,MF,HTC,HY40LF,40-ft,40.78470255134651,78.32782373677365,109.48606620304984,1.9205196761742143,2.684488530110296,76.11208798993376,70.58757691435287,SUCCESS,SUCCESS,76.11208798993374,SUCCESS,70.58757691435288,SUCCESS,0.0,0.0
2160571,123,15,2,SAT,HTC,NG40LF,40-ft,172.9499110065679,284.833569162353,441.3732700963874,1.646913649764967,2.552029472161023,39.49759412015018,11.742327997094439,SUCCESS,FAILURE,39.49759412015012,SUCCESS,73.92112388369769,SUCCESS,0.0,350.688408800442
2160572,123,4,2,SAT,HTC,NG40LF,40-ft,345.93718313939354,579.2234106515186,869.9421729175823,1.6743600829348364,2.5147402919305257,-12.69918628573025,-64.2450661201387,FAILURE,FAILURE,39.98617818010919,SUCCESS,-36.99861879465169,FAILURE,297.14545558733437,153.66996291574665
2160573,410,2,2,SAT,HTC,NG40LF,40-ft,402.44261164033736,582.0971294362038,862.4339581970916,1.4464102771413865,2.1429986121048437,-13.208710892943929,-62.91382237537084,FAILURE,FAILURE,49.61984181822455,SUCCESS,30.69884464328258,SUCCESS,354.3530372909904,527.9754419852053
2160574,123,2,2,SAT,HTC,NG40LF,40-ft,350.0550008010667,562.752119097029,853.0794551496596,1.6076105692226241,2.436986911192443,-9.778744520749816,-61.25522254426588,FAILURE,FAILURE,71.16718718002727,SUCCESS,67.59141729033301,SUCCESS,456.53505479238277,726.6950486671371
2160575,123,7,2,SAT,HTC,NG40LF,40-ft,265.48471536612993,415.98502516810584,634.4188487594441,1.5668887928045911,2.389662425140058,16.243789863811024,-22.485611482170942,FAILURE,FAILURE,62.07370191900521,SUCCESS,59.92182254599291,SUCCESS,258.4807039912955,464.77792791884406
2160576,123,21,2,SAT,HTC,NG40LF,40-ft,165.9107508099686,247.58252253378993,366.6121496563378,1.4922632880937705,2.209694958684439,46.10238962166846,24.99784580561387,SUCCESS,SUCCESS,46.10238962166845,SUCCESS,24.99784580561387,SUCCESS,0.0,0.0
2160577,123,24,2,SAT,HTC,HY40LF,40-ft,177.01519685463145,278.4886201273184,420.17269870682753,1.5732469588812708,2.3736532578718768,40.622585083808794,15.501294555527037,SUCCESS,FAILURE,40.62258508380879,SUCCESS,55.44629345091282,SUCCESS,0.0,225.28979376997586
2160578,410,5,2,SAT,HTC,NG40LF,40-ft,388.69430793207044,532.8268072332243,782.9818973385633,1.3708119629226547,2.0143899238045955,-4.47283816191919,-48.82657754229845,FAILURE,FAILURE,51.58282263969712,SUCCESS,0.6282548082361499,FAILURE,316.1539269211161,278.9252544570149
2160579,410,14,2,SAT,HTC,HY40LF,40-ft,104.58571973867515,138.37180001833474,201.41665814192586,1.3230467827164143,1.925852388310746,65.46599290455059,54.287826570580535,SUCCESS,SUCCESS,65.46599290455057,SUCCESS,54.28782657058052,SUCCESS,0.0,0.0
2160580,123,14,2,SAT,HTC,NG40LF,40-ft,170.54733583069228,275.50993827738597,421.3042129708234,1.6154455707880033,2.4703066214359715,41.150720163584054,15.300671459073866,SUCCESS,FAILURE,41.15072016358404,SUCCESS,66.22870488754201,SUCCESS,0.0,287.23410853656037
2160581,123,16,2,SAT,HTC,NG40LF,40-ft,249.9068420766429,424.32823791481275,631.2222583573727,1.6979456600258958,2.525830237828325,14.764496823614765,-21.918840134285926,FAILURE,FAILURE,67.59006971535146,SUCCESS,52.5390844780035,SUCCESS,297.9362311093951,419.94269481331224
2160582,123,26,2,SAT,HTC,NG40LF,40-ft,157.67187157459492,268.5888635197554,400.65231337717086,1.7034672122394732,2.5410512945400114,42.377861078057556,18.96235578418957,SUCCESS,FAILURE,42.377861078057535,SUCCESS,61.85522321663146,SUCCESS,0.0,241.91577231897224
2160583,123,19,2,SAT,HTC,NG40LF,40-ft,226.4060418048149,383.1463372359566,569.785878357135,1.6922973176054543,2.5166549170465533,22.066252263128266,-11.025864956938817,SUCCESS,FAILURE,22.06625226312827,SUCCESS,52.99920675716282,SUCCESS,0.0,361.1014044675331
2160584,106,13,3,SUN,HTC,HY40LF,40-ft,297.9446360770035,492.38797459374575,738.8053635534585,1.6526156707398771,2.479673315422651,2.6971676252223884,-40.9938587860742,FAILURE,FAILURE,41.41365693142354,SUCCESS,-26.42025681685797,FAILURE,218.36099968697454,82.19511510637955
2160585,123,8,3,SUN,HTC,NG40LF,40-ft,137.8773793294804,232.97325403942074,360.9980776590746,1.689713390060115,2.6182545636903285,48.69268545400342,25.993248642008048,SUCCESS,SUCCESS,48.69268545400338,SUCCESS,25.993248642008066,SUCCESS,0.0,0.0
2160586,123,2,3,SUN,HTC,NG40LF,40-ft,368.3598567892394,604.6842684089024,905.0757336723453,1.6415585391946719,2.4570422563449767,-17.21352276753589,-70.47442086389101,FAILURE,FAILURE,62.14179506387937,SUCCESS,-35.621617568012375,FAILURE,447.5639925691823,196.56981058875542
2160587,123,3,3,SUN,HTC,NG40LF,40-ft,281.61954902430915,461.3863982057257,688.6552391218648,1.6383322812788796,2.4453389031683335,8.193901027353604,-32.10199275210369,FAILURE,FAILURE,37.24402058508814,SUCCESS,-3.9947792113592673,FAILURE,163.84267430562284,158.5246843697984
2160588,123,9,3,SUN,HTC,NG40LF,40-ft,316.5887517099572,534.5051582552546,802.4144969721993,1.6883264341145687,2.5345641392443765,-4.770418130364291,-52.27207393124102,FAILURE,FAILURE,43.497559781114354,SUCCESS,-27.781959766997588,FAILURE,272.2313954207396,138.12424388633286
2160589,106,8,3,SUN,HTC,NG40LF,40-ft,314.6551457510181,470.7582165218894,699.4207578600849,1.4961084313376947,2.2228168434706803,6.532231113140184,-34.010772670227816,FAILURE,FAILURE,68.48167910701933,SUCCESS,57.61900008344929,SUCCESS,349.3948866854784,516.7919183307392
2160590,410,7,3,SUN,HTC,NG40LF,40-ft,328.7527913126019,442.54373860046326,646.8738978184135,1.3461292201764476,1.9676605489360517,11.534798120485242,-24.693953513903104,FAILURE,FAILURE,57.3018240710389,SUCCESS,23.300880040885392,SUCCESS,258.12602636112274,270.69086124900707
2160591,410,2,3,SUN,HTC,NG40LF,40-ft,507.4038782763952,689.2807860134455,1007.1555280014046,1.3584460338672808,1.9849188607359887,-32.2129053215329,-88.573675177554,FAILURE,FAILURE,53.37787112313247,SUCCESS,-14.713066768704328,FAILURE,482.7319791479131,416.573831425912
2160592,123,42,1,MF,HTC,NG40LF,40-ft,105.1226828218664,139.93192515986289,202.28463614268225,1.3311296991628514,1.9242720097379908,65.18937497165552,54.133929761935775,SUCCESS,SUCCESS,65.18937497165552,SUCCESS,54.133929761935775,SUCCESS,0.0,0.0
2160593,410,22,1,MF,HTC,NG40LF,40-ft,205.1172656380577,305.21134396440203,449.1013659991788,1.4879846560696974,2.1894859245620326,35.88451348148901,10.372098227095957,SUCCESS,FAILURE,35.884513481489,SUCCESS,52.789377062893706,SUCCESS,0.0,239.23345263389928
2160595,106,10,1,MF,HTC,NG40LF,40-ft,213.38535013193106,316.72544838343975,465.09708997508625,1.4842886270665534,2.1796111574085466,33.843005605773094,7.535976954771946,SUCCESS,FAILURE,33.84300560577308,SUCCESS,47.83869464697811,SUCCESS,0.0,227.30732778404274
2160596,123,12,1,MF,HTC,NG40LF,40-ft,355.9210794662151,520.8185735529423,764.9726558090757,1.4632979151839747,2.1492760613008,-2.343718715060692,-45.633449611538246,FAILURE,FAILURE,72.92959922473655,SUCCESS,60.22277916592802,SUCCESS,424.54151318045655,597.02913030491
2160597,123,31,1,MF,HTC,NG40LF,40-ft,180.0283378919399,288.87982639585687,439.1481665809731,1.6046353023003184,2.4393280064862184,38.78017262484808,12.136849896990586,SUCCESS,FAILURE,38.78017262484808,SUCCESS,52.665899621651256,SUCCESS,0.0,228.58384044708617
2160598,123,4,1,MF,HTC,NG40LF,40-ft,295.0027555083051,432.5158314892103,637.2106375775955,1.4661416661819413,2.1600158835114898,13.312795835246401,-22.980609499573674,FAILURE,FAILURE,50.67212355947019,SUCCESS,19.23020769684554,FAILURE,210.70660836462207,238.06900898780432
2160599,123,18,1,MF,HTC,NG40LF,40-ft,268.3438023767556,402.87898207213874,595.4911750641385,1.501353780127537,2.2191351907135415,18.56755637018817,-15.583541678038731,FAILURE,FAILURE,68.29406454774436,SUCCESS,56.619272592596616,SUCCESS,280.4575061214168,407.2238724863832
2160600,410,23,1,MF,HTC,EL40QC,40-ft,76.964225624698,104.04127503113816,149.88374324030173,1.351813445619221,1.947446908271155,71.55296542001096,63.424868219804665,SUCCESS,SUCCESS,71.55296542001098,SUCCESS,63.42486821980465,SUCCESS,0.0,0.0
2160601,123,19,1,MF,HTC,NG40LF,40-ft,69.99455479136321,98.98798805865202,145.93955617408122,1.4142241257725148,2.085012992926259,72.44893828747306,64.1241921677161,SUCCESS,SUCCESS,72.44893828747306,SUCCESS,64.1241921677161,SUCCESS,0.0,0.0
2160602,410,14,1,MF,HTC,HY40LF,40-ft,79.82712199650106,108.98060720014483,157.62332842451826,1.3652077699221277,1.974558577114018,70.67719730493887,62.05260134317052,SUCCESS,SUCCESS,70.67719730493887,SUCCESS,62.05260134317051,SUCCESS,0.0,0.0
2160603,123,25,1,MF,HTC,NG40LF,40-ft,346.3591659006525,523.6507598978113,775.6892264006643,1.511872101135652,2.2395516064476206,-2.84587941450555,-47.533550780259624,FAILURE,FAILURE,67.17272757114566,SUCCESS,43.831836338890334,SUCCESS,394.9049433990728,515.300783352006
2160604,123,34,1,MF,HTC,HY40LF,40-ft,80.42421083723326,137.64767590866975,213.11086331968642,1.7115203801905914,2.6498346841225633,65.59438370413659,52.21438593622582,SUCCESS,SUCCESS,65.59438370413658,SUCCESS,52.21438593622582,SUCCESS,0.0,0.0
2160605,106,4,1,MF,HTC,NG40LF,40-ft,302.7599647045168,469.32816671326987,702.9035244027503,1.5501658786732846,2.321652815255015,6.785786043746482,-34.62828446857275,FAILURE,FAILURE,60.60735129719637,SUCCESS,32.64419809176961,SUCCESS,303.55362802945734,379.41680164033096
2160606,410,34,1,MF,HTC,NG40LF,40-ft,387.1299397398115,576.6721405730342,848.5531224757179,1.4896087369543498,2.191907768864447,-12.246833434935137,-60.452681290020905,FAILURE,FAILURE,64.33969756202755,SUCCESS,36.265610204031844,SUCCESS,431.94803482286966,545.4911640264575
2160607,410,40,1,MF,HTC,NG40LF,40-ft,48.75982146216252,66.03737410907539,95.46791834029456,1.3543399489335743,1.9579218191842107,78.29124572534126,73.07306412406126,SUCCESS,SUCCESS,78.29124572534126,SUCCESS,73.07306412406125,SUCCESS,0.0,0.0
2160608,410,37,1,MF,HTC,NG40LF,40-ft,241.68770946346118,358.10345191727754,526.6521065517832,1.4816783721119104,2.179060357355091,26.50648015651108,-3.378033076557294,SUCCESS,FAILURE,26.506480156511085,SUCCESS,44.964759938185765,SUCCESS,0.0,272.65335260315084
2160609,123,36,1,MF,HTC,NG40LF,40-ft,232.09283931121988,336.8488227677452,491.7476077925495,1.4513537934535545,2.1187538971555737,30.275031424158655,2.810707838200447,SUCCESS,FAILURE,30.275031424158662,SUCCESS,48.21870562972042,SUCCESS,0.0,256.10110754417263
2160610,106,16,1,MF,HTC,NG40LF,40-ft,145.5436207776835,213.8207041742223,314.2444613457722,1.469117664049539,2.159108449182927,52.08852762868399,34.28289692450848,SUCCESS,SUCCESS,52.088527628684,SUCCESS,34.282896924508485,SUCCESS,0.0,0.0
2160612,123,23,2,SAT,HTC,NG40LF,40-ft,283.2655341342298,431.10509094402283,645.1791577542156,1.5219115599843394,2.2776479310345157,13.562927137584607,-24.39346768691765,FAILURE,FAILURE,66.80838845575651,SUCCESS,64.65954726732451,SUCCESS,300.3044018344896,502.2590043419258
2160613,106,7,2,SAT,HTC,NG40LF,40-ft,277.3917218005497,437.31350281427973,658.6949227363019,1.576519659547436,2.374601947241659,12.462144891085158,-26.789879917784027,FAILURE,FAILURE,71.7348789541915,SUCCESS,69.99619032594141,SUCCESS,334.2982201159196,545.8734361746115
2160614,106,4,2,SAT,HTC,NG40LF,40-ft,160.47786014147195,258.69179417172614,395.1395052298322,1.6120092450364931,2.4622680342415477,44.13266060784998,19.9398040372638,SUCCESS,FAILURE,44.132660607849964,SUCCESS,68.25752467552002,SUCCESS,0.0,272.5119443997651
2160615,123,17,2,SAT,HTC,HY40LF,40-ft,312.8808076314216,472.89828934163546,702.2732072693886,1.511432717530942,2.244539102879961,6.152785577724213,-34.51652611159373,FAILURE,FAILURE,67.76265353520733,SUCCESS,59.086649806144976,SUCCESS,347.4796552802048,527.9219121760464
2160616,106,3,2,SAT,HTC,NG40LF,40-ft,315.16317754659434,478.64015194281717,710.3885292423217,1.518705819851223,2.254034036502556,5.134724832833839,-35.95541298622725,FAILURE,FAILURE,66.58356967038263,SUCCESS,48.58517737006127,SUCCESS,346.5714848837752,476.80892960946727
2160617,106,1,3,SUN,HTC,NG40LF,40-ft,211.28460224445703,335.30720418437517,510.0751012327418,1.5869930918885586,2.4141612583892087,30.548368052415753,-0.4388477363017363,SUCCESS,FAILURE,30.548368052415775,SUCCESS,64.99871227543613,SUCCESS,0.0,369.0678384662016
2160618,106,19,3,SUN,HTC,NG40LF,40-ft,209.7900660510967,310.56839091848326,461.4427350636768,1.4803770110012784,2.1995452108360904,34.93468246126184,8.18391222275234,SUCCESS,FAILURE,34.93468246126184,SUCCESS,61.34092585929986,SUCCESS,0.0,299.8055569101281
2160620,123,16,1,MF,HTC,NG40LF,40-ft,235.03809869619835,354.6299425590189,525.7260793565151,1.5088189724398706,2.236769622766773,27.122350610103034,-3.2138438575381394,SUCCESS,FAILURE,27.12235061010303,SUCCESS,45.246996537115564,SUCCESS,0.0,273.3191398258468
2160621,123,30,1,MF,HTC,NG40LF,40-ft,43.98888138956077,69.64248549445502,106.72088479964947,1.5831838249695125,2.426087716451366,77.65204157899734,71.0778573050267,SUCCESS,SUCCESS,77.65204157899734,SUCCESS,71.0778573050267,SUCCESS,0.0,0.0
2160622,123,37,1,MF,HTC,EL40QC,40-ft,55.68097324534378,90.9324990263066,140.18542912193337,1.6330982331367685,2.517654073757702,73.87721648469741,65.14442746065012,SUCCESS,SUCCESS,73.8772164846974,SUCCESS,65.1444274606501,SUCCESS,0.0,0.0
2160623,123,14,1,MF,HTC,NG40LF,40-ft,71.01576899548489,107.44285632873179,160.075805544233,1.512943644045633,2.2540881808153124,70.94984816866457,61.617764974426784,SUCCESS,SUCCESS,70.9498481686646,SUCCESS,61.61776497442679,SUCCESS,0.0,0.0
2160624,106,10,2,SAT,HTC,NG40LF,40-ft,175.36235435200018,255.03685356846114,373.4412564683788,1.454342093608828,2.1295406180438254,44.78069972190406,23.787011264471847,SUCCESS,SUCCESS,44.78069972190406,SUCCESS,23.787011264471854,SUCCESS,0.0,0.0
2160625,106,5,2,SAT,HTC,NG40LF,40-ft,273.6992420295008,413.31385812598415,611.8009517018063,1.510102311797542,2.2353037851521087,16.717401041492174,-18.475346046419553,FAILURE,FAILURE,67.82825713409586,SUCCESS,63.28672963378889,SUCCESS,288.2652283622848,461.1381068363754
2160626,106,4,3,SUN,HTC,NG40LF,40-ft,299.19147576407,482.3985437788579,733.0229574951711,1.6123405339236918,2.45001284085113,4.468343301620941,-39.96860948495941,FAILURE,FAILURE,67.24677101811088,SUCCESS,66.3238851375652,SUCCESS,354.0703323210031,599.4896696710388
2160627,106,20,3,SUN,HTC,HY40LF,40-ft,189.3292669942062,305.9698842662198,466.15135362883854,1.6160728297521114,2.4621198879046187,35.75002052017379,7.349050775028633,SUCCESS,FAILURE,35.750020520173784,SUCCESS,59.67465902996668,SUCCESS,0.0,295.11643055785055
2160628,106,12,3,SUN,HTC,NG40LF,40-ft,159.0195382118766,279.4146432113766,429.59138162750315,1.7571088833064419,2.701500623496456,40.45839659372756,13.831315314272494,SUCCESS,FAILURE,40.45839659372759,SUCCESS,70.94605388306654,SUCCESS,0.0,322.12712552799843
2160629,106,16,3,SUN,HTC,NG40LF,40-ft,147.2224567988331,252.6463006716652,393.7149182096799,1.716085345708398,2.6742857494061365,45.20455661849908,20.192390388354628,SUCCESS,SUCCESS,45.20455661849904,SUCCESS,20.192390388354642,SUCCESS,0.0,0.0
2160630,106,9,3,SUN,HTC,NG40LF,40-ft,260.40800129986104,414.09531944815797,623.3057521965512,1.5901789398987216,2.393573734621202,16.578844069475544,-20.515204290168654,FAILURE,FAILURE,70.26071088210976,SUCCESS,75.40777824867705,SUCCESS,302.76572882325695,541.00562151909
2160631,106,15,1,MF,HTC,NG40LF,40-ft,100.46801491151209,173.86626299665,250.54687965541973,1.7305633355031842,2.4937974526130597,59.17264840484929,45.57679438733693,SUCCESS,SUCCESS,59.17264840484927,SUCCESS,45.576794387336946,SUCCESS,0.0,0.0
2160632,123,15,1,MF,HTC,NG40LF,40-ft,59.11592008432469,94.63294168728547,139.76470720503798,1.6008029910098371,2.3642481924610745,73.22110962991394,65.21902354520603,SUCCESS,SUCCESS,73.22110962991393,SUCCESS,65.21902354520603,SUCCESS,0.0,0.0
2160633,123,33,1,MF,HTC,HY40LF,40-ft,127.85009031454464,209.19041540348658,308.898272185002,1.636216406956174,2.416097410842898,52.90950081498465,35.23080280407767,SUCCESS,SUCCESS,52.90950081498463,SUCCESS,35.23080280407767,SUCCESS,0.0,0.0
2160634,123,20,2,SAT,HTC,NG40LF,40-ft,153.11912117163675,259.36054440271,385.5102272059886,1.6938481779292829,2.5177144712962156,44.014087871859935,21.64712283581763,SUCCESS,SUCCESS,44.01408787185992,SUCCESS,21.647122835817633,SUCCESS,0.0,0.0
2160635,123,5,2,SAT,HTC,NG40LF,40-ft,267.59148381866805,453.6747595424294,673.7646523517311,1.6954005899898508,2.5178852582928393,9.56121284708699,-29.461817792860124,FAILURE,FAILURE,67.73659969214046,SUCCESS,40.323290338791864,SUCCESS,328.1091818061017,393.5880098625171
2160636,123,3,2,SAT,HTC,NG40LF,40-ft,288.8455514727557,485.5494439433314,720.0034641126921,1.6810002489829903,2.4926936227390843,3.9096730596930134,-37.66018867246313,FAILURE,FAILURE,55.81371732303041,SUCCESS,28.345103871908663,SUCCESS,292.73880964522306,372.26984995025674
2160637,123,8,2,SAT,HTC,NG40LF,40-ft,277.99475697698654,456.4192897169277,676.0316717432171,1.6418269706961122,2.4318144669152217,9.07459402182133,-29.863771585676783,FAILURE,FAILURE,63.95664025417164,SUCCESS,45.95753783134685,SUCCESS,309.5347407504559,427.6321851120131
2160638,123,1,3,SUN,HTC,NG40LF,40-ft,350.04560443161984,587.1809778911128,870.511347843084,1.6774413689454468,2.4868512468727064,-14.110102462963253,-64.34598366012126,FAILURE,FAILURE,59.124565920280936,SUCCESS,36.87561576979155,SUCCESS,413.0435296814973,570.889820784708
2160639,123,4,3,SUN,HTC,NG40LF,40-ft,268.37638991303646,455.9628315190366,677.4945589679003,1.6989677507279417,2.5244193767843464,9.15552632641195,-30.123148753173805,FAILURE,FAILURE,67.98426059223345,SUCCESS,49.232431716477116,SUCCESS,331.7940612592334,447.565473848831
2160640,123,6,3,SUN,HTC,NG40LF,40-ft,316.6941999543738,543.7456474848473,812.0776820693919,1.7169422350115184,2.5642328851819456,-6.408802745540291,-53.9854046222326,FAILURE,FAILURE,65.87948073114174,SUCCESS,61.74844511077482,SUCCESS,407.7059188084867,652.7389124941619
2160641,123,11,3,SUN,HTC,NG40LF,40-ft,292.3556922173408,497.4637201554796,738.9529321866657,1.7015701537483972,2.527581818510717,1.7972127383901422,-41.02002343735208,FAILURE,FAILURE,67.5657762026524,SUCCESS,65.56236410972343,SUCCESS,370.9346979384393,601.1246657655056
2160642,123,5,3,SUN,HTC,NG40LF,40-ft,267.59148381866805,453.6747595424294,673.7646523517311,1.6954005899898508,2.5178852582928393,9.56121284708699,-29.461817792860124,FAILURE,FAILURE,65.97422080839226,SUCCESS,53.78627182822107,SUCCESS,318.16936490176187,469.5192254628978
2160643,123,7,3,SUN,HTC,NG40LF,40-ft,327.243090138383,548.0903073525941,814.1019999829692,1.6748720564911554,2.4877591751095665,-7.179132509325189,-54.3443262381151,FAILURE,FAILURE,76.28268125612989,SUCCESS,69.48399117064406,SUCCESS,470.7246296371669,698.3917101854014
2160647,151,12,1,MF,PCT,NG40LF,40-ft,231.4211695788835,331.3510372251041,469.441440591281,1.431809535091637,2.028515547845179,31.2498160948397,6.765702022822525,SUCCESS,FAILURE,31.249816094839687,SUCCESS,61.204235868993074,SUCCESS,0.0,307.03333089240186
2160648,151,13,1,MF,PCT,NG40LF,40-ft,197.52314976670976,303.00588088173276,446.1144776502651,1.534027182330812,2.2585427489241696,36.27555303515377,10.901688359882082,SUCCESS,FAILURE,36.27555303515383,SUCCESS,63.8851649473242,SUCCESS,0.0,298.82680795317384
2160650,151,34,1,MF,PCT,NG40LF,40-ft,151.3467739245598,229.4862950591806,336.799211258615,1.5162945935905456,2.225347805738467,49.31094059234387,30.283827791025715,SUCCESS,SUCCESS,49.31094059234395,SUCCESS,30.283827791025686,SUCCESS,0.0,0.0
2160651,151,38,1,MF,PCT,NG40LF,40-ft,109.42953916633533,162.70597786745333,238.335999417501,1.4868561003454162,2.177985955466969,61.15142236392672,47.74184407491117,SUCCESS,SUCCESS,61.15142236392677,SUCCESS,47.74184407491114,SUCCESS,0.0,0.0
2160652,151,7,1,MF,PCT,NG40LF,40-ft,182.73016019114436,281.65327363084776,415.2361148220698,1.5413617179354802,2.272400540708295,40.06147630658728,16.37657538615784,SUCCESS,FAILURE,40.061476306587366,SUCCESS,63.99144419297657,SUCCESS,0.0,268.5478600704579
2160653,151,5,1,MF,PCT,NG40LF,40-ft,179.48450112552663,274.2775211626626,404.23495400134914,1.5281404212770453,2.252199780295448,41.369233836407346,18.327135815363633,SUCCESS,FAILURE,41.36923383640742,SUCCESS,63.2391664541052,SUCCESS,0.0,253.30385280250266
2160657,151,2,1,MF,PCT,NG40LF,40-ft,292.40147096665936,402.6802593083598,559.8459920501331,1.3771485416168607,1.9146483435918442,18.60279090277309,-9.263473767754087,FAILURE,FAILURE,63.57668623233042,SUCCESS,55.01973445556292,SUCCESS,253.65276965870316,362.55729437950816
2160658,151,53,3,SUN,PCT,NG40LF,40-ft,296.2422465936342,470.89960283830453,695.329227725207,1.5895761264741348,2.3471643079962674,6.507162617321896,-33.28532406475301,FAILURE,FAILURE,62.46480316006898,SUCCESS,55.26243430493841,SUCCESS,315.60109266109305,499.4093572050602
2160659,151,52,3,SUN,PCT,NG40LF,40-ft,290.7334501938007,461.0552645545744,684.0607593665716,1.5858349434756767,2.352879446484682,8.252612667628654,-31.287368682016233,FAILURE,FAILURE,65.25494324040433,SUCCESS,64.02338005070091,SUCCESS,321.4931444304543,537.5526228525249
2160660,152,55,3,SUN,PCT,NG40LF,40-ft,279.3567552677599,384.2367958089327,553.273675793154,1.3754340590069016,1.9805272840560026,21.872908544515482,-8.098169466871271,SUCCESS,FAILURE,21.8729085445155,SUCCESS,62.379830527739024,SUCCESS,0.0,397.495919969602
2160661,123,40,1,MF,HTC,NG40LF,40-ft,178.00302740279875,301.8531271616162,448.7945353699662,1.6957752436342561,2.5212747328976595,36.47994199262124,10.426500820927984,SUCCESS,FAILURE,36.47994199262124,SUCCESS,36.79042535889616,SUCCESS,0.0,148.69253439414038
2160662,123,28,1,MF,HTC,NG40LF,40-ft,201.68797871587248,337.67804124930313,505.4148322135666,1.674259633118771,2.5059244255978625,30.12800687069094,0.387441096885354,SUCCESS,FAILURE,30.12800687069094,SUCCESS,34.14219361788029,SUCCESS,0.0,190.37680421841145
2160663,123,43,1,MF,HTC,HY40LF,40-ft,51.596975115762795,83.52977711246918,122.67650829564391,1.618889032255516,2.377591089795619,75.1897558311225,68.24884604687166,SUCCESS,SUCCESS,75.1897558311225,SUCCESS,68.24884604687165,SUCCESS,0.0,0.0
2160664,123,23,1,MF,HTC,NG40LF,40-ft,312.1353741455258,526.7044217959736,787.2581658148056,1.6874230395636287,2.522169004298003,-3.387308829073337,-49.584781172837864,FAILURE,FAILURE,49.63100399926811,SUCCESS,-20.890203742265363,FAILURE,299.02328435184575,161.837416708429
2160666,123,8,1,MF,HTC,NG40LF,40-ft,311.50290754292627,525.4687448116628,785.6178805856395,1.686882311810368,2.5220242301506555,-3.1682171651884286,-49.29395045844671,FAILURE,FAILURE,40.778178329280976,SUCCESS,-32.52865916054951,FAILURE,247.85767058880737,94.55624292014022
2160667,123,41,1,MF,HTC,HY40LF,40-ft,76.71955801639298,124.94779598585671,184.3740151320578,1.6286302895430995,2.4032205072487756,67.84613546350059,57.30957178509614,SUCCESS,SUCCESS,67.8461354635006,SUCCESS,57.30957178509614,SUCCESS,0.0,0.0
2160668,123,47,1,MF,HTC,NG40LF,40-ft,61.589788810163014,95.55069894222306,141.28929008659554,1.5514048803891354,2.294037580191884,73.0583867123718,64.9487074314547,SUCCESS,SUCCESS,73.0583867123718,SUCCESS,64.9487074314547,SUCCESS,0.0,0.0
2160669,123,17,1,MF,HTC,HY40LF,40-ft,76.71955801639298,124.94779598585671,184.3740151320578,1.6286302895430995,2.4032205072487756,67.84613546350059,57.30957178509614,SUCCESS,SUCCESS,67.8461354635006,SUCCESS,57.30957178509614,SUCCESS,0.0,0.0
2160670,123,11,1,MF,HTC,NG40LF,40-ft,301.5100938485261,513.4478229819088,767.0050987946879,1.7029208423113584,2.543878677507955,-1.036848046437719,-45.99381184302977,FAILURE,FAILURE,32.67663452578765,SUCCESS,-19.622949331719383,FAILURE,190.14404170735108,148.73166456379047
2160671,123,20,1,MF,HTC,NG40LF,40-ft,301.5100938485261,513.4478229819088,767.0050987946879,1.7029208423113584,2.543878677507955,-1.036848046437719,-45.99381184302977,FAILURE,FAILURE,32.59527563582544,SUCCESS,-21.977341952511846,FAILURE,189.68517756796427,135.452890182521
2160672,123,38,1,MF,HTC,HY40LF,40-ft,77.77239911111774,125.01902036395245,186.0475454910279,1.6074985700946534,2.3922053018476577,67.833507027668,57.01284654414399,SUCCESS,SUCCESS,67.833507027668,SUCCESS,57.01284654414399,SUCCESS,0.0,0.0
2160673,123,24,1,MF,HTC,HY40LF,40-ft,76.71955801639298,124.94779598585671,184.3740151320578,1.6286302895430995,2.4032205072487756,67.84613546350059,57.30957178509614,SUCCESS,SUCCESS,67.8461354635006,SUCCESS,57.30957178509614,SUCCESS,0.0,0.0
2160674,123,13,1,MF,HTC,NG40LF,40-ft,77.77239911111774,125.01902036395245,186.0475454910279,1.6074985700946534,2.3922053018476577,67.833507027668,57.01284654414399,SUCCESS,SUCCESS,67.833507027668,SUCCESS,57.01284654414399,SUCCESS,0.0,0.0
2160675,123,22,1,MF,HTC,NG40LF,40-ft,77.77239911111774,125.01902036395245,186.0475454910279,1.6074985700946534,2.3922053018476577,67.833507027668,57.01284654414399,SUCCESS,SUCCESS,67.833507027668,SUCCESS,57.01284654414399,SUCCESS,0.0,0.0
2160676,123,27,1,MF,HTC,NG40LF,40-ft,51.596975115762795,83.52977711246918,122.67650829564391,1.618889032255516,2.377591089795619,75.1897558311225,68.24884604687166,SUCCESS,SUCCESS,75.1897558311225,SUCCESS,68.24884604687165,SUCCESS,0.0,0.0
2160678,123,13,2,SAT,HTC,NG40LF,40-ft,301.5100938485261,513.4478229819088,767.0050987946879,1.7029208423113584,2.543878677507955,-1.036848046437719,-45.99381184302977,FAILURE,FAILURE,33.8803154545638,SUCCESS,-32.362266918682344,FAILURE,196.9328021456486,76.88191337331938
2160679,123,10,2,SAT,HTC,NG40LF,40-ft,311.50290754292627,525.4687448116628,785.6178805856395,1.686882311810368,2.5220242301506555,-3.1682171651884286,-49.29395045844671,FAILURE,FAILURE,44.22174795119536,SUCCESS,-25.68245814834402,FAILURE,267.2794032564045,133.16881662897916
2160680,123,11,2,SAT,HTC,NG40LF,40-ft,327.685517843881,554.9370662333921,830.3761359900718,1.6935050101841256,2.5340641889022617,-8.393096849892212,-57.22981134575741,FAILURE,FAILURE,42.69487505511165,SUCCESS,-41.03945087183703,FAILURE,288.13616154422175,91.3136330729109
2160681,123,12,2,SAT,HTC,NG40LF,40-ft,327.04118990818364,555.9301669203545,829.8593289289188,1.6998781317926073,2.537476484726284,-8.569178531977746,-57.13817888810616,FAILURE,FAILURE,36.40099838467256,SUCCESS,-40.488863292168524,FAILURE,253.63179780990777,93.90213996108818
2160682,130,8,1,MF,BTC,DS40LF,40-ft,206.49905834635945,342.78881261144005,508.39570936091746,1.660001819652285,2.461975921014559,29.22184173556028,-0.14108322002082307,SUCCESS,FAILURE,29.221841735560268,SUCCESS,62.2084907616951,SUCCESS,0.0,351.65159725687784
2160683,130,26,1,MF,BTC,DS40LF,40-ft,103.97665485223345,158.37333863157897,225.182785740429,1.5231624719669183,2.165705235088086,61.91962081000373,50.073974159498405,SUCCESS,SUCCESS,61.919620810003714,SUCCESS,50.073974159498405,SUCCESS,0.0,0.0
2160684,130,59,1,MF,BTC,DS40LF,40-ft,16.70321383991023,28.432163013366786,42.102458552919835,1.7021971511513374,2.5206202205423067,84.95883634514773,82.53502507926954,SUCCESS,SUCCESS,84.95883634514773,SUCCESS,82.53502507926953,SUCCESS,0.0,0.0
2160685,130,32,1,MF,BTC,DS40LF,40-ft,49.62500434858549,84.46852376059529,129.06310853930458,1.7021363497976796,2.600767702360582,75.02331138996537,67.11647011714457,SUCCESS,SUCCESS,75.02331138996537,SUCCESS,67.11647011714459,SUCCESS,0.0,0.0
2160686,130,61,1,MF,BTC,DS40LF,40-ft,40.62677428171696,62.74259012148621,89.8848037293126,1.5443655380171766,2.212452386842904,78.87542728342444,74.06297806217862,SUCCESS,SUCCESS,78.87542728342444,SUCCESS,74.06297806217862,SUCCESS,0.0,0.0
2160687,130,6,1,MF,BTC,DS40LF,40-ft,341.33339938830113,572.6781673107351,882.7267272321607,1.677767743610862,2.586112958222322,-11.538682147293462,-66.51183106953204,FAILURE,FAILURE,58.70112564105972,SUCCESS,37.98484191735626,SUCCESS,396.152515926312,589.3612356460494
2160688,210,8,1,MF,BTC,DS40LF,40-ft,286.4434078540347,451.7473078140776,664.4025762479496,1.5770909555868646,2.319489846966611,9.902959607433054,-27.801875221267654,FAILURE,FAILURE,69.58805261818945,SUCCESS,36.601667632834335,SUCCESS,336.62392458066614,363.2359816971352
2160689,130,21,1,MF,BTC,DS40LF,40-ft,96.10198044976171,149.8894590288279,213.65825374464794,1.5596916767723028,2.223245064718931,63.42385478212271,52.11733089633902,SUCCESS,SUCCESS,63.4238547821227,SUCCESS,52.117330896339,SUCCESS,0.0,0.0
2160690,130,10,1,MF,BTC,DS40LF,40-ft,323.94078086942955,534.4609545957417,813.5751365577781,1.649872403101869,2.5114934105369864,-4.762580602081852,-54.2509107371947,FAILURE,FAILURE,57.9564823363233,SUCCESS,42.46306256217389,SUCCESS,353.73551497260513,545.4668094084385
2160691,130,3,1,MF,BTC,DS40LF,40-ft,183.77229001530426,294.6451994402292,434.5431167857809,1.6033167971933724,2.364573662055323,37.757943361661496,12.953348087627504,SUCCESS,FAILURE,37.75794336166148,SUCCESS,47.8735045521144,SUCCESS,0.0,196.94968245970608
2160692,130,22,1,MF,BTC,DS40LF,40-ft,78.06388115668405,124.87350964976548,186.31430164260536,1.5996323498075713,2.3866902193685333,67.85930679968698,56.965549354147996,SUCCESS,SUCCESS,67.85930679968698,SUCCESS,56.96554935414802,SUCCESS,0.0,0.0
2160693,130,31,1,MF,BTC,DS40LF,40-ft,49.13374594078036,76.0100474835875,106.80375293957287,1.5470029005156753,2.1737351975626016,76.52304122631428,71.06316437241617,SUCCESS,SUCCESS,76.52304122631428,SUCCESS,71.06316437241615,SUCCESS,0.0,0.0
2160695,210,27,1,MF,BTC,DS40LF,40-ft,299.3902825070437,496.3776051613424,746.2126450027096,1.6579616445956764,2.4924410998047457,1.9897863189109282,-42.30720656076411,FAILURE,FAILURE,39.214165158842626,SUCCESS,-7.300159563955861,FAILURE,209.9454966572148,197.43974506199845
2160696,130,53,1,MF,BTC,DS40LF,40-ft,64.94428288895747,99.57663960457432,148.38692579319707,1.5332625933345307,2.2848343101564588,72.34456744599747,63.69026138418492,SUCCESS,SUCCESS,72.34456744599746,SUCCESS,63.69026138418492,SUCCESS,0.0,0.0
2160697,130,25,1,MF,BTC,DS40LF,40-ft,127.15487946747055,196.10896696709608,278.1754060219,1.5422842425584284,2.1876895891601578,55.22890656611772,40.678119499663126,SUCCESS,SUCCESS,55.22890656611771,SUCCESS,40.678119499663126,SUCCESS,0.0,0.0
2160698,130,11,1,MF,BTC,DS40LF,40-ft,168.554483034822,277.1560182498757,422.34622363218415,1.6443111643172224,2.505695582982096,40.85886201243339,15.115917795712033,SUCCESS,FAILURE,40.85886201243339,SUCCESS,50.67420998150373,SUCCESS,0.0,200.54876792786507
2160699,130,2,1,MF,BTC,DS40LF,40-ft,200.62691470881919,327.9534902609061,490.68348640436824,1.6346435409071756,2.4457510454991747,31.85221803884644,2.999381843197125,SUCCESS,FAILURE,31.85221803884644,SUCCESS,52.56266536356067,SUCCESS,0.0,279.5369190548504
2160700,130,23,1,MF,BTC,DS40LF,40-ft,71.26339907388046,106.0336895234262,146.90572797074785,1.4879123210709968,2.0614471086124757,71.19970043910882,63.952885111569536,SUCCESS,SUCCESS,71.19970043910882,SUCCESS,63.952885111569536,SUCCESS,0.0,0.0
2160701,210,16,1,MF,BTC,DS40LF,40-ft,251.29877890850693,378.33640838331524,552.069358033329,1.5055242609080097,2.1968644671939566,22.919076527780987,-7.8846379491717995,SUCCESS,FAILURE,22.919076527780998,SUCCESS,35.21780619090903,SUCCESS,0.0,243.09778495005605
2160702,130,51,1,MF,BTC,DS40LF,40-ft,76.94528754883983,122.06635215645231,173.16770789621634,1.5864045225508137,2.2505303887038024,68.35702975949428,59.29650569216022,SUCCESS,SUCCESS,68.35702975949427,SUCCESS,59.29650569216022,SUCCESS,0.0,0.0
2160703,130,5,1,MF,BTC,DS40LF,40-ft,255.92226409196974,399.2698978921394,590.7722194556109,1.5601217788095818,2.3084049430076448,19.207464912741244,-14.746847421207596,FAILURE,FAILURE,72.01568918897104,SUCCESS,56.5621943515499,SUCCESS,297.838384917936,402.18299559835265
2160704,130,56,1,MF,BTC,DS40LF,40-ft,47.81690258063506,72.77400829392748,102.84862953202473,1.5219306221519997,2.150884394040121,77.09680704008377,71.76442738793888,SUCCESS,SUCCESS,77.09680704008377,SUCCESS,71.76442738793888,SUCCESS,0.0,0.0
2160707,130,60,1,MF,BTC,DS40LF,40-ft,57.132992318975276,87.35231504173186,125.3191205678316,1.5289294590775355,2.193463277193168,74.51200087912557,67.78029777166107,SUCCESS,SUCCESS,74.51200087912557,SUCCESS,67.78029777166105,SUCCESS,0.0,0.0
2160708,130,57,1,MF,BTC,DS40LF,40-ft,47.2659070251439,72.48819076201383,98.2083879917444,1.533625298324488,2.077784901906162,77.14748390744437,72.58716524969071,SUCCESS,SUCCESS,77.14748390744435,SUCCESS,72.58716524969071,SUCCESS,0.0,0.0
2160709,130,24,1,MF,BTC,DS40LF,40-ft,70.48142452140208,108.75060518127465,147.43002697506822,1.5429683199472213,2.091757196682372,70.71797780473854,63.85992429520066,SUCCESS,SUCCESS,70.71797780473852,SUCCESS,63.85992429520066,SUCCESS,0.0,0.0
2160710,130,58,1,MF,BTC,DS40LF,40-ft,24.05038952888572,36.22577634275301,48.986749008420574,1.5062448905138954,2.0368380707341576,83.57699001015018,81.31440620418076,SUCCESS,SUCCESS,83.57699001015018,SUCCESS,81.31440620418076,SUCCESS,0.0,0.0
2160711,130,55,1,MF,BTC,DS40LF,40-ft,47.228614144122815,73.96140467827013,101.97936928989154,1.5660295356660168,2.1592708390445536,76.88627576626416,71.91855154434546,SUCCESS,SUCCESS,76.88627576626416,SUCCESS,71.91855154434548,SUCCESS,0.0,0.0
2160712,210,25,1,MF,BTC,DS40LF,40-ft,389.9690512327937,612.5510708297135,910.5080671740467,1.570768420963869,2.334821351324403,-18.608345891793164,-71.43760056277422,FAILURE,FAILURE,37.703637510607635,SUCCESS,-19.348896852627036,FAILURE,317.5995863895404,293.78028892523037
2160713,130,12,2,SAT,BTC,DS40LF,40-ft,220.43920218105364,353.0021848543501,532.1114725731129,1.601358475995655,2.413869526419684,27.410960132207435,-4.346005775374625,SUCCESS,FAILURE,27.41096013220743,SUCCESS,56.33168018505441,SUCCESS,0.0,342.2221488168197
2160714,130,17,2,SAT,BTC,DS40LF,40-ft,204.09379642520963,323.4826378858548,486.04887730762016,1.5849704574651062,2.381497555638509,32.64492236066405,3.8211210447482027,SUCCESS,FAILURE,32.64492236066404,SUCCESS,57.608316044243516,SUCCESS,0.0,303.35977979715364
2160715,130,15,2,SAT,BTC,DS40LF,40-ft,232.32758357583162,375.47093812873516,569.2128324234163,1.6161272473536556,2.4500441301995703,23.42713862965689,-10.924261067981615,SUCCESS,FAILURE,23.42713862965688,SUCCESS,62.229146404927384,SUCCESS,0.0,412.58521814720666
2160716,130,14,2,SAT,BTC,DS40LF,40-ft,244.1684223517819,391.0236307217809,589.744334394864,1.6014504535661027,2.415317790542132,20.669569020960843,-14.564598296961705,SUCCESS,FAILURE,20.669569020960843,SUCCESS,59.78219407131052,SUCCESS,0.0,419.31590895705557
2160717,130,13,2,SAT,BTC,DS40LF,40-ft,297.70920659920785,493.54912600271643,753.4632134853871,1.6578228521738625,2.5308697103873574,2.4912897158304235,-43.59276834847288,FAILURE,FAILURE,66.48128914673818,SUCCESS,57.16775882772244,SUCCESS,360.9035967903198,568.2893732737416
2160718,130,11,2,SAT,BTC,DS40LF,40-ft,209.11272023468578,337.02702422366883,511.53423604118746,1.6117002535542826,2.4462129107550035,30.24343542133532,-0.6975595817708213,SUCCESS,FAILURE,30.243435421335306,SUCCESS,56.285806556020546,SUCCESS,0.0,321.38618501714336
2160719,130,19,2,SAT,BTC,DS40LF,40-ft,94.39443829817192,149.16682570567926,222.29974544494098,1.5802501545111487,2.3550089332884574,63.551981257858294,50.585151516854445,SUCCESS,SUCCESS,63.551981257858294,SUCCESS,50.58515151685447,SUCCESS,0.0,0.0
2160720,130,21,2,SAT,BTC,DS40LF,40-ft,144.5270364171424,231.32807631773682,349.5174043631526,1.6005868663221197,2.4183530848467343,48.98438363160695,28.02882901362543,SUCCESS,SUCCESS,48.98438363160695,SUCCESS,28.028829013625444,SUCCESS,0.0,0.0
2160721,130,16,2,SAT,BTC,DS40LF,40-ft,143.47846493500543,223.61609002205842,336.6267591128566,1.5585341683391627,2.3461831659918144,50.35175708828752,30.31440441261409,SUCCESS,SUCCESS,50.35175708828752,SUCCESS,30.314404412614103,SUCCESS,0.0,0.0
2160722,130,31,3,SUN,BTC,DS40LF,40-ft,321.18579449363193,536.237825542518,820.4389794407784,1.6695564833056458,2.554406183294153,-5.0776286422904136,-55.467904156166384,FAILURE,FAILURE,67.27627357304783,SUCCESS,57.90069250266065,SUCCESS,408.0760084945078,639.3988851557841
2160723,130,34,3,SUN,BTC,DS40LF,40-ft,225.45812599052982,366.54657119216415,557.5968313066802,1.6257855847145675,2.473172474298405,25.0094731928787,-8.864686401893648,SUCCESS,FAILURE,25.00947319287869,SUCCESS,56.31014767655511,SUCCESS,0.0,367.586064202451
2160724,130,33,3,SUN,BTC,DS40LF,40-ft,247.35693695887826,396.71952156134137,601.6505351090957,1.603834226113876,2.432317211338677,19.659659297634512,-16.67562679239285,FAILURE,FAILURE,62.4948456523117,SUCCESS,53.39172456711033,SUCCESS,241.59045104037932,395.17986166759795
2160725,130,32,3,SUN,BTC,DS40LF,40-ft,237.44782678242692,375.1069172014152,565.6656334931683,1.579744579196023,2.3822733657254607,23.49168134726682,-10.295325087441192,SUCCESS,FAILURE,23.49168134726681,SUCCESS,57.410476117414,SUCCESS,0.0,381.86071879538326
2160726,130,35,3,SUN,BTC,DS40LF,40-ft,257.6345806726354,426.00813316679034,649.7677563981433,1.6535363073332907,2.5220517940632114,14.466643055533632,-25.207049006762993,FAILURE,FAILURE,69.67837119322982,SUCCESS,57.91908918179145,SUCCESS,311.3941466966066,468.83141938344676
2160727,130,36,3,SUN,BTC,DS40LF,40-ft,190.93690527646197,299.65898175691996,451.8924827563591,1.5694136307647637,2.366711045735519,36.86897486579434,9.877219369439885,SUCCESS,FAILURE,36.86897486579434,SUCCESS,54.78889603581278,SUCCESS,0.0,253.3018563983432
2160728,130,37,3,SUN,BTC,DS40LF,40-ft,104.96676732015251,163.36461544417517,245.7762127154311,1.5563460666165614,2.341466913673778,61.034642651742,46.42265731995903,SUCCESS,SUCCESS,61.034642651742,SUCCESS,46.42265731995904,SUCCESS,0.0,0.0
2160734,210,69,1,MF,BTC,DS40LF,40-ft,57.33216680351861,82.46009341576084,120.64401066357155,1.4382867073270997,2.1042988149571795,75.37941606103531,68.60921796745187,SUCCESS,SUCCESS,75.37941606103531,SUCCESS,68.60921796745185,SUCCESS,0.0,0.0
2160735,210,68,1,MF,BTC,DS40LF,40-ft,73.40977680458396,106.5968564386705,155.75403524918474,1.452079832941465,2.121706971862894,71.09984814917189,62.384036303336046,SUCCESS,SUCCESS,71.09984814917189,SUCCESS,62.38403630333603,SUCCESS,0.0,0.0
2160736,410,13,1,MF,HTC,NG40LF,40-ft,370.5711704479263,544.5699987604557,783.8701405841671,1.4695422693087785,2.115302546705583,-6.554964319229738,-48.98406747946225,FAILURE,FAILURE,47.888397307959984,SUCCESS,32.12014557400065,SUCCESS,307.0605595773501,457.4277616215307
2160737,410,18,1,MF,HTC,NG40LF,40-ft,279.6862176425595,412.54151244104713,594.7306255011215,1.475015522460522,2.126420924541911,16.85434176577179,-15.448692464737851,FAILURE,FAILURE,59.04852955844597,SUCCESS,49.71158072699849,SUCCESS,237.9752191506824,367.50394080139296
2160738,410,25,1,MF,HTC,NG40LF,40-ft,325.53355444350865,479.45326068792474,689.3355409052949,1.472822860019877,2.1175560291586426,4.990556615616185,-32.222613635690585,FAILURE,FAILURE,50.801999572196564,SUCCESS,20.691771246959988,SUCCESS,258.3765382751133,298.43713073814916
2160740,410,5,1,MF,HTC,NG40LF,40-ft,390.94047090001106,577.6344761767907,832.1598147220502,1.477550980708082,2.128610048497352,-12.417460315033809,-57.54606644007983,FAILURE,FAILURE,49.26463768353432,SUCCESS,-6.027872996446412,FAILURE,347.8870327119242,290.56261102209237
2160742,410,9,1,MF,HTC,NG40LF,40-ft,310.34683334095587,457.62585860024086,660.5192454097735,1.4745626809650094,2.1283260354202107,8.860663368751624,-27.113341384711603,FAILURE,FAILURE,60.61344194070601,SUCCESS,38.27867207069395,SUCCESS,291.88567114582276,368.8109558884874
2160763,210,67,1,MF,BTC,DS40LF,40-ft,143.72304271937827,209.51924727985394,304.5463756299781,1.4577985778449174,2.1189808528101524,52.85119729080604,36.0024156684436,SUCCESS,SUCCESS,52.85119729080604,SUCCESS,36.00241566844359,SUCCESS,0.0,0.0
2160773,106,8,2,SAT,HTC,NG40LF,40-ft,279.24246469088405,408.11463552470275,596.6157401995933,1.4615063506779948,2.136550903387976,17.63924902044278,-15.782932659502363,FAILURE,FAILURE,67.61491853793024,SUCCESS,56.98173589129966,SUCCESS,281.8627760786292,410.3927306265233
2160774,106,11,3,SUN,HTC,NG40LF,40-ft,335.3700979900994,499.64227904170787,734.5471079023952,1.48982357710513,2.1902582022207597,1.4109434323213044,-40.23884891886439,FAILURE,FAILURE,69.41059070293943,SUCCESS,60.454573593449965,SUCCESS,383.5180106062863,567.9109029694528
2160775,106,15,3,SUN,HTC,NG40LF,40-ft,317.74725337963815,466.10174442101277,681.913885310234,1.466894644921206,2.1460890001635886,7.3578467338629885,-30.90671725358759,FAILURE,FAILURE,69.96341878565761,SUCCESS,62.80847529807938,SUCCESS,353.09542637212166,528.5536859914016
2160776,106,7,3,SUN,HTC,NG40LF,40-ft,288.9355192634982,429.5338775569172,631.6591936110317,1.4866080800720063,2.1861597190305377,13.841511071468581,-21.996310923941785,FAILURE,FAILURE,66.98642015839577,SUCCESS,49.842961110184845,SUCCESS,299.7372872502694,405.17349427247416
2160789,130,31,2,SAT,BTC,DS40LF,40-ft,450.0320350850647,545.6209844023124,724.0976929407886,1.2124047664721902,1.6089914416957456,-6.741309291190135,-38.386115769643375,FAILURE,FAILURE,67.67623010978251,SUCCESS,51.55602529573249,SUCCESS,419.7149222214857,507.27367560871954
2160790,130,32,2,SAT,BTC,DS40LF,40-ft,273.4352098673035,332.7552222089865,441.73817770101596,1.216943576397753,1.6155131517824237,31.000847126066233,11.677628067195757,SUCCESS,FAILURE,31.000847126066233,SUCCESS,63.35692027293043,SUCCESS,0.0,291.4712080403433
2160791,130,22,3,SUN,BTC,DS40LF,40-ft,377.5294017714101,455.06756341995475,603.4180658252927,1.2053831073413803,1.598333965497754,9.314261804972567,-16.98901876334977,FAILURE,FAILURE,71.51124405933102,SUCCESS,65.25275927581968,SUCCESS,350.7909799145817,463.8436281409154
2160792,130,21,3,SUN,BTC,DS40LF,40-ft,313.5725271534535,383.8503500328768,509.9911057345163,1.2241198344682516,1.6263896278290384,21.94142729913532,-0.4239549174674218,SUCCESS,FAILURE,21.941427299135327,SUCCESS,57.56280635768746,SUCCESS,0.0,327.0453335918732
2160793,130,23,3,SUN,BTC,DS40LF,40-ft,248.8418950984442,304.9337637159422,405.1377075705251,1.2254116759370743,1.628092839472424,35.93372983759891,18.167073125793426,SUCCESS,FAILURE,35.93372983759892,SUCCESS,58.065278422531065,SUCCESS,0.0,225.0258778736
2160803,152,13,1,MF,PCT,NG40LF,40-ft,273.0436231572517,377.8084961335794,536.4182503451677,1.383692802508672,1.9645880908789175,23.01267799050011,-5.10961885552619,SUCCESS,FAILURE,23.012677990500123,SUCCESS,46.48628075406193,SUCCESS,0.0,291.00087379807707
2160804,151,8,1,MF,PCT,NG40LF,40-ft,343.8552968399277,471.5845770738872,652.9581598581867,1.3714623023341714,1.8989329693593562,6.385713284771777,-25.772723379111117,FAILURE,FAILURE,69.04082379335577,SUCCESS,69.54265482311087,SUCCESS,353.3748232684137,537.5787330605326
2160805,152,10,1,MF,PCT,NG40LF,40-ft,370.27896097426236,525.7532742800624,743.051512375234,1.4198842756194483,2.006734356227392,-3.218665652493337,-41.74672205234645,FAILURE,FAILURE,68.74168456626202,SUCCESS,67.65517020657963,SUCCESS,405.8563752337801,617.0266723403433
2160806,183,33,1,MF,PCT,NG40LF,40-ft,255.95914760520412,364.34752168611647,513.1314870974885,1.4234596618054554,2.0047397871825683,25.399375587568006,-0.9807601236681701,SUCCESS,FAILURE,25.399375587568034,SUCCESS,37.80035592702583,SUCCESS,0.0,218.72549452591437
2160808,183,9,1,MF,PCT,NG40LF,40-ft,275.0181839729028,377.3959189980133,535.1340878540966,1.3722580577988168,1.945813473580433,23.08582996489126,-4.881930470584501,SUCCESS,FAILURE,23.085829964891285,SUCCESS,59.99683144023928,SUCCESS,0.0,365.9162171770462
2160810,151,6,1,MF,PCT,NG40LF,40-ft,256.29137153818124,376.3055656684054,523.9424462488182,1.4682724721083515,2.0443233929580944,23.279155023332383,-2.897596852627339,SUCCESS,FAILURE,23.279155023332375,SUCCESS,67.89614631884248,SUCCESS,0.0,399.2767114870897
2160811,151,3,1,MF,PCT,NG40LF,40-ft,320.68255970439475,440.48467637817515,620.060533935887,1.3735847586604462,1.9335648764543318,11.899880074791644,-19.939810981540234,FAILURE,FAILURE,63.65538717433425,SUCCESS,55.54879950986179,SUCCESS,291.90106004142035,425.7557631715074
2160812,152,58,1,MF,PCT,NG40LF,40-ft,71.16652570399657,95.24120018765086,130.64814572324775,1.3382864941839125,1.8358089625824014,73.11326237807609,66.83543515545253,SUCCESS,SUCCESS,73.11326237807609,SUCCESS,66.83543515545252,SUCCESS,0.0,0.0
2160814,152,23,2,SAT,PCT,NG40LF,40-ft,425.9088018196989,596.4025662898239,854.247691420435,1.4003058019502976,2.005705652878397,-15.745135866990045,-61.46235663482889,FAILURE,FAILURE,52.992697937806064,SUCCESS,44.371907269373004,SUCCESS,387.68138265904975,596.9052484196989
2160815,151,31,2,SAT,PCT,NG40LF,40-ft,373.1947249511464,518.4019135851051,720.0571908970619,1.3890922859452726,1.9294409667535415,-1.9152329051604835,-37.669714698060616,FAILURE,FAILURE,71.89529581096347,SUCCESS,73.7601219256366,SUCCESS,416.2913819589388,628.464278557653
2160816,151,27,2,SAT,PCT,NG40LF,40-ft,333.202507013638,459.6257533624186,638.5796646692838,1.3794186528842836,1.9164911764698898,8.506072098861953,-23.223344799518404,FAILURE,FAILURE,72.10192577661886,SUCCESS,67.41821576231102,SUCCESS,358.68061474254864,511.21840156871855
2160817,151,26,2,SAT,PCT,NG40LF,40-ft,377.1149160788771,533.4627586190215,753.4912072188446,1.4145893887354029,1.9980413796765462,-4.5855954998265105,-43.59773177639088,FAILURE,FAILURE,68.36109588107949,SUCCESS,64.73786864896807,SUCCESS,411.4193393883096,611.0127863990247
2160818,151,33,2,SAT,PCT,NG40LF,40-ft,171.65168860428207,235.27090626884336,326.43529514574624,1.3706297222116242,1.9017307537142567,48.285300306942666,32.12140156990315,SUCCESS,SUCCESS,48.285300306942716,SUCCESS,32.121401569903135,SUCCESS,0.0,0.0
2160819,151,51,3,SUN,PCT,NG40LF,40-ft,445.96189765522735,631.2228456071889,890.1403777858189,1.4154187811246302,1.9960009643558954,-21.91894425659377,-67.826308118053,FAILURE,FAILURE,52.77302534617074,SUCCESS,44.68161069171753,SUCCESS,421.2627085595918,634.5446620871062
2160820,151,56,3,SUN,PCT,NG40LF,40-ft,254.83164938401973,351.79074382018376,488.458093692342,1.3804829371490317,1.916787396200767,27.625754641811394,3.3939550190883008,SUCCESS,FAILURE,27.625754641811422,SUCCESS,72.81680222098959,SUCCESS,0.0,391.54485821872345
2160821,151,61,3,SUN,PCT,NG40LF,40-ft,282.80110944622953,388.8548340201064,540.1825509959862,1.3750116991462562,1.9101146811402234,21.05410744324355,-5.777048048933713,SUCCESS,FAILURE,21.054107443243563,SUCCESS,68.70146992823621,SUCCESS,0.0,420.0588413912387
2160822,151,64,3,SUN,PCT,NG40LF,40-ft,359.1206693506194,504.0291908842626,706.6769012985704,1.4035092766887363,1.9677979064151898,0.6331221836413837,-35.29732292527844,FAILURE,FAILURE,56.60132891465173,SUCCESS,47.213864689303264,SUCCESS,315.66068596289807,465.3630981462411
2160823,151,4,1,MF,PCT,NG40LF,40-ft,221.51697391391878,323.66420999741405,467.96100205918844,1.461125999866672,2.1125288676119127,32.61272872386276,7.028191124257371,SUCCESS,FAILURE,32.612728723862766,SUCCESS,63.142881845682794,SUCCESS,0.0,316.48685566883955
2160825,151,10,1,MF,PCT,NG40LF,40-ft,361.99484052841285,515.3198884602912,720.668714767846,1.4235558929736842,1.990825929220063,-1.3687745496970116,-37.778140916284755,FAILURE,FAILURE,60.42967017518309,SUCCESS,49.545607602801276,SUCCESS,348.5432282483237,492.50594164764544
2160826,152,3,1,MF,PCT,NG40LF,40-ft,309.39441652442014,426.049835788758,595.1094999148723,1.377044358378492,1.9234655447245315,14.459248973624472,-15.515868779232681,FAILURE,FAILURE,61.094545759776274,SUCCESS,54.65752736573324,SUCCESS,263.02307387389624,395.7779542576079
2160827,183,36,1,MF,PCT,NG40LF,40-ft,80.22709855295564,108.0243876125121,148.0620432035039,1.3464825421949949,1.845536556526126,70.84673978501559,63.74786468022982,SUCCESS,SUCCESS,70.8467397850156,SUCCESS,63.74786468022982,SUCCESS,0.0,0.0
2160828,152,15,1,MF,PCT,NG40LF,40-ft,457.20261262474986,639.5726289345107,914.2864104603394,1.398882270735057,1.9997401266180912,-23.39940229335296,-72.10751958516656,FAILURE,FAILURE,36.901386572134165,SUCCESS,5.995313701468059,FAILURE,340.0964492013473,440.49997973661925
2160830,152,47,1,MF,PCT,NG40LF,40-ft,174.37800183209208,241.7588304404542,342.254796972082,1.38640670210938,1.962717736045845,47.13495914176345,29.316525359559936,SUCCESS,SUCCESS,47.13495914176347,SUCCESS,29.316525359559936,SUCCESS,0.0,0.0
2160831,183,39,1,MF,PCT,NG40LF,40-ft,60.076703076571256,82.0792541980002,113.40437395126433,1.366240988514057,1.8876597440229677,75.44694074503543,69.89284149800278,SUCCESS,SUCCESS,75.44694074503543,SUCCESS,69.89284149800277,SUCCESS,0.0,0.0
2160832,183,4,1,MF,PCT,NG40LF,40-ft,296.84216303801594,404.6380595395657,570.5714881160284,1.3631421338475578,1.9221376177714906,18.25566320220467,-11.165157467380913,FAILURE,FAILURE,73.72320544436732,SUCCESS,53.65439141184424,SUCCESS,312.8369382457971,365.58225567882994
2160833,701,32,1,MF,PCT,NG40LF,40-ft,114.31331532906123,150.78059833537102,207.56163342884284,1.3190116820716415,1.815725778150672,63.265851358976775,53.19829194524064,SUCCESS,SUCCESS,63.265851358976775,SUCCESS,53.19829194524064,SUCCESS,0.0,0.0
2160834,151,36,1,MF,PCT,NG40LF,40-ft,166.39391390367285,231.4932189334418,321.53633792052796,1.3912360945332147,1.9323804000828337,48.95510302598551,32.99001100699859,SUCCESS,SUCCESS,48.95510302598551,SUCCESS,32.99001100699858,SUCCESS,0.0,0.0
2160836,701,36,1,MF,PCT,NG40LF,40-ft,159.89752060538268,218.34262503464421,307.1558091949676,1.3655160143070666,1.920954171347093,51.28676861087869,35.539750142736246,SUCCESS,SUCCESS,51.28676861087871,SUCCESS,35.539750142736246,SUCCESS,0.0,0.0
2160837,152,33,1,MF,PCT,NG40LF,40-ft,122.81842948639866,169.1784528872434,235.28537513777698,1.3774679711726716,1.915717177965,60.003820410063234,48.28273490464947,SUCCESS,SUCCESS,60.00382041006325,SUCCESS,48.28273490464947,SUCCESS,0.0,0.0
2160840,151,1,1,MF,PCT,NG40LF,40-ft,323.128302624799,465.98618768195274,657.8910014211085,1.442108858607268,2.03600550022082,7.3783355173842695,-26.647340677501507,FAILURE,FAILURE,67.80810806831965,SUCCESS,65.0515659810178,SUCCESS,340.82391718727547,517.1818335540488
2160841,183,54,1,MF,PCT,NG40LF,40-ft,66.70902015666897,88.78145342451629,122.72903831489585,1.3308762925314939,1.8397667665731183,74.25860754884464,68.23953221367096,SUCCESS,SUCCESS,74.25860754884464,SUCCESS,68.23953221367096,SUCCESS,0.0,0.0
2160842,152,37,2,SAT,PCT,NG40LF,40-ft,400.3735553014629,580.4540725533714,819.5091586112134,1.4497812477058234,2.0468613567500995,-12.917388750597755,-55.30304230695272,FAILURE,FAILURE,57.1947796873282,SUCCESS,46.77868348430642,SUCCESS,395.4326299899024,575.7409334627016
2160843,152,32,2,SAT,PCT,NG40LF,40-ft,455.1073377379959,659.352300505198,931.0588386199736,1.448784156683462,2.0458005428951833,-26.906436259786865,-75.08135436524354,FAILURE,FAILURE,52.55896163904473,SUCCESS,40.57696984206227,SUCCESS,448.18484414941037,652.312948529205
2160844,152,31,2,SAT,PCT,NG40LF,40-ft,400.75042514698754,571.6463012659929,806.6364099774217,1.4264396626811413,2.012814857729878,-11.355727174821425,-53.020640066918745,FAILURE,FAILURE,65.83546147651977,SUCCESS,59.78209652050784,SUCCESS,435.3583039935644,636.2074343530863
2160845,152,22,2,SAT,PCT,NG40LF,40-ft,266.27556858780514,383.17446389281463,540.0142351826407,1.4390147242008864,2.0280277234844,22.06126526723145,-5.7472048196171475,SUCCESS,FAILURE,22.061265267231448,SUCCESS,63.97241360696759,SUCCESS,0.0,393.2186479259379
2160846,152,27,2,SAT,PCT,NG40LF,40-ft,270.9386156646185,393.70715734308106,555.8177978039681,1.4531230861178963,2.0514528593147734,20.19376642853173,-8.549254929781577,SUCCESS,FAILURE,20.19376642853171,SUCCESS,71.02977815434451,SUCCESS,0.0,448.8257465944712
2160847,152,21,2,SAT,PCT,NG40LF,40-ft,286.7275523011884,413.3464955753517,584.2383392630277,1.4416001959280094,2.0376079472450694,16.71161425968942,-13.588358025359515,FAILURE,FAILURE,69.97666536210558,SUCCESS,64.88467374353321,SUCCESS,300.4148882176272,442.587899176555
2160848,152,56,3,SUN,PCT,NG40LF,40-ft,334.18680952527933,464.73779586095714,652.7758113555873,1.3906527206179344,1.9533260821481002,7.5996815849366826,-25.740392084323982,FAILURE,FAILURE,66.5128210503352,SUCCESS,72.21152387487675,SUCCESS,332.2701065848475,552.448806009892
2160849,152,51,3,SUN,PCT,NG40LF,40-ft,302.9032941364591,425.4418047826512,602.55990942342,1.4045466425036237,1.9892814673450345,14.567055889600852,-16.8368633729468,FAILURE,FAILURE,73.22126280525202,SUCCESS,69.00123298494222,SUCCESS,330.8097270042726,484.126863458494
2160850,152,59,3,SUN,PCT,NG40LF,40-ft,318.2923503811956,442.85963095286183,622.8264865863644,1.391361213747302,1.9567749141330302,11.478788838145068,-20.430228118149703,FAILURE,FAILURE,75.79406718701952,SUCCESS,69.64649443471599,SUCCESS,362.73816988765174,508.03271519816235
2160851,152,60,3,SUN,PCT,NG40LF,40-ft,258.9010673869,360.1623964828432,505.5187144170675,1.3911197822317931,1.9525555437808362,26.14141906332568,0.3690222664774002,SUCCESS,FAILURE,26.1414190633257,SUCCESS,61.69857810954993,SUCCESS,0.0,345.89869495492906
2160852,152,53,3,SUN,PCT,NG40LF,40-ft,362.52931579560254,509.5853513253562,721.2893726632633,1.405639017653031,1.9896028851634526,-0.3520126463397502,-37.88818664242257,FAILURE,FAILURE,71.08163577202953,SUCCESS,66.91549310965964,SUCCESS,402.8857770796027,591.0927538017436
2160853,152,61,3,SUN,PCT,NG40LF,40-ft,318.32706168825166,444.2914574852869,624.1892476722052,1.3957074686926756,1.9608425509342795,11.224918885587432,-20.671852424149847,FAILURE,FAILURE,70.03493435247263,SUCCESS,68.96773919648527,SUCCESS,331.6884872332324,505.56729674038206
2160854,151,9,1,MF,PCT,NG40LF,40-ft,279.35968356363566,380.125673884014,534.082972186966,1.3607034094360462,1.9118112011510302,22.60183087162872,-4.695562444497514,SUCCESS,FAILURE,22.601830871628728,SUCCESS,61.43915360356473,SUCCESS,0.0,372.99979851107105
2160855,701,8,1,MF,PCT,NG40LF,40-ft,272.60258920351913,361.62935576723885,508.18999384526506,1.3265807812898442,1.8642155796468298,25.88131989942574,-0.10460883781295066,SUCCESS,FAILURE,25.88131989942576,SUCCESS,57.66323065601422,SUCCESS,0.0,325.81061474518526
2160857,701,13,1,MF,PCT,NG40LF,40-ft,426.0800757038408,556.9062823910526,792.3500872063787,1.307046055770386,1.8596271742993316,-8.742248650895853,-50.48760411460614,FAILURE,FAILURE,44.66717219407615,SUCCESS,5.85661148937776,FAILURE,301.2291335656421,317.78137600646926
2160858,152,51,1,MF,PCT,NG40LF,40-ft,127.02531416963262,168.12985811596351,236.020842104252,1.3235933263777557,1.8580614710313896,60.1897414688008,48.152332960239015,SUCCESS,SUCCESS,60.1897414688008,SUCCESS,48.152332960239015,SUCCESS,0.0,0.0
2160859,152,1,1,MF,PCT,NG40LF,40-ft,272.44416538830995,389.8667957520407,563.6057762782985,1.4309970455648051,2.068701950269337,20.87468160424811,-9.930102177003285,SUCCESS,FAILURE,20.874681604248117,SUCCESS,60.452681039987596,SUCCESS,0.0,396.9588973438286
2160860,151,37,1,MF,PCT,NG40LF,40-ft,181.9874333823581,267.9407279090819,386.08244881574893,1.4723034603501153,2.1214786188263033,42.492778739524496,21.54566510359062,SUCCESS,SUCCESS,42.49277873952451,SUCCESS,21.545665103590604,SUCCESS,0.0,0.0
2160861,152,38,1,MF,PCT,NG40LF,40-ft,94.51113144609565,124.06743731944098,172.50490928763284,1.312728304286599,1.8252337756216672,68.00222742563105,59.414023175951634,SUCCESS,SUCCESS,68.00222742563105,SUCCESS,59.41402317595163,SUCCESS,0.0,0.0
2160862,152,46,1,MF,PCT,NG40LF,40-ft,103.19494491597366,141.3554071814936,196.48493317338364,1.3697900347404812,1.9040170362353623,64.93698454228837,55.16224589124404,SUCCESS,SUCCESS,64.93698454228837,SUCCESS,55.16224589124404,SUCCESS,0.0,0.0
2160864,152,35,1,MF,PCT,NG40LF,40-ft,61.30022087379313,82.8695595044926,115.57482528552411,1.3518639626944757,1.8853900302165842,75.3068156906928,69.50800970114821,SUCCESS,SUCCESS,75.3068156906928,SUCCESS,69.50800970114821,SUCCESS,0.0,0.0
2160865,152,31,1,MF,PCT,NG40LF,40-ft,86.23330082185538,115.58957144335125,161.95044050750818,1.3404284695322213,1.8780498828645404,69.5053951341576,61.28538288873969,SUCCESS,SUCCESS,69.5053951341576,SUCCESS,61.28538288873969,SUCCESS,0.0,0.0
2160866,701,34,1,MF,PCT,NG40LF,40-ft,76.77237547442847,95.8906154951228,135.40965499519126,1.249024989816321,1.7637809714549453,72.9981178200137,65.99119592283843,SUCCESS,SUCCESS,72.9981178200137,SUCCESS,65.99119592283843,SUCCESS,0.0,0.0
2160867,152,48,1,MF,PCT,NG40LF,40-ft,53.188062856309145,66.46531151715169,91.47603078009165,1.2496283554584768,1.7198601691364437,78.21537029837737,73.78084560636673,SUCCESS,SUCCESS,78.21537029837737,SUCCESS,73.78084560636673,SUCCESS,0.0,0.0
2160869,701,6,1,MF,PCT,NG40LF,40-ft,420.31373677645007,540.2052659460687,761.4762556848978,1.2852429475398865,1.8116853889310305,-5.781075522352606,-45.01352051150669,FAILURE,FAILURE,41.32759937127331,SUCCESS,-12.380728085186092,FAILURE,265.6929264000502,184.0489492844482
2160881,152,54,1,MF,PCT,NG40LF,40-ft,80.66029797376792,109.73425859729858,155.85256979297304,1.3604494572160641,1.9322091996691966,70.54357117069175,62.36656563954379,SUCCESS,SUCCESS,70.54357117069175,SUCCESS,62.36656563954379,SUCCESS,0.0,0.0
2160882,701,57,1,MF,PCT,NG40LF,40-ft,80.88600781560692,109.88881570997158,156.12664759129973,1.3585639677072625,1.9302058762402559,70.51616742731001,62.31797028523055,SUCCESS,SUCCESS,70.51616742731001,SUCCESS,62.31797028523055,SUCCESS,0.0,0.0
2160883,701,5,1,MF,PCT,NG40LF,40-ft,395.35948270621816,508.66865068479547,725.7117471344744,1.2865978253587875,1.83557440475946,-0.18947707177224174,-38.67229559121886,FAILURE,FAILURE,66.51640136139449,SUCCESS,51.54891029490987,SUCCESS,376.22115436306024,508.8476011977661
2160884,152,16,1,MF,PCT,NG40LF,40-ft,316.8172054580851,399.226321424016,565.1059340025998,1.2601156583234672,1.783697110721985,19.215191236876596,-10.196087589113443,FAILURE,FAILURE,67.83026289913673,SUCCESS,58.19322723015977,SUCCESS,274.1890041751471,385.7157355807009
2160885,152,40,1,MF,PCT,NG40LF,40-ft,284.2142205662368,423.1473069067124,613.1588146549506,1.488832283140797,2.157382601874604,14.973881754129012,-18.716101889175626,FAILURE,FAILURE,55.125312242641535,SUCCESS,47.46059763162076,SUCCESS,226.4540679552104,373.23658529729147
2160886,152,33,2,SAT,PCT,NG40LF,40-ft,359.1192433987944,472.7477154914411,674.3025833534274,1.3164087533077826,1.8776565047633174,6.179483068893424,-29.55719563004031,FAILURE,FAILURE,66.51983152241843,SUCCESS,64.24134028272775,SUCCESS,340.3195652778806,529.0237425480117
2160887,152,28,2,SAT,PCT,NG40LF,40-ft,354.0179873143975,466.5465252139245,666.2937631527219,1.317861074667916,1.8820901395640033,7.278984891148142,-28.13719204835494,FAILURE,FAILURE,71.90898657019954,SUCCESS,70.33131371656502,SUCCESS,364.5132094698496,555.3623725141483
2160888,152,54,3,SUN,PCT,NG40LF,40-ft,330.82619917258125,445.14008313360125,638.4121354244006,1.3455406018233342,1.9297508390239728,11.074453345106166,-23.19364103269514,FAILURE,FAILURE,66.69923350760702,SUCCESS,68.81994000536406,SUCCESS,313.72376011650454,518.9565970546539
2160889,152,58,3,SUN,PCT,NG40LF,40-ft,235.09140513523153,319.15470848573636,460.0696981751426,1.357577101987838,1.95698221255897,33.41228572947937,8.42735847958465,SUCCESS,FAILURE,33.41228572947942,SUCCESS,64.83370671803176,SUCCESS,0.0,318.1318040648418
2160890,152,57,3,SUN,PCT,NG40LF,40-ft,434.56834904493354,605.0030866970981,873.4080005736254,1.39219316829386,2.0098288393371155,-17.270050832818804,-64.85957456979173,FAILURE,FAILURE,35.422901003476944,SUCCESS,16.974673627409256,FAILURE,297.18824835670773,461.5451598322132
2160891,151,31,1,MF,PCT,NG40LF,40-ft,252.68894597272947,337.154086581279,471.68870897758995,1.3342652773487966,1.8666772587214608,30.220906634525008,6.36725018127838,SUCCESS,FAILURE,30.220906634525008,SUCCESS,50.82832631891757,SUCCESS,0.0,250.76046941628516
2160892,152,62,3,SUN,PCT,NG40LF,40-ft,300.07120451936976,420.79565870236763,592.559447964361,1.4023193574217316,1.9747294610073487,15.390840655608578,-15.063731908574637,FAILURE,FAILURE,64.0889676899962,SUCCESS,66.4153703621152,SUCCESS,274.65743647394623,459.5421368066906
2160893,152,63,3,SUN,PCT,NG40LF,40-ft,315.05090421093604,444.25217216061094,625.1766608281678,1.4100964835294387,1.9843671370947509,11.231884368686007,-20.84692567875315,FAILURE,FAILURE,62.825047988578795,SUCCESS,58.83581990376805,SUCCESS,290.98544281619536,449.4106850854195
2160894,151,11,1,MF,PCT,NG40LF,40-ft,288.04595843582337,387.34406579983624,534.7080288481641,1.3447300837103622,1.8563288711002588,21.321974148965207,-4.806388093646109,SUCCESS,FAILURE,21.321974148965214,SUCCESS,63.873253271044476,SUCCESS,0.0,387.3531772968551
2160898,152,43,1,MF,PCT,NG40LF,40-ft,86.67319135853676,112.14776861092295,157.09541520660014,1.2939153024492516,1.8125029521152765,70.11564386331153,62.146202977553166,SUCCESS,SUCCESS,70.11564386331153,SUCCESS,62.146202977553166,SUCCESS,0.0,0.0
2160899,701,52,1,MF,PCT,NG40LF,40-ft,68.89578411127393,87.23472371264825,123.39764540157206,1.266183770718902,1.7910768705712372,74.53285040555883,68.1209848578773,SUCCESS,SUCCESS,74.53285040555883,SUCCESS,68.12098485787729,SUCCESS,0.0,0.0
2160900,183,7,1,MF,PCT,NG40LF,40-ft,238.14797039324344,325.11644406752555,455.3857216985714,1.3651867094675416,1.912196526162338,32.35524041355931,9.257850762664651,SUCCESS,FAILURE,32.355240413559365,SUCCESS,63.84237242173006,SUCCESS,0.0,307.856702157129
2160901,183,35,1,MF,PCT,NG40LF,40-ft,84.8539128636459,105.85547382172423,145.8137113126979,1.24750256351556,1.7184088086428022,71.2312989677794,64.14650508640108,SUCCESS,SUCCESS,71.2312989677794,SUCCESS,64.14650508640108,SUCCESS,0.0,0.0
2160902,152,38,2,SAT,PCT,NG40LF,40-ft,367.0033554362422,483.268186983563,681.4459716820476,1.3167950097053511,1.8567840364076236,4.314151244049118,-30.82375384433467,FAILURE,FAILURE,69.69697362185839,SUCCESS,69.79166215854987,SUCCESS,368.75911821084424,567.4709462562689
2160903,152,29,2,SAT,PCT,NG40LF,40-ft,399.84930938054384,528.655358478602,746.1704883497306,1.3221364801094881,1.8661292413027193,-3.7332195884046078,-42.299731976902585,FAILURE,FAILURE,66.09743819066539,SUCCESS,65.27145296579931,SUCCESS,393.84490987395463,606.7014830768386
2160904,152,35,2,SAT,PCT,NG40LF,40-ft,389.6026064329387,507.09614001543366,712.6510515314957,1.3015727606604675,1.8291742400192654,0.08933687669616333,-36.35656942047795,FAILURE,FAILURE,63.80742608800849,SUCCESS,62.595540225782955,SUCCESS,359.37002315180143,558.0898984049113
2160905,152,36,2,SAT,PCT,NG40LF,40-ft,315.3879916663812,418.1798328736257,590.016271541469,1.3259218610833419,1.8707632729580612,15.854639561413888,-14.612814103097335,FAILURE,FAILURE,66.8472048985116,SUCCESS,70.70024086522596,SUCCESS,287.59806850123107,481.1656300213432
2160906,152,26,2,SAT,PCT,NG40LF,40-ft,384.2668300380336,514.2859091295793,726.6236497181052,1.3383562382386134,1.8909351339177156,-1.1854448811310767,-38.83398044647255,FAILURE,FAILURE,67.78941560194168,SUCCESS,70.93658530018928,SUCCESS,389.01821312453023,619.1059908111727
2160907,152,34,2,SAT,PCT,NG40LF,40-ft,281.29059086772315,364.03667492178533,511.85905025439934,1.2941658439367192,1.8196806678652857,25.454490262094804,-0.7551507543261193,SUCCESS,FAILURE,25.454490262094815,SUCCESS,65.47962285754632,SUCCESS,0.0,373.56412317096067
2160908,152,30,2,SAT,PCT,NG40LF,40-ft,262.3173475440593,345.6619734917498,487.2229892781196,1.317724415590516,1.8573799782581466,28.7124160475621,3.612945163453976,SUCCESS,FAILURE,28.712416047562105,SUCCESS,64.55001904825937,SUCCESS,0.0,343.6850967103025
2160909,151,66,3,SUN,PCT,NG40LF,40-ft,153.54414749675382,196.35383441673216,275.67037872388,1.2788102810684034,1.7953818704142281,55.18549035164323,41.12227327590781,SUCCESS,SUCCESS,55.18549035164322,SUCCESS,41.1222732759078,SUCCESS,0.0,0.0
2160910,151,67,3,SUN,PCT,NG40LF,40-ft,152.28146048960642,195.15353577944882,274.05314591941897,1.2815318105828681,1.7996487887514303,55.398309258962975,41.40901668095409,SUCCESS,SUCCESS,55.39830925896296,SUCCESS,41.40901668095407,SUCCESS,0.0,0.0
2160911,151,54,3,SUN,PCT,NG40LF,40-ft,457.0183039814295,604.5117162780482,854.865223420807,1.3227297703651975,1.8705273201826587,-17.18292841809365,-61.57184812425655,FAILURE,FAILURE,52.97627200662783,SUCCESS,40.95315675810009,SUCCESS,395.6978903954294,578.2410275364914
2160912,160,1,1,MF,PCT,NG40LF,40-ft,378.6750504535352,504.24522392984574,708.1074863632344,1.3316040318101665,1.8699607632325959,0.5948184521550154,-35.55097275943873,FAILURE,FAILURE,73.04723545604378,SUCCESS,58.50654538516519,SUCCESS,408.6316319019327,530.4844023355658
2160913,183,3,1,MF,PCT,NG40LF,40-ft,410.6168141290706,555.0281019211639,780.6961356746547,1.3516935566761763,1.9012765888083087,-8.409237929284368,-48.42130065153451,FAILURE,FAILURE,70.92093132511964,SUCCESS,65.42283669486724,SUCCESS,447.42215459483833,642.080934633706
2160914,183,8,1,MF,PCT,NG40LF,40-ft,446.0356292451979,596.2365176687961,835.5837073875209,1.3367463910400499,1.873356415050372,-15.715694622126957,-58.153139607716476,FAILURE,FAILURE,68.54877974243252,SUCCESS,46.681185573032664,SUCCESS,475.2516354161153,591.2655940194252
2160915,183,32,1,MF,PCT,NG40LF,40-ft,305.6353631484522,406.7110932410534,573.5227896765812,1.3307069216447542,1.8764935567943803,17.888104035274225,-11.688437885918642,FAILURE,FAILURE,57.014109758947015,SUCCESS,48.48157515101107,SUCCESS,220.67067228151456,339.3588735282835
2160916,151,14,1,MF,PCT,NG40LF,40-ft,315.04879911295353,426.29865050907637,595.6657959569827,1.3531194269248326,1.890709622236714,14.41513288846164,-15.614502829252253,FAILURE,FAILURE,68.01590075597686,SUCCESS,52.76586503134758,SUCCESS,302.3083307727857,385.66527473378284
2160917,160,8,1,MF,PCT,NG40LF,40-ft,322.58735778098605,429.2931215002383,602.9179412103565,1.330780984268137,1.8690067253649012,13.884198315560583,-16.90034418623342,FAILURE,FAILURE,63.61652105971888,SUCCESS,43.862044604273606,SUCCESS,280.4903002770528,342.69987277845945
2160918,160,3,1,MF,PCT,NG40LF,40-ft,497.0361492386193,674.168421359472,955.356198090993,1.3563770409701412,1.9221060672436951,-29.533408042459563,-79.38939682464414,FAILURE,FAILURE,53.36575078070078,SUCCESS,28.22228334269606,SUCCESS,467.5512557626243,606.9298761437984
2160919,160,6,1,MF,PCT,NG40LF,40-ft,322.58735778098605,429.2931215002383,602.9179412103565,1.330780984268137,1.8690067253649012,13.884198315560583,-16.90034418623342,FAILURE,FAILURE,67.87711243609202,SUCCESS,47.31738345177162,SUCCESS,304.5200356397973,362.1879838783483
2160921,160,5,1,MF,PCT,NG40LF,40-ft,322.58735778098605,429.2931215002383,602.9179412103565,1.330780984268137,1.8690067253649012,13.884198315560583,-16.90034418623342,FAILURE,FAILURE,65.15191309238088,SUCCESS,42.48939105488832,SUCCESS,289.1499113412665,334.9581067599265
2160922,160,2,1,MF,PCT,NG40LF,40-ft,322.58735778098605,429.2931215002383,602.9179412103565,1.330780984268137,1.8690067253649012,13.884198315560583,-16.90034418623342,FAILURE,FAILURE,59.55040728857317,SUCCESS,40.81574602993719,SUCCESS,257.557418607791,325.5187488192021
2160923,160,7,1,MF,PCT,NG40LF,40-ft,269.01795486800603,357.95150701664033,502.69163455284985,1.3305859350253022,1.8686174117987628,26.53342074173044,0.8702775615514494,SUCCESS,FAILURE,26.533420741730424,SUCCESS,43.92922318299344,SUCCESS,0.0,242.8524533049328
2160924,183,1,1,MF,PCT,NG40LF,40-ft,248.87383480563375,334.21060140452863,468.60577988013114,1.3428916770842603,1.8829049676761092,30.742801169409823,6.9138688155795895,SUCCESS,FAILURE,30.742801169409873,SUCCESS,58.06268551349153,SUCCESS,0.0,288.4793261762234
2160925,160,4,1,MF,PCT,NG40LF,40-ft,263.2742618741514,351.3736957921917,490.8832202807617,1.3346298771892597,1.8645317502225507,27.699699327625588,2.9639680353259457,SUCCESS,FAILURE,27.699699327625606,SUCCESS,58.939139279048916,SUCCESS,0.0,315.6999658145976
2160926,160,53,1,MF,PCT,NG40LF,40-ft,54.74034321608617,72.5850490822484,101.78640792282366,1.3259881984247102,1.8594404408650544,77.13031044640985,71.95276455269085,SUCCESS,SUCCESS,77.13031044640985,SUCCESS,71.95276455269085,SUCCESS,0.0,0.0
2160927,160,52,1,MF,PCT,NG40LF,40-ft,54.74034321608617,72.5850490822484,101.78640792282366,1.3259881984247102,1.8594404408650544,77.13031044640985,71.95276455269085,SUCCESS,SUCCESS,77.13031044640985,SUCCESS,71.95276455269085,SUCCESS,0.0,0.0
2160928,160,51,1,MF,PCT,NG40LF,40-ft,54.74034321608617,72.5850490822484,101.78640792282366,1.3259881984247102,1.8594404408650544,77.13031044640985,71.95276455269085,SUCCESS,SUCCESS,77.13031044640985,SUCCESS,71.95276455269085,SUCCESS,0.0,0.0
2160929,160,24,2,SAT,PCT,NG40LF,40-ft,502.4556450684128,674.5064423312435,951.4078841359587,1.3424198711896347,1.893516161026349,-29.59334083887296,-78.68934115885793,FAILURE,FAILURE,39.36970024700314,SUCCESS,-33.997724183552855,FAILURE,388.9515517243415,252.06071974072046
2160930,160,28,2,SAT,PCT,NG40LF,40-ft,429.7261636069461,571.9763504674343,803.3705545253697,1.3310251944319567,1.8694941629390331,-11.41424653677912,-52.441587681803135,FAILURE,FAILURE,33.815668452021164,SUCCESS,-26.203463766297524,FAILURE,255.09672053683374,147.9830188834515
2160931,160,27,2,SAT,PCT,NG40LF,40-ft,322.58735778098605,429.2931215002383,602.9179412103565,1.330780984268137,1.8690067253649012,13.884198315560583,-16.90034418623342,FAILURE,FAILURE,52.48775939847964,SUCCESS,32.00980360645452,SUCCESS,217.72408450766352,275.85323355075985
2160932,160,21,2,SAT,PCT,NG40LF,40-ft,505.70555632601145,679.8528106642613,959.2979643753583,1.344364921760881,1.8969496229084954,-30.541278486571137,-80.0882915559146,FAILURE,FAILURE,60.0877307237219,SUCCESS,21.20488941183883,SUCCESS,511.14761194605285,571.2935406581292
2160933,160,31,2,SAT,PCT,NG40LF,40-ft,322.58735778098605,429.2931215002383,602.9179412103565,1.330780984268137,1.8690067253649012,13.884198315560583,-16.90034418623342,FAILURE,FAILURE,57.246316559449006,SUCCESS,31.96491167220425,SUCCESS,244.56234689553077,275.6000430415883
2160934,160,22,2,SAT,PCT,NG40LF,40-ft,344.9973475870714,465.8279672134674,658.6190444028385,1.3502363727474758,1.909055385524709,7.406388791938411,-26.77642631256002,FAILURE,FAILURE,52.0633184062052,SUCCESS,21.742663357469645,SUCCESS,251.86508302446464,273.6476657389673
2160935,160,23,2,SAT,PCT,NG40LF,40-ft,322.58735778098605,429.2931215002383,602.9179412103565,1.330780984268137,1.8690067253649012,13.884198315560583,-16.90034418623342,FAILURE,FAILURE,51.01793591902699,SUCCESS,24.54910695721829,SUCCESS,209.43428008355056,233.77490444906755
2160936,160,29,2,SAT,PCT,NG40LF,40-ft,269.01795486800603,357.95150701664033,502.69163455284985,1.3305859350253022,1.8686174117987628,26.53342074173044,0.8702775615514494,SUCCESS,FAILURE,26.533420741730424,SUCCESS,38.20252084061341,SUCCESS,0.0,210.55385209390946
2160937,160,25,2,SAT,PCT,NG40LF,40-ft,322.58735778098605,429.2931215002383,602.9179412103565,1.330780984268137,1.8690067253649012,13.884198315560583,-16.90034418623342,FAILURE,FAILURE,60.81525150443285,SUCCESS,41.447103392566895,SUCCESS,264.69113998523966,329.0796043444336
2160938,160,30,2,SAT,PCT,NG40LF,40-ft,215.4485519550261,286.60989253304234,402.4653278953433,1.330293891197147,1.8680344993887734,39.1826431679003,18.640899309336298,SUCCESS,FAILURE,39.18264316790028,SUCCESS,46.96736176637618,SUCCESS,0.0,159.7612482577049
2160939,160,26,2,SAT,PCT,NG40LF,40-ft,215.4485519550261,286.60989253304234,402.4653278953433,1.330293891197147,1.8680344993887734,39.1826431679003,18.640899309336298,SUCCESS,FAILURE,39.18264316790028,SUCCESS,50.1039320708127,SUCCESS,0.0,177.45150477472686
2160940,160,60,3,SUN,PCT,NG40LF,40-ft,376.1567606939661,500.6347359838363,703.1442478678631,1.3309204786329578,1.8692851527396255,1.2349758893907272,-34.67096593401828,FAILURE,FAILURE,62.08949053012244,SUCCESS,36.21974540518658,SUCCESS,343.2194625737269,399.82361195311523
2160941,160,51,3,SUN,PCT,NG40LF,40-ft,452.1361534130314,608.5111961806633,859.0716577178517,1.3458583030514297,1.900028677717971,-17.89205606040129,-62.317669808129736,FAILURE,FAILURE,53.62784465802124,SUCCESS,-24.0412736290627,FAILURE,403.37224005190313,215.878874449938
2160942,160,58,3,SUN,PCT,NG40LF,40-ft,376.1567606939661,500.6347359838363,703.1442478678631,1.3309204786329578,1.8692851527396255,1.2349758893907272,-34.67096593401828,FAILURE,FAILURE,46.723732379318264,SUCCESS,10.30981954309855,FAILURE,256.55658660319136,253.6916300909388
2160943,160,54,3,SUN,PCT,NG40LF,40-ft,428.2446421123791,559.6651103746314,781.1942383966172,1.3068817571517104,1.8241774947685574,-9.231402548693499,-48.50961673698885,FAILURE,FAILURE,61.00182525191434,SUCCESS,32.89322001592638,SUCCESS,396.1154047954283,459.1119992864418
2160944,160,56,3,SUN,PCT,NG40LF,40-ft,322.58735778098605,429.2931215002383,602.9179412103565,1.330780984268137,1.8690067253649012,13.884198315560583,-16.90034418623342,FAILURE,FAILURE,57.060852598150305,SUCCESS,32.97479394655737,SUCCESS,243.51633015380605,281.29577906893996
2160945,160,52,3,SUN,PCT,NG40LF,40-ft,322.58735778098605,429.2931215002383,602.9179412103565,1.330780984268137,1.8690067253649012,13.884198315560583,-16.90034418623342,FAILURE,FAILURE,56.72717814337006,SUCCESS,31.455971846983456,SUCCESS,241.63440622884548,272.7296224273431
2160946,160,59,3,SUN,PCT,NG40LF,40-ft,269.01795486800603,357.95150701664033,502.69163455284985,1.3305859350253022,1.8686174117987628,26.53342074173044,0.8702775615514494,SUCCESS,FAILURE,26.533420741730424,SUCCESS,38.44037913160748,SUCCESS,0.0,211.895372855116
2160947,160,57,3,SUN,PCT,NG40LF,40-ft,269.01795486800603,357.95150701664033,502.69163455284985,1.3305859350253022,1.8686174117987628,26.53342074173044,0.8702775615514494,SUCCESS,FAILURE,26.533420741730424,SUCCESS,38.25623622502361,SUCCESS,0.0,210.85680686198302
2160948,160,53,3,SUN,PCT,NG40LF,40-ft,322.58735778098605,429.2931215002383,602.9179412103565,1.330780984268137,1.8690067253649012,13.884198315560583,-16.90034418623342,FAILURE,FAILURE,60.69649794505959,SUCCESS,39.256032321043016,SUCCESS,264.02136991037446,316.721963501039
2160949,160,55,3,SUN,PCT,NG40LF,40-ft,269.01795486800603,357.95150701664033,502.69163455284985,1.3305859350253022,1.8686174117987628,26.53342074173044,0.8702775615514494,SUCCESS,FAILURE,26.533420741730424,SUCCESS,36.24592908047551,SUCCESS,0.0,199.51867456673173
2161016,183,11,1,MF,PCT,NG40LF,40-ft,202.31916291780652,274.69596512980695,380.2059385223744,1.3577357733602524,1.8792383926422014,41.29504164365125,22.587599552770495,SUCCESS,SUCCESS,41.29504164365132,SUCCESS,22.587599552770488,SUCCESS,0.0,0.0
2161017,183,51,1,MF,PCT,NG40LF,40-ft,72.89853145181078,96.38083501100019,133.8567161276794,1.3221231359744505,1.836205935316608,72.91119946613472,66.26653969367386,SUCCESS,SUCCESS,72.91119946613472,SUCCESS,66.26653969367386,SUCCESS,0.0,0.0
2161018,152,56,1,MF,PCT,NG40LF,40-ft,67.79229153352952,87.39687446844265,119.92050099537411,1.2891860194048295,1.7689400709527925,74.50410027155272,68.73749982351522,SUCCESS,SUCCESS,74.50410027155272,SUCCESS,68.73749982351522,SUCCESS,0.0,0.0
2161019,183,34,1,MF,PCT,NG40LF,40-ft,75.21411989325493,97.64548670399519,133.5084800357174,1.298233454603673,1.7750454332935726,72.68697044255406,66.32828368161039,SUCCESS,SUCCESS,72.68697044255406,SUCCESS,66.32828368161037,SUCCESS,0.0,0.0
2161020,183,31,1,MF,PCT,NG40LF,40-ft,106.4268787358597,143.27854840174243,198.53424382127488,1.346262806009229,1.8654520942403654,64.59600205642865,54.798892939490266,SUCCESS,SUCCESS,64.59600205642865,SUCCESS,54.798892939490266,SUCCESS,0.0,0.0
2161021,183,37,1,MF,PCT,NG40LF,40-ft,72.89853145181078,96.38083501100019,133.8567161276794,1.3221231359744505,1.836205935316608,72.91119946613472,66.26653969367386,SUCCESS,SUCCESS,72.91119946613472,SUCCESS,66.26653969367386,SUCCESS,0.0,0.0
2161022,183,42,1,MF,PCT,NG40LF,40-ft,72.53327921841111,97.27484375447685,135.36350652257238,1.3411063832032786,1.8662262065247022,72.75268727757503,65.99937827613965,SUCCESS,SUCCESS,72.75268727757503,SUCCESS,65.99937827613965,SUCCESS,0.0,0.0
2161023,183,57,1,MF,PCT,NG40LF,40-ft,47.169748559125594,58.40040298375134,79.82980313091069,1.2380901905921444,1.6923940781843874,79.64531861990226,75.84577958671797,SUCCESS,SUCCESS,79.64531861990226,SUCCESS,75.84577958671798,SUCCESS,0.0,0.0
2161033,701,55,1,MF,PCT,NG40LF,40-ft,79.81838873308554,102.36831951972073,141.573024816591,1.2825154847718445,1.7736893347974527,71.84958873763817,64.89839985521438,SUCCESS,SUCCESS,71.84958873763819,SUCCESS,64.89839985521436,SUCCESS,0.0,0.0
2161034,183,5,1,MF,PCT,NG40LF,40-ft,271.28767586844197,371.9119309643702,517.4202213431746,1.3709134768979512,1.9072750713308921,24.058168268728693,-1.7411739970167694,SUCCESS,FAILURE,24.058168268728714,SUCCESS,64.85395723093964,SUCCESS,0.0,375.59654012567427
2161035,183,6,1,MF,PCT,NG40LF,40-ft,287.6137183054888,395.32581936336385,551.5187034334454,1.3745026547845978,1.9175674466530486,19.906769616424853,-7.787004154866193,FAILURE,FAILURE,67.3970644281033,SUCCESS,61.02788165190096,SUCCESS,267.84526273786616,388.115955950167
2161036,183,2,1,MF,PCT,NG40LF,40-ft,249.06010011450815,338.7234557933456,475.0708281631497,1.3600069045086456,1.9074545780104104,29.942649682030932,5.7675836590160126,SUCCESS,FAILURE,29.942649682030957,SUCCESS,71.18914510104418,SUCCESS,0.0,368.9776065330389
2161037,701,1,1,MF,PCT,NG40LF,40-ft,316.3472737206761,430.86392471898586,614.4323475745085,1.3619966426498242,1.9422716698264686,13.605687106562794,-18.94190559831711,FAILURE,FAILURE,59.824405370955205,SUCCESS,41.292276488925246,SUCCESS,260.6735710111731,339.72078697204677
2161038,183,53,1,MF,PCT,NG40LF,40-ft,76.2678399632663,103.68188722116741,142.97280649868094,1.3594443905990368,1.8746146025315844,71.6166866629136,64.65021161370905,SUCCESS,SUCCESS,71.6166866629136,SUCCESS,64.65021161370905,SUCCESS,0.0,0.0
2161040,183,10,1,MF,PCT,NG40LF,40-ft,311.18715260084866,449.26305178511564,646.3436449992256,1.4437069397957223,2.077025479995548,10.34343053455397,-24.59993705660028,FAILURE,FAILURE,65.83190999030485,SUCCESS,65.13814201317858,SUCCESS,312.9550241304349,506.12276595355286
2161041,183,56,1,MF,PCT,NG40LF,40-ft,49.32947812480081,65.69566267352823,90.79941673878358,1.331772910861167,1.840672559094709,78.35183285930351,73.90081263496745,SUCCESS,SUCCESS,78.35183285930351,SUCCESS,73.90081263496745,SUCCESS,0.0,0.0
2161056,151,40,1,MF,PCT,NG40LF,40-ft,73.12112305889319,110.9868158565535,151.24203089456662,1.5178488952797202,2.0683767503509665,70.32148655025648,63.184037075431455,SUCCESS,SUCCESS,70.3214865502565,SUCCESS,63.18403707543146,SUCCESS,0.0,0.0
2161057,151,33,1,MF,PCT,NG40LF,40-ft,82.40537242653893,126.01855801517428,172.95288724978812,1.529251726002631,2.0988059656422116,67.65628403986273,59.33459445925744,SUCCESS,SUCCESS,67.65628403986274,SUCCESS,59.33459445925744,SUCCESS,0.0,0.0
2161061,183,55,1,MF,PCT,NG40LF,40-ft,50.64744443326902,66.75098046854073,94.16204386531777,1.3179535752586502,1.8591667342541198,78.16471977508144,73.30460215153941,SUCCESS,SUCCESS,78.16471977508145,SUCCESS,73.30460215153941,SUCCESS,0.0,0.0
2161062,210,21,1,MF,BTC,DS40LF,40-ft,353.2871222858758,545.2445741282534,813.0356924174317,1.5433468692556753,2.301345396222885,-6.674569880895982,-54.1552646130198,FAILURE,FAILURE,32.162483184323534,SUCCESS,-17.69362396175253,FAILURE,219.0409792878378,205.6436532731476
2161063,210,70,1,MF,BTC,DS40LF,40-ft,149.03773950951106,228.24844931750764,342.5273453494386,1.531480885772168,2.298259128705986,49.53041678767596,29.26820117917756,SUCCESS,SUCCESS,49.53041678767597,SUCCESS,29.268201179177556,SUCCESS,0.0,0.0
2161064,210,26,1,MF,BTC,DS40LF,40-ft,350.85520904256543,550.404890010699,823.8378365157259,1.5687522254911836,2.3480849515213515,-7.589519505443078,-56.07053838931311,FAILURE,FAILURE,49.65157655625456,SUCCESS,-26.873733490123165,FAILURE,322.83978178797474,164.66997963143126
2161065,210,61,1,MF,BTC,DS40LF,40-ft,228.55767638527965,336.10299875958907,498.24828983384424,1.4705390957555076,2.179967427538715,30.40726972347712,1.6581046393893233,SUCCESS,FAILURE,30.407269723477114,SUCCESS,62.238764836588324,SUCCESS,0.0,341.6749235122024
2161066,210,40,2,SAT,BTC,DS40LF,40-ft,386.8482129619844,598.5677529735121,893.6902441478527,1.5472935712703768,2.310183204169734,-16.129034215161724,-68.4557170474916,FAILURE,FAILURE,-8.17248116588857,FAILURE,-62.262685569942036,FAILURE,44.874959197900495,34.928697533379534
2161067,210,46,2,SAT,BTC,DS40LF,40-ft,350.3766315265299,554.7893451707273,819.2036652200823,1.5834085245742757,2.338065931083802,-8.366905172114766,-55.24887681207132,FAILURE,FAILURE,36.00455407107836,SUCCESS,-26.680612086959872,FAILURE,250.2550301316093,161.12501304962862
2161068,210,41,2,SAT,BTC,DS40LF,40-ft,292.96548433167914,446.2191797769456,673.7260913214434,1.5231117781498151,2.299677359120873,10.883124153023829,-29.45498073075237,FAILURE,FAILURE,47.01609746137388,SUCCESS,-29.45498073075239,FAILURE,203.7899694590945,0.0
2161069,240,55,2,SAT,BTC,DS40LF,40-ft,311.24062321912197,476.6371417702749,719.8629399347593,1.531410446491457,2.3128823367891664,5.489868480447713,-37.63527303807789,FAILURE,FAILURE,40.31614041256204,SUCCESS,-12.8773827596281,FAILURE,196.42017369712482,139.63450117045676
2161070,210,68,2,SAT,BTC,DS40LF,40-ft,199.1159572620424,306.8391368087731,456.8785585373652,1.5410072654546911,2.294535128272516,35.59589772894095,8.993163379899787,SUCCESS,FAILURE,35.595897728940976,SUCCESS,28.299021571700543,SUCCESS,0.0,108.88504020175623
2161071,210,43,2,SAT,BTC,DS40LF,40-ft,416.81182098971254,649.0006715836643,968.8453194324726,1.5570591785103964,2.3244190079157687,-25.071041060933375,-81.78108500575755,FAILURE,FAILURE,19.686888986211564,FAILURE,-66.01895080455927,FAILURE,252.43472546589726,88.89843689475836
2161072,210,55,3,SUN,BTC,DS40LF,40-ft,294.37102655767995,475.5852942094525,713.7591253055458,1.6155981781592383,2.4246921772570906,5.676366274919771,-36.55303640169251,FAILURE,FAILURE,38.23673333008442,SUCCESS,-12.303797497655461,FAILURE,183.64047019112857,136.7657074187691
2161073,210,43,3,SUN,BTC,DS40LF,40-ft,371.4291229118468,598.6018352134803,902.4326340277072,1.611617932704619,2.429622714969193,-16.135077165510687,-70.00578617512538,FAILURE,FAILURE,7.903951616807567,FAILURE,-59.35296556466037,FAILURE,135.58012233227498,60.08190824302278
2161074,210,45,3,SUN,BTC,DS40LF,40-ft,294.11678210653776,476.5457971337775,721.5046341239704,1.6202604751780487,2.453122970258189,5.506064337982715,-37.926353568079854,FAILURE,FAILURE,26.768170285431964,SUCCESS,-22.881304618474996,FAILURE,119.91827754361375,84.8540760757715
2161075,240,42,3,SUN,BTC,DS40LF,40-ft,412.5936627501807,633.7667035090939,955.2738421470439,1.53605535112843,2.3152896624237487,-22.369982891683307,-79.37479470692267,FAILURE,FAILURE,31.290759276427377,SUCCESS,-74.1597535212219,FAILURE,302.6465858281442,29.412832287352387
2161078,210,14,1,MF,BTC,DS40LF,40-ft,323.7312085615597,539.4573036173063,815.5995083891185,1.6663741071313016,2.519372512811123,-5.648458088174864,-54.609841912964264,FAILURE,FAILURE,64.35751666495038,SUCCESS,37.17310530014721,SUCCESS,394.8336976076264,517.6558222819491
2161079,210,66,1,MF,BTC,DS40LF,40-ft,54.79196099821848,81.37735448141173,120.14549639197205,1.485206095909903,2.1927577367759934,75.57139104939509,68.6976070227,SUCCESS,SUCCESS,75.57139104939509,SUCCESS,68.6976070227,SUCCESS,0.0,0.0
2161080,210,4,1,MF,BTC,DS40LF,40-ft,274.93261751290083,418.02563548538944,621.3693970464686,1.520465775457778,2.2600788610224165,15.881979523867123,-20.171878908948333,FAILURE,FAILURE,39.18641392428087,SUCCESS,9.385601118445928,FAILURE,131.4370100183333,166.7041873545035
2161081,210,74,1,MF,BTC,DS40LF,40-ft,93.29795348158115,138.32436996503114,203.77844473618117,1.482608833347444,2.1841684316946037,65.47440248846966,53.86907008223738,SUCCESS,SUCCESS,65.47440248846965,SUCCESS,53.86907008223739,SUCCESS,0.0,0.0
2161082,210,81,1,MF,BTC,DS40LF,40-ft,81.19688915974626,122.15518603679769,180.71910402874215,1.504431848324513,2.225689997472643,68.34127907148978,57.95760566866275,SUCCESS,SUCCESS,68.34127907148977,SUCCESS,57.95760566866275,SUCCESS,0.0,0.0
2161083,210,15,1,MF,BTC,DS40LF,40-ft,249.90058590032135,399.0090699195247,598.5934793820364,1.5966712061998876,2.3953264344117997,19.25371100717648,-16.133595635112837,FAILURE,FAILURE,62.17889708608509,SUCCESS,31.666642412953227,SUCCESS,242.09804948504438,269.5933425910925
2161084,210,20,1,MF,BTC,DS40LF,40-ft,244.30219208627503,369.4512520115798,542.8233209714134,1.5122715390171715,2.2219338939853475,24.494458863195074,-6.245269675782515,SUCCESS,FAILURE,24.494458863195074,SUCCESS,38.43560607767681,SUCCESS,0.0,252.00013924951054
2161085,240,28,1,MF,BTC,DS40LF,40-ft,216.21949719541024,329.49926152142933,486.8086478685764,1.523910959905903,2.251455831610869,31.57814512031395,3.68640995238008,SUCCESS,FAILURE,31.578145120313962,SUCCESS,24.603300758566856,SUCCESS,0.0,117.97126414689347
2161086,210,84,1,MF,BTC,DS40LF,40-ft,78.43627855544281,114.4569198862763,167.9301453173581,1.4592344511267479,2.140975431396282,69.70621987831981,60.22515153947552,SUCCESS,SUCCESS,69.70621987831981,SUCCESS,60.22515153947552,SUCCESS,0.0,0.0
2161087,210,17,1,MF,BTC,DS40LF,40-ft,220.74202660344088,356.3689869054389,534.4497989705915,1.6144138585157117,2.421151092948517,26.81400941392928,-4.760602654360186,SUCCESS,FAILURE,26.814009413929284,SUCCESS,25.16992281036537,SUCCESS,0.0,168.80816362105185
2161088,210,13,1,MF,BTC,DS40LF,40-ft,309.9726571024177,461.1685460915713,679.9319298970383,1.4877716970345456,2.193522281135858,8.232527288728502,-30.555306719333036,FAILURE,FAILURE,58.76778942598072,SUCCESS,30.36088130051241,SUCCESS,285.01887845410226,343.5673004319282
2161089,210,23,1,MF,BTC,DS40LF,40-ft,235.0964582967852,373.34724065855306,559.0110122449298,1.5880598260108216,2.377794273443438,23.803680734299107,-9.115427703001737,SUCCESS,FAILURE,23.80368073429913,SUCCESS,26.541649489459584,SUCCESS,0.0,201.10591536548193
2161091,210,89,1,MF,BTC,DS40LF,40-ft,103.58887588264454,148.8731773636532,217.02871101745842,1.4371540968579588,2.095096690336996,63.60404656672816,51.51973208910312,SUCCESS,SUCCESS,63.60404656672816,SUCCESS,51.51973208910311,SUCCESS,0.0,0.0
2161092,210,51,1,MF,BTC,DS40LF,40-ft,82.75129676403486,126.66833207159112,186.41472146055415,1.5307111432076477,2.2527105767552538,67.54107587383137,56.94774442188757,SUCCESS,SUCCESS,67.54107587383136,SUCCESS,56.947744421887556,SUCCESS,0.0,0.0
2161094,210,6,1,MF,BTC,DS40LF,40-ft,232.83016633757268,371.35588317456023,557.9439284219645,1.5949646431817763,2.3963558382422847,24.15675830238294,-8.926228443610729,SUCCESS,FAILURE,24.15675830238293,SUCCESS,34.15479860305397,SUCCESS,0.0,242.976992543189
2161095,210,24,1,MF,BTC,DS40LF,40-ft,204.65642775999578,319.6997358039504,471.818602634761,1.5621289753912246,2.305417952413745,33.31564968015064,6.344219390999823,SUCCESS,FAILURE,33.31564968015064,SUCCESS,35.286926684235404,SUCCESS,0.0,163.2368691338487
2161096,210,3,1,MF,BTC,DS40LF,40-ft,299.80570247267406,493.29103520184884,747.2377720062644,1.6453690878238385,2.492406801616363,2.537050496126096,-42.488966667777376,FAILURE,FAILURE,39.41796685954835,SUCCESS,-9.431012060295396,FAILURE,208.00836828970148,186.4468639861983
2161097,210,86,1,MF,BTC,DS40LF,40-ft,195.93156107206332,309.35317724788445,456.877290328971,1.5788838488052714,2.331820804311013,35.15014587803468,8.993388239544151,SUCCESS,FAILURE,35.15014587803469,SUCCESS,39.749062291694656,SUCCESS,0.0,173.46200165412876
2161098,210,42,1,MF,BTC,DS40LF,40-ft,86.48366052221303,139.23127407656327,204.9792478475067,1.6099142107982605,2.3701499983902568,65.31360388713418,53.65616172916548,SUCCESS,SUCCESS,65.31360388713419,SUCCESS,53.65616172916548,SUCCESS,0.0,0.0
2161099,210,35,2,SAT,BTC,DS40LF,40-ft,283.1762228015905,440.6784099370237,651.6146672898167,1.5561984886202407,2.301092446403508,11.865530153009992,-25.534515476917846,FAILURE,FAILURE,29.352250967055284,SUCCESS,-5.013962660557974,FAILURE,98.62510539121556,115.73591788426955
2161100,210,59,2,SAT,BTC,DS40LF,40-ft,231.29460753087818,352.16543768393325,520.5643507307997,1.5225838658470177,2.2506549386859507,27.55931955958631,-2.2986437465956833,SUCCESS,FAILURE,27.559319559586314,SUCCESS,11.85668753314675,FAILURE,0.0,79.83606841774741
2161101,210,64,2,SAT,BTC,DS40LF,40-ft,126.91603905348063,193.47899877587676,288.19318129305464,1.5244645217327295,2.2707388557218846,55.69521298300057,38.901918210451306,SUCCESS,SUCCESS,55.69521298300061,SUCCESS,38.901918210451306,SUCCESS,0.0,0.0
2161102,210,37,2,SAT,BTC,DS40LF,40-ft,298.52654387650097,452.59210127709633,670.2786494053694,1.5160866280096406,2.2452899521144776,9.753173532429733,-28.843732164072584,FAILURE,FAILURE,46.83162476029168,SUCCESS,-9.112217973718497,FAILURE,209.12246492514126,111.28574003359711
2161103,210,45,2,SAT,BTC,DS40LF,40-ft,301.38062567517227,452.91347019263856,671.2310625752966,1.5027955734645937,2.2271871692865512,9.69619322825558,-29.012599747393015,FAILURE,FAILURE,33.28676249392938,SUCCESS,-6.0690165777123415,FAILURE,133.05081065840008,129.40180907699877
2161104,210,50,3,SUN,BTC,DS40LF,40-ft,232.415795330708,361.35721781925366,539.2038028928013,1.5547876911940213,2.3199963760017255,25.929571308642974,-5.603511151205893,SUCCESS,FAILURE,25.929571308642984,SUCCESS,7.04120074326465,FAILURE,0.0,71.31617508481375
2161105,210,46,3,SUN,BTC,DS40LF,40-ft,249.9988716714434,386.97615175065823,577.8161103903464,1.547911593214048,2.311274873071151,21.38720713640812,-12.449664962827363,SUCCESS,FAILURE,21.38720713640813,SUCCESS,4.232735546120992,FAILURE,0.0,94.08873887046857
2161106,210,63,3,SUN,BTC,DS40LF,40-ft,242.31609968104016,388.059152874041,576.2961043361353,1.6014583982857182,2.378282355545966,21.195185660631033,-12.180160343286392,SUCCESS,FAILURE,21.195185660631005,SUCCESS,10.563546173374053,FAILURE,0.0,128.27450475396478
2161107,210,68,3,SUN,BTC,DS40LF,40-ft,203.9333722633912,316.25933461363564,471.62851990296656,1.5507973565266664,2.3126598391843016,33.925649891199356,6.377922003020117,SUCCESS,FAILURE,33.92564989119937,SUCCESS,18.346519299867712,FAILURE,0.0,67.50288875422046
2161108,210,49,3,SUN,BTC,DS40LF,40-ft,264.78247612324793,443.7495595245363,668.2506594583865,1.675902295429796,2.5237722270840037,11.321000084302074,-28.48415947843732,FAILURE,FAILURE,56.8692682572574,SUCCESS,20.93404933009718,SUCCESS,256.89223249546797,278.7186976801348
2161109,210,48,3,SUN,BTC,DS40LF,40-ft,369.8860901541512,606.8462751514517,918.825291626052,1.6406301596757709,2.484076357786606,-17.596857296356674,-72.9122857493,FAILURE,FAILURE,12.383936569757758,FAILURE,-48.98528083440854,FAILURE,169.09167740488547,134.9483077199878
2161110,210,56,3,SUN,BTC,DS40LF,40-ft,190.98600042477648,312.3606812285032,468.60590405408243,1.6355161139233998,2.453613893226964,34.616900491400145,6.9138467989215595,SUCCESS,FAILURE,34.61690049140012,SUCCESS,23.6883943198631,SUCCESS,0.0,94.60844801811021
2161111,240,43,3,SUN,BTC,DS40LF,40-ft,310.2834916011985,490.403726528025,746.9641518761072,1.5805021530385885,2.4073602756674086,3.048984658151599,-42.44045246030269,FAILURE,FAILURE,30.77548041254249,SUCCESS,-42.44045246030267,FAILURE,156.37743605476456,0.0
2161112,210,52,3,SUN,BTC,DS40LF,40-ft,205.49000585320502,319.6172818239228,480.248388804153,1.555390883838148,2.33708878838237,33.33026918015554,4.849576453164362,SUCCESS,FAILURE,33.33026918015556,SUCCESS,12.128192293363565,FAILURE,0.0,41.0513933387235
2161113,210,71,3,SUN,BTC,DS40LF,40-ft,174.96463586159987,290.6635726661755,437.21346246811606,1.6612704117882173,2.4988676158190026,38.46390555564264,12.479882541114177,SUCCESS,FAILURE,38.46390555564264,SUCCESS,36.24365373201917,SUCCESS,0.0,134.02766951670398
2161115,210,91,1,MF,BTC,DS40LF,40-ft,58.225246871484096,86.62225666716563,124.08061899441958,1.4877095645186351,2.131044961789389,74.64144385333942,67.99989024921639,SUCCESS,SUCCESS,74.64144385333944,SUCCESS,67.99989024921638,SUCCESS,0.0,0.0
2161116,210,79,1,MF,BTC,DS40LF,40-ft,97.6611897043326,142.6225388743387,208.31334611952744,1.4603809282492433,2.1330207705864748,64.71231580242221,53.06500955327529,SUCCESS,SUCCESS,64.71231580242221,SUCCESS,53.065009553275274,SUCCESS,0.0,0.0
2161117,210,77,1,MF,BTC,DS40LF,40-ft,79.21932309070863,112.81200660434982,164.8772455295681,1.4240465861488933,2.0812756168186195,69.99787116944152,60.76644582809077,SUCCESS,SUCCESS,69.99787116944151,SUCCESS,60.76644582809075,SUCCESS,0.0,0.0
2161118,210,92,1,MF,BTC,DS40LF,40-ft,56.73033743022335,81.2776616533665,120.19824596562668,1.4327018899426718,2.118764869210711,75.58906708273643,68.6882542614137,SUCCESS,SUCCESS,75.58906708273643,SUCCESS,68.68825426141372,SUCCESS,0.0,0.0
2161119,210,58,1,MF,BTC,DS40LF,40-ft,76.92537327978857,113.68242179682215,167.91981120045776,1.4778273663144013,2.1828923805115563,69.843542234606,60.226983829706086,SUCCESS,SUCCESS,69.843542234606,SUCCESS,60.22698382970607,SUCCESS,0.0,0.0
2161120,210,62,1,MF,BTC,DS40LF,40-ft,68.94967018071878,97.2328704262007,142.13898202587734,1.4102006604433488,2.061488933207767,72.76012935705663,64.79805283229125,SUCCESS,SUCCESS,72.76012935705661,SUCCESS,64.79805283229125,SUCCESS,0.0,0.0
2161121,210,59,1,MF,BTC,DS40LF,40-ft,69.54877954984856,96.46897927075844,141.1266371016545,1.3870693331378308,2.029174890128777,72.89557105128397,64.97754661318183,SUCCESS,SUCCESS,72.89557105128397,SUCCESS,64.97754661318183,SUCCESS,0.0,0.0
2161125,210,80,1,MF,BTC,DS40LF,40-ft,75.62060395442538,105.61547289369932,155.0149576393795,1.3966494231830135,2.0499037237629456,71.27385232381218,62.51507843273413,SUCCESS,SUCCESS,71.27385232381218,SUCCESS,62.51507843273413,SUCCESS,0.0,0.0
2161126,210,34,2,SAT,BTC,DS40LF,40-ft,264.83528123125166,387.99756103511254,572.1771039254932,1.4650523873981758,2.1605018080120284,21.206106199448136,-11.449841121541336,SUCCESS,FAILURE,21.206106199448122,SUCCESS,-2.438745937181001,FAILURE,0.0,50.82257683979236
2161127,210,44,2,SAT,BTC,DS40LF,40-ft,253.4973903471678,384.91169527450097,572.1617303442837,1.5184049616738053,2.2570714813304433,21.753245518705505,-11.447115309270153,SUCCESS,FAILURE,21.753245518705516,SUCCESS,-1.564944143916839,FAILURE,0.0,55.73544537259261
2161128,210,48,2,SAT,BTC,DS40LF,40-ft,335.21301670293735,506.0196107803485,755.7163897548779,1.509546424412207,2.254436290057873,0.28021085454814226,-43.99226768703509,FAILURE,FAILURE,56.71778969397321,SUCCESS,-20.970204229273005,FAILURE,318.30794465435747,129.84443790177826
2161129,210,69,2,SAT,BTC,DS40LF,40-ft,203.7182408834846,317.58080182688394,469.52193503283473,1.5589217757310319,2.3047613851200244,33.691347193814906,6.75142995871725,SUCCESS,FAILURE,33.691347193814906,SUCCESS,38.82699511768334,SUCCESS,0.0,180.90618749656872
2161130,210,56,2,SAT,BTC,DS40LF,40-ft,148.91916394219862,234.50601806894633,345.80740246333255,1.5747202163985243,2.3221148528442854,48.420918782101715,28.686630768912675,SUCCESS,SUCCESS,48.42091878210168,SUCCESS,28.68663076891268,SUCCESS,0.0,0.0
2161131,210,50,2,SAT,BTC,DS40LF,40-ft,287.04073536322295,460.6331282187775,686.7771383995447,1.60476570559189,2.3926121061893637,8.327459535677757,-31.768996170132034,FAILURE,FAILURE,45.84437583283201,SUCCESS,11.48777780773737,FAILURE,211.5954079159501,243.96820523518352
2161132,210,61,2,SAT,BTC,DS40LF,40-ft,249.01695812822172,383.3531253830384,568.271175270954,1.5394659394467642,2.2820581358894625,22.029587698042842,-10.757300579956382,SUCCESS,FAILURE,22.029587698042832,SUCCESS,44.757425919683556,SUCCESS,0.0,313.10305745796944
2161133,210,64,3,SUN,BTC,DS40LF,40-ft,258.3975020771073,385.64773777261314,570.8218702857417,1.4924592330522362,2.2090843204645427,21.622741529678525,-11.20955146910314,SUCCESS,FAILURE,21.622741529678528,SUCCESS,-5.8772384094206505,FAILURE,0.0,30.07424565660935
2161134,210,59,3,SUN,BTC,DS40LF,40-ft,197.01150015631092,297.1772162091803,441.24466956250086,1.5084257313577984,2.239689912580803,37.30900421823045,11.765129510194887,SUCCESS,FAILURE,37.30900421823046,SUCCESS,20.907470388395996,SUCCESS,0.0,51.56280255305427
2161135,210,61,3,SUN,BTC,DS40LF,40-ft,359.30431367692825,537.5489813720878,794.5886150990866,1.4960827379752248,2.2114641679853255,-5.310103080157414,-50.8845062232423,FAILURE,FAILURE,44.55133950515156,SUCCESS,-35.7808164624535,FAILURE,281.21853618114267,85.18481025084904
2161136,210,66,3,SUN,BTC,DS40LF,40-ft,174.13755781077262,239.49741879133006,347.68014089263795,1.375334659577465,1.9965833061150782,47.5359186540195,28.354584948113843,SUCCESS,SUCCESS,47.53591865401949,SUCCESS,28.354584948113846,SUCCESS,0.0,0.0
2161137,210,47,3,SUN,BTC,DS40LF,40-ft,312.8441732672453,430.3400089136588,621.9304376080588,1.375573035033142,1.9879879209921496,13.69857997984774,-20.271354185826027,FAILURE,FAILURE,65.87116539632655,SUCCESS,42.41631771630753,SUCCESS,294.2533817489405,353.55846952803336
2161138,210,18,1,MF,BTC,DS40LF,40-ft,236.46117531972047,346.2682670120853,506.2163102146416,1.4643768328728555,2.1408009561408283,28.604917196438784,0.2453350683259573,SUCCESS,FAILURE,28.60491719643879,SUCCESS,47.600880335758674,SUCCESS,0.0,267.08527530832055
2161139,210,22,1,MF,BTC,DS40LF,40-ft,346.5422118798837,541.3244468760115,810.8793715319922,1.5620736185052169,2.339915149537552,-5.979511857448845,-53.77293821489223,FAILURE,FAILURE,45.916672078465005,SUCCESS,12.579995515582645,FAILURE,292.6944773985543,374.2305462398784
2161140,210,67,2,SAT,BTC,DS40LF,40-ft,111.64026176473895,172.88660227698375,255.2548359423132,1.5486044151464822,2.286404849893806,59.34634711400998,44.742050364838086,SUCCESS,SUCCESS,59.34634711400996,SUCCESS,44.7420503648381,SUCCESS,0.0,0.0
2161141,210,52,2,SAT,BTC,DS40LF,40-ft,214.6931083364402,345.62938443236357,512.5364760205825,1.6098764748924144,2.387298222993723,28.718194249580932,-0.8752617057770421,SUCCESS,FAILURE,28.718194249580918,SUCCESS,32.891540242526496,SUCCESS,0.0,190.44476298843202
2161142,210,60,2,SAT,BTC,DS40LF,40-ft,142.34568057001403,216.59355486388063,318.5556167534497,1.5216025803982658,2.2379015329289547,51.59688743548217,33.51850766782807,SUCCESS,SUCCESS,51.59688743548215,SUCCESS,33.518507667828054,SUCCESS,0.0,0.0
2161143,210,53,2,SAT,BTC,DS40LF,40-ft,182.94330350679678,287.11358436395324,425.15170981647134,1.5694129211637762,2.3239533870157536,39.093336105682056,14.61849116729232,SUCCESS,FAILURE,39.09333610568205,SUCCESS,39.99865554662876,SUCCESS,0.0,143.14412709945756
2161144,210,54,2,SAT,BTC,DS40LF,40-ft,195.2642861414015,309.93145568278464,460.9905404412037,1.5872408713713597,2.3608543556571084,35.047614240641025,8.264088574254671,SUCCESS,FAILURE,35.047614240640996,SUCCESS,19.725095516046174,FAILURE,0.0,64.64007915170407
2161150,240,59,1,MF,BTC,DS40LF,40-ft,54.40322321593305,76.34513339707091,110.8959356235577,1.403320040322753,2.0384074521356603,76.46362883030658,70.33760006674508,SUCCESS,SUCCESS,76.46362883030658,SUCCESS,70.33760006674508,SUCCESS,0.0,0.0
2161151,240,56,1,MF,BTC,DS40LF,40-ft,69.71874956935376,100.50201960500479,149.0949403971255,1.441535027891298,2.138520000976367,72.18049297783604,63.5647268799423,SUCCESS,SUCCESS,72.18049297783604,SUCCESS,63.56472687994229,SUCCESS,0.0,0.0
2161161,130,27,1,MF,BTC,DS40LF,40-ft,56.480921629755855,83.80366081297372,113.6880433950736,1.48375165267883,2.012857441320138,75.14119489131672,69.84254549732738,SUCCESS,SUCCESS,75.14119489131672,SUCCESS,69.84254549732736,SUCCESS,0.0,0.0
2161163,130,28,1,MF,BTC,DS40LF,40-ft,62.91470648315714,89.31515026108038,124.61064334432109,1.4196227758765891,1.9806282236678723,74.16398045016305,67.9059143006523,SUCCESS,SUCCESS,74.16398045016305,SUCCESS,67.9059143006523,SUCCESS,0.0,0.0
2161164,210,41,1,MF,BTC,DS40LF,40-ft,126.79317750158847,195.6995489905081,289.3920064603602,1.5434548833517194,2.2823941489812,55.30149840593829,38.689360556673726,SUCCESS,SUCCESS,55.30149840593829,SUCCESS,38.68936055667371,SUCCESS,0.0,0.0
2161165,210,60,1,MF,BTC,DS40LF,40-ft,208.22112935745363,348.88736437182126,528.8113412137728,1.6755617715091997,2.539662246793222,28.14053823194659,-3.7608761017327677,SUCCESS,FAILURE,28.14053823194657,SUCCESS,15.912226089966246,FAILURE,0.0,110.95629636118252
2161166,210,2,1,MF,BTC,DS40LF,40-ft,303.78809001745435,519.6121702920263,790.9355509453056,1.710442862530166,2.603576561872001,-2.129817427664242,-50.23679981299745,FAILURE,FAILURE,64.61981440620637,SUCCESS,35.644714091950455,SUCCESS,376.4679235430302,484.3717384239068
2161168,210,19,1,MF,BTC,DS40LF,40-ft,185.18179090312356,309.99975454860476,472.14047462573086,1.6740293580526973,2.5496052950083388,35.03550451265873,6.287149889054816,SUCCESS,FAILURE,35.03550451265875,SUCCESS,46.4292651697211,SUCCESS,0.0,226.40153018295786
2161169,210,9,1,MF,BTC,DS40LF,40-ft,242.41292644624468,393.1564024880115,588.3795485580174,1.62184586544808,2.427178934653434,20.291417998579526,-14.322614992556273,SUCCESS,FAILURE,20.291417998579526,SUCCESS,26.830531130094602,SUCCESS,0.0,232.10374413175103
2161170,210,49,1,MF,BTC,DS40LF,40-ft,68.19873275396948,110.86121207385284,166.90862048012087,1.6255611738973288,2.4473859519098764,70.34375672449418,60.40627296451758,SUCCESS,SUCCESS,70.34375672449417,SUCCESS,60.40627296451757,SUCCESS,0.0,0.0
2161172,210,87,1,MF,BTC,DS40LF,40-ft,45.61317590526859,67.91857896675451,98.20605671434177,1.4890122781147872,2.1530194897698056,77.95769876475984,72.58757859674792,SUCCESS,SUCCESS,77.95769876475985,SUCCESS,72.58757859674793,SUCCESS,0.0,0.0
2161173,210,47,2,SAT,BTC,DS40LF,40-ft,242.40690569429017,391.16290210031224,586.7365924709942,1.6136623706323971,2.420461540856237,20.64487551412904,-14.031310721807477,SUCCESS,FAILURE,20.64487551412906,SUCCESS,38.10136928437569,SUCCESS,0.0,294.0283152348731
2161174,210,31,2,SAT,BTC,DS40LF,40-ft,302.85151594489656,499.2826496229921,757.2195136086086,1.6486054166353783,2.5002995651056397,1.4747075136538879,-44.258779008618546,FAILURE,FAILURE,67.14669052830999,SUCCESS,-31.6332950172145,FAILURE,370.3899842026605,71.20772971151922
2161175,210,51,2,SAT,BTC,DS40LF,40-ft,170.65238452162978,276.8413105396199,426.558759037542,1.622252811266935,2.49957690443802,40.91466125184045,14.369014355045746,SUCCESS,FAILURE,40.914661251840464,SUCCESS,29.044612553268273,SUCCESS,0.0,82.77037383797494
2161176,210,36,2,SAT,BTC,DS40LF,40-ft,280.56553898608814,442.75194256675945,673.205243159177,1.5780695810568286,2.3994580574364766,11.497882523624215,-29.362631765811525,FAILURE,FAILURE,35.81437380070883,SUCCESS,9.743871188210134,FAILURE,137.14501080275716,220.56067666068208
2161177,210,33,2,SAT,BTC,DS40LF,40-ft,316.8974858676661,531.0424413254368,807.2715834692854,1.6757546683320674,2.547421861864804,-4.156461227914324,-53.133259480369745,FAILURE,FAILURE,54.68519374791128,SUCCESS,28.884928158128115,SUCCESS,331.8669340636564,462.58257828112795
2161178,210,42,2,SAT,BTC,DS40LF,40-ft,202.7097512361081,340.04647644756056,509.154319086562,1.6775042856793219,2.511740633994068,29.708071551850967,-0.27558849052517287,SUCCESS,FAILURE,29.708071551850995,SUCCESS,52.71388331542075,SUCCESS,0.0,298.86062098553504
2161179,210,63,2,SAT,BTC,DS40LF,40-ft,122.07786662752716,189.14538306219626,274.3178553591868,1.54938309693189,2.247072814568102,56.463584563440385,41.36208238312291,SUCCESS,SUCCESS,56.463584563440364,SUCCESS,41.36208238312292,SUCCESS,0.0,0.0
2161180,210,66,2,SAT,BTC,DS40LF,40-ft,95.07232620597554,148.15078107617643,222.57859390246497,1.5582955312906266,2.3411501830747814,63.73213101486234,50.53571030098139,SUCCESS,SUCCESS,63.73213101486234,SUCCESS,50.53571030098137,SUCCESS,0.0,0.0
2161181,210,39,2,SAT,BTC,DS40LF,40-ft,281.5250726348693,465.4939626975328,721.2988275215663,1.6534724894690513,2.5621122153374674,7.465609450792058,-37.8898630357387,FAILURE,FAILURE,66.93343593139119,SUCCESS,43.71460777290082,SUCCESS,335.39854135057914,460.2492153607268
2161182,210,32,2,SAT,BTC,DS40LF,40-ft,270.42483694609007,445.98139581844214,678.2360542452783,1.6491879993528469,2.5080390614434815,10.925284429354235,-30.254619547035155,FAILURE,FAILURE,57.94682671467156,SUCCESS,-2.605073117553527,FAILURE,265.20149848918965,155.9434418622765
2161183,210,57,2,SAT,BTC,DS40LF,40-ft,160.60853835628225,239.8953112591075,360.5484588144702,1.4936647435701162,2.244889733163849,47.46537034412987,26.072968295306705,SUCCESS,SUCCESS,47.46537034412987,SUCCESS,26.07296829530669,SUCCESS,0.0,0.0
2161184,210,38,2,SAT,BTC,DS40LF,40-ft,334.7384984051516,540.1871227188443,822.3899194065117,1.6137585765979852,2.456813074458887,-5.777858638092958,-55.81381549760845,FAILURE,FAILURE,1.86329535709988,FAILURE,-45.622747292631885,FAILURE,43.09610853288757,57.47762467606765
2161185,210,65,2,SAT,BTC,DS40LF,40-ft,200.7179471906135,319.27502811047225,484.2599115954847,1.5906650729507015,2.412638821657553,33.39095246268223,4.138313546899878,SUCCESS,FAILURE,33.390952462682236,SUCCESS,8.18044615501779,FAILURE,0.0,22.797627909785092
2161186,210,49,2,SAT,BTC,DS40LF,40-ft,254.24886504975484,401.33325537540344,601.8203944056821,1.5785055925298432,2.367052432221909,18.841621387339817,-16.70574368895073,FAILURE,FAILURE,31.567964513266162,SUCCESS,-2.7412384891890222,FAILURE,71.77657523022435,78.75980932665584
2161187,210,55,2,SAT,BTC,DS40LF,40-ft,160.35508409012263,246.32771640004478,357.2684327597124,1.5361391115083316,2.2279831960857615,46.32487297871547,26.654533198632553,SUCCESS,SUCCESS,46.32487297871545,SUCCESS,26.654533198632546,SUCCESS,0.0,0.0
2161188,210,54,3,SUN,BTC,DS40LF,40-ft,257.80082815086547,424.9799731336669,636.3539151159979,1.648481799620007,2.4683936032338987,14.648940933747012,-22.828708353900332,FAILURE,FAILURE,64.4223709564738,SUCCESS,65.62087450874647,SUCCESS,280.7221453281791,498.85564734532795
2161189,210,57,3,SUN,BTC,DS40LF,40-ft,223.6123869002649,350.82286017974957,521.3018581746575,1.56888831179206,2.3312745121188985,27.79736521635646,-2.4294074777761425,SUCCESS,FAILURE,27.79736521635644,SUCCESS,7.176187825860055,FAILURE,0.0,54.17555751250808
2161192,240,24,1,MF,BTC,DS40LF,40-ft,243.90012925512403,364.2882602134749,551.8571766189659,1.4935960113101159,2.2626358514214364,25.409882940873246,-7.847017131022323,SUCCESS,FAILURE,25.409882940873224,SUCCESS,-7.847017131022318,FAILURE,0.0,0.0
2161193,210,88,1,MF,BTC,DS40LF,40-ft,48.00752570715162,71.49745671258283,108.88530237922807,1.4892968479300723,2.2680881960764654,77.3231459729463,70.69409532283191,SUCCESS,SUCCESS,77.32314597294632,SUCCESS,70.69409532283191,SUCCESS,0.0,0.0
2161194,210,63,1,MF,BTC,DS40LF,40-ft,71.98836478799083,107.66047455251382,156.93900405814117,1.4955260460433994,2.1800606878671855,70.91126337721386,62.17393545068419,SUCCESS,SUCCESS,70.91126337721386,SUCCESS,62.173935450684205,SUCCESS,0.0,0.0
2161195,210,5,1,MF,BTC,DS40LF,40-ft,185.05761170272928,320.72938650396605,490.39945332159067,1.7331326366579054,2.649982612492335,33.133087499296806,3.0497423188669064,SUCCESS,FAILURE,33.13308749929682,SUCCESS,37.7632151950228,SUCCESS,0.0,195.78398702151935
2161196,210,44,1,MF,BTC,DS40LF,40-ft,57.703837059464846,93.72012267629914,140.79924564965293,1.624157550904611,2.4400326360369546,73.38295697228739,65.03559474296935,SUCCESS,SUCCESS,73.38295697228739,SUCCESS,65.03559474296935,SUCCESS,0.0,0.0
2161197,210,85,1,MF,BTC,DS40LF,40-ft,44.78878970670922,63.811913183905716,94.35765352444456,1.4247295718809498,2.1067247885537324,78.68583099576139,73.26991958786444,SUCCESS,SUCCESS,78.6858309957614,SUCCESS,73.26991958786444,SUCCESS,0.0,0.0
2161198,210,90,1,MF,BTC,DS40LF,40-ft,42.770608769399615,62.28994676258436,92.82579913999679,1.4563726950538503,2.1703174635758127,78.95568319812335,73.54152497517788,SUCCESS,SUCCESS,78.95568319812335,SUCCESS,73.54152497517788,SUCCESS,0.0,0.0
2161199,210,96,1,MF,BTC,DS40LF,40-ft,42.770608769399615,62.28994676258436,92.82579913999679,1.4563726950538503,2.1703174635758127,78.95568319812335,73.54152497517788,SUCCESS,SUCCESS,78.95568319812335,SUCCESS,73.54152497517788,SUCCESS,0.0,0.0
2161200,240,53,2,SAT,BTC,DS40LF,40-ft,248.3448800173677,383.7367965605895,588.7424266976046,1.5451769995570406,2.3706646444912884,21.96156089351251,-14.386955088227769,SUCCESS,FAILURE,21.961560893512527,SUCCESS,-10.148836401503168,FAILURE,0.0,23.902989393126575
2161201,240,61,2,SAT,BTC,DS40LF,40-ft,131.81173261191887,195.86343456494802,296.09846296728375,1.4859332373819156,2.2463741057031634,55.272440679973755,37.50027252353125,SUCCESS,SUCCESS,55.27244067997374,SUCCESS,37.500272523531265,SUCCESS,0.0,0.0
2161202,240,51,2,SAT,BTC,DS40LF,40-ft,348.92384891327566,551.524945473477,844.9830090427951,1.5806455970011883,2.4216831600204376,-7.788110899552661,-59.819682454396286,FAILURE,FAILURE,49.51375552871338,SUCCESS,-57.54101948419908,FAILURE,323.18252665542053,12.851659151912116
2161203,240,41,3,SUN,BTC,DS40LF,40-ft,313.31907732966846,499.5056914947644,764.0712084207124,1.5942396350452477,2.4386360860394434,1.435161082488587,-45.47361851431071,FAILURE,FAILURE,37.66354781974713,SUCCESS,-36.45674602265886,FAILURE,204.3281011981383,50.855160852916526
2161204,210,53,3,SUN,BTC,DS40LF,40-ft,295.51204940602014,487.5080816627287,733.04419908262,1.6497062730356378,2.48058987968863,3.5623968683105134,-39.972375723868794,FAILURE,FAILURE,42.37638678300774,SUCCESS,-16.468320163771196,FAILURE,218.9109031188924,132.56287335895036
2161205,210,62,3,SUN,BTC,DS40LF,40-ft,180.38180869259924,301.64305509231866,465.0434720891944,1.672247646692405,2.5781062705813436,36.517188813418684,7.545483672128659,SUCCESS,FAILURE,36.51718881341867,SUCCESS,18.955540391031374,FAILURE,0.0,64.3527198946114
2161206,210,58,3,SUN,BTC,DS40LF,40-ft,359.28874167804366,564.6936184430618,862.5638053991337,1.571698617122493,2.40075378195978,-10.122981993450676,-62.93684492892441,FAILURE,FAILURE,-2.674211086433535,FAILURE,-62.93684492892439,FAILURE,42.01106791557653,0.0
2161207,210,67,3,SUN,BTC,DS40LF,40-ft,134.59107677488876,227.70545003365186,341.1124873986183,1.691831698579113,2.534436127360422,49.62669325644471,29.51906251797548,SUCCESS,SUCCESS,49.626693256444696,SUCCESS,29.519062517975474,SUCCESS,0.0,0.0
2161208,210,62,2,SAT,BTC,DS40LF,40-ft,150.2061465689973,231.8187969945913,346.8990528111425,1.5433376215939685,2.3094864007565374,48.89737641939871,28.493075742705237,SUCCESS,SUCCESS,48.89737641939871,SUCCESS,28.49307574270523,SUCCESS,0.0,0.0
2161209,210,65,3,SUN,BTC,DS40LF,40-ft,158.0951970242648,250.3769189790648,370.9469579985176,1.5837098387033,2.3463518499020806,45.60692925903106,24.22926276622029,SUCCESS,SUCCESS,45.60692925903107,SUCCESS,24.229262766220288,SUCCESS,0.0,0.0
2161210,240,46,3,SUN,BTC,DS40LF,40-ft,245.94079335394306,384.30676019412203,580.4170794087985,1.5625986846397257,2.3599870175806803,21.86050351168049,-12.910829682411077,SUCCESS,FAILURE,21.86050351168051,SUCCESS,-12.910829682411082,FAILURE,0.0,0.0
2161211,240,39,1,MF,BTC,DS40LF,40-ft,45.16822367762629,63.61931482756923,94.55818422106661,1.408497161226257,2.0934669668646997,78.71997964050192,73.2343644998109,SUCCESS,SUCCESS,78.71997964050192,SUCCESS,73.2343644998109,SUCCESS,0.0,0.0
2161212,240,52,1,MF,BTC,DS40LF,40-ft,69.80780653128784,102.45057525396753,152.13765221376667,1.4676091449464066,2.179378779729723,71.83500438759441,63.02523896919031,SUCCESS,SUCCESS,71.83500438759442,SUCCESS,63.0252389691903,SUCCESS,0.0,0.0
2161213,210,43,1,MF,BTC,DS40LF,40-ft,88.77207894637148,138.1205540800916,204.5182608294422,1.55590086116528,2.3038579613866506,65.51054005672134,53.73789701605636,SUCCESS,SUCCESS,65.51054005672134,SUCCESS,53.737897016056344,SUCCESS,0.0,0.0
2161214,210,57,1,MF,BTC,DS40LF,40-ft,97.22212555977643,143.7885572118035,207.3722521979514,1.4789694874897172,2.1329738575860477,64.50557496244619,53.23187017766819,SUCCESS,SUCCESS,64.5055749624462,SUCCESS,53.231870177668185,SUCCESS,0.0,0.0
2161215,240,40,1,MF,BTC,DS40LF,40-ft,42.766902535540325,64.23969272473713,93.3092424323474,1.5020889733913367,2.181809691613864,78.60998355944379,73.45580807937104,SUCCESS,SUCCESS,78.60998355944379,SUCCESS,73.45580807937104,SUCCESS,0.0,0.0
2161216,240,54,2,SAT,BTC,DS40LF,40-ft,239.418468096251,363.37642204289625,547.3254890842746,1.5177459990129571,2.286062113070738,25.57155637537301,-7.0435264333820236,SUCCESS,FAILURE,25.57155637537301,SUCCESS,-7.043526433382026,FAILURE,0.0,0.0
2161217,210,42,3,SUN,BTC,DS40LF,40-ft,295.86995387418443,486.8403811158414,734.0013184518115,1.645453939276528,2.480824121681304,3.680783490099045,-40.14207773968288,FAILURE,FAILURE,65.35437746851184,SUCCESS,56.68417010730479,SUCCESS,347.83907003824817,546.1000378570106
2161218,210,69,3,SUN,BTC,DS40LF,40-ft,166.06471626054832,269.7767488981795,401.88719238639885,1.6245278044187996,2.420063704296193,42.16724310315967,18.743405605248434,SUCCESS,FAILURE,42.167243103159656,SUCCESS,67.12773597773449,SUCCESS,0.0,272.8876233008215
2161219,210,51,3,SUN,BTC,DS40LF,40-ft,216.08965709820282,331.5809847151158,494.90385490781813,1.5344602289985008,2.290270906778787,31.209045263277346,2.2510895553513994,SUCCESS,FAILURE,31.209045263277346,SUCCESS,4.344385829283795,FAILURE,0.0,11.806190984978798
2161220,240,38,1,MF,BTC,DS40LF,40-ft,82.96521643611545,120.23255253124813,176.1713403952219,1.4491922964346042,2.1234361574995306,68.68217153701275,58.763946738435834,SUCCESS,SUCCESS,68.68217153701275,SUCCESS,58.763946738435834,SUCCESS,0.0,0.0
2161221,210,93,1,MF,BTC,DS40LF,40-ft,54.479962382694325,74.77672647248566,105.62210990493418,1.3725546641757347,1.9387331651037494,76.7417151644529,71.27267554877054,SUCCESS,SUCCESS,76.7417151644529,SUCCESS,71.27267554877054,SUCCESS,0.0,0.0
2161222,210,60,3,SUN,BTC,DS40LF,40-ft,285.6412024928934,431.79521399198836,645.4367394111814,1.5116699209482258,2.2596065755858157,13.440564895037529,-24.439138193471877,FAILURE,FAILURE,18.01322139131503,FAILURE,-22.17742253611442,FAILURE,25.789782639005054,12.756076307495988
2161223,240,21,1,MF,BTC,DS40LF,40-ft,325.39405944815206,481.4636868528586,727.7749160848949,1.479632688037977,2.23659558296533,4.634098075734297,-39.03810568881115,FAILURE,FAILURE,4.63409807573431,FAILURE,-39.03810568881114,FAILURE,0.0,0.0
2161224,240,25,1,MF,BTC,DS40LF,40-ft,291.45102194321305,423.58407462840523,632.644134678721,1.4533628045090103,2.1706704970895134,14.89644066872248,-22.170945865021448,FAILURE,FAILURE,14.896440668722486,FAILURE,-22.17094586502144,FAILURE,0.0,0.0
2161225,240,26,1,MF,BTC,DS40LF,40-ft,193.15151195156125,285.92653979472686,432.1635538860436,1.4803225556237523,2.23743293293206,39.30380500093496,13.375256403183766,SUCCESS,FAILURE,39.30380500093495,SUCCESS,13.37525640318377,FAILURE,0.0,0.0
2161226,240,23,1,MF,BTC,DS40LF,40-ft,303.2376693488045,448.218063068603,673.5172954251364,1.4781081256531894,2.221087165296773,10.528712221878907,-29.41796018176176,FAILURE,FAILURE,10.528712221878916,FAILURE,-29.417960181761742,FAILURE,0.0,0.0
2161227,240,57,1,MF,BTC,DS40LF,40-ft,62.51291801505836,90.06100667026824,132.31842909800963,1.4406783354533856,2.1166573773781643,74.03173640598082,66.53928562092028,SUCCESS,SUCCESS,74.03173640598082,SUCCESS,66.53928562092028,SUCCESS,0.0,0.0
2161228,210,75,1,MF,BTC,DS40LF,40-ft,97.8709297854246,143.22909022496216,214.4264527186447,1.4634487537717509,2.190910551159167,64.60477123670884,51.98112540449563,SUCCESS,SUCCESS,64.60477123670884,SUCCESS,51.98112540449561,SUCCESS,0.0,0.0
2161229,240,58,1,MF,BTC,DS40LF,40-ft,62.51291801505836,90.06100667026824,132.31842909800963,1.4406783354533856,2.1166573773781643,74.03173640598082,66.53928562092028,SUCCESS,SUCCESS,74.03173640598082,SUCCESS,66.53928562092028,SUCCESS,0.0,0.0
2161230,240,54,1,MF,BTC,DS40LF,40-ft,75.69051509520452,110.69991193733496,166.33473695029633,1.4625334732904798,2.197563812864509,70.37235603947963,60.50802536342263,SUCCESS,SUCCESS,70.37235603947963,SUCCESS,60.50802536342263,SUCCESS,0.0,0.0
2161231,240,22,1,MF,BTC,DS40LF,40-ft,222.51676116565042,329.7331967590749,498.6207581199804,1.4818353234685464,2.240823367677849,31.536667241298787,1.5920641631240475,SUCCESS,FAILURE,31.536667241298776,SUCCESS,1.59206416312405,FAILURE,0.0,0.0
2161232,240,35,1,MF,BTC,DS40LF,40-ft,76.08721132007207,107.26630160391436,157.0340145411699,1.4097809571792932,2.063868708245636,70.98115219788752,62.157089620359955,SUCCESS,SUCCESS,70.98115219788752,SUCCESS,62.15708962035994,SUCCESS,0.0,0.0
2161233,240,29,1,MF,BTC,DS40LF,40-ft,280.23785432498744,411.0556678578087,619.5760930601815,1.4668099313275282,2.2108936515823765,17.11778938691335,-19.853917209252035,FAILURE,FAILURE,17.117789386913348,FAILURE,-19.85391720925204,FAILURE,0.0,0.0
2161235,240,27,1,MF,BTC,DS40LF,40-ft,253.78383428047457,372.25224880881154,559.042740860205,1.466808356269884,2.202830382972176,23.99782822538803,-9.121053344007969,SUCCESS,FAILURE,23.99782822538803,SUCCESS,-9.121053344007965,FAILURE,0.0,0.0
2161236,240,32,1,MF,BTC,DS40LF,40-ft,133.24301625308448,191.63233834739842,287.0715619371825,1.4382167541404802,2.1544961230231605,56.02263504478751,39.10078689057049,SUCCESS,SUCCESS,56.02263504478749,SUCCESS,39.100786890570475,SUCCESS,0.0,0.0
2161237,240,31,1,MF,BTC,DS40LF,40-ft,76.36668888059431,107.85578803992617,158.3329270371687,1.4123407682185578,2.073324499962745,70.87663332625424,61.92678598631761,SUCCESS,SUCCESS,70.87663332625422,SUCCESS,61.9267859863176,SUCCESS,0.0,0.0
2161238,240,34,1,MF,BTC,DS40LF,40-ft,103.87776703899529,147.82568138305044,220.61435770324567,1.4230733447279174,2.1237880250200982,63.789772804423684,50.88397913063021,SUCCESS,SUCCESS,63.78977280442366,SUCCESS,50.883979130630195,SUCCESS,0.0,0.0
2161240,240,33,1,MF,BTC,DS40LF,40-ft,85.77396253097407,118.2437741458363,170.4518160049894,1.3785509105182934,1.987220958148425,69.03479181811414,59.778046807626,SUCCESS,SUCCESS,69.03479181811413,SUCCESS,59.778046807626,SUCCESS,0.0,0.0
2161241,240,55,1,MF,BTC,DS40LF,40-ft,71.19702280508325,96.82197902156473,137.77041475471674,1.35991612018153,1.9350586488973294,72.83298244298499,65.57262149739064,SUCCESS,SUCCESS,72.83298244298499,SUCCESS,65.57262149739064,SUCCESS,0.0,0.0
2161242,240,36,1,MF,BTC,DS40LF,40-ft,87.9106828706228,127.54652731010157,189.07544303632585,1.4508649363787838,2.15076753885061,67.38536749820895,56.4759852772472,SUCCESS,SUCCESS,67.38536749820895,SUCCESS,56.47598527724719,SUCCESS,0.0,0.0
2161243,240,62,2,SAT,BTC,DS40LF,40-ft,192.05781068199138,279.44067462042955,420.09522538171353,1.454982089133185,2.187337364150764,40.453781095668525,15.515030960689094,SUCCESS,FAILURE,40.453781095668504,SUCCESS,15.51503096068908,FAILURE,0.0,0.0
2161244,240,63,2,SAT,BTC,DS40LF,40-ft,187.21866157413473,278.29165877756316,418.92354533270367,1.486452560004898,2.2376163882937417,40.65750730894271,15.72277565022985,SUCCESS,FAILURE,40.6575073089427,SUCCESS,15.722775650229833,FAILURE,0.0,0.0
2161245,240,52,2,SAT,BTC,DS40LF,40-ft,303.32196534953306,448.41308541293813,673.6265504017938,1.4783403005325029,2.2208300992166534,10.494133792032251,-29.437331631523715,FAILURE,FAILURE,10.49413379203226,FAILURE,-29.4373316315237,FAILURE,0.0,0.0
2161246,240,44,3,SUN,BTC,DS40LF,40-ft,274.512652197262,411.8464581739431,621.173653598111,1.5002822451986455,2.2628234022224296,16.977578337953354,-20.137172623778532,FAILURE,FAILURE,16.977578337953332,FAILURE,-20.13717262377851,FAILURE,0.0,0.0
2161247,240,47,3,SUN,BTC,DS40LF,40-ft,250.78830911016973,367.05398854912556,553.0096338495872,1.463600874584154,2.20508537982388,24.91950557639618,-8.051353519430352,SUCCESS,FAILURE,24.91950557639617,SUCCESS,-8.051353519430357,FAILURE,0.0,0.0
2161248,240,48,3,SUN,BTC,DS40LF,40-ft,193.14614195030964,285.98885290456167,432.262457376437,1.480686334279136,2.238007205381531,39.29275657720538,13.357720323326777,SUCCESS,FAILURE,39.292756577205374,SUCCESS,13.357720323326774,FAILURE,0.0,0.0
2161249,240,45,3,SUN,BTC,DS40LF,40-ft,222.51676116565042,329.7331967590749,498.6207581199804,1.4818353234685464,2.240823367677849,31.536667241298787,1.5920641631240475,SUCCESS,FAILURE,31.536667241298776,SUCCESS,1.59206416312405,FAILURE,0.0,0.0
2161250,240,51,1,MF,BTC,DS40LF,40-ft,92.50851703308835,132.193290064843,194.211039401964,1.4289850740722636,2.09938550125605,66.56147339275833,55.565418545751065,SUCCESS,SUCCESS,66.56147339275833,SUCCESS,55.56541854575106,SUCCESS,0.0,0.0
2161251,240,60,1,MF,BTC,DS40LF,40-ft,34.62236057901554,49.365636134519825,73.59399528065528,1.4258310325737904,2.1256203808720158,81.24722763572343,76.95141927647956,SUCCESS,SUCCESS,81.24722763572343,SUCCESS,76.95141927647956,SUCCESS,0.0,0.0
2161252,210,95,1,MF,BTC,DS40LF,40-ft,52.158666422752944,72.03304066206208,103.6217105623716,1.3810368554714318,1.9866633422431437,77.22818427977623,71.62735628326745,SUCCESS,SUCCESS,77.22818427977623,SUCCESS,71.62735628326745,SUCCESS,0.0,0.0
2161263,802,51,2,SAT,BTC,DS40LF,40-ft,316.75205720166286,538.5605176551685,725.9946600780319,1.7002589420036172,2.2919966692302216,-5.489453484958949,-38.722457460643945,FAILURE,FAILURE,69.38142634263406,SUCCESS,68.13683699481169,SUCCESS,422.2717622276249,602.6864207287693
2161264,802,51,3,SUN,BTC,DS40LF,40-ft,293.1250374233259,497.96117461233797,671.2361543383425,1.6988012316845913,2.2899311510157876,1.7090115935571015,-29.01350254225931,FAILURE,FAILURE,73.8899208864469,SUCCESS,68.95337508528812,SUCCESS,407.1003284118986,552.5331898193672
2161265,210,82,1,MF,BTC,DS40LF,40-ft,53.57369418536341,77.11193710495107,112.12785117489037,1.4393619532404474,2.092964707397838,76.32767072607251,70.11917532360101,SUCCESS,SUCCESS,76.32767072607251,SUCCESS,70.11917532360101,SUCCESS,0.0,0.0
2161266,210,65,1,MF,BTC,DS40LF,40-ft,36.32029215509139,50.673318665662876,74.46800294173583,1.3951792691887661,2.050313984913717,81.01536903091085,76.79645337912486,SUCCESS,SUCCESS,81.01536903091085,SUCCESS,76.79645337912486,SUCCESS,0.0,0.0
2161378,240,25,3,SUN,BTC,DS40LF,40-ft,412.284005582365,503.8276650981955,677.3296903921007,1.2220402884330233,1.6428716157333092,0.6688537059937104,-30.093916736188064,FAILURE,FAILURE,0.6688537059937161,FAILURE,-30.0939167361881,FAILURE,0.0,0.0
2161379,240,22,3,SUN,BTC,DS40LF,40-ft,456.24312852257935,557.3646910388342,748.9873779172483,1.2216396394696614,1.6416408951574624,-8.823526779935131,-42.799180481781605,FAILURE,FAILURE,-8.823526779935136,FAILURE,-42.79918048178163,FAILURE,0.0,0.0
2161380,240,21,3,SUN,BTC,DS40LF,40-ft,368.32488264215067,450.29063915755677,605.6720028669533,1.222536571321033,1.644396106291302,10.161234191922563,-17.388652990594558,FAILURE,FAILURE,10.161234191922569,FAILURE,-17.388652990594565,FAILURE,0.0,0.0
2161381,240,28,3,SUN,BTC,DS40LF,40-ft,236.44751382150758,289.6795613356406,390.6989402915108,1.2251326167646552,1.6523706846266373,38.638375649709126,20.727138246186037,SUCCESS,SUCCESS,38.638375649709126,SUCCESS,20.727138246186037,SUCCESS,0.0,0.0
2161382,240,23,3,SUN,BTC,DS40LF,40-ft,368.32488264215067,450.29063915755677,605.6720028669533,1.222536571321033,1.644396106291302,10.161234191922563,-17.388652990594558,FAILURE,FAILURE,10.161234191922569,FAILURE,-17.388652990594565,FAILURE,0.0,0.0
2161383,240,26,3,SUN,BTC,DS40LF,40-ft,236.44751382150758,289.6795613356406,390.6989402915108,1.2251326167646552,1.6523706846266373,38.638375649709126,20.727138246186037,SUCCESS,SUCCESS,38.638375649709126,SUCCESS,20.727138246186037,SUCCESS,0.0,0.0
2161384,240,24,3,SUN,BTC,DS40LF,40-ft,324.3657597019363,396.75361321691804,534.0143153418057,1.2231673700130983,1.6463338048766862,19.653614677851415,-4.683389245001013,FAILURE,FAILURE,19.65361467785142,FAILURE,-4.683389245001033,FAILURE,0.0,0.0
2161456,301,43,3,SUN,RTC,HY40LF,40-ft,584.17143909172,680.8989230048281,936.7625623790864,1.1655806454069404,1.603574737983735,-30.726759398019173,-76.09265290409333,FAILURE,FAILURE,-1.169267329354755,FAILURE,-47.70491216026628,FAILURE,166.70425526726717,160.10685779518462
2161457,301,46,3,SUN,RTC,HY40LF,40-ft,537.1579007857133,630.1078632215822,867.6399771705231,1.1730402965308875,1.6152419538117302,-21.721252344252157,-63.836875384844525,FAILURE,FAILURE,5.4955482296787945,FAILURE,-44.89366227604904,FAILURE,153.50275523697053,106.83972193360651
2161458,620,41,3,SUN,RTC,DS40LF,40-ft,468.21906029606487,497.97298128614017,646.8163683947112,1.0635470093235018,1.3814396363653274,1.7069182116772792,-24.683753261473605,FAILURE,FAILURE,67.01872104653582,SUCCESS,74.62808037909639,SUCCESS,368.35856798860203,560.1187417328149
2161459,620,42,3,SUN,RTC,DS40LF,40-ft,571.4283441909987,596.0874329263103,765.8941621492398,1.0431534224474335,1.3403153167586683,-15.689261157147207,-45.796837260503516,FAILURE,FAILURE,58.91829305725147,SUCCESS,62.997040412535824,SUCCESS,420.78660576920856,613.5974700759418
2161460,301,41,3,SUN,RTC,HY40LF,40-ft,525.3079188445503,611.0640996647187,840.0672751037603,1.1632493586024648,1.5991901986772714,-18.34469852211324,-58.94809842265253,FAILURE,FAILURE,12.730226003989737,FAILURE,-27.792278510574377,FAILURE,175.2625743272207,175.71882430412086
2161461,301,45,3,SUN,RTC,DS40LF,40-ft,466.4443985973806,541.2292763246093,743.3719878284342,1.1603296726300287,1.5936990347912579,-5.962637646207311,-41.80354394121172,FAILURE,FAILURE,18.33500082984345,FAILURE,-12.72335715016255,FAILURE,137.03868100492625,164.01225350151745
2161463,301,47,1,MF,RTC,DS40LF,40-ft,216.11788755906437,267.53145148253697,369.8459751519828,1.2378959210834477,1.7113158902726413,42.56534548181969,24.42447249078319,SUCCESS,SUCCESS,42.56534548181969,SUCCESS,24.424472490783184,SUCCESS,0.0,0.0
2161464,301,42,1,MF,RTC,DS40LF,40-ft,436.20045918671207,562.9970571406667,788.4265676799359,1.2906842376790812,1.8074867897891331,-9.822173251891254,-49.791944624102115,FAILURE,FAILURE,60.022928452842294,SUCCESS,30.303082855047325,SUCCESS,393.92637361469735,451.73595498240275
2161465,301,48,1,MF,RTC,DS40LF,40-ft,173.6590109170848,211.68451091009885,291.1158959509612,1.2189664664805082,1.676365046729175,52.46728529962786,38.38370639167355,SUCCESS,SUCCESS,52.467285299627875,SUCCESS,38.38370639167354,SUCCESS,0.0,0.0
2161466,301,44,1,MF,RTC,DS40LF,40-ft,173.6590109170848,211.68451091009885,291.1158959509612,1.2189664664805082,1.676365046729175,52.46728529962786,38.38370639167355,SUCCESS,SUCCESS,52.467285299627875,SUCCESS,38.38370639167354,SUCCESS,0.0,0.0
2161467,301,41,1,MF,RTC,HY40LF,40-ft,385.9533941269826,490.91921377228954,684.7662919560694,1.2719650124666921,1.7742201581229633,2.9575862105869657,-31.412463112778255,FAILURE,FAILURE,55.33625533455514,SUCCESS,23.30714816839493,SUCCESS,295.4156938591805,308.6186076258167
2161469,301,43,1,MF,RTC,HY40LF,40-ft,343.49451748500303,435.0722731998514,606.0362127550477,1.2666061641547064,1.764325722553948,12.859526028395146,-17.453229211887887,FAILURE,FAILURE,64.07970894040942,SUCCESS,46.96661921548104,SUCCESS,288.8818316237605,363.3279451303607
2161470,301,45,1,MF,RTC,DS40LF,40-ft,88.7412576331257,99.99062976522256,133.655737548918,1.1267659759635595,1.5061285034011784,72.27116493524423,66.30217419345425,SUCCESS,SUCCESS,72.27116493524423,SUCCESS,66.30217419345426,SUCCESS,0.0,0.0
2161475,320,22,2,SAT,STC,NG40LF,40-ft,349.4722630705999,506.8030695484542,739.7647195807361,1.4501954034791897,2.11680524537448,0.1412997254513914,-41.163957372470946,FAILURE,FAILURE,63.41161271790975,SUCCESS,37.15828694544452,SUCCESS,356.8445652774652,441.7374579530432
2161476,312,51,2,SAT,STC,NG40LF,40-ft,473.97308475890975,628.0050800734846,888.2316900501871,1.3249804688654936,1.8740129315612792,-21.348418452745488,-67.48788830677076,FAILURE,FAILURE,30.19257475376133,SUCCESS,-29.235605043021867,FAILURE,290.6912016846984,215.74287760754348
2161477,312,60,2,SAT,STC,NG40LF,40-ft,262.7014579404486,378.59175006407105,547.0969550533631,1.4411482640111324,2.082580581556512,22.87380318012925,-7.003006215135297,SUCCESS,FAILURE,22.87380318012925,SUCCESS,35.90525337477564,SUCCESS,0.0,242.00258408709772
2161478,312,58,2,SAT,STC,NG40LF,40-ft,432.80233446844693,576.0751912628932,816.1280505334755,1.3310353142397189,1.885683106436605,-12.140991358669005,-54.70355505912686,FAILURE,FAILURE,41.921987692214174,SUCCESS,-17.62270864450445,FAILURE,304.9152018469811,209.1359737784702
2161480,312,53,2,SAT,STC,NG40LF,40-ft,374.78729117475626,537.313014816636,784.5533525108493,1.433647905008863,2.0933296592093535,-5.268265038410642,-49.10520434589527,FAILURE,FAILURE,67.2075585817339,SUCCESS,33.035382913884916,SUCCESS,408.76364521761525,463.27291214516015
2161484,312,65,3,SUN,STC,NG40LF,40-ft,448.5193432329042,596.5976192172244,844.5715065194707,1.3301491412097852,1.8830213663291377,-15.779719719366025,-59.746721014090554,FAILURE,FAILURE,52.615442777689005,SUCCESS,-19.184457347639615,FAILURE,385.74871648339035,228.77116707878312
2161485,312,66,3,SUN,STC,NG40LF,40-ft,432.1986758050133,567.2424115870143,799.7982099547924,1.312457541732326,1.8505336890842807,-10.574895671456435,-51.8081932543958,FAILURE,FAILURE,33.71127012842605,SUCCESS,-18.94702958737883,FAILURE,249.7739751113371,185.33696308197543
2161486,312,68,3,SUN,STC,NG40LF,40-ft,383.51166709959705,503.90127924432386,710.6617806608983,1.3139138192462394,1.85303822967227,0.6558015524248516,-36.003861819308206,FAILURE,FAILURE,42.450981534007845,SUCCESS,-10.685221103689315,FAILURE,235.72481509612817,142.79713363609045
2161487,312,63,3,SUN,STC,NG40LF,40-ft,449.12749499524324,583.8510252644417,835.6824627199536,1.2999672292844715,1.8606798114838292,-13.519685330574758,-58.17064941843149,FAILURE,FAILURE,62.73334955464532,SUCCESS,42.29859215806661,SUCCESS,430.06711675264125,566.6465224914493
2161501,312,3,1,MF,STC,NG40LF,40-ft,319.9430010126573,472.2408330642884,684.7915657111271,1.476015513918387,2.1403548867882125,6.2693558396651845,-31.41694427502253,FAILURE,FAILURE,60.5146003158558,SUCCESS,47.933559343556695,SUCCESS,305.94317884571507,447.5368404087868
2161502,319,9,1,MF,STC,NG40LF,40-ft,331.03827122074875,518.0660939561193,772.5163339166028,1.5649734154473438,2.3336163854041514,-1.8556904177516431,-46.97098119088701,FAILURE,FAILURE,69.15089310023313,SUCCESS,68.89271560471009,SUCCESS,400.4771310414342,653.4712499271673
2161503,801,22,1,MF,STC,NG40LF,40-ft,48.676271280706835,67.2781267661708,98.32990961659988,1.3821544871050329,2.020078922018285,78.07125411947328,72.56561886230499,SUCCESS,SUCCESS,78.07125411947328,SUCCESS,72.565618862305,SUCCESS,0.0,0.0
2161504,312,1,1,MF,STC,NG40LF,40-ft,337.90918099215975,488.2252665991148,709.9763233585088,1.4448416736284022,2.1010862187108845,3.4352364185966753,-35.88232683661503,FAILURE,FAILURE,57.65452890763011,SUCCESS,40.90835786810322,SUCCESS,305.7968096381485,433.0994617346111
2161505,321,8,1,MF,STC,NG40LF,40-ft,394.91940741163836,596.4660450659886,869.6728068175285,1.5103487797049973,2.202152617713816,-15.756390969146917,-64.19730617332064,FAILURE,FAILURE,69.80931454739525,SUCCESS,-31.372745802808716,FAILURE,482.59057911329757,185.13052048968748
2161506,320,9,1,MF,STC,NG40LF,40-ft,324.06137655399334,497.46396085346163,738.2941815945846,1.5350917969410554,2.278254167298379,1.7971700614429778,-40.90322368698309,FAILURE,FAILURE,68.52199590054407,SUCCESS,68.04946151598756,SUCCESS,376.32801773253016,614.4931445447548
2161507,312,2,1,MF,STC,NG40LF,40-ft,287.8671189375412,419.9755288317577,612.634776314774,1.4589214995509097,2.128186013657565,15.536253753234458,-18.623187289853533,FAILURE,FAILURE,66.80386788358156,SUCCESS,55.80213319777215,SUCCESS,289.1493436951575,419.75880755020887
2161508,503,10,1,MF,STC,NG40LF,40-ft,270.04459833051277,395.2501724246748,573.3321650955169,1.4636477636220686,2.1231017714851848,19.9201821942066,-11.654639201332774,FAILURE,FAILURE,75.22061832857202,SUCCESS,69.42602684684053,SUCCESS,311.89445979782096,457.2949565116975
2161510,801,63,1,MF,STC,NG40LF,40-ft,48.6026519573624,69.60153904062975,102.21545756411018,1.4320522901032031,2.103083956278366,77.65930158854083,71.87669192125706,SUCCESS,SUCCESS,77.65930158854083,SUCCESS,71.87669192125708,SUCCESS,0.0,0.0
2161512,801,48,1,MF,STC,NG40LF,40-ft,68.57207707448626,95.93587326644155,140.06278385818905,1.3990515871676372,2.042562947393969,72.9900933924749,65.16617307478919,SUCCESS,SUCCESS,72.99009339247492,SUCCESS,65.16617307478919,SUCCESS,0.0,0.0
2161515,502,91,1,MF,STC,NG40LF,40-ft,49.33846528755784,71.46798887008437,105.77492354326243,1.4485247656883877,2.1438632703059923,77.32837076771555,71.24558093204567,SUCCESS,SUCCESS,77.32837076771555,SUCCESS,71.24558093204567,SUCCESS,0.0,0.0
2161516,320,48,1,MF,STC,NG40LF,40-ft,138.94694874112383,206.47891652166297,302.5469475990526,1.4860269937007393,2.177427790535629,53.39026302807394,36.356924184565145,SUCCESS,SUCCESS,53.390263028073946,SUCCESS,36.35692418456514,SUCCESS,0.0,0.0
2161517,502,86,1,MF,STC,NG40LF,40-ft,47.78977835661466,67.41707817542043,98.56077551476639,1.4107007919631651,2.0623819340464555,78.04661734478361,72.52468519241731,SUCCESS,SUCCESS,78.04661734478361,SUCCESS,72.52468519241731,SUCCESS,0.0,0.0
2161518,320,33,1,MF,STC,NG40LF,40-ft,264.9456008392988,400.39344493343503,597.9306516342808,1.511228884967565,2.256805358308071,19.008254444426417,-16.01607298480156,FAILURE,FAILURE,65.0900854091576,SUCCESS,55.57792298219888,SUCCESS,259.9015266410837,403.79013725388245
2161519,319,6,1,MF,STC,NG40LF,40-ft,352.69480101606655,551.5213569902861,816.5410721784621,1.563735431884527,2.315149159630696,-7.787474643667745,-54.776785847245044,FAILURE,FAILURE,66.41175526418021,SUCCESS,69.89651964210367,SUCCESS,418.4836566802624,703.1574429599264
2161520,801,20,1,MF,STC,NG40LF,40-ft,73.34085161294219,107.56620476972076,157.98144069746678,1.466661518159123,2.1540715334370124,70.9279778777091,61.98910625931441,SUCCESS,SUCCESS,70.9279778777091,SUCCESS,61.9891062593144,SUCCESS,0.0,0.0
2161523,320,45,2,SAT,STC,NG40LF,40-ft,353.0662132174398,523.95632732221,769.0360932768627,1.4840171834837268,2.178163937774593,-2.900058035852828,-46.353917247670694,FAILURE,FAILURE,66.58183795002442,SUCCESS,60.756241731325225,SUCCESS,391.87789336034774,604.1012966415376
2161524,312,56,2,SAT,STC,NG40LF,40-ft,564.4025490192258,695.0839064128058,989.8096002010709,1.2315392756830523,1.753729854553428,-33.24182737815706,-85.49815606401965,FAILURE,FAILURE,58.82928167549205,SUCCESS,-29.495672078329054,FAILURE,519.2810550625809,315.854009679295
2161525,312,61,2,SAT,STC,NG40LF,40-ft,286.30310744580595,428.45691743677025,625.0121382513472,1.4965150789286228,2.183043501788241,14.032461447381165,-20.81775500910411,FAILURE,FAILURE,66.69924203892988,SUCCESS,63.58743875760672,SUCCESS,297.0406425363348,476.04529284424905
2161526,320,63,2,SAT,STC,NG40LF,40-ft,232.2941253929443,358.27084633242873,529.3004535012632,1.542315569652847,2.278578731192227,26.476800295668667,-3.847598138521836,SUCCESS,FAILURE,26.476800295668667,SUCCESS,24.746954309555573,SUCCESS,0.0,161.2732758071566
2161527,312,50,2,SAT,STC,NG40LF,40-ft,546.8000455688052,671.0216768162383,954.9934543491678,1.2271792627928775,1.746513121365493,-28.9754746128082,-79.32508055836308,FAILURE,FAILURE,44.32197358217756,SUCCESS,-28.188680387390658,FAILURE,413.3976078197197,288.4092969642844
2161528,312,59,2,SAT,STC,NG40LF,40-ft,311.2914711168794,462.74547974214516,673.5019766031123,1.486534398394744,2.163573496526139,7.9529291237331305,-29.415244078566012,FAILURE,FAILURE,68.79223737107259,SUCCESS,63.17741521447161,SUCCESS,343.13369851499453,522.2225984127323
2161529,312,67,3,SUN,STC,NG40LF,40-ft,446.2197448872968,582.0100227799913,833.600060169983,1.3043125712130723,1.8681379964047267,-13.193266450353072,-57.801429108153,FAILURE,FAILURE,57.24049845075052,SUCCESS,37.77252663988337,SUCCESS,397.2464340422242,539.0371104189252
2161530,312,60,3,SUN,STC,NG40LF,40-ft,441.3010503242945,596.502800052366,860.622262968168,1.3516913218629774,1.9501930991003331,-15.762907810703181,-62.59259981705107,FAILURE,FAILURE,67.41376759664507,SUCCESS,53.658116259062695,SUCCESS,469.11644929744403,655.6540386692817
2161531,312,61,3,SUN,STC,NG40LF,40-ft,399.8908733112616,515.2014533036041,737.8250063902927,1.2883551180788981,1.845065880800922,-1.3477754084404439,-40.820036594023534,FAILURE,FAILURE,59.47066778239801,SUCCESS,39.23464098713049,SUCCESS,343.0160195963289,451.508381557709
2161532,312,62,3,SUN,STC,NG40LF,40-ft,432.8556502262591,581.4636981405375,838.0936244467331,1.3433201064525764,1.9361965680906579,-13.096400379527928,-58.59816036289593,FAILURE,FAILURE,64.64583606854423,SUCCESS,41.85308952352801,SUCCESS,438.4662135671268,566.5450493594313
2161533,312,64,3,SUN,STC,NG40LF,40-ft,383.4329923778949,506.7859347924639,728.0514495715091,1.321706647228201,1.8987710083486329,0.14433780275463579,-39.08713644884913,FAILURE,FAILURE,60.90254258919545,SUCCESS,52.24398346868825,SUCCESS,342.6762749955261,515.1075163349111
2161535,320,47,1,MF,STC,NG40LF,40-ft,119.17767172765328,185.49103460023616,277.5555583494496,1.5564243864750373,2.328922476214538,57.111518687901395,40.78802156924653,SUCCESS,SUCCESS,57.111518687901416,SUCCESS,40.78802156924654,SUCCESS,0.0,0.0
2161537,321,26,1,MF,STC,NG40LF,40-ft,359.2238913489899,556.3366673897503,818.8071310811902,1.5487184477083213,2.279378267426289,-8.641253083289065,-55.17856934063655,FAILURE,FAILURE,51.552411838282154,SUCCESS,-18.595583016251787,FAILURE,339.49227015766155,206.32804286953026
2161538,319,4,1,MF,STC,NG40LF,40-ft,255.46343780860718,385.46449474161875,568.9093370368658,1.5088832204254925,2.2269697061819542,21.655231428791005,-10.870449829231529,SUCCESS,FAILURE,21.655231428791023,SUCCESS,40.95704004888022,SUCCESS,0.0,292.3070429125502
2161539,319,2,1,MF,STC,NG40LF,40-ft,313.4894019172487,474.08237962485174,697.838640342063,1.512275619926681,2.226035827923364,5.9428404920475675,-33.73025537979839,FAILURE,FAILURE,63.302059928975865,SUCCESS,48.06156599784131,SUCCESS,323.50599762427566,461.30587256988815
2161540,320,21,1,MF,STC,NG40LF,40-ft,358.71934624662265,550.5361973229383,815.4188556068863,1.5347268082509269,2.273138775867078,-7.6128009437833795,-54.577811277816714,FAILURE,FAILURE,61.77970568520998,SUCCESS,47.95932617548749,SUCCESS,391.37373738752245,578.3094552366358
2161543,319,7,1,MF,STC,NG40LF,40-ft,344.6807246984172,527.461996660193,785.6586913683213,1.5302915389936662,2.2793809896266857,-3.5216306135093927,-49.30118641282293,FAILURE,FAILURE,55.96350523045136,SUCCESS,37.84620993136662,SUCCESS,335.49616615993864,491.51131538122917
2161544,320,13,1,MF,STC,NG40LF,40-ft,278.96483164787384,400.31046309460106,584.2965448554329,1.4349854091998842,2.094516865813993,19.022967536418257,-13.598678165856892,FAILURE,FAILURE,64.48054548333205,SUCCESS,44.07917359828743,SUCCESS,256.3807396205937,325.3030839497741
2161545,502,64,1,MF,STC,NG40LF,40-ft,93.56979554931301,124.5715594502636,180.02923031318355,1.3313223430590067,1.9240100852662954,67.91284406910219,58.07992370333624,SUCCESS,SUCCESS,67.91284406910219,SUCCESS,58.079923703336256,SUCCESS,0.0,0.0
2161546,320,2,1,MF,STC,NG40LF,40-ft,427.80260046853283,640.8928240450558,937.7078856188892,1.498104086658531,2.1919172174079917,-23.633479440612728,-76.26026340760447,FAILURE,FAILURE,61.017790051009655,SUCCESS,21.404911095324252,SUCCESS,477.4331599327503,550.831584196518
2161547,503,17,1,MF,STC,NG40LF,40-ft,267.3701232676042,392.9569751016,572.5593063571457,1.4697116128726881,2.1414483389532837,20.326777464255326,-11.517607510132216,SUCCESS,FAILURE,20.326777464255343,SUCCESS,52.669776866447435,SUCCESS,0.0,362.0168478839092
2161548,320,3,1,MF,STC,NG40LF,40-ft,318.0373942320934,483.3442117800206,722.1362547956189,1.5197716386372215,2.2706017213454692,4.300671670209118,-38.0383430488686,FAILURE,FAILURE,72.27983506053901,SUCCESS,55.42695589036386,SUCCESS,383.40248152146063,527.1442860172712
2161549,801,49,1,MF,STC,NG40LF,40-ft,57.200225323849956,87.17409294483713,128.59852226670444,1.5240166004816313,2.2482170575136626,74.54360054169555,67.19884356973326,SUCCESS,SUCCESS,74.54360054169555,SUCCESS,67.19884356973326,SUCCESS,0.0,0.0
2161551,320,39,1,MF,STC,NG40LF,40-ft,179.90098422273664,278.6775269792339,419.0542735854344,1.549060602326674,2.3293606502263513,40.58909096112874,15.699596882015184,SUCCESS,FAILURE,40.58909096112874,SUCCESS,52.822371421094296,SUCCESS,0.0,209.3724484004062
2161552,502,58,1,MF,STC,NG40LF,40-ft,151.2981659380328,229.28401307067776,341.98924627993057,1.5154447619978793,2.260366106618894,49.34680619314224,29.36360881561515,SUCCESS,SUCCESS,49.34680619314224,SUCCESS,29.363608815615155,SUCCESS,0.0,0.0
2161553,320,46,2,SAT,STC,NG40LF,40-ft,345.866915186418,514.8398542698911,755.7137159400943,1.48854901022377,2.1849841160227017,-1.2836621045906227,-43.991793606399696,FAILURE,FAILURE,60.32454928787053,SUCCESS,37.54638400725559,SUCCESS,347.4703122534809,459.875321741016
2161554,320,77,2,SAT,STC,NG40LF,40-ft,218.12686382888552,339.5579920798885,504.33443750399107,1.556699556026544,2.312115200535902,29.794682255338923,0.5790004425547791,SUCCESS,FAILURE,29.794682255338923,SUCCESS,55.41333627261699,SUCCESS,0.0,309.26565408155085
2161555,320,71,2,SAT,STC,NG40LF,40-ft,305.5231218178393,478.48250575942774,718.7236450350644,1.566108983544333,2.352436178180929,5.162676283789412,-37.433270396288,FAILURE,FAILURE,67.45997124453135,SUCCESS,61.450407822681306,SUCCESS,351.35674357858454,557.7039451549871
2161556,320,63,3,SUN,STC,NG40LF,40-ft,310.3633511922831,460.16349345125224,681.9668316947625,1.4826605386348004,2.1973175282292123,8.410728111480104,-30.91610491041888,FAILURE,FAILURE,66.18366628287934,SUCCESS,70.90287210944828,SUCCESS,325.8393712866918,574.2590303920508
2161557,320,84,3,SUN,STC,NG40LF,40-ft,180.26212195122952,288.1282612726942,430.1440655984188,1.5983849416276605,2.3862143690663733,38.91342885235919,13.733321702408013,SUCCESS,FAILURE,38.913428852359175,SUCCESS,63.749082861094074,SUCCESS,0.0,282.0888929349893
2161558,502,72,3,SUN,STC,NG40LF,40-ft,190.804604777395,266.3400100699455,383.0918450902527,1.3958783142612043,2.0077704389639464,42.77659395922952,22.075913991089948,SUCCESS,SUCCESS,42.776593959229515,SUCCESS,22.07591399108994,SUCCESS,0.0,0.0
2161559,321,72,3,SUN,STC,NG40LF,40-ft,190.15764858346057,291.34452736316575,437.1515854969825,1.5321210034593695,2.2988903615155705,38.34316890724011,12.490853635286799,SUCCESS,FAILURE,38.34316890724011,SUCCESS,57.175826621538825,SUCCESS,0.0,252.0232476424614
2161560,321,74,3,SUN,STC,NG40LF,40-ft,246.40474857705115,376.75671754724186,566.9161873708053,1.5290156529975698,2.3007518752972804,23.199163555453577,-10.517054498369738,SUCCESS,FAILURE,23.19916355545356,SUCCESS,49.88477184197015,SUCCESS,0.0,340.666300559517
2161561,320,40,3,SUN,STC,NG40LF,40-ft,375.9549756171073,550.6476876759593,802.069470028577,1.4646639182580428,2.133418951862596,-7.632568736872218,-52.21089894123706,FAILURE,FAILURE,64.1635817924229,SUCCESS,58.577752513184,SUCCESS,404.9302889852246,624.8479942029346
2161562,321,67,3,SUN,STC,NG40LF,40-ft,260.5479104849879,404.03499239102325,592.1163014062391,1.5507128483162513,2.272581270385415,18.362590001591624,-14.985159823801261,FAILURE,FAILURE,44.08012670709145,SUCCESS,13.73734230158167,FAILURE,145.046907019019,161.9949119871597
2161563,321,80,3,SUN,STC,NG40LF,40-ft,282.7800483702703,437.9813411326808,636.0786876829133,1.5488410291209476,2.249376118820222,12.343733841723262,-22.7799091636371,FAILURE,FAILURE,45.74983592322357,SUCCESS,3.917662847452794,FAILURE,188.41041573966174,150.57430614254704
2161564,320,67,3,SUN,STC,NG40LF,40-ft,183.0860388285949,277.41344388769113,419.6517165650564,1.5152080719131487,2.292101130430454,40.813219168849095,15.593667275699225,SUCCESS,FAILURE,40.813219168849116,SUCCESS,50.068248839665884,SUCCESS,0.0,194.43664002077202
2161565,321,61,3,SUN,STC,NG40LF,40-ft,371.89807070043844,582.756665657812,857.7029836526941,1.566979534366068,2.30628511203966,-13.325649939328374,-62.074997101541506,FAILURE,FAILURE,48.67537755046464,SUCCESS,-26.5975132052401,FAILURE,349.6857950424329,200.09300917513997
2161566,801,64,1,MF,STC,NG40LF,40-ft,45.067796537403886,66.96726324933684,100.42544202500896,1.4859227296315132,2.2283193264543377,78.12637176430198,72.19407056294168,SUCCESS,SUCCESS,78.12637176430198,SUCCESS,72.19407056294168,SUCCESS,0.0,0.0
2161569,502,55,1,MF,STC,NG40LF,40-ft,69.04601574260569,96.97067036950847,140.9806318794564,1.4044354236311354,2.0418358737021602,72.80661872881056,65.00343406392618,SUCCESS,SUCCESS,72.80661872881056,SUCCESS,65.00343406392616,SUCCESS,0.0,0.0
2161570,801,30,1,MF,STC,NG40LF,40-ft,59.16254874170917,87.32967482254664,126.73922194070593,1.4760972385386744,2.1422204525707946,74.51601510238535,67.52850674810179,SUCCESS,SUCCESS,74.51601510238535,SUCCESS,67.52850674810178,SUCCESS,0.0,0.0
2161571,801,60,1,MF,STC,NG40LF,40-ft,40.47975633893808,56.84632236575121,82.86079609628817,1.4043148355384216,2.046968746612319,79.9208648287675,75.30836948647374,SUCCESS,SUCCESS,79.92086482876752,SUCCESS,75.30836948647372,SUCCESS,0.0,0.0
2161572,320,49,1,MF,STC,NG40LF,40-ft,108.83245784411066,163.65082223217073,246.69541946847696,1.5036949957206769,2.266744906393994,60.98389676734561,46.25967739920621,SUCCESS,SUCCESS,60.983896767345634,SUCCESS,46.2596773992062,SUCCESS,0.0,0.0
2161573,502,7,1,MF,STC,NG40LF,40-ft,424.5332328225101,619.2750670919245,900.1495763252811,1.4587198815383025,2.1203277075404316,-19.800543810624905,-69.60098871015623,FAILURE,FAILURE,36.35540872682906,SUCCESS,-7.5237117575905845,FAILURE,316.7195723112403,350.11584201247035
2161574,320,52,1,MF,STC,NG40LF,40-ft,156.96368329295763,235.596412801293,347.1267081431001,1.5009612915464972,2.2115096999553803,48.22758638274947,28.45271132214538,SUCCESS,SUCCESS,48.22758638274946,SUCCESS,28.45271132214535,SUCCESS,0.0,0.0
2161575,320,5,1,MF,STC,NG40LF,40-ft,387.66981680924016,565.3329963512093,830.5952715586825,1.4582847873075233,2.1425327315780986,-10.23634687078179,-57.26866516997916,FAILURE,FAILURE,56.57359937388772,SUCCESS,31.887668081294162,SUCCESS,376.80809681993594,502.8417195371817
2161576,320,31,1,MF,STC,NG40LF,40-ft,384.7335744718014,568.1809902736745,828.4105671411097,1.4768167583339382,2.153205808145104,-10.74131033221179,-56.881306230693205,FAILURE,FAILURE,64.32559264413358,SUCCESS,51.58966598068685,SUCCESS,423.3773327865878,611.7762832721836
2161577,320,28,1,MF,STC,NG40LF,40-ft,242.2239874609246,367.8437602836573,539.8536463963758,1.5186099615464284,2.2287373437094646,24.779475127011125,-5.718731630563077,SUCCESS,FAILURE,24.779475127011132,SUCCESS,40.631049441244116,SUCCESS,0.0,261.41276524499256
2161578,320,15,1,MF,STC,NG40LF,40-ft,285.66534022991084,432.48704821870376,639.9379450330028,1.51396402472427,2.240166568747767,13.317899252002881,-23.464174651241635,FAILURE,FAILURE,64.80201712022003,SUCCESS,35.87179371550273,SUCCESS,290.3704247767445,334.65486158843817
2161579,320,30,2,SAT,STC,NG40LF,40-ft,346.31755296908517,520.2862793236666,769.0470978821287,1.5023387491136238,2.220641406388025,-2.2493403056146373,-46.355868418817145,FAILURE,FAILURE,66.09711403489429,SUCCESS,39.46019062216103,SUCCESS,385.47400248047046,484.00257299111666
2161580,321,55,2,SAT,STC,NG40LF,40-ft,92.83398356983456,141.29320631442914,212.50599185463597,1.5219987431449715,2.2890969845625326,64.94801306481753,52.32163264988724,SUCCESS,SUCCESS,64.94801306481754,SUCCESS,52.32163264988722,SUCCESS,0.0,0.0
2161581,312,57,2,SAT,STC,NG40LF,40-ft,188.2363983590533,290.0821056196248,434.69766763174863,1.5410521458570672,2.3093178121830635,38.567002549711916,12.925945455363722,SUCCESS,FAILURE,38.56700254971193,SUCCESS,65.64024740370775,SUCCESS,0.0,297.30866298866056
2161582,312,54,2,SAT,STC,NG40LF,40-ft,301.65179112804293,433.98250822541905,637.0064044220416,1.4386869927160664,2.111727571846738,13.052746768542725,-22.944397947170483,FAILURE,FAILURE,56.77436141744921,SUCCESS,40.73860737576395,SUCCESS,246.58990661983256,359.17215002135055
2161583,503,36,2,SAT,STC,NG40LF,40-ft,468.53260015298116,638.3331865255174,894.8332025175681,1.362409331425592,1.909863267199326,-23.17964300097825,-68.65836924070356,FAILURE,FAILURE,12.034648501789066,FAILURE,-41.99078779780706,FAILURE,198.6086040756077,150.40515933793628
2161584,320,55,3,SUN,STC,NG40LF,40-ft,306.95279082723624,455.39659171515166,678.3363513298824,1.4836046627491482,2.2099044921591013,9.255923454760348,-30.27240271806425,FAILURE,FAILURE,68.13225299317628,SUCCESS,61.046948103905905,SUCCESS,332.06249859666593,515.0411386359117
2161585,320,57,3,SUN,STC,NG40LF,40-ft,312.91754791040273,480.95506310265785,721.0237697209923,1.537002530904304,2.3041973022473066,4.724279591727337,-37.84109392216175,FAILURE,FAILURE,60.82727217021422,SUCCESS,52.018014113155665,SUCCESS,316.42087814266597,506.8053693191904
2161586,320,62,3,SUN,STC,NG40LF,40-ft,228.34061177774308,343.6993773381365,514.0213075539695,1.5052047669587514,2.251116450779661,29.060394088982893,-1.1385297081506076,SUCCESS,FAILURE,29.060394088982882,SUCCESS,52.56394735622483,SUCCESS,0.0,302.88197064307747
2161587,320,74,3,SUN,STC,NG40LF,40-ft,258.905573509419,363.090657844885,523.3667934563994,1.4024057223769102,2.021458195597165,25.622223786367908,-2.795530754680734,SUCCESS,FAILURE,25.622223786367936,SUCCESS,44.50120478139396,SUCCESS,0.0,266.75358842346134
2161588,320,58,3,SUN,STC,NG40LF,40-ft,279.7014544083936,426.41289530325,645.7235979046347,1.5245287022377876,2.308617233580095,14.394876719281916,-24.489999628481335,FAILURE,FAILURE,68.08199172501955,SUCCESS,51.24210134988483,SUCCESS,302.7953286323601,427.1290495179852
2161594,321,30,1,MF,STC,NG40LF,40-ft,368.6847829192128,568.9551498963649,831.9195740861051,1.5432021506052662,2.256452158125543,-10.87857267666044,-57.503470582642734,FAILURE,FAILURE,53.57313587183845,SUCCESS,-19.30272465465512,FAILURE,363.5076362135337,215.45220703385004
2161596,319,1,1,MF,STC,NG40LF,40-ft,364.0301967963462,573.0626458066633,855.5936548295782,1.574217333753932,2.350337038957879,-11.606852093380022,-61.70100262935784,FAILURE,FAILURE,65.05216707183598,SUCCESS,63.057344153200034,SUCCESS,432.35686809181834,703.637075853626
2161600,503,1,1,MF,STC,NG40LF,40-ft,303.0559611580376,442.9244377046559,644.6189449320827,1.4615268942810193,2.1270624160266127,11.467298279316338,-24.29413917235509,FAILURE,FAILURE,65.64335310899551,SUCCESS,57.910172818961684,SUCCESS,305.5529492393905,463.6323196310265
2161601,502,2,1,MF,STC,NG40LF,40-ft,278.4825122473357,416.00771504605666,607.4974717794158,1.4938378416974967,2.181456447217999,16.23976683580556,-17.71231769138578,FAILURE,FAILURE,46.507148556313695,SUCCESS,19.47286400506122,FAILURE,170.70803290366592,209.7244247679612
2161602,321,4,1,MF,STC,NG40LF,40-ft,395.4607573969656,602.5708167181211,881.9840632017559,1.523718360032516,2.2302694937602006,-16.838797290447005,-66.38015304995673,FAILURE,FAILURE,41.515256084465655,SUCCESS,-14.497744723277178,FAILURE,329.1168610345075,292.6167829624729
2161603,321,25,1,MF,STC,NG40LF,40-ft,308.88125427754204,472.3324873608749,695.4138414055319,1.5291717474588646,2.2513954206514426,6.2531050778590656,-33.300326490342535,FAILURE,FAILURE,36.75734970560216,SUCCESS,-23.42368720233855,FAILURE,172.04393970047113,55.70424558434243
2161604,801,10,1,MF,STC,NG40LF,40-ft,80.45905141270701,118.52222979993512,173.65647844563776,1.4730751571005563,2.1583212254750985,68.98542024823846,59.20984424722736,SUCCESS,SUCCESS,68.98542024823846,SUCCESS,59.20984424722737,SUCCESS,0.0,0.0
2161605,503,21,1,MF,STC,NG40LF,40-ft,90.97717108853311,131.4827579268729,189.97754450421766,1.445228031974333,2.088189182309744,66.68745426828497,56.316038208472044,SUCCESS,SUCCESS,66.68745426828495,SUCCESS,56.316038208472044,SUCCESS,0.0,0.0
2161606,319,24,2,SAT,STC,NG40LF,40-ft,321.71521393821195,510.507452571277,762.8308913802402,1.5868303097077783,2.3711371372282946,-0.5155057750491069,-45.253704145432664,FAILURE,FAILURE,71.74630453419385,SUCCESS,64.47389850703154,SUCCESS,407.5566101441304,618.8636789598977
2161607,319,23,2,SAT,STC,DS40LF,40-ft,336.19591220513723,535.0399688547748,799.8148887060454,1.5914529279829808,2.37901431775298,-4.8652427047472955,-51.81115047979527,FAILURE,FAILURE,69.71673496177104,SUCCESS,62.42298137072251,SUCCESS,420.6423540391634,644.2805036369199
2161608,319,21,2,SAT,STC,NG40LF,40-ft,314.8978207933797,496.1105204797633,740.6035988585502,1.5754650801641665,2.3518854369732125,2.0371417589072216,-41.31269483307627,FAILURE,FAILURE,67.62794784637532,SUCCESS,66.25056865686676,SUCCESS,369.93214633332025,606.6568060832785
2161609,319,20,2,SAT,STC,DS40LF,40-ft,321.1594603833293,509.43622222750173,761.8421532353111,1.5862407466354849,2.3721616430853136,-0.32557131693292685,-45.07839596370764,FAILURE,FAILURE,72.33456933923821,SUCCESS,71.32834784560991,SUCCESS,409.80319330080533,656.5340350845506
2161610,319,26,2,SAT,STC,NG40LF,40-ft,212.66922879602927,329.4148267498134,490.1777538981725,1.5489538783523529,2.3048833001049776,31.593115824501172,3.0890507272743815,SUCCESS,FAILURE,31.593115824501165,SUCCESS,70.9421014686029,SUCCESS,0.0,382.69120618109287
2161611,319,22,2,SAT,STC,NG40LF,40-ft,341.1573598984907,537.5373957613729,802.2476960319705,1.575628900168866,2.3515473805714593,-5.308048893860433,-52.24249929644866,FAILURE,FAILURE,72.20114359133184,SUCCESS,64.72792060302558,SUCCESS,437.1518456164844,659.7131682330345
2161612,320,42,2,SAT,STC,NG40LF,40-ft,318.73983087807477,446.6441220108662,639.8147006381191,1.4012811664624298,2.0073258458961245,10.80777978530741,-23.442322808177146,FAILURE,FAILURE,62.115387734090575,SUCCESS,38.13207504300327,SUCCESS,289.3749088311371,347.27960388065776
2161613,319,25,2,SAT,STC,NG40LF,40-ft,200.0444759805827,316.7818156512313,472.98824176813224,1.5835569270204677,2.364415410371256,33.83301140935616,6.136836565934004,SUCCESS,FAILURE,33.83301140935615,SUCCESS,65.38209243962483,SUCCESS,0.0,334.14324312761624
2161614,319,40,3,SUN,STC,NG40LF,40-ft,321.1594603833293,509.43622222750173,761.8421532353111,1.5862407466354849,2.3721616430853136,-0.32557131693292685,-45.07839596370764,FAILURE,FAILURE,66.32210268208591,SUCCESS,64.17675564578774,SUCCESS,375.89288135446634,616.1990550775538
2161615,319,42,3,SUN,STC,NG40LF,40-ft,316.9343630179414,499.00651444611873,744.4769137385347,1.5744790488933835,2.3489939893213485,1.5236676513973926,-41.99945279052033,FAILURE,FAILURE,65.79093416069838,SUCCESS,62.85887124093211,SUCCESS,362.4673831124577,591.4009475373916
2161616,319,45,3,SUN,STC,NG40LF,40-ft,296.93646350278,470.9053409122476,704.0713709418753,1.5858791317080494,2.3711179241389586,6.506145228324899,-34.83534945777931,FAILURE,FAILURE,67.35332934197005,SUCCESS,64.3547532739259,SUCCESS,343.17811840095874,559.4321794068171
2161617,319,43,3,SUN,STC,NG40LF,40-ft,321.1594603833293,509.4362222275017,761.8421532353111,1.5862407466354849,2.3721616430853136,-0.3255713169329168,-45.07839596370764,FAILURE,FAILURE,67.52830797554755,SUCCESS,65.50946543162117,SUCCESS,382.69587920959,623.7155382696543
2161618,319,46,3,SUN,STC,NG40LF,40-ft,144.22533551976923,224.25189058543418,334.2306465146417,1.5548716858744667,2.317419788347992,50.239026491944294,30.739247071872043,SUCCESS,SUCCESS,50.23902649194428,SUCCESS,30.73924707187204,SUCCESS,0.0,0.0
2161619,319,44,3,SUN,STC,NG40LF,40-ft,306.063946588275,473.0458414170187,701.767871192361,1.5455784540783304,2.2928798998217097,6.126623862230727,-34.426927516376054,FAILURE,FAILURE,59.38842337748393,SUCCESS,52.65716748306964,SUCCESS,300.3965492660282,491.1542957968738
2161620,319,41,3,SUN,STC,DS40LF,40-ft,200.0444759805827,316.7818156512313,472.98824176813224,1.5835569270204677,2.364415410371256,33.83301140935616,6.136836565934004,SUCCESS,FAILURE,33.83301140935615,SUCCESS,66.50445909782039,SUCCESS,0.0,340.47339107983925
2161622,320,32,1,MF,STC,NG40LF,40-ft,357.75476799750686,544.1044754214073,804.2555653845217,1.520886719321653,2.248063861975213,-6.472424720107674,-52.59850450080171,FAILURE,FAILURE,62.393866014730584,SUCCESS,60.810902914096886,SUCCESS,388.4058797444876,639.6290578200284
2161623,502,49,1,MF,STC,NG40LF,40-ft,113.09951746070467,170.4657430322153,250.33516744611404,1.5072190125960703,2.21340614943906,59.77557747655757,45.61433201310035,SUCCESS,SUCCESS,59.775577476557565,SUCCESS,45.61433201310035,SUCCESS,0.0,0.0
2161624,320,25,1,MF,STC,NG40LF,40-ft,310.2801138226364,431.96881512252247,621.9086351922616,1.3921898177768695,2.0043457749527565,13.409784552744247,-20.26748850926624,FAILURE,FAILURE,58.261717509891376,SUCCESS,47.6625901721272,SUCCESS,252.96490187830977,383.1256437630591
2161625,320,12,1,MF,STC,NG40LF,40-ft,389.3235898069748,596.7784307170305,879.6928683453142,1.5328596733963926,2.2595416547491065,-15.811778495927383,-65.97391282718337,FAILURE,FAILURE,70.1012657313805,SUCCESS,56.86404462072275,SUCCESS,484.5495694420163,692.8060800061908
2161627,502,68,1,MF,STC,NG40LF,40-ft,70.62051058867482,104.05994435516114,151.56849938773865,1.4735088076784437,2.1462390759327814,71.54965525617712,63.12615259082648,SUCCESS,SUCCESS,71.54965525617712,SUCCESS,63.12615259082649,SUCCESS,0.0,0.0
2161628,502,41,1,MF,STC,NG40LF,40-ft,121.26628725834198,164.6388768051012,233.18621142480526,1.3576640344761244,1.922926946118442,60.80870978632959,48.654927052339495,SUCCESS,SUCCESS,60.80870978632957,SUCCESS,48.65492705233951,SUCCESS,0.0,0.0
2161629,320,19,1,MF,STC,NG40LF,40-ft,334.76962754863575,468.13286004948446,673.3662739048298,1.3983731543312528,2.011431798146032,6.997719849382192,-29.391183316459173,FAILURE,FAILURE,53.5080227583707,SUCCESS,36.65637502009205,SUCCESS,262.3181084066951,372.50822901814894
2161630,502,21,1,MF,STC,NG40LF,40-ft,299.0979631283899,435.1374026771704,629.7694031117351,1.4548323837644612,2.1055623265525285,12.84797824872865,-21.661241686477844,FAILURE,FAILURE,61.33895429286238,SUCCESS,39.13149860228246,SUCCESS,273.48910488891414,342.8710552286083
2161631,502,15,1,MF,STC,NG40LF,40-ft,369.6919603506074,550.1607067631812,794.258400844579,1.488159781028025,2.1484329821273973,-7.546224603400923,-50.825957596556556,FAILURE,FAILURE,65.76565350072879,SUCCESS,44.715481140346945,SUCCESS,413.4789925072914,538.8537144761359
2161632,502,10,1,MF,STC,NG40LF,40-ft,310.2400667507392,467.01351115195564,676.8120479628234,1.5053294567757276,2.181575239624367,7.196185965965316,-30.002136163621163,FAILURE,FAILURE,58.9159730286004,SUCCESS,31.186639270099143,SUCCESS,291.6995990332618,345.10469344618264
2161633,320,44,1,MF,STC,NG40LF,40-ft,192.8586241635977,285.0838876620184,416.8230994721331,1.4782013969994312,2.1612883596978856,39.45321140744355,16.09519512905442,SUCCESS,FAILURE,39.45321140744355,SUCCESS,64.33531419016269,SUCCESS,0.0,272.07427150465065
2161637,320,1,1,MF,STC,NG40LF,40-ft,348.83286134811055,518.041471715041,756.2937944073985,1.4850707290391205,2.168069233743064,-1.8513247721703832,-44.09464439847491,FAILURE,FAILURE,68.96768281440603,SUCCESS,65.23151284719462,SUCCESS,399.41920278829105,616.5995268655763
2161638,320,8,1,MF,STC,NG40LF,40-ft,266.4398859046453,384.0772906206964,555.9289046703832,1.441515744974278,2.086507816886476,21.901189606259514,-8.568954728791342,SUCCESS,FAILURE,21.9011896062595,SUCCESS,58.630468463348315,SUCCESS,0.0,379.0047468036676
2161639,320,24,1,MF,STC,NG40LF,40-ft,302.9441293280956,451.30790135118696,663.624102937673,1.4897397165350246,2.1905824826826485,9.980868554754089,-27.6638480385945,FAILURE,FAILURE,46.99846238502256,SUCCESS,20.95507097420925,SUCCESS,208.7792292027142,274.21070323221306
2161641,502,85,1,MF,STC,NG40LF,40-ft,64.17998533432736,90.91678192754294,132.26349172887114,1.4165908803801974,2.0608214701184826,73.88000320433636,66.54902628920725,SUCCESS,SUCCESS,73.88000320433636,SUCCESS,66.54902628920726,SUCCESS,0.0,0.0
2161642,321,3,1,MF,STC,NG40LF,40-ft,433.5509844269342,642.9734479654917,934.8282706058369,1.4830399908222356,2.1562130042017755,-24.00238439104462,-75.74969336982923,FAILURE,FAILURE,52.42718117787686,SUCCESS,-48.9488914841344,FAILURE,431.0627498087172,151.1565226353188
2161644,320,4,1,MF,STC,NG40LF,40-ft,345.26958273063633,475.0258514692451,680.5583654555819,1.3758114679909081,1.9710927330268844,5.775558250133854,-30.666376853826577,FAILURE,FAILURE,53.21210162624139,SUCCESS,22.820587418827653,SUCCESS,267.54210464124645,301.66647849776984
2161645,320,11,1,MF,STC,NG40LF,40-ft,328.1102636546971,481.6497435450559,696.7539523328106,1.4679508595072281,2.1235359862624525,4.601109300522006,-33.53793481078202,FAILURE,FAILURE,50.14287830058368,SUCCESS,31.23114619960066,SUCCESS,256.8555771603478,365.29761689855843
2161646,502,67,1,MF,STC,NG40LF,40-ft,79.88089452088936,101.64634132723889,146.04730110471746,1.2724737490346671,1.8283132904392447,71.9775990554541,64.10508845661039,SUCCESS,SUCCESS,71.9775990554541,SUCCESS,64.10508845661037,SUCCESS,0.0,0.0
2161648,502,14,1,MF,STC,NG40LF,40-ft,293.4541737437642,424.88120188685195,618.7280349314829,1.4478621873609678,2.108431538178559,14.666453566161005,-19.703552292816102,FAILURE,FAILURE,76.50091561104911,SUCCESS,73.10539400186211,SUCCESS,348.74636593316876,523.4424571019852
2161649,503,2,1,MF,STC,NG40LF,40-ft,388.68057889948346,566.5485936938048,821.0831513336952,1.457620021298568,2.112488238178824,-10.4518783145044,-55.58211903079703,FAILURE,FAILURE,65.21541214922608,SUCCESS,62.531446283581246,SUCCESS,426.76351821544,666.1605083730935
2161650,801,8,1,MF,STC,NG40LF,40-ft,84.05152995718731,120.86401908470876,176.13908648669346,1.4379752414533364,2.095608331893686,68.57020938214384,58.76966551654371,SUCCESS,SUCCESS,68.57020938214383,SUCCESS,58.769665516543704,SUCCESS,0.0,0.0
2161651,502,12,1,MF,STC,NG40LF,40-ft,345.9091604950467,501.7210609228358,723.7850666417374,1.4504416714631074,2.092413700770153,1.0423650846035823,-38.33068557477614,FAILURE,FAILURE,61.69801173796403,SUCCESS,48.07677964440136,SUCCESS,342.09784712495286,487.3381038361611
2161652,801,39,1,MF,STC,NG40LF,40-ft,68.42705830964424,98.14534791262862,142.55337120683782,1.4343061113120485,2.0832894870587486,72.59834256868287,64.72457957325571,SUCCESS,SUCCESS,72.59834256868287,SUCCESS,64.72457957325571,SUCCESS,0.0,0.0
2161653,320,41,1,MF,STC,NG40LF,40-ft,341.9507543575895,511.4156367419687,756.1306540242763,1.4955827124953904,2.211226746508548,-0.6765313372284859,-44.06571879863054,FAILURE,FAILURE,72.03064632969517,SUCCESS,71.00317805611598,SUCCESS,410.0684820414494,648.9885782607705
2161654,320,23,1,MF,STC,NG40LF,40-ft,493.0899072669513,688.2285394235355,976.1293595186763,1.3957465551022508,1.9796173986384493,-32.0263367772226,-83.07258147494261,FAILURE,FAILURE,35.26427307298381,SUCCESS,-36.233844272235,FAILURE,379.519039555164,264.17047782327086
2161655,502,56,1,MF,STC,NG40LF,40-ft,108.22783047821032,141.5427970230499,199.70738434956988,1.3078225480233288,1.8452498166797981,64.90375939307627,54.59088929972166,SUCCESS,SUCCESS,64.90375939307627,SUCCESS,54.59088929972166,SUCCESS,0.0,0.0
2161656,801,59,1,MF,STC,NG40LF,40-ft,55.303360532672635,81.06161166832156,117.96987148697393,1.4657628557749438,2.1331411030126928,75.62737381767349,69.08335611933086,SUCCESS,SUCCESS,75.62737381767349,SUCCESS,69.08335611933086,SUCCESS,0.0,0.0
2161657,320,20,1,MF,STC,NG40LF,40-ft,281.04446792436016,407.58486349041016,602.176978375187,1.4502504407953936,2.142639500512267,17.733180232196784,-16.768967797018966,FAILURE,FAILURE,67.81578313912492,SUCCESS,44.10070027233856,SUCCESS,282.4658803950746,343.3049279111763
2161659,502,18,1,MF,STC,NG40LF,40-ft,326.0260739871856,469.37262944029203,675.0203440413245,1.4396781941395909,2.0704489545454456,6.777902581508509,-29.684458163355405,FAILURE,FAILURE,49.820784862040156,SUCCESS,25.087491341325673,SUCCESS,242.7618560621985,308.9137952064013
2161660,502,9,1,MF,STC,NG40LF,40-ft,327.0287318575274,464.7016102776513,672.974514289762,1.4209809873222459,2.0578452249967705,7.606097468501546,-29.32172239180178,FAILURE,FAILURE,68.03423633461685,SUCCESS,53.587856868429064,SUCCESS,340.8147032048903,467.61002702770213
2161661,320,30,1,MF,STC,NG40LF,40-ft,253.60171982820054,386.93818385274517,576.7416932024023,1.5257711348127758,2.2742026102705815,21.393939033201214,-12.259165461418844,SUCCESS,FAILURE,21.393939033201217,SUCCESS,51.951175964290506,SUCCESS,0.0,362.1463256410007
2161663,502,17,1,MF,STC,NG40LF,40-ft,296.83659182979136,405.36553349848197,577.4997315838029,1.3656184737861496,1.9455139544081081,18.12667845771597,-12.39356942975229,FAILURE,FAILURE,60.221706151786435,SUCCESS,48.523909406542344,SUCCESS,237.41595619455745,343.57458063670174
2161664,320,61,2,SAT,STC,NG40LF,40-ft,341.59919984268925,518.1666069226212,754.7669018658753,1.5168847209280452,2.2095101575573217,-1.873511865712977,-43.82391877054526,FAILURE,FAILURE,55.00363403104013,SUCCESS,41.200426090833496,SUCCESS,320.78710285768744,479.5373050181762
2161665,320,35,2,SAT,STC,NG40LF,40-ft,305.0704125289655,442.52469869355116,643.883334635277,1.4505657727510195,2.1106056444400103,11.538173990505118,-24.163711814765428,FAILURE,FAILURE,55.86534522047555,SUCCESS,35.67541439514074,SUCCESS,250.00524573703325,337.4926718238708
2161666,320,56,2,SAT,STC,NG40LF,40-ft,259.18630889020943,388.08098480430033,566.1923885957035,1.4973051102351642,2.1844996019274343,21.191314751010584,-10.38872138221693,SUCCESS,FAILURE,21.191314751010566,SUCCESS,54.39639242798192,SUCCESS,0.0,365.3880418895216
2161667,320,53,2,SAT,STC,NG40LF,40-ft,406.37504291418725,602.9905373207881,877.3962401604518,1.4838276804516253,2.1590800307727767,-16.913215837019166,-65.56670924830706,FAILURE,FAILURE,60.74241157703955,SUCCESS,27.873331815070944,SUCCESS,437.97773861529106,527.001831597452
2161668,320,76,2,SAT,STC,NG40LF,40-ft,228.51929415721045,343.975110416308,504.2406889694352,1.505234434076579,2.2065563033926643,29.011505245335467,0.5956225231497891,SUCCESS,FAILURE,29.011505245335456,SUCCESS,53.15071539725722,SUCCESS,0.0,296.41072380996593
2161669,320,52,2,SAT,STC,NG40LF,40-ft,333.4864073927064,511.1432356749103,752.4676756168859,1.532725845323582,2.2563668531497183,-0.6282332756933067,-43.41625454200104,FAILURE,FAILURE,63.45734770215839,SUCCESS,29.013646515388075,SUCCESS,361.44267671508373,408.5046419636748
2161670,320,31,2,SAT,STC,NG40LF,40-ft,389.02107180245645,591.7778553878971,871.3335516319684,1.5211974319180321,2.23981068067806,-14.925151664520767,-64.49176447375325,FAILURE,FAILURE,69.53503434201258,SUCCESS,43.54925147083599,SUCCESS,476.3554490768481,609.3513299274834
2161671,320,23,2,SAT,STC,NG40LF,40-ft,262.1595405066033,373.0065009200934,540.3901223060365,1.4228225308882019,2.0613025231192186,23.864095581543726,-5.813851472701495,SUCCESS,FAILURE,23.86409558154371,SUCCESS,39.31351982988579,SUCCESS,0.0,254.5183741465923
2161672,502,33,2,SAT,STC,NG40LF,40-ft,396.54303223162776,556.1170182764745,797.4905928854288,1.4024127851820045,2.0111073151314396,-8.602308205048663,-51.399041291742684,FAILURE,FAILURE,54.083892340323146,SUCCESS,-2.767216167845939,FAILURE,353.5501710758968,274.2834936987778
2161673,502,35,2,SAT,STC,NG40LF,40-ft,493.00014578962305,707.0608032109649,1019.4622283960573,1.4341999880719862,2.0678740911186066,-35.365390640242,-90.75571425462007,FAILURE,FAILURE,47.76017699316578,SUCCESS,-3.6320951244886697,FAILURE,468.82820145241976,491.3772118939414
2161674,321,50,2,SAT,STC,NG40LF,40-ft,287.1919202294817,449.62601868541725,658.46461230408,1.565594249051791,2.2927685840810965,10.279074701167158,-26.749044734765953,FAILURE,FAILURE,54.94723352242051,SUCCESS,-0.04684690825615137,FAILURE,251.92841575186895,150.60039574151526
2161675,320,75,2,SAT,STC,NG40LF,40-ft,204.91917778487363,298.48127104071176,433.70442141252823,1.4565804639039721,2.116465750549887,37.07778882256884,13.102052941041098,SUCCESS,FAILURE,37.07778882256883,SUCCESS,52.001999485278205,SUCCESS,0.0,219.39569850949727
2161676,320,69,2,SAT,STC,NG40LF,40-ft,332.851896994163,511.6035572054435,754.6819005803812,1.5370306187992528,2.2673204130593123,-0.7098505683410434,-43.808847620634964,FAILURE,FAILURE,26.118064668549312,SUCCESS,-0.7641320602701808,FAILURE,151.30944193606172,242.77219576045715
2161677,320,27,2,SAT,STC,NG40LF,40-ft,249.180958222458,388.275492600735,582.5720124912632,1.5582069166541184,2.3379475568561223,21.156827553061174,-13.292910016181414,SUCCESS,FAILURE,21.15682755306116,SUCCESS,54.02810784461265,SUCCESS,0.0,379.69054073487865
2161678,312,63,2,SAT,STC,NG40LF,40-ft,222.4858672664252,309.53143922830645,450.9358997474605,1.3912409045633662,2.0268069396402066,35.118539143917296,10.046826285911264,SUCCESS,FAILURE,35.11853914391729,SUCCESS,51.07349423688916,SUCCESS,0.0,231.39040724351545
2161679,502,42,2,SAT,STC,NG40LF,40-ft,327.17891810291485,460.59904350220825,659.7586606060717,1.4077894938124522,2.016507250624697,8.333502925140387,-26.978485923062344,FAILURE,FAILURE,63.859633898005974,SUCCESS,35.988586172151415,SUCCESS,313.16737868696197,355.13428661700584
2161680,320,49,2,SAT,STC,NG40LF,40-ft,440.2779415006828,638.0929382783994,917.9468250316178,1.4492957246585332,2.0849257673523356,-23.137045794042443,-72.75652926092513,FAILURE,FAILURE,60.87315051613067,SUCCESS,57.25946915334744,SUCCESS,473.8175071893763,733.2902310564973
2161681,320,20,2,SAT,STC,NG40LF,40-ft,362.1126738381807,541.4811485045723,801.0774082486205,1.4953388478928162,2.212232451732972,-6.007295834144016,-52.03500146252136,FAILURE,FAILURE,60.04275699392527,SUCCESS,42.747788416029564,SUCCESS,372.52229795031076,534.5749349150273
2161682,503,39,2,SAT,STC,NG40LF,40-ft,295.09001619550435,407.6658899169213,572.2682394779217,1.3814967214845815,1.9393005797213418,17.718813844517506,-11.465999907432927,FAILURE,FAILURE,55.93403180950381,SUCCESS,29.268027505259198,SUCCESS,215.53382932252265,229.73991460758373
2161683,502,43,2,SAT,STC,NG40LF,40-ft,294.209284389598,455.6779215410569,675.220986957997,1.5488223714165281,2.2950362982558206,9.206042279954456,-29.720033148581017,FAILURE,FAILURE,68.7358354277782,SUCCESS,36.37548955726801,SUCCESS,335.748033353726,372.77874806098873
2161684,320,34,2,SAT,STC,NG40LF,40-ft,345.05801820160116,492.1716213813013,703.3695037836944,1.4263445432928574,2.038409388222791,2.735528123882754,-34.710904926186956,FAILURE,FAILURE,61.601191440416414,SUCCESS,44.525571257590414,SUCCESS,332.00234110524985,446.8937256765043
2161685,320,46,3,SUN,STC,NG40LF,40-ft,316.6661591457978,473.5960767015205,692.4586300972096,1.4955689549493978,2.186714968107443,6.029064414624034,-32.776352854115174,FAILURE,FAILURE,62.83266647455697,SUCCESS,44.68646259587598,SUCCESS,320.37231561802184,436.89027913795036
2161686,320,45,3,SUN,STC,NG40LF,40-ft,308.9801338519705,445.4920003678823,646.6530802745301,1.4418143807954766,2.092862968932286,11.012056672361293,-24.654801467115263,FAILURE,FAILURE,62.67741730564565,SUCCESS,59.07638735960789,SUCCESS,291.3926339717237,472.2439049827188
2161687,320,61,3,SUN,STC,NG40LF,40-ft,267.8662999432507,410.19664345468374,605.1068869479077,1.5313484508562172,2.258988484464465,17.27009867824757,-17.288455132607744,FAILURE,FAILURE,59.72837659570074,SUCCESS,53.84917643688934,SUCCESS,239.46468745443605,401.21624205196355
2161688,320,85,3,SUN,STC,NG40LF,40-ft,152.25258966600575,229.35165294581856,336.4789704842994,1.5063891750474911,2.2100049084381967,49.33481330747898,30.340608070159686,SUCCESS,SUCCESS,49.33481330747898,SUCCESS,30.340608070159696,SUCCESS,0.0,0.0
2161689,320,49,3,SUN,STC,NG40LF,40-ft,229.55931442712196,340.2742890511111,499.9452542400344,1.4822935409973867,2.1778478276417386,29.6676792462569,1.357224425525822,SUCCESS,FAILURE,29.667679246256874,SUCCESS,61.7656754445694,SUCCESS,0.0,340.70366374740587
2161690,320,69,3,SUN,STC,NG40LF,40-ft,352.3792790123414,510.5584648362236,739.1124848614978,1.4488890103505272,2.0974913364176895,-0.5245505028765219,-41.048312918705285,FAILURE,FAILURE,59.273043190951746,SUCCESS,45.452504655158535,SUCCESS,337.25842843319145,487.86461111659213
2161691,320,81,3,SUN,STC,NG40LF,40-ft,270.47732150757093,416.93262775676703,618.9651364151238,1.5414698187370828,2.288417871654346,16.07577522043138,-19.745591562965203,FAILURE,FAILURE,37.634238518694225,SUCCESS,3.392062835764653,FAILURE,121.58973300220237,130.49637080883642
2161692,320,47,3,SUN,STC,NG40LF,40-ft,299.31687906691525,449.65774672863665,659.41898708465,1.5022799520374233,2.2030798568403833,10.27344916158925,-26.918260121391835,FAILURE,FAILURE,70.08869047914388,SUCCESS,52.98486262004031,SUCCESS,337.35796103100813,450.6536122616772
2161693,320,82,3,SUN,STC,NG40LF,40-ft,217.4732489078141,317.2416188788407,463.27892799772764,1.4587615739962478,2.130280070419647,33.75148601438995,7.858346099693686,SUCCESS,FAILURE,33.75148601438992,SUCCESS,51.95171415307568,SUCCESS,0.0,248.68659582107443
2161694,320,71,3,SUN,STC,NG40LF,40-ft,243.93096728159847,365.02313146943976,535.020753729473,1.496419809002972,2.193328545743169,25.279586618893664,-4.861835767637047,SUCCESS,FAILURE,25.279586618893664,SUCCESS,57.73086998048916,SUCCESS,0.0,353.02286041943194
2161695,503,53,3,SUN,STC,NG40LF,40-ft,405.8955214843211,568.5483567088289,799.3736155945988,1.4007258681487837,1.9694073309096045,-10.806446224969662,-51.732910566418234,FAILURE,FAILURE,47.780896820125164,SUCCESS,16.51365691162603,FAILURE,330.43261477433475,384.9106405761697
2161696,320,53,3,SUN,STC,NG40LF,40-ft,355.84646957982926,501.90546093199947,723.9310414379963,1.4104550805987521,2.0343915236612804,1.0096700475178282,-38.35656763085041,FAILURE,FAILURE,54.3775072648751,SUCCESS,36.982263439101324,SUCCESS,300.994601905895,424.91100723452803
2161697,320,68,3,SUN,STC,NG40LF,40-ft,260.474409897511,371.7204128083426,540.1521330774652,1.4270899508116885,2.0737243758033626,24.092125388591747,-5.771654800969009,SUCCESS,FAILURE,24.09212538859172,SUCCESS,56.83139192224086,SUCCESS,0.0,353.0811835189038
2161698,320,56,3,SUN,STC,NG40LF,40-ft,373.281276306768,546.1570634984882,786.4224755138632,1.463124721663372,2.1067825402192684,-6.836358776327699,-49.43660913366369,FAILURE,FAILURE,56.125159848628655,SUCCESS,21.52575209011291,SUCCESS,355.10296504475383,400.2277173021
2161699,320,54,3,SUN,STC,NG40LF,40-ft,366.86203289164916,535.8098823818972,778.0767458179805,1.4605214885786393,2.1208974384323427,-5.001752195371837,-47.95686982588306,FAILURE,FAILURE,59.16728795459845,SUCCESS,47.302960261328536,SUCCESS,361.9133864458323,537.2654416918733
2161700,320,44,3,SUN,STC,NG40LF,40-ft,318.91808673917535,466.4848887774397,677.972369064347,1.4627106714049452,2.125851111162665,7.289913337333386,-30.207866855380676,FAILURE,FAILURE,52.460249650931125,SUCCESS,42.53190336552533,SUCCESS,254.76069680869136,410.2523040459101
2161701,320,72,3,SUN,STC,NG40LF,40-ft,263.89479352013564,369.87694272805805,529.445459925978,1.4016075792713045,2.006274746324544,24.418981785805315,-3.873308497513818,SUCCESS,FAILURE,24.418981785805318,SUCCESS,37.14271623891408,SUCCESS,0.0,231.3303795134535
2161702,320,48,3,SUN,STC,NG40LF,40-ft,236.9152313759588,343.17747412999614,497.2527591961431,1.4485243187484669,2.098863615936355,29.152930118795013,1.8346171638044233,SUCCESS,FAILURE,29.152930118795013,SUCCESS,57.60416470933358,SUCCESS,0.0,314.5402481567845
2161703,320,51,3,SUN,STC,NG40LF,40-ft,299.21190275070944,435.65567525824275,632.1715038750625,1.4560105104549013,2.112788622589526,12.756085947120082,-22.08714607713874,FAILURE,FAILURE,54.140717856133,SUCCESS,32.887349491318936,SUCCESS,233.40932396683297,310.05615500610145
2161704,321,62,3,SUN,STC,NG40LF,40-ft,272.0067356339003,420.4829930551993,618.164916406932,1.5458550762549366,2.2726088564179285,15.446277827092326,-19.603708582789352,FAILURE,FAILURE,71.6620009085266,SUCCESS,52.47089686195635,SUCCESS,317.0566781792892,406.50077470836595
2161705,503,59,3,SUN,STC,NG40LF,40-ft,366.4481104139908,508.68400475337995,721.5039045427111,1.3881474356047292,1.9689115158148855,-0.1921994243581435,-37.92622420970054,FAILURE,FAILURE,49.12406617498627,SUCCESS,20.40686698932531,SUCCESS,278.14373798030243,328.99863436250587
2161706,321,66,3,SUN,STC,NG40LF,40-ft,363.77132759574454,564.2689769126291,823.4301940121023,1.5511639706241378,2.263592899018067,-10.047690941955514,-55.99826134966352,FAILURE,FAILURE,56.90468403055798,SUCCESS,6.608365526372601,FAILURE,377.6113948449762,353.10137558084375
2161707,320,43,3,SUN,STC,NG40LF,40-ft,363.619205981993,514.3425443008362,740.8642013826646,1.4145087383704018,2.037472688995843,-1.1954865781624344,-41.35890095437316,FAILURE,FAILURE,56.99743391438059,SUCCESS,39.634383620340095,SUCCESS,328.2080715779426,456.8021250013827
2161708,321,6,1,MF,STC,NG40LF,40-ft,332.3222843951129,508.183185107097,739.456669354645,1.52918780644543,2.225119121038154,-0.10340161473350969,-41.109338538057614,FAILURE,FAILURE,49.67479965305937,SUCCESS,1.0562519844883596,FAILURE,280.7490551503518,237.8139305471592
2161709,801,34,1,MF,STC,NG40LF,40-ft,63.57974683288323,92.62751367694248,131.9669091024531,1.4568713826497315,2.0756123714887185,73.57668197217332,66.60161186126719,SUCCESS,SUCCESS,73.57668197217332,SUCCESS,66.60161186126719,SUCCESS,0.0,0.0
2161710,321,1,1,MF,STC,NG40LF,40-ft,421.70302847694825,654.080602027985,951.89976041839,1.551045541195916,2.257275134722975,-25.971737948224295,-78.77655326567198,FAILURE,FAILURE,38.87034638593532,SUCCESS,-48.464468757212195,FAILURE,365.70935564466015,170.96015662771333
2161711,321,17,1,MF,STC,NG40LF,40-ft,328.90872197519076,504.80835886261326,738.7447205586053,1.5347977269532258,2.24604782786614,0.49497183286999324,-40.983106482022215,FAILURE,FAILURE,61.601414083053164,SUCCESS,-9.505605044968721,FAILURE,344.640334291033,177.53310810498164
2161712,321,13,1,MF,STC,NG40LF,40-ft,355.088136070994,543.9472234237188,791.9291925517708,1.531865382612968,2.230232756617466,-6.4445431602338275,-50.412977402796244,FAILURE,FAILURE,56.19559251858024,SUCCESS,-14.026836598124259,FAILURE,353.2903652285113,205.21783413835018
2161713,502,42,1,MF,STC,NG40LF,40-ft,129.78627467373855,191.36092463685213,274.9028873028219,1.4744311377909736,2.1181198704861726,56.070758043111326,41.258353315102504,SUCCESS,SUCCESS,56.07075804311133,SUCCESS,41.25835331510249,SUCCESS,0.0,0.0
2161714,321,28,1,MF,STC,NG40LF,40-ft,369.3496626844403,565.3970319810256,820.9655651194191,1.5307907089225676,2.2227326787105364,-10.247700705855605,-55.56127041124452,FAILURE,FAILURE,43.48650692133953,SUCCESS,-23.51413637193865,FAILURE,303.06093101738054,180.74583598168513
2161715,321,19,1,MF,STC,NG40LF,40-ft,459.90068037015203,708.1293791360507,1029.0832216745555,1.5397441433791994,2.2376205680893877,-35.554854456746575,-92.46156412669423,FAILURE,FAILURE,16.448709268328855,FAILURE,-57.21163871914305,FAILURE,293.3000994094254,198.80957929858883
2161716,321,12,1,MF,STC,NG40LF,40-ft,350.58495494569655,509.77183420770444,734.635650187837,1.4540607833175982,2.0954568638053153,-0.38507698718163497,-40.25454790564485,FAILURE,FAILURE,59.34136306232853,SUCCESS,23.638131185449904,SUCCESS,336.8571218792373,360.3547100737743
2161717,321,9,1,MF,STC,NG40LF,40-ft,297.25994005953754,451.9429878008228,658.6636031178597,1.5203629110276484,2.2157832736760206,9.868264574322207,-26.78432679394675,FAILURE,FAILURE,38.116581807603126,SUCCESS,2.1930191126905663,FAILURE,159.3205091957043,163.4322309134343
2161718,321,5,1,MF,STC,NG40LF,40-ft,297.25994005953754,451.9429878008228,658.6636031178597,1.5203629110276484,2.2157832736760206,9.868264574322207,-26.78432679394675,FAILURE,FAILURE,41.75909177769832,SUCCESS,6.019904737271096,FAILURE,179.86426542704123,185.01586583606849
2161719,321,7,1,MF,STC,NG40LF,40-ft,412.9044851817009,627.8198114007747,912.2940750249779,1.5204964681468625,2.2094554740027053,-21.315569397300475,-71.75426862144998,FAILURE,FAILURE,19.799534763733767,FAILURE,-39.75362717469439,FAILURE,231.88918746823313,180.48361775970173
2161720,321,2,1,MF,STC,NG40LF,40-ft,325.227096931042,493.9796272839886,715.4889702062403,1.518875985258778,2.1999672750451835,2.4149597014204693,-36.85974649046814,FAILURE,FAILURE,36.615618471753145,SUCCESS,-6.200697823088946,FAILURE,192.89171546467622,172.9170344840187
2161721,503,6,1,MF,STC,NG40LF,40-ft,363.026077715148,495.31498971684675,694.6062201914536,1.3644060857399356,1.913378302085734,2.1781933126158277,-33.15713123961944,FAILURE,FAILURE,25.180630015177712,SUCCESS,-2.7668863476863392,FAILURE,129.733743002449,171.40098119050273
2161722,502,44,1,MF,STC,DS40LF,40-ft,97.38345490469158,143.30556432578214,206.208042959571,1.4715596655102674,2.1174853897038792,64.59121199897481,53.438290255395216,SUCCESS,SUCCESS,64.59121199897481,SUCCESS,53.438290255395216,SUCCESS,0.0,0.0
2161724,801,2,1,MF,STC,NG40LF,40-ft,94.49583488939905,128.2167348112393,182.58733252748542,1.3568506480873814,1.9322262482911705,67.26653638098594,57.62635948094231,SUCCESS,SUCCESS,67.26653638098593,SUCCESS,57.62635948094231,SUCCESS,0.0,0.0
2161725,502,73,1,MF,STC,NG40LF,40-ft,76.18259708707826,112.48762568968694,164.94448348543773,1.476552782272719,2.1651202478290785,70.05538551601296,60.754524204709625,SUCCESS,SUCCESS,70.05538551601296,SUCCESS,60.75452420470961,SUCCESS,0.0,0.0
2161727,503,13,1,MF,STC,NG40LF,40-ft,313.1124562108689,434.68196438397916,612.8358886676668,1.3882614880426154,1.9572389296928705,12.928729719152635,-18.658845508451563,FAILURE,FAILURE,45.401517022314124,SUCCESS,22.079594171944425,SUCCESS,183.14652038983078,229.76479979743354
2161728,502,3,1,MF,STC,NG40LF,40-ft,372.7910726944826,540.6517503537403,771.4216949452931,1.450280840809797,2.069313756280598,-5.860239424422042,-46.77689626689593,FAILURE,FAILURE,35.56081327467675,SUCCESS,1.638824962156302,FAILURE,233.61473722291697,273.06466773185457
2161729,502,61,1,MF,STC,NG40LF,40-ft,159.06746280134774,236.46333872157072,337.80821431136803,1.4865600705335902,2.1236788992683038,48.07387611319668,30.104926540537587,SUCCESS,SUCCESS,48.07387611319668,SUCCESS,30.104926540537598,SUCCESS,0.0,0.0
2161730,620,22,1,MF,RTC,DS40LF,40-ft,433.06130946192076,546.4963009591265,771.5739734211481,1.2619374878770604,1.781673764344891,-6.896507262256472,-46.80389599665747,FAILURE,FAILURE,55.64529591501204,SUCCESS,37.67777502811207,SUCCESS,352.73576991979445,476.4766245797001
2161731,620,43,1,MF,RTC,DS40LF,40-ft,181.34379421722718,224.3900378699602,315.95214261202113,1.2373736793064394,1.7422826293881883,50.21453229256024,33.98011655815228,SUCCESS,SUCCESS,50.21453229256028,SUCCESS,33.98011655815228,SUCCESS,0.0,0.0
2161732,620,21,1,MF,RTC,DS40LF,40-ft,414.3418808946268,519.9238952748311,734.6303482663646,1.254818591237354,1.773005293793103,-2.1850878146863657,-40.25360784864621,FAILURE,FAILURE,52.58373798277963,SUCCESS,34.531932837735084,SUCCESS,308.89617749770804,421.7904494711904
2161733,620,44,1,MF,RTC,DS40LF,40-ft,335.05067759708766,414.18143812662913,581.5264998189251,1.2361754976800838,1.7356374384600852,16.563574800243067,-13.107535428887429,FAILURE,FAILURE,62.96244664610482,SUCCESS,43.29540992525989,SUCCESS,261.6896372106602,318.1126117973908
2161734,620,42,1,MF,RTC,DS40LF,40-ft,165.95122276616604,205.72491326541777,289.7801626999826,1.2396709697963175,1.7461767251230083,53.5239515486848,38.62053852837188,SUCCESS,SUCCESS,53.5239515486848,SUCCESS,38.62053852837188,SUCCESS,0.0,0.0
2161735,620,46,1,MF,RTC,DS40LF,40-ft,131.67896683374386,161.4001249004041,226.81922058887443,1.2257092289020295,1.7225167089536282,61.38295657794254,49.78382613672439,SUCCESS,SUCCESS,61.38295657794255,SUCCESS,49.78382613672441,SUCCESS,0.0,0.0
2161736,620,30,1,MF,RTC,DS40LF,40-ft,333.63708770518053,420.7505797645829,593.5794776976483,1.2611025430613412,1.7791171892201825,15.398833375073961,-15.244588244263872,FAILURE,FAILURE,59.459428062227815,SUCCESS,47.51921599292331,SUCCESS,248.50175403554772,353.98785589773576
2161737,320,37,1,MF,STC,NG40LF,40-ft,319.1106670643251,477.69070977217865,704.1336780204552,1.4969437222726483,2.2065501115903423,5.30306564323074,-34.846396812137456,FAILURE,FAILURE,63.89424159610787,SUCCESS,52.84055294073136,SUCCESS,330.45423237422705,494.55439660618015
2161738,321,51,2,SAT,STC,DS40LF,40-ft,367.2337819782507,567.0593306579348,825.9068768385329,1.5441371640790897,2.2489948293685216,-10.542434513818217,-56.43738951037817,FAILURE,FAILURE,30.950077719569418,SUCCESS,-26.95433240288295,FAILURE,234.0177689963062,166.28444208627312
2161739,320,36,2,SAT,STC,NG40LF,40-ft,245.7032383524005,373.5426135183412,555.30880839527,1.5202999196233091,2.260079322189547,23.769040156322482,-8.459008580721633,SUCCESS,FAILURE,23.76904015632249,SUCCESS,51.390751022792614,SUCCESS,0.0,337.55264416382045
2161740,503,32,2,SAT,STC,NG40LF,40-ft,434.6560059785453,594.9802587057276,834.0962791708544,1.3688531862483821,1.9189802227465955,-15.49295367122829,-57.88941120050609,FAILURE,FAILURE,26.62398243251471,SUCCESS,-25.18188571431344,FAILURE,237.53951962511047,184.4704437421267
2161741,321,40,2,SAT,STC,NG40LF,40-ft,416.29742994301876,646.5801581225295,942.8900444051458,1.5531687481496848,2.2649432270917575,-24.641872007540684,-77.1790858874372,FAILURE,FAILURE,36.412658572936294,SUCCESS,-31.887324734343252,FAILURE,344.3475524738901,255.44553290345004
2161742,502,40,2,SAT,STC,NG40LF,40-ft,357.60291056320114,516.9570401886649,743.5557985968012,1.4456175409044951,2.0792778152329623,-1.6590496788412912,-41.836134502978936,FAILURE,FAILURE,37.86004119937408,SUCCESS,12.181744373998523,FAILURE,222.88767255313456,304.66083686615303
2161743,321,42,2,SAT,STC,NG40LF,40-ft,359.89620593823304,554.9445754303506,807.789350223557,1.5419572817769371,2.24450643517535,-8.394428267792655,-53.22506209637535,FAILURE,FAILURE,35.3969852407405,SUCCESS,-32.57645938348034,FAILURE,246.98357218812703,116.45811930072801
2161744,321,47,2,SAT,STC,NG40LF,40-ft,394.0359861415981,609.0344883583348,883.2125585754006,1.5456316422314695,2.2414515162024196,-17.984838361406872,-66.59797137861713,FAILURE,FAILURE,36.88129147153493,SUCCESS,-35.517336670214696,FAILURE,309.4449722577917,175.29477975538992
2161745,321,44,2,SAT,STC,NG40LF,40-ft,367.2337819782507,567.0593306579348,825.9068768385329,1.5441371640790897,2.2489948293685216,-10.542434513818217,-56.43738951037817,FAILURE,FAILURE,35.07965084954884,SUCCESS,-23.71090806852355,FAILURE,257.30856144939014,184.57735533206014
2161746,321,52,2,SAT,STC,NG40LF,40-ft,256.04252962173473,385.6377666412729,562.0692492123986,1.5061473076796894,2.195218310187661,21.62450946076722,-9.657668300070675,SUCCESS,FAILURE,21.624509460767243,SUCCESS,56.64519607325737,SUCCESS,0.0,373.94815506557035
2161747,321,41,2,SAT,STC,NG40LF,40-ft,348.7604772987422,537.6683147808222,779.1537302978325,1.5416549459538238,2.2340654432308935,-5.331261485961387,-48.14782452089227,FAILURE,FAILURE,46.14631335620557,SUCCESS,-16.040739728734412,FAILURE,290.3335221098215,181.0839582277705
2161748,321,48,2,SAT,STC,NG40LF,40-ft,340.528686074132,525.0407800506977,767.1509222549308,1.5418400901955085,2.252823194131506,-3.0923368884215674,-46.01966706647709,FAILURE,FAILURE,40.080735491254735,SUCCESS,-4.819901362810835,FAILURE,243.49612822137425,232.36667856867777
2161749,321,54,2,SAT,STC,NG40LF,40-ft,275.40162406812743,421.5179334439072,611.9863085667973,1.530557181244633,2.2221594031537277,15.262777758172483,-18.50821073879385,FAILURE,FAILURE,47.376414790093285,SUCCESS,21.895407152169234,SUCCESS,181.12091286003334,227.87640490503193
2161750,321,43,2,SAT,STC,NG40LF,40-ft,367.33089023747937,567.0159377510977,824.4566039917986,1.5436108228864769,2.244452143566765,-10.534740736010223,-56.18024893471606,FAILURE,FAILURE,33.1357499279968,SUCCESS,-19.393654570750325,FAILURE,246.30156734499948,207.47639221276688
2161751,321,49,2,SAT,STC,NG40LF,40-ft,401.0863273967806,621.4231117007505,904.475062165223,1.5493500258012995,2.2550633127677218,-20.181402783821007,-70.3679188236211,FAILURE,FAILURE,24.14558683647166,SUCCESS,-38.42843487457236,FAILURE,250.00422145845062,180.13868947263495
2161752,321,45,2,SAT,STC,NG40LF,40-ft,368.41449594542905,573.7779844212703,837.0695508340863,1.557425103344089,2.2720863593762504,-11.733685181076286,-58.416587027320254,FAILURE,FAILURE,31.27919155188622,SUCCESS,-25.70499548068469,FAILURE,242.59262477390848,184.4933763230247
2161753,321,46,2,SAT,STC,NG40LF,40-ft,249.97429962586278,387.9790872572427,566.3917466430478,1.5520759047547372,2.2657999141942504,21.209381691978244,-10.424068553731871,SUCCESS,FAILURE,21.209381691978248,SUCCESS,35.205463313830776,SUCCESS,0.0,257.3505597330535
2161754,321,53,2,SAT,STC,NG40LF,40-ft,180.53113100112782,275.5144337372146,398.2824011218769,1.5261325412928,2.2061701985315136,41.14992309623855,19.382552992575025,SUCCESS,FAILURE,41.14992309623855,SUCCESS,41.15101368849908,SUCCESS,0.0,122.77411832501178
2161755,502,31,2,SAT,STC,DS40LF,40-ft,276.9083913853076,419.3741806797535,606.4637218172973,1.5144870784945268,2.190124029045497,15.642875766001152,-17.529028691010147,FAILURE,FAILURE,58.3723114795511,SUCCESS,32.77435776346644,SUCCESS,240.9940174244216,283.7110996032481
2161756,320,67,2,SAT,STC,NG40LF,40-ft,375.99769784011846,531.821513473285,764.4276847836861,1.4144275790205127,2.0330648011274146,-4.294594587461875,-45.53682354320676,FAILURE,FAILURE,70.21044980575553,SUCCESS,57.18240792415694,SUCCESS,420.20845037774615,579.3364654759314
2161757,321,81,3,SUN,STC,NG40LF,40-ft,258.20945961303056,394.9359676257971,571.0360737426961,1.5295178116931647,2.2115226707746793,19.975892264929595,-11.247530805442565,FAILURE,FAILURE,37.565223350608875,SUCCESS,7.74369949928818,FAILURE,99.20382732323105,107.11053891868141
2161758,321,79,3,SUN,STC,NG40LF,40-ft,276.6827642925391,424.3269835029096,617.7892202833965,1.5336227559670648,2.2328431691907,14.764719237072764,-19.537095794928454,FAILURE,FAILURE,44.288773209785646,SUCCESS,10.739261796816113,FAILURE,166.51566440610065,170.7586568174394
2161759,321,70,3,SUN,STC,NG40LF,40-ft,348.7604772987422,537.6683147808222,779.1537302978325,1.5416549459538238,2.2340654432308935,-5.331261485961387,-48.14782452089227,FAILURE,FAILURE,41.11029614582796,SUCCESS,-16.823148849917096,FAILURE,261.9303850432918,176.67117078430016
2161761,321,68,3,SUN,STC,NG40LF,40-ft,362.7836267326243,540.6683010833842,791.3223478403667,1.4903326976271256,2.1812515492149824,-5.8631739509546446,-50.305380822760036,FAILURE,FAILURE,67.82630462818773,SUCCESS,36.45770594744515,SUCCESS,415.60865918636296,489.34380938395725
2161762,321,63,3,SUN,STC,NG40LF,40-ft,384.28975092092213,589.8200415506358,861.7529475855682,1.5348315695049775,2.242456233923597,-14.578021551531162,-62.793075813044005,FAILURE,FAILURE,61.741282661347064,SUCCESS,-26.778425134824772,FAILURE,430.4408757606333,203.12262982515648
2161763,321,69,3,SUN,STC,NG40LF,40-ft,406.9086752154069,632.3453016247772,918.5765425097179,1.5540226594825732,2.2574513606116833,-22.117961280988865,-72.86818129604927,FAILURE,FAILURE,17.91597716403919,FAILURE,-33.58995409202957,FAILURE,225.7914128299583,221.5292014306714
2161764,502,53,3,SUN,STC,NG40LF,40-ft,352.19443491921754,526.5499235248343,759.6510224043786,1.495054638343756,2.156908079988882,-3.3599155185876377,-44.68989758942883,FAILURE,FAILURE,47.296160896875996,SUCCESS,6.033003158056336,FAILURE,285.70027098321486,286.07716021581655
2161765,320,65,3,SUN,STC,DS40LF,40-ft,363.00433743421087,547.4833410640696,808.5242434612583,1.5082005491554018,2.2273128998294442,-7.071514373061978,-53.35536231582593,FAILURE,FAILURE,24.322028076228158,SUCCESS,-14.348655095054424,FAILURE,177.05957941399646,219.9978287251511
2161766,321,85,3,SUN,STC,NG40LF,40-ft,129.13912851136578,195.76299640333747,286.75210732697354,1.5159076777113916,2.22048972013727,55.290248864656476,39.1574277789054,SUCCESS,SUCCESS,55.290248864656476,SUCCESS,39.15742777890541,SUCCESS,0.0,0.0
2161767,321,77,3,SUN,STC,NG40LF,40-ft,252.74655308840144,385.535558082856,571.0258951359502,1.525384039354277,2.2592826218928748,21.64263154559291,-11.245726087934434,SUCCESS,FAILURE,21.6426315455929,SUCCESS,31.46337214670657,SUCCESS,0.0,240.87931404337522
2161768,321,82,3,SUN,STC,NG40LF,40-ft,209.6316235611175,311.19173646565713,451.775152868811,1.4844694287020588,2.155090654712681,34.82416020112463,9.898022540990961,SUCCESS,FAILURE,34.824160201124634,SUCCESS,58.445269637244145,SUCCESS,0.0,273.8064736228681
2161769,321,65,3,SUN,STC,NG40LF,40-ft,278.56589761851274,431.52270903026084,628.311512883691,1.549086635224882,2.2555220084554066,13.48888137761333,-21.40275051129272,FAILURE,FAILURE,46.720401200031944,SUCCESS,11.12577082876732,FAILURE,187.4257717984409,183.46086035793866
2161770,321,84,3,SUN,STC,NG40LF,40-ft,179.2192892634821,271.9767061261121,400.40332889487877,1.51756380266781,2.234153089995907,41.77717976487374,19.00650196899313,SUCCESS,FAILURE,41.77717976487376,SUCCESS,60.46500473824008,SUCCESS,0.0,233.82595561855283
2161771,321,60,3,SUN,STC,DS40LF,40-ft,399.5710929587507,613.4087610016655,902.3869796435923,1.5351680134303163,2.2583890465188112,-18.76041861731658,-69.99769142616886,FAILURE,FAILURE,67.12604767405116,SUCCESS,-18.801669753373496,FAILURE,484.3996698833141,288.74556223456597
2161772,321,78,3,SUN,STC,NG40LF,40-ft,236.80882881991033,361.99216234763765,544.3459373654174,1.5286261249276623,2.2986724780408614,25.816992491553613,-6.515237121527903,SUCCESS,FAILURE,25.81699249155361,SUCCESS,51.97402547620573,SUCCESS,0.0,329.8794410512177
2161813,801,54,2,SAT,STC,NG40LF,40-ft,331.72026505127474,525.1288660995624,799.9979188235644,1.583047288408479,2.4116642940096136,-3.1079549821919112,-51.84360262829156,FAILURE,FAILURE,53.86292349651941,SUCCESS,41.61423163841779,SUCCESS,321.31575461993174,527.1021852642409
2161814,801,56,2,SAT,STC,NG40LF,40-ft,264.52571899895327,417.7161296597106,635.8112161007266,1.5791134837114402,2.4035894071352755,15.93685644331373,-22.7324851242423,FAILURE,FAILURE,53.438690781244304,SUCCESS,40.37882496203455,SUCCESS,211.51034566592836,355.94778888660153
2161815,801,55,2,SAT,STC,NG40LF,40-ft,174.7605315887178,273.6718318961728,414.31171928697273,1.5659819148423815,2.370739637379999,41.47662555032397,16.540475303728243,SUCCESS,FAILURE,41.47662555032397,SUCCESS,63.7524432796726,SUCCESS,0.0,266.2754993843262
2161816,801,51,2,SAT,STC,NG40LF,40-ft,245.2780301480101,380.72937602442494,575.9156568566624,1.5522359495250282,2.3480115871329077,22.494791485031044,-12.112705116429497,SUCCESS,FAILURE,22.494791485031048,SUCCESS,65.25777564625885,SUCCESS,0.0,436.3695115015625
2161817,801,52,2,SAT,STC,NG40LF,40-ft,279.39104774324943,436.346592340964,663.7747667656627,1.5617772862284092,2.3757911075792535,12.633582918268802,-27.69056148327352,FAILURE,FAILURE,66.86201761849921,SUCCESS,63.6236451408861,SUCCESS,305.8483717092995,515.0121253602606
2161818,801,50,2,SAT,STC,NG40LF,40-ft,349.56655633194345,551.6987417977113,838.8851963280933,1.5782366241976133,2.3997867677350113,-7.818925850658019,-58.73850998725059,FAILURE,FAILURE,53.24069241463243,SUCCESS,38.03400581366854,SUCCESS,344.376247016238,545.7969891171842
2161819,801,53,2,SAT,STC,NG40LF,40-ft,325.3678595901715,513.9108597012573,781.3321963415103,1.5794764127857366,2.4013810009558556,-1.1189467555420745,-48.53407736551601,FAILURE,FAILURE,54.29118626236266,SUCCESS,40.28200985576832,SUCCESS,312.5131502209826,500.92273192804385
2161820,502,32,2,SAT,STC,NG40LF,40-ft,317.84268722274214,484.20932816077243,702.0408952499822,1.5234244726273711,2.208768436311377,4.1472822409978,-34.47533603723089,FAILURE,FAILURE,61.23342375920453,SUCCESS,35.661446870946214,SUCCESS,321.9658381626859,395.5714556021188
2161821,320,59,2,SAT,STC,NG40LF,40-ft,264.99375977355015,382.9773088370766,563.6660556004729,1.445231424182777,2.127091808056735,22.096221837397774,-9.940790000083839,SUCCESS,FAILURE,22.096221837397756,SUCCESS,69.32020267149937,SUCCESS,0.0,447.03199866772945
2161822,801,57,2,SAT,STC,NG40LF,40-ft,110.74125637301718,172.49865783157094,261.38060157280194,1.5576729349225746,2.3602820677090404,59.415131590147,43.65592170695001,SUCCESS,SUCCESS,59.415131590147,SUCCESS,43.65592170695,SUCCESS,0.0,0.0
2161823,801,58,2,SAT,STC,NG40LF,40-ft,82.8899943627084,127.09878343766435,191.3207514902606,1.533342889149057,2.3081284172017553,67.464754709634,56.07788094144316,SUCCESS,SUCCESS,67.464754709634,SUCCESS,56.077880941443134,SUCCESS,0.0,0.0
2161824,503,34,2,SAT,STC,NG40LF,40-ft,395.77352403543983,542.2156924365917,765.2056473720664,1.3700150705079468,1.933443246960465,-6.137534119963058,-45.6747601723522,FAILURE,FAILURE,52.373856029736245,SUCCESS,-29.74865909810162,FAILURE,330.00424044430406,89.82321005877336
2161825,503,38,2,SAT,STC,NG40LF,40-ft,400.26763716251094,549.8063726558065,771.5490977783865,1.3735968677192405,1.927583012326158,-7.483399407057887,-46.79948542169972,FAILURE,FAILURE,36.3247387613289,SUCCESS,0.8620269101484406,FAILURE,247.07789926970145,268.81092955162376
2161826,502,30,2,SAT,STC,NG40LF,40-ft,388.2708449342784,586.2039576498071,847.8978823734515,1.509781033775617,2.1837794246873545,-13.936871923724656,-60.33650396692401,FAILURE,FAILURE,56.64618988842305,SUCCESS,20.917237031044273,SUCCESS,398.08846862051297,458.2710992285413
2161827,801,50,3,SUN,STC,NG40LF,40-ft,273.51593671406226,426.50101586486164,646.3603093708996,1.5593278438862315,2.363154107713345,14.379252506230209,-24.602891732429,FAILURE,FAILURE,72.35295840825007,SUCCESS,67.8812001985002,SUCCESS,326.971701287392,521.6102784904409
2161828,801,55,3,SUN,STC,NG40LF,40-ft,299.7391433405131,470.74456948600033,716.1799535577738,1.570514161879817,2.3893440995931945,6.534650800354555,-36.98226126910883,FAILURE,FAILURE,50.989431878614376,SUCCESS,42.1461599427033,SUCCESS,250.72496528138538,446.28429563462066
2161829,801,52,3,SUN,STC,NG40LF,40-ft,252.01708016485668,392.3191478692601,594.9661817704124,1.5567165035505728,2.3608168993197443,20.439867399067357,-15.490457760711413,SUCCESS,FAILURE,20.43986739906736,SUCCESS,67.16799881983471,SUCCESS,0.0,466.19369511428033
2161830,801,58,3,SUN,STC,NG40LF,40-ft,89.24239982381161,138.31678983596942,209.98647397231474,1.549899936678572,2.3529899956397884,65.47574648298415,52.768355678667604,SUCCESS,SUCCESS,65.47574648298415,SUCCESS,52.76835567866759,SUCCESS,0.0,0.0
2161831,801,53,3,SUN,STC,NG40LF,40-ft,209.58731137453424,326.32850627593245,494.29565431232413,1.557005069323022,2.3584235661528847,32.140335766678646,2.3589265403680657,SUCCESS,FAILURE,32.14033576667865,SUCCESS,66.4367967493978,SUCCESS,0.0,361.3991879789277
2161832,801,56,3,SUN,STC,NG40LF,40-ft,264.5257189989533,417.7161296597106,635.8112161007266,1.5791134837114398,2.403589407135275,15.93685644331373,-22.7324851242423,FAILURE,FAILURE,50.80803657648626,SUCCESS,38.248690224626515,SUCCESS,196.673455951093,343.93382896762023
2161833,801,59,3,SUN,STC,NG40LF,40-ft,200.98373821516861,317.9153855173115,484.13136347384693,1.5817965589681615,2.4088086318483484,33.63202384444832,4.16110576704842,SUCCESS,FAILURE,33.63202384444833,SUCCESS,40.42570430211978,SUCCESS,0.0,204.53233573780255
2161834,801,51,3,SUN,STC,NG40LF,40-ft,216.80365582329688,339.2907080429704,514.5974443133653,1.564967651281236,2.3735644233452478,29.842073042026534,-1.2406816158448999,SUCCESS,FAILURE,29.842073042026534,SUCCESS,65.7224662605664,SUCCESS,0.0,377.6721540229598
2161835,801,57,3,SUN,STC,NG40LF,40-ft,166.9762428318665,258.3365357312595,391.89220154304553,1.547145458239748,2.346993769273236,44.195649693039094,20.5155671022969,SUCCESS,SUCCESS,44.1956496930391,SUCCESS,20.515567102296874,SUCCESS,0.0,0.0
2161836,801,54,3,SUN,STC,NG40LF,40-ft,167.06689270803915,259.33720020693215,392.75866419864064,1.5522955865357577,2.3509066208887557,44.01822691366451,20.361938971872227,SUCCESS,SUCCESS,44.01822691366453,SUCCESS,20.361938971872224,SUCCESS,0.0,0.0
2161838,320,40,1,MF,STC,NG40LF,40-ft,238.08163769936263,345.07145000195493,511.94731643982493,1.4493828811682385,2.1503015578475058,28.817118793979628,-0.7708007872029978,SUCCESS,FAILURE,28.817118793979645,SUCCESS,57.80765705149494,SUCCESS,0.0,330.38250221025646
2161839,320,54,1,MF,STC,NG40LF,40-ft,182.6879606091763,252.39296175301973,358.1828565498268,1.3815522430236282,1.9606264986234432,45.24947486648587,26.492401320952702,SUCCESS,SUCCESS,45.24947486648587,SUCCESS,26.49240132095269,SUCCESS,0.0,0.0
2161841,502,60,1,MF,STC,NG40LF,40-ft,72.15421343421517,95.96631091799168,135.55008526988917,1.3300167287595284,1.878616352646871,72.98469664574615,65.96629693796292,SUCCESS,SUCCESS,72.98469664574615,SUCCESS,65.96629693796294,SUCCESS,0.0,0.0
2161842,801,28,1,MF,STC,NG40LF,40-ft,57.78230373218564,76.42802371738972,108.47831187128908,1.322689106886857,1.8773621829630336,76.44893196500183,70.76625676040975,SUCCESS,SUCCESS,76.44893196500182,SUCCESS,70.76625676040973,SUCCESS,0.0,0.0
2161843,321,27,1,MF,STC,NG40LF,40-ft,219.08772917170978,333.53724531794234,494.4776513242456,1.5223912657222938,2.2569846937283247,30.86219054646413,2.326657566623127,SUCCESS,FAILURE,30.86219054646413,SUCCESS,24.84344356238946,SUCCESS,0.0,126.99467301612202
2161844,801,19,1,MF,STC,NG40LF,40-ft,71.77710985001474,96.26175460407794,137.38880883142014,1.3411205160701825,1.914103383634524,72.93231301346135,65.64028212208864,SUCCESS,SUCCESS,72.93231301346135,SUCCESS,65.64028212208862,SUCCESS,0.0,0.0
2161845,320,6,1,MF,STC,NG40LF,40-ft,254.92099553443347,387.18990902876305,572.584032253255,1.5188623762316327,2.2461234746586936,21.34930690979379,-11.521991534265071,SUCCESS,FAILURE,21.349306909793782,SUCCESS,26.01380760064484,SUCCESS,0.0,211.70190712089206
2161846,320,26,1,MF,STC,NG40LF,40-ft,263.0286985853725,378.24135724207645,550.911837604706,1.4380231483345487,2.09449326468037,22.935929567007726,-7.679403830621621,SUCCESS,FAILURE,22.935929567007733,SUCCESS,65.50647034149814,SUCCESS,0.0,412.76833033075553
2161851,320,51,1,MF,STC,NG40LF,40-ft,139.90944791817327,211.23494050412424,315.2923112647327,1.5097975415331926,2.2535455321725872,52.546996364516986,34.09710793178499,SUCCESS,SUCCESS,52.54699636451697,SUCCESS,34.097107931784976,SUCCESS,0.0,0.0
2161852,801,9,1,MF,STC,NG40LF,40-ft,88.86530979760143,124.97412163868448,181.25265324858253,1.4063319187579952,2.039633391943396,67.84146779455949,57.86300474315913,SUCCESS,SUCCESS,67.84146779455949,SUCCESS,57.86300474315913,SUCCESS,0.0,0.0
2161853,320,18,1,MF,STC,NG40LF,40-ft,473.28554404387654,694.4599656488269,1012.8464103546453,1.4673170866686056,2.1400324246133073,-33.13119958312534,-89.582696871391,FAILURE,FAILURE,29.80784055033119,SUCCESS,-14.250109930001258,FAILURE,354.9761863526947,424.87579034943815
2161855,502,87,1,MF,STC,NG40LF,40-ft,60.80058746982532,91.07607565987175,132.34504604653202,1.4979472970564935,2.1767066989642734,73.85175963477451,66.53456630380637,SUCCESS,SUCCESS,73.85175963477451,SUCCESS,66.53456630380637,SUCCESS,0.0,0.0
2161857,502,54,1,MF,STC,NG40LF,40-ft,126.11071249550857,175.8252641196562,250.5544568530696,1.3942135496690515,1.9867817086672404,58.825307780202806,45.575450912576315,SUCCESS,SUCCESS,58.825307780202806,SUCCESS,45.575450912576315,SUCCESS,0.0,0.0
2161858,502,20,1,MF,STC,NG40LF,40-ft,295.5471648011183,443.0387979767347,644.7479760785485,1.4990460093733855,2.181540047973111,11.447021635330728,-24.31701703520363,FAILURE,FAILURE,49.77683666455575,SUCCESS,23.362113800050487,SUCCESS,216.18015676482906,268.91029791083315
2161860,502,83,1,MF,STC,NG40LF,40-ft,66.79299665346284,93.98634525562223,136.86605547043024,1.4071287405062034,2.049107875493628,73.33575438730104,65.73296888822159,SUCCESS,SUCCESS,73.33575438730102,SUCCESS,65.73296888822159,SUCCESS,0.0,0.0
2161861,320,27,1,MF,STC,NG40LF,40-ft,211.56838829898257,333.53786262664596,502.71394477700704,1.576501410765107,2.376129765031748,30.862081094566324,0.8663218480484005,SUCCESS,FAILURE,30.862081094566314,SUCCESS,70.89955859950761,SUCCESS,0.0,394.98745527822996
2161862,320,40,2,SAT,STC,NG40LF,40-ft,293.4654911452734,440.8046004854634,653.6600764684541,1.5020662182977185,2.2273831036061225,11.843155942293723,-25.89717667880392,FAILURE,FAILURE,54.049526715621546,SUCCESS,27.582551196109335,SUCCESS,238.04393116156888,301.6256652145107
2161863,320,82,2,SAT,STC,NG40LF,40-ft,109.94996099345767,162.9340238065647,245.39674943338946,1.481892511232994,2.2318948293941756,61.11098868677931,46.489938043725274,SUCCESS,SUCCESS,61.11098868677931,SUCCESS,46.489938043725274,SUCCESS,0.0,0.0
2161864,320,70,2,SAT,STC,NG40LF,40-ft,156.86275772698826,235.85428841642386,358.70186615718205,1.50357096760288,2.286724212648898,48.181863755953216,26.400378340925172,SUCCESS,SUCCESS,48.18186375595325,SUCCESS,26.40037834092517,SUCCESS,0.0,0.0
2161865,320,28,2,SAT,STC,NG40LF,40-ft,245.78126254838813,364.6418993900308,548.814169788615,1.4836033292743056,2.2329373854549526,25.3471809592144,-7.307476912874996,SUCCESS,FAILURE,25.347180959214406,SUCCESS,69.44829981396762,SUCCESS,0.0,432.9025807393924
2161866,320,60,2,SAT,STC,NG40LF,40-ft,222.92964632952007,334.39837537718546,507.0070026754861,1.500017520697537,2.2742915131442922,30.709507911846558,0.10514136959466859,SUCCESS,FAILURE,30.70950791184657,SUCCESS,67.28171731308201,SUCCESS,0.0,378.8758883212687
2161867,320,83,2,SAT,STC,NG40LF,40-ft,205.45374663972066,302.19712315855793,448.73126516961935,1.4708766722491773,2.1840987205577953,36.418949794581934,10.437718941556858,SUCCESS,FAILURE,36.41894979458194,SUCCESS,58.00532800654909,SUCCESS,0.0,268.28131512655636
2161868,320,50,2,SAT,STC,NG40LF,40-ft,355.30301722284383,500.5969264622065,724.6531812502311,1.4089295677110314,2.0395356811612246,1.2416797052825375,-38.4846066046509,FAILURE,FAILURE,58.50366058233168,SUCCESS,43.77756197609241,SUCCESS,322.9575721465573,463.9586307953925
2161870,320,37,2,SAT,STC,NG40LF,40-ft,316.3956498920033,463.2815589340542,676.7829589744202,1.464247561849185,2.139040025377813,7.857879621621599,-29.99697854156387,FAILURE,FAILURE,63.78334995477432,SUCCESS,51.70823016267262,SUCCESS,315.41965267898155,460.81737709189395
2161872,503,11,1,MF,STC,NG40LF,40-ft,298.8479770923888,426.5022786017283,611.0261898695602,1.4271546448175392,2.0446054071186217,14.379028616714848,-18.337976927226983,FAILURE,FAILURE,57.13840783488605,SUCCESS,43.64713766992848,SUCCESS,241.1628987904856,349.5960463279568
2161873,801,55,1,MF,STC,NG40LF,40-ft,32.64806519620737,50.08345635994164,74.88276101644117,1.5340405643933746,2.2936354900792124,81.11995454610964,76.72291471339696,SUCCESS,SUCCESS,81.11995454610962,SUCCESS,76.72291471339696,SUCCESS,0.0,0.0
2161874,502,65,1,MF,STC,NG40LF,40-ft,91.2515967343314,122.729138462445,174.14614467359866,1.3449533252525636,1.9084175061681963,68.2395144570133,59.1230239940428,SUCCESS,SUCCESS,68.2395144570133,SUCCESS,59.1230239940428,SUCCESS,0.0,0.0
2161877,503,15,1,MF,STC,NG40LF,40-ft,449.72426734494417,622.5935686916017,877.8725488056924,1.384389533540703,1.9520239679046565,-20.388930619078316,-65.65116113576106,FAILURE,FAILURE,23.089194768901535,SUCCESS,-31.349341498066032,FAILURE,245.21662718820647,193.46226275659993
2161878,321,21,1,MF,STC,NG40LF,40-ft,374.6910336352377,558.2473020922502,815.28131740285,1.48988700550466,2.1758762399329994,-8.98001810146279,-54.553425071427306,FAILURE,FAILURE,40.42537785943523,SUCCESS,-37.15082353629118,FAILURE,278.64643321946477,98.15067265816757
2161879,320,74,2,SAT,STC,NG40LF,40-ft,282.0939888868387,424.86699327673546,629.3876486029976,1.5061185633670833,2.2311274731042743,14.66897282327386,-21.593554716843542,FAILURE,FAILURE,64.42538951013852,SUCCESS,58.31399810472044,SUCCESS,280.6261901139166,450.67859791362093
2161880,320,54,2,SAT,STC,NG40LF,40-ft,235.52886948038258,360.8686711619299,538.4244877503198,1.5321632204071993,2.286023318237706,26.01619305639541,-5.465334707503511,SUCCESS,FAILURE,26.01619305639541,SUCCESS,52.684557645970365,SUCCESS,0.0,327.9653928735927
2161881,320,32,2,SAT,STC,NG40LF,40-ft,294.76652278852345,421.77597711142977,614.9289415353331,1.4308815435395548,2.086155970895332,15.217025334852883,-19.029954172931404,FAILURE,FAILURE,64.19933390704809,SUCCESS,68.03821703421818,SUCCESS,276.26022034718113,491.0644856083239
2161882,320,72,2,SAT,STC,NG40LF,40-ft,259.23532566289083,397.704917562743,590.0256481121719,1.5341463072047432,2.2760233259237217,19.48494369454912,-14.61447661563331,FAILURE,FAILURE,56.69926653433615,SUCCESS,21.460064098406775,SUCCESS,209.88878081639882,203.46040962718595
2161883,320,65,2,SAT,STC,DS40LF,40-ft,311.41785312919194,481.27325666847264,713.806148032297,1.545426030757511,2.292116976788013,4.667862292824004,-36.56137376459165,FAILURE,FAILURE,37.52426129553139,SUCCESS,-2.2849589130434804,FAILURE,185.31009037526962,193.3189797627316
2161884,320,51,2,SAT,STC,NG40LF,40-ft,325.70839308277016,504.93975756939744,749.1656230342978,1.5502816884460218,2.300111507546928,0.4716741898231524,-42.830784225939325,FAILURE,FAILURE,58.26868800659396,SUCCESS,-13.291565193446889,FAILURE,325.9751579265874,166.60119534325727
2161885,320,43,2,SAT,STC,NG40LF,40-ft,274.6255232066575,420.7434617221192,634.1341742718186,1.5320624857053329,2.3090868134446065,15.40009543934057,-22.435137282237328,FAILURE,FAILURE,72.2896955942932,SUCCESS,66.0348252797265,SUCCESS,320.85734487393285,498.9705888494759
2161886,320,62,2,SAT,STC,NG40LF,40-ft,197.5830048360596,305.54552426981263,452.4976174181387,1.5464160215770213,2.2901646717721964,35.82526165428854,9.769925989691723,SUCCESS,FAILURE,35.825261654288546,SUCCESS,39.78356089892974,SUCCESS,0.0,169.27690088810252
2161887,320,38,2,SAT,STC,NG40LF,40-ft,305.24398979417816,464.7306463373631,683.0791932887063,1.522489096839301,2.237813736314013,7.600949230963991,-31.113332143387634,FAILURE,FAILURE,29.243219061054564,SUCCESS,0.195374619966368,FAILURE,122.06240184171088,176.58110614531645
2161888,320,64,2,SAT,STC,NG40LF,40-ft,232.4425125027097,358.3511451295241,529.426265389791,1.5416764397835643,2.277665387839151,26.462562920297145,-3.8699052109558396,SUCCESS,FAILURE,26.462562920297135,SUCCESS,23.019342897017143,SUCCESS,0.0,151.6553593289676
2161889,320,79,2,SAT,STC,DS40LF,40-ft,121.03956968588966,185.69347195133147,274.8623503925054,1.5341550902174013,2.27084705527128,57.07562554054406,41.26554071054869,SUCCESS,SUCCESS,57.07562554054406,SUCCESS,41.26554071054871,SUCCESS,0.0,0.0
2161891,320,24,2,SAT,STC,NG40LF,40-ft,286.5991036080864,442.6729086942009,655.6748401840806,1.5445718535796245,2.287777009521605,11.511895621595592,-26.25440428795755,FAILURE,FAILURE,63.23589156454237,SUCCESS,34.830749147645825,SUCCESS,291.7233371182198,344.5202653768032
2161892,320,55,2,SAT,STC,NG40LF,40-ft,342.08902164556224,513.972483101914,754.5045147696152,1.5024524336663452,2.205579445783431,-1.129872890410281,-43.77739623574737,FAILURE,FAILURE,62.5952069400651,SUCCESS,35.86097951082646,SUCCESS,359.4094502438811,449.1604392106767
2161893,320,48,2,SAT,STC,NG40LF,40-ft,323.2641301976522,495.84476252045647,744.8956585983638,1.5338687970647529,2.304294194790232,2.0842619644580767,-42.07369833304321,FAILURE,FAILURE,71.1287758955845,SUCCESS,48.82033187023462,SUCCESS,389.411058571553,512.6423303464871
2161894,320,78,2,SAT,STC,NG40LF,40-ft,186.72146451353467,287.55581650884716,428.1464337765886,1.5400254987181905,2.292968485931911,39.014926150913624,14.087511741739615,SUCCESS,FAILURE,39.014926150913624,SUCCESS,61.3529640145301,SUCCESS,0.0,266.5771508185383
2161895,502,47,2,SAT,STC,NG40LF,40-ft,70.4472693108747,97.51185343760494,140.31319696567192,1.3841821605220455,1.9917478468397107,72.7106642841126,65.12177358764683,SUCCESS,SUCCESS,72.71066428411261,SUCCESS,65.12177358764683,SUCCESS,0.0,0.0
2161896,503,42,2,SAT,STC,DS40LF,40-ft,192.69710789692795,269.3353537853583,379.3582625599977,1.3977135242186587,1.9686764721083059,42.245504647986124,22.737896709220273,SUCCESS,SUCCESS,42.24550464798614,SUCCESS,22.73789670922027,SUCCESS,0.0,0.0
2161897,502,36,2,SAT,STC,NG40LF,40-ft,310.456390319736,430.5573595936863,615.5851165665598,1.3868529462391141,1.9828392513762552,13.660042625232935,-19.14629726357443,FAILURE,FAILURE,53.61395281090974,SUCCESS,31.448381166844953,SUCCESS,225.34005344721714,285.35398634756564
2161898,801,6,1,MF,STC,NG40LF,40-ft,75.53231515044034,112.5425060689086,167.9088067015662,1.489991480398208,2.2230062241192576,70.04565495232117,60.22893498199182,SUCCESS,SUCCESS,70.04565495232117,SUCCESS,60.22893498199182,SUCCESS,0.0,0.0
2161899,801,37,1,MF,STC,NG40LF,40-ft,73.93032203668712,93.66808367053802,132.42905946432074,1.2669778933744704,1.7912685325326227,73.39218374635851,66.51967030774455,SUCCESS,SUCCESS,73.39218374635851,SUCCESS,66.51967030774456,SUCCESS,0.0,0.0
2161900,502,84,1,MF,STC,NG40LF,40-ft,70.35851491192784,103.75728514551984,153.68643301104606,1.4746940761242522,2.1843331003138,71.60331823660997,62.75063244485,SUCCESS,SUCCESS,71.60331823660997,SUCCESS,62.75063244485,SUCCESS,0.0,0.0
2161901,321,11,1,MF,STC,NG40LF,40-ft,324.4212537627545,475.7257905341689,692.5527156488841,1.466382935817336,2.1347328746696106,5.651455579048075,-32.793034689518464,FAILURE,FAILURE,14.058974613591587,FAILURE,-28.288106834222244,FAILURE,47.41840735482546,25.407793103870574
2161903,801,51,1,MF,STC,NG40LF,40-ft,73.08620677477906,107.09802237704393,157.4407791699369,1.46536572498659,2.154179100512127,71.01098894024044,62.0849682322807,SUCCESS,SUCCESS,71.01098894024044,SUCCESS,62.08496823228069,SUCCESS,0.0,0.0
2161905,502,11,1,MF,STC,NG40LF,40-ft,384.6878156094079,557.8480225847516,804.5267463113365,1.4501317690580602,2.0913756913169594,-8.909223862544598,-52.64658622541427,FAILURE,FAILURE,61.229603145835874,SUCCESS,43.24802457383181,SUCCESS,395.5829843272657,540.8456049077479
2161907,801,24,1,MF,STC,NG40LF,40-ft,73.08620677477906,107.09802237704393,157.4407791699369,1.46536572498659,2.154179100512127,71.01098894024044,62.0849682322807,SUCCESS,SUCCESS,71.01098894024044,SUCCESS,62.08496823228069,SUCCESS,0.0,0.0
2161908,502,41,2,SAT,STC,NG40LF,40-ft,433.3580937907726,634.858874858259,914.1185525931031,1.4649752340030644,2.109383822964765,-22.56363029401755,-72.07775755196863,FAILURE,FAILURE,37.925408305994424,SUCCESS,-12.438574759484283,FAILURE,341.15817770406755,336.36499094961175
2161909,312,64,2,SAT,STC,NG40LF,40-ft,188.15915026732313,251.62157164936627,362.83374889728964,1.3372805483649362,1.9283343296448845,45.38624616145989,25.66777501821106,SUCCESS,SUCCESS,45.38624616145988,SUCCESS,25.667775018211053,SUCCESS,0.0,0.0
2161910,321,64,3,SUN,STC,NG40LF,40-ft,346.5709548955269,534.5700103968272,793.5023731925653,1.5424547350137068,2.289581287709944,-4.7819167370261,-50.691910140525756,FAILURE,FAILURE,66.0735817387691,SUCCESS,53.19308013192382,SUCCESS,399.6250114034849,585.9113451366159
2161911,321,76,3,SUN,STC,NG40LF,40-ft,317.53057723046913,481.88706279398804,721.8686868283146,1.517608373332267,2.273383222253805,4.559031419505671,-37.99090191991393,FAILURE,FAILURE,69.05254753521598,SUCCESS,63.45908541049672,SUCCESS,363.74343089260617,572.1779285435161
2161912,502,92,1,MF,STC,NG40LF,40-ft,31.836213044234583,41.93808594454323,61.11827655000616,1.3173076171551146,1.9197721935421728,82.56416915876895,79.16342614361594,SUCCESS,SUCCESS,82.56416915876895,SUCCESS,79.16342614361594,SUCCESS,0.0,0.0
2161913,801,62,1,MF,STC,NG40LF,40-ft,42.56393473347777,57.763145131250944,83.21181053997476,1.3570912908532995,1.9549839802410527,79.75830760084204,75.2461328829832,SUCCESS,SUCCESS,79.75830760084204,SUCCESS,75.2461328829832,SUCCESS,0.0,0.0
2161916,320,42,1,MF,STC,NG40LF,40-ft,320.841834602828,473.331857355298,697.8957619975032,1.4752809836698457,2.1752018805821645,6.075911816436531,-33.74038333289063,FAILURE,FAILURE,71.29513431927002,SUCCESS,63.02634433098338,SUCCESS,367.83641491598087,545.7643440242493
2161917,502,1,1,MF,STC,NG40LF,40-ft,380.8578429773726,572.9458186676408,827.1325309399573,1.5043560982980213,2.171761842880307,-11.58613806163843,-56.654704067368314,FAILURE,FAILURE,57.89901419750573,SUCCESS,20.194816849985095,SUCCESS,391.896258741573,433.43129797387337
2161918,801,45,1,MF,STC,NG40LF,40-ft,59.086866473195805,80.81796897429543,114.27829232966012,1.3677822805336568,1.934072648470898,75.67057287689798,69.73789143091132,SUCCESS,SUCCESS,75.67057287689798,SUCCESS,69.73789143091132,SUCCESS,0.0,0.0
2161920,320,22,1,MF,STC,NG40LF,40-ft,375.0110170486288,558.011367392665,817.7617217655177,1.4879865977918882,2.1806338603099653,-8.938185707919317,-54.99321307899249,FAILURE,FAILURE,61.419550850096606,SUCCESS,45.029287661705084,SUCCESS,396.8176341872098,564.1269041775347
2161921,320,34,1,MF,STC,NG40LF,40-ft,251.84373957918254,376.1275882461766,558.8017113852255,1.493495883100631,2.2188429711175406,23.310711303869404,-9.078317621493884,SUCCESS,FAILURE,23.310711303869397,SUCCESS,48.691226882029945,SUCCESS,0.0,325.8202309998744
2161925,801,46,1,MF,STC,NG40LF,40-ft,59.94541311815441,87.2375683183259,128.9563131379267,1.455283461745067,2.1512290337168833,74.53234604285002,67.13540547199881,SUCCESS,SUCCESS,74.53234604285002,SUCCESS,67.13540547199881,SUCCESS,0.0,0.0
2161926,801,3,1,MF,STC,NG40LF,40-ft,100.0934543243383,135.21312248332015,192.7262389721414,1.3508687795425829,1.9254629613205279,66.0260421128865,55.82868103330827,SUCCESS,SUCCESS,66.0260421128865,SUCCESS,55.82868103330827,SUCCESS,0.0,0.0
2161935,320,57,2,SAT,STC,NG40LF,40-ft,338.7115833818992,522.4801071739175,783.3357103199664,1.5425516362834817,2.312692416653348,-2.6383168748080688,-48.88931034041958,FAILURE,FAILURE,66.19956285344945,SUCCESS,61.87783788562336,SUCCESS,388.24564166737247,624.7267159948822
2161936,320,81,2,SAT,STC,NG40LF,40-ft,230.7611686143356,349.78805093876764,521.9453105041405,1.5158011767714619,2.261842031908117,27.980842032133403,-2.54349477023767,SUCCESS,FAILURE,27.980842032133424,SUCCESS,59.85065795324452,SUCCESS,0.0,351.9030213604397
2161937,503,44,2,SAT,STC,NG40LF,40-ft,141.9201202971287,197.1476581816597,279.7992436577801,1.389145230210521,1.9715262576721542,55.04474145715253,40.3902050252163,SUCCESS,SUCCESS,55.04474145715253,SUCCESS,40.39020502521629,SUCCESS,0.0,0.0
2161938,321,71,3,SUN,STC,NG40LF,40-ft,301.38227634511645,462.2907019257113,694.1904175164128,1.5339014209194461,2.3033551472731166,8.033563488349065,-33.083407361066094,FAILURE,FAILURE,69.53972007386764,SUCCESS,62.037672528331896,SUCCESS,346.8947231423248,536.4828905762048
2161939,321,75,3,SUN,STC,NG40LF,40-ft,286.7129858014812,437.9961565466175,656.4194010868962,1.5276467346682516,2.2894651920000517,12.341106995280589,-26.3864186324284,FAILURE,FAILURE,72.04565777223615,SUCCESS,62.09383840167602,SUCCESS,336.7336663820294,499.02864967234893
2161940,321,86,3,SUN,STC,NG40LF,40-ft,177.1591575679603,260.1775654639501,385.5170142804095,1.4686091819111464,2.176105483751359,43.86922598156914,21.645919453828107,SUCCESS,SUCCESS,43.86922598156914,SUCCESS,21.645919453828107,SUCCESS,0.0,0.0
2161941,321,73,3,SUN,STC,NG40LF,40-ft,212.83064904543642,325.0249933751852,486.0229176198739,1.5271531371677434,2.283613378992772,32.37145507532178,3.8257238262634954,SUCCESS,FAILURE,32.37145507532177,SUCCESS,56.27538900193439,SUCCESS,0.0,295.8161115907838
2161943,502,45,2,SAT,STC,NG40LF,40-ft,270.40759882862096,372.66752637218315,532.4034659548137,1.37816957802422,1.968892398960432,23.924197451740582,-4.397777651562703,SUCCESS,FAILURE,23.924197451740593,SUCCESS,48.598626322762584,SUCCESS,0.0,298.8997184151948
2161944,320,75,3,SUN,STC,NG40LF,40-ft,197.3015034255539,278.75341860524844,405.3694212877396,1.4128296731931802,2.0545683345017904,40.57563499906943,18.125989133379505,SUCCESS,FAILURE,40.575634999069415,SUCCESS,66.67592029689474,SUCCESS,0.0,273.8216117622261
2161966,301,44,3,SUN,RTC,DS40LF,40-ft,423.5594114291749,494.4687059570107,670.8844170709698,1.1674128649120876,1.5839204583065938,2.3282436246434997,-28.951137778540737,FAILURE,FAILURE,70.47212940069845,SUCCESS,61.0446920499693,SUCCESS,384.33151577694986,507.5764802327969
2161967,301,47,3,SUN,RTC,DS40LF,40-ft,423.5594114291749,494.4687059570107,670.8844170709698,1.1674128649120876,1.5839204583065938,2.3282436246434997,-28.951137778540737,FAILURE,FAILURE,72.50863837864745,SUCCESS,69.91419447177458,SUCCESS,395.8174264125822,557.6004738917786
2161968,301,42,3,SUN,RTC,DS40LF,40-ft,555.4605308018408,652.523125019463,886.6132358868784,1.174742558355148,1.5961768419567068,-25.695589542457974,-67.2009283487373,FAILURE,FAILURE,58.11971907852457,SUCCESS,52.06370511774395,SUCCESS,472.71834062234126,672.6525327509548
2161969,321,18,1,MF,STC,NG40LF,40-ft,272.982923011272,420.490378374089,622.3530816246936,1.5403541501265487,2.279824227682533,15.444968373388479,-20.346291068208075,FAILURE,FAILURE,33.1114571274035,SUCCESS,0.44401986269808935,FAILURE,99.63899657264471,117.25735365031076
2161972,502,79,1,MF,STC,NG40LF,40-ft,67.69251005532239,100.0419865079731,146.41816407815574,1.47788856442482,2.1629891395443015,72.26205912979201,64.03933261025607,SUCCESS,SUCCESS,72.26205912979201,SUCCESS,64.03933261025607,SUCCESS,0.0,0.0
2161973,320,33,2,SAT,STC,NG40LF,40-ft,380.9255319215291,551.3748851086268,792.869729498995,1.4474610885946346,2.0814297364092846,-7.761504451884182,-50.579739272871436,FAILURE,FAILURE,66.14223006927233,SUCCESS,63.22387170708896,SUCCESS,416.8170626993227,641.8523659269767
2161974,320,44,2,SAT,STC,NG40LF,40-ft,355.4205159437133,507.09957835342925,725.739931317698,1.4267594457989499,2.041919075466738,0.08872724229978216,-38.67729278682589,FAILURE,FAILURE,62.65225423880838,SUCCESS,43.31274909255143,SUCCESS,352.8582922603084,462.4238361996881
2161975,502,55,3,SUN,STC,NG40LF,40-ft,363.6385341512629,546.953897135628,790.1282435386643,1.5041142391914697,2.1728397002337334,-6.977641336104258,-50.09366020189082,FAILURE,FAILURE,54.74042435901947,SUCCESS,7.579482748243491,FAILURE,348.0898905204978,325.2765262387576
2161976,320,64,3,SUN,STC,NG40LF,40-ft,223.6584680251561,335.3749118854118,491.7760597145325,1.4994957036354657,2.1987813117776507,30.536363140884436,2.805663171182186,SUCCESS,FAILURE,30.536363140884422,SUCCESS,16.31830884686993,FAILURE,0.0,76.21132161087885
2161977,320,70,3,SUN,STC,NG40LF,40-ft,258.96432754659446,393.3933683164724,579.1259181510435,1.5191025422051252,2.2363154170214568,20.249402780767312,-12.681900381390687,SUCCESS,FAILURE,20.249402780767316,SUCCESS,-8.062670485348225,FAILURE,0.0,26.05245661367951
2161978,320,79,3,SUN,STC,DS40LF,40-ft,208.09214635911113,308.29372982072624,450.9595137389494,1.4815250609635893,2.167114528967924,35.337991166537904,10.0426394079877,SUCCESS,FAILURE,35.33799116653788,SUCCESS,63.10174123467387,SUCCESS,0.0,299.2533343025099
2161979,320,59,3,SUN,STC,NG40LF,40-ft,272.2876669621792,409.98984922571793,599.6430232577087,1.505723170644617,2.202240850449533,17.30676432168122,-16.319684974771043,FAILURE,FAILURE,30.434424133610488,SUCCESS,-11.026126274764968,FAILURE,74.04000133928108,29.85567106803427
2161980,320,60,3,SUN,STC,NG40LF,40-ft,379.3804566610696,579.1776733727905,848.4615376721564,1.5266407723532671,2.2364397606019906,-12.691076839147255,-60.436442849673114,FAILURE,FAILURE,19.242066515238143,FAILURE,-48.13849809599853,FAILURE,180.1029285187337,69.36040841072472
2161981,320,73,3,SUN,STC,NG40LF,40-ft,258.03550970811324,392.3704936742287,578.8604664855862,1.5206065789862553,2.2433364583827493,20.430763532938172,-12.634834483259969,SUCCESS,FAILURE,20.43076353293816,SUCCESS,2.9409658989094463,FAILURE,0.0,87.84751415543533
2161982,320,66,3,SUN,STC,NG40LF,40-ft,287.8464895197333,438.6892620510145,644.2582901541106,1.5240389513971826,2.238200963399081,12.218215948401687,-24.23019328973591,FAILURE,FAILURE,29.067159955205096,SUCCESS,-17.478656365802998,FAILURE,95.02804419837113,38.07866825098168
2161983,320,83,3,SUN,STC,NG40LF,40-ft,158.53170885203895,241.14832508452935,353.84991892812036,1.5211362246123157,2.2320450683993833,47.24320477224657,27.26065267231909,SUCCESS,SUCCESS,47.24320477224657,SUCCESS,27.26065267231908,SUCCESS,0.0,0.0
2161984,503,7,1,MF,STC,NG40LF,40-ft,337.6362617314512,486.0287955513298,702.2906930635953,1.4395041369635435,2.080021528085104,3.8246816398351493,-34.51962642971548,FAILURE,FAILURE,61.01694540452759,SUCCESS,54.79224961810798,SUCCESS,322.5643676328653,503.7189809097245
2161985,801,58,1,MF,STC,NG40LF,40-ft,46.829696543704095,65.56903152068828,93.12485136048166,1.4001592228874598,1.9885854112586943,78.37428519136733,73.4885015318295,SUCCESS,SUCCESS,78.37428519136732,SUCCESS,73.4885015318295,SUCCESS,0.0,0.0
2161986,503,8,1,MF,STC,NG40LF,40-ft,308.4067041952085,450.63105500318875,651.7353716767552,1.4611584277297625,2.113233476481867,10.100876772484268,-25.55591696396369,FAILURE,FAILURE,62.61692475131587,SUCCESS,50.52267081717229,SUCCESS,296.1905106006102,429.08323508560704
2161987,503,25,1,MF,STC,NG40LF,40-ft,144.95282957609373,204.7515597402189,295.7254585825234,1.4125392401031642,2.0401496089959443,53.6965319609541,37.56640805274408,SUCCESS,SUCCESS,53.69653196095408,SUCCESS,37.56640805274407,SUCCESS,0.0,0.0
2161989,320,53,1,MF,STC,NG40LF,40-ft,211.70064498697997,290.7837636455343,411.7161413607177,1.373561066209402,1.9448034340473508,38.44259509830953,17.000684155901123,SUCCESS,FAILURE,38.44259509830952,SUCCESS,30.583220190037565,SUCCESS,0.0,76.60550323252963
2161990,502,4,1,MF,STC,NG40LF,40-ft,280.8612878084962,412.6150466882835,593.6149293599643,1.4691061552406715,2.1135519743280446,16.841303778673144,-15.250873999993669,FAILURE,FAILURE,66.51847406139254,SUCCESS,52.894165160317186,SUCCESS,280.17924039453726,384.3380208641533
2161991,503,18,1,MF,STC,NG40LF,40-ft,356.695304207088,503.7336934700495,715.8942650576014,1.4122240677931517,2.0070190344921723,0.6855153421898086,-36.93160727971655,FAILURE,FAILURE,55.87258810040785,SUCCESS,25.787468557268756,SUCCESS,311.25509035634974,353.73558772059727
2161992,801,31,1,MF,STC,NG40LF,40-ft,89.91408669744817,131.35065749319125,190.67239125210207,1.4608462624457608,2.1206064394970214,66.71087633099447,56.19283843047835,SUCCESS,SUCCESS,66.71087633099447,SUCCESS,56.19283843047835,SUCCESS,0.0,0.0
2161993,320,21,2,SAT,STC,NG40LF,40-ft,426.24462780262047,610.1905970513369,874.359703975591,1.4315502348897535,2.051309616459207,-18.189822172222854,-65.02831630772889,FAILURE,FAILURE,65.17861715518734,SUCCESS,45.66626233575624,SUCCESS,470.1979978065935,624.3174235492561
2161994,320,29,2,SAT,STC,NG40LF,40-ft,406.5305509925776,572.5006154631276,817.4036042093534,1.408259758252659,2.0106818594902536,-11.507201323249568,-54.92971705839599,FAILURE,FAILURE,64.33651481907617,SUCCESS,46.91264962868517,SUCCESS,427.75855904271714,574.3909481151378
2161995,502,71,3,SUN,STC,NG40LF,40-ft,126.47806323579388,176.95046629775672,251.5803430236142,1.3990605308990762,1.9891223551912818,58.62580384791547,45.393556201486845,SUCCESS,SUCCESS,58.62580384791548,SUCCESS,45.393556201486845,SUCCESS,0.0,0.0
2161996,502,69,3,SUN,STC,NG40LF,40-ft,126.26965132826751,176.41862735499637,250.86969056448606,1.3971577928599395,1.9867774079164247,58.72010153280206,45.51955841055212,SUCCESS,SUCCESS,58.72010153280206,SUCCESS,45.51955841055212,SUCCESS,0.0,0.0
2161997,502,60,3,SUN,STC,NG40LF,40-ft,378.1489610437395,542.7766077654906,779.2241544606436,1.4353513130575783,2.0606275164947836,-6.23698719246286,-48.1603110745822,FAILURE,FAILURE,67.54713401968486,SUCCESS,55.444119842024165,SUCCESS,416.1424436365131,584.32899036966
2161998,502,62,3,SUN,STC,NG40LF,40-ft,344.30978009597806,498.80669367935656,716.5699405916171,1.448714856546659,2.081178003110657,1.5590968653623167,-37.051407906315085,FAILURE,FAILURE,65.34809641488606,SUCCESS,52.566153175889475,SUCCESS,359.769957459314,505.4430445036337
2161999,502,52,3,SUN,STC,NG40LF,40-ft,367.731416369079,515.9269354481427,734.6738156507886,1.4029993426787475,1.9978543658435277,-1.4764069943515334,-40.261314831700105,FAILURE,FAILURE,61.796715097528455,SUCCESS,51.49073835856446,SUCCESS,356.8604085982031,517.481579993092
2162000,502,58,3,SUN,STC,NG40LF,40-ft,339.43432191316657,485.24284069075526,693.9421455236151,1.429563274437784,2.044407712255857,3.9640353385185754,-33.03938750418706,FAILURE,FAILURE,70.97692059946293,SUCCESS,62.90744499818884,SUCCESS,377.9526728717261,541.1401353134002
2162002,321,14,1,MF,STC,NG40LF,40-ft,319.516551714247,469.2261749806157,682.117491474215,1.4685504474280207,2.134842429334467,6.803869684287996,-30.942817637272146,FAILURE,FAILURE,11.464219463481855,FAILURE,-26.430534670135593,FAILURE,26.28437275465336,25.44927593465016
2162003,321,15,1,MF,STC,NG40LF,40-ft,282.945929339438,423.6983067983702,608.8539420099156,1.4974532688543387,2.151838492362616,14.876186737877628,-17.952826597502764,FAILURE,FAILURE,39.04675328902173,SUCCESS,4.97226674706094,FAILURE,136.32199534845273,129.2975264633392
2162005,321,10,1,MF,STC,NG40LF,40-ft,288.17982760090337,428.3153176410345,617.9435906281415,1.4862779300229265,2.1442985644502635,14.057567794142825,-19.564466423429334,FAILURE,FAILURE,38.820114202855656,SUCCESS,-1.6162880441188188,FAILURE,139.6607617451404,101.22772605931132
2162006,502,59,1,MF,STC,NG40LF,40-ft,139.8409558111206,202.4767487935864,288.4945708952932,1.4479073574630472,2.063019157885012,54.09986723517972,38.84848033771398,SUCCESS,SUCCESS,54.09986723517971,SUCCESS,38.84848033771397,SUCCESS,0.0,0.0
2162007,502,80,1,MF,STC,NG40LF,40-ft,82.76159249024874,120.29423628010704,171.14176012995478,1.4535031608324902,2.0678886785572583,68.67123470210869,59.65571628901512,SUCCESS,SUCCESS,68.67123470210869,SUCCESS,59.6557162890151,SUCCESS,0.0,0.0
2162008,321,29,1,MF,STC,NG40LF,40-ft,334.29757759379413,495.39988539034647,718.3035906850347,1.4819128782090913,2.1486951710964752,2.1631408882364456,-37.35879267465154,FAILURE,FAILURE,27.972329923327184,SUCCESS,-20.50594684915711,FAILURE,145.56382615791182,95.05005045578852
2162009,321,20,1,MF,STC,NG40LF,40-ft,326.0536795383588,479.7198574822343,703.1350633153775,1.4712910406698765,2.156500930493737,4.943287680454913,-34.66933746726551,FAILURE,FAILURE,21.076700282417377,SUCCESS,-17.899322248608243,FAILURE,90.99244707506818,94.58288583322721
2162010,801,15,1,MF,STC,NG40LF,40-ft,72.81193467862175,101.60113244114626,142.24565919432726,1.3953911936222356,1.9536036203703826,71.9856148153996,64.77913844072212,SUCCESS,SUCCESS,71.9856148153996,SUCCESS,64.77913844072212,SUCCESS,0.0,0.0
2162011,801,44,1,MF,STC,NG40LF,40-ft,111.9364623749063,162.16140863456897,230.36173055962524,1.4486915629997792,2.057968651788189,61.24797719245232,49.15572153198134,SUCCESS,SUCCESS,61.24797719245232,SUCCESS,49.15572153198134,SUCCESS,0.0,0.0
2162012,321,24,1,MF,STC,NG40LF,40-ft,408.57240391935204,598.7143675298184,876.6804755831045,1.465381317451872,2.1457163214482593,-16.155029703868514,-65.4398006353022,FAILURE,FAILURE,-0.7662015901265898,FAILURE,-49.64656770220083,FAILURE,86.79299056150444,89.07383374269207
2162013,320,43,1,MF,STC,NG40LF,40-ft,180.8209750909908,265.9727814964983,379.99829773476563,1.4709177481354603,2.1015166937549528,42.841705408422285,22.624415295254323,SUCCESS,SUCCESS,42.84170540842228,SUCCESS,22.62441529525432,SUCCESS,0.0,0.0
2162014,321,23,1,MF,STC,NG40LF,40-ft,276.68104085079113,402.79438576821457,587.226109160568,1.4558076857367108,2.122393740296965,18.582555714855577,-14.118104461093603,FAILURE,FAILURE,35.24993076382006,SUCCESS,2.5291256707071974,FAILURE,94.00399527615974,93.89037794335655
2162015,321,22,1,MF,STC,NG40LF,40-ft,274.94152160874626,406.6613525430895,598.4597163560768,1.4790830797895498,2.1766800185521307,17.896923307962858,-16.109878786538435,FAILURE,FAILURE,26.62658750085809,SUCCESS,-2.9690271385083524,FAILURE,49.23530604792904,74.11440329488977
2162016,321,16,1,MF,STC,NG40LF,40-ft,342.3420349593639,498.854194976283,729.7225741751611,1.457180667385754,2.131559959505935,1.5506746495952173,-39.3834351374399,FAILURE,FAILURE,16.992025490945746,FAILURE,-23.538335930713504,FAILURE,87.08921874521701,89.36635952593699
2162017,502,6,1,MF,STC,NG40LF,40-ft,325.84166541498075,454.66443690396363,655.5788571358268,1.3953538947357105,2.0119552737397903,9.385738137595105,-26.237386016990556,FAILURE,FAILURE,40.87618026725778,SUCCESS,-18.792486285650988,FAILURE,177.6060936112976,41.9892344847552
2162018,320,17,1,MF,STC,NG40LF,40-ft,306.7568690081479,442.92190077245897,647.7057724964989,1.4438858442015665,2.111462979103803,11.467748089989549,-24.84144902420192,FAILURE,FAILURE,20.719230374483296,SUCCESS,-14.772225369521225,FAILURE,52.17836008454475,56.79042141239921
2162019,801,33,1,MF,STC,NG40LF,40-ft,114.46889948348407,162.99097001456477,236.62950661048072,1.423888678497181,2.067194737419681,61.10089184138923,48.04441372154598,SUCCESS,SUCCESS,61.10089184138921,SUCCESS,48.04441372154597,SUCCESS,0.0,0.0
2162020,620,45,1,MF,RTC,DS40LF,40-ft,150.18928427493424,184.59054749897552,259.0217594563385,1.2290527143139376,1.7246354206081518,57.27117952145825,44.07415612476268,SUCCESS,SUCCESS,57.27117952145826,SUCCESS,44.07415612476268,SUCCESS,0.0,0.0
2162021,620,48,1,MF,RTC,DS40LF,40-ft,116.20521564292125,134.01549173945455,182.604653478956,1.1532657204583763,1.571398086296478,66.23838798945842,57.62328839025602,SUCCESS,SUCCESS,66.23838798945843,SUCCESS,57.62328839025602,SUCCESS,0.0,0.0
2162022,321,31,1,MF,STC,NG40LF,40-ft,178.64857024967392,256.57297197551753,378.53910523893404,1.436188219233654,2.118903636955499,44.508338302213204,22.88313736898333,SUCCESS,SUCCESS,44.50833830221319,SUCCESS,22.88313736898332,SUCCESS,0.0,0.0
2162023,350,4,1,MF,RTC,DS40LF,40-ft,246.10162468057746,338.4115118406058,481.51497166745855,1.3750884915117487,1.9565696581338339,29.99795889350962,4.625005023500261,SUCCESS,FAILURE,29.997958893509608,SUCCESS,4.6250050235002576,FAILURE,0.0,0.0
2162024,350,1,1,MF,RTC,DS40LF,40-ft,347.8473667577779,491.2141204796549,705.3354269832453,1.4121542015918433,2.027715298113505,2.9052977872952304,-35.05947286936972,FAILURE,FAILURE,2.9052977872952304,FAILURE,-35.05947286936972,FAILURE,0.0,0.0
2162025,350,3,1,MF,RTC,DS40LF,40-ft,114.67126590932388,140.22946018078048,191.90242930477277,1.222882289375498,1.673500573862325,65.1366205353226,55.97474657716794,SUCCESS,SUCCESS,65.1366205353226,SUCCESS,55.974746577167934,SUCCESS,0.0,0.0
2162026,350,2,1,MF,RTC,DS40LF,40-ft,488.87020649749724,701.6551475071069,1012.6979699752505,1.4352585577552455,2.0715068263838554,-34.406941047359375,-89.55637765518625,FAILURE,FAILURE,-34.40694104735937,FAILURE,-89.55637765518632,FAILURE,0.0,0.0
2162027,350,2,2,SAT,RTC,DS40LF,40-ft,424.6759954977978,605.4759821994364,871.623955334517,1.4257362992455178,2.052444603827477,-17.353897553091564,-64.54325449193561,FAILURE,FAILURE,-17.353897553091564,FAILURE,-64.54325449193567,FAILURE,0.0,0.0
2162028,350,1,2,SAT,RTC,DS40LF,40-ft,488.87020649749724,701.6551475071069,1012.6979699752505,1.4352585577552455,2.0715068263838554,-34.406941047359375,-89.55637765518625,FAILURE,FAILURE,-34.40694104735937,FAILURE,-89.55637765518632,FAILURE,0.0,0.0
2162059,601,7,1,MF,RTC,DS40SD,40-ft,205.22323274461473,227.44464505934909,301.26146496535455,1.1082792236412495,1.4679695906566892,49.67293527316505,36.58484663734849,SUCCESS,SUCCESS,49.67293527316505,SUCCESS,36.584846637348484,SUCCESS,0.0,0.0
2162060,601,22,1,MF,RTC,DS40SD,40-ft,165.2613245072498,173.68227388291197,221.22097212149814,1.0509553545015473,1.3386130891852646,59.20527058813617,50.77642338271311,SUCCESS,SUCCESS,59.20527058813617,SUCCESS,50.77642338271311,SUCCESS,0.0,0.0
2162061,601,16,1,MF,RTC,DS40SD,40-ft,163.29055027943184,166.6035229541543,213.1654578315045,1.0202888205658756,1.3054365820111695,60.46036827054002,52.204706058243886,SUCCESS,SUCCESS,60.46036827054001,SUCCESS,52.2047060582439,SUCCESS,0.0,0.0
2162062,601,29,1,MF,RTC,DS40SD,40-ft,83.22784039018123,84.97214699190354,108.84323078517781,1.0209582105404251,1.3077743009419545,74.93401649079725,70.70155482532309,SUCCESS,SUCCESS,74.93401649079723,SUCCESS,70.7015548253231,SUCCESS,0.0,0.0
2162063,601,25,1,MF,RTC,DS40SD,40-ft,138.41230483992342,146.90235089469618,191.5598101948215,1.0613388099027155,1.3839796282300494,63.95348388391913,56.03549464630826,SUCCESS,SUCCESS,63.95348388391911,SUCCESS,56.03549464630826,SUCCESS,0.0,0.0
2162064,601,21,1,MF,RTC,DS40SD,40-ft,83.22784039018123,84.97214699190354,108.84323078517781,1.0209582105404251,1.3077743009419545,74.93401649079725,70.70155482532309,SUCCESS,SUCCESS,74.93401649079723,SUCCESS,70.7015548253231,SUCCESS,0.0,0.0
2162065,601,13,1,MF,RTC,DS40SD,40-ft,129.70124350433994,134.49950229775317,173.43903232100092,1.0369947015446515,1.3372195025655051,66.15257051458278,59.24839852464523,SUCCESS,SUCCESS,66.15257051458278,SUCCESS,59.24839852464524,SUCCESS,0.0,0.0
2162066,601,9,1,MF,RTC,DS40SD,40-ft,195.31548505105386,213.40378773283555,280.91288920079427,1.0926106943187508,1.4382520112389756,52.1624489835398,40.19275014170315,SUCCESS,SUCCESS,52.16244898353981,SUCCESS,40.19275014170315,SUCCESS,0.0,0.0
2162067,601,5,1,MF,RTC,DS40SD,40-ft,501.5953085672556,585.7110959648023,787.0004103020159,1.167696519406876,1.5689947590418745,-13.849485100142253,-49.539079840782954,FAILURE,FAILURE,41.609186487676716,SUCCESS,12.81919187869044,FAILURE,312.7869077552991,351.7006524978297
2162068,601,3,1,MF,RTC,DS40SD,40-ft,655.5700870293695,781.2010660289375,1064.848085483767,1.191636228505862,1.62430853169184,-48.510827310095294,-98.80285203612888,FAILURE,FAILURE,23.605346296738738,SUCCESS,-58.1950336708426,FAILURE,406.735219142544,229.02809558021414
2162069,601,52,1,MF,RTC,DS40SD,40-ft,85.71714499358042,91.9181558319604,119.29198798991834,1.0723427132208427,1.3916934354130954,73.70245463972334,68.84893829965988,SUCCESS,SUCCESS,73.70245463972334,SUCCESS,68.84893829965986,SUCCESS,0.0,0.0
2162070,601,48,1,MF,RTC,DS40SD,40-ft,163.27320477194226,170.0010731134565,218.89810933124463,1.0412062000676205,1.3406860582971865,59.857965760025444,51.18827848736798,SUCCESS,SUCCESS,59.857965760025465,SUCCESS,51.18827848736798,SUCCESS,0.0,0.0
2162071,601,40,1,MF,RTC,DS40SD,40-ft,139.7138778025753,154.61041042049163,204.42556580724866,1.1066217103999225,1.4631729433214584,62.5868066630334,53.75433230367932,SUCCESS,SUCCESS,62.586806663033414,SUCCESS,53.754332303679334,SUCCESS,0.0,0.0
2162072,601,31,1,MF,RTC,DS40SD,40-ft,281.95295280898887,310.7423996553218,409.9020980283155,1.1021072720094425,1.4537960817385258,34.90382984834721,17.322323044624916,SUCCESS,FAILURE,34.9038298483472,SUCCESS,29.97106396410655,SUCCESS,0.0,71.33889878587647
2162073,601,42,1,MF,RTC,DS40SD,40-ft,163.27320477194226,170.0010731134565,218.89810933124463,1.0412062000676205,1.3406860582971865,59.857965760025444,51.18827848736798,SUCCESS,SUCCESS,59.857965760025465,SUCCESS,51.18827848736798,SUCCESS,0.0,0.0
2162074,601,34,1,MF,RTC,DS40SD,40-ft,143.75364913460686,162.1196472395998,215.9007671184137,1.127760221848668,1.5018802542970602,61.25538169510642,51.719722142125235,SUCCESS,SUCCESS,61.255381695106415,SUCCESS,51.71972214212522,SUCCESS,0.0,0.0
2162075,601,6,1,MF,RTC,DS40LF,40-ft,492.24970095839245,572.465333395527,769.6840611132766,1.1629571989194865,1.5636049338673632,-11.500945637504776,-46.468805161928465,FAILURE,FAILURE,22.801663006403583,SUCCESS,-22.290246667435788,FAILURE,193.46671275164323,136.36706990893862
2162076,601,37,1,MF,RTC,DS40HF,40-ft,124.43628768169448,132.56195618967757,173.68035660311284,1.0652998306150725,1.3957372068779783,66.49610705856782,59.20561053136297,SUCCESS,SUCCESS,66.49610705856783,SUCCESS,59.20561053136297,SUCCESS,0.0,0.0
2162077,601,28,1,MF,RTC,DS40SD,40-ft,85.1986146179992,92.05089792066121,116.89874507517145,1.0804271681339568,1.3720733089300168,73.6789188083934,69.27327214979229,SUCCESS,SUCCESS,73.6789188083934,SUCCESS,69.2732721497923,SUCCESS,0.0,0.0
2162078,601,2,1,MF,RTC,DS40SD,40-ft,762.4625412681371,907.6582369859582,1232.0819695248376,1.1904299396483529,1.6159245901780614,-70.93231152233301,-128.45424991575135,FAILURE,FAILURE,-11.31300021259053,FAILURE,-86.0204108700496,FAILURE,336.25291578694754,239.32685221775776
2162079,601,18,1,MF,RTC,DS40SD,40-ft,177.1382452529922,198.44010626057116,260.8802158979606,1.1202555720090557,1.4727492390215708,54.815583996352636,43.744642571283585,SUCCESS,SUCCESS,54.815583996352636,SUCCESS,43.744642571283585,SUCCESS,0.0,0.0
2162080,601,15,1,MF,RTC,DS40SD,40-ft,140.3830790677414,153.98110182345386,199.61532448481515,1.0968636878889855,1.421932940995627,62.69838620151528,54.60721197077747,SUCCESS,SUCCESS,62.69838620151528,SUCCESS,54.60721197077748,SUCCESS,0.0,0.0
2162081,601,14,1,MF,RTC,DS40SD,40-ft,139.49022249369622,152.86127843662135,197.10006879988927,1.0958565819445114,1.413002755865534,62.89693644740757,55.05317929079977,SUCCESS,SUCCESS,62.89693644740756,SUCCESS,55.05317929079978,SUCCESS,0.0,0.0
2162082,601,10,1,MF,RTC,DS40HF,40-ft,146.1576576934281,167.73940602176535,222.18512325870995,1.1476607429875887,1.5201743566851127,60.258970563516776,50.60547459951952,SUCCESS,SUCCESS,60.25897056351679,SUCCESS,50.60547459951953,SUCCESS,0.0,0.0
2162086,601,39,1,MF,RTC,DS40SD,40-ft,146.4494086349746,167.5178295833856,223.83041987181264,1.1438614272654668,1.5283804964328014,60.298257166066385,50.3137553418772,SUCCESS,SUCCESS,60.29825716606637,SUCCESS,50.31375534187718,SUCCESS,0.0,0.0
2162087,601,41,1,MF,RTC,DS40SD,40-ft,139.42882130223813,149.0030389649428,193.5343971922856,1.0686674216513008,1.3880515906590323,63.581021460116524,55.685390568743685,SUCCESS,SUCCESS,63.58102146011654,SUCCESS,55.685390568743685,SUCCESS,0.0,0.0
2162088,601,30,1,MF,RTC,DS40SD,40-ft,200.3564327231607,227.20558372393876,303.9821541118068,1.1340069327241238,1.517206859696036,49.715322034762636,36.10245494471511,SUCCESS,SUCCESS,49.715322034762636,SUCCESS,36.102454944715106,SUCCESS,0.0,0.0
2162109,801,52,1,MF,STC,NG40LF,40-ft,52.14200279082253,74.18705128672292,109.10181862213555,1.4227886792983049,2.0923979283998366,76.8462675023541,70.65570591806107,SUCCESS,SUCCESS,76.84626750235411,SUCCESS,70.65570591806107,SUCCESS,0.0,0.0
2162110,502,74,1,MF,STC,NG40LF,40-ft,86.62037101786387,121.28592650743447,174.20159990930023,1.4002009582990755,2.011092747148062,68.49540310151872,59.11319150544323,SUCCESS,SUCCESS,68.49540310151872,SUCCESS,59.11319150544323,SUCCESS,0.0,0.0
2162112,502,19,1,MF,STC,NG40LF,40-ft,356.41117094377626,525.4453692293895,755.8319355740628,1.4742673969449693,2.12067408990751,-3.1640725584023865,-44.01275453440829,FAILURE,FAILURE,52.288289754657626,SUCCESS,18.668640783556146,FAILURE,312.7513234456583,353.5230695933194
2162113,320,47,2,SAT,STC,NG40LF,40-ft,266.03341663608484,396.89944951686795,582.90069466014,1.491915769588445,2.191080737265076,19.627757177860296,-13.35118699647871,FAILURE,FAILURE,60.70615848563442,SUCCESS,53.29926346963404,SUCCESS,231.68218337584614,375.9085406288761
2162114,320,58,2,SAT,STC,NG40LF,40-ft,222.9708813306716,332.2197292685509,487.8407748804351,1.4899691263984396,2.187912484217859,31.09579268288105,3.5034087091427155,SUCCESS,FAILURE,31.095792682881058,SUCCESS,60.23916400591853,SUCCESS,0.0,319.9896598738156
2162115,320,85,2,SAT,STC,NG40LF,40-ft,209.52003123871128,292.97673046628904,418.9508159850258,1.398323247348572,1.9995740431505804,38.05377119392039,15.717940428186914,SUCCESS,FAILURE,38.05377119392039,SUCCESS,36.32429804847138,SUCCESS,0.0,116.21985697840438
2162116,320,66,2,SAT,STC,NG40LF,40-ft,216.13909060380124,315.8927578224198,461.10458420887966,1.4615253397242904,2.1333696876430284,33.99064577616671,8.243868048070986,SUCCESS,FAILURE,33.990645776166716,SUCCESS,50.27193677354354,SUCCESS,0.0,237.03830761166512
2162117,502,44,2,SAT,STC,DS40LF,40-ft,259.20162590921444,380.57247807073685,556.1645039885844,1.4682488072201856,2.145682929409484,22.52261027114595,-8.610727657550429,SUCCESS,FAILURE,22.52261027114596,SUCCESS,46.54970437136661,SUCCESS,0.0,311.10483664309214
2162118,320,68,2,SAT,STC,NG40LF,40-ft,253.74803197433383,366.76884597685574,533.0984678610629,1.4454056771323207,2.100896955586969,24.97006277006104,-4.521004939904763,SUCCESS,FAILURE,24.970062770061052,SUCCESS,63.656661115124415,SUCCESS,0.0,384.5220365503647
2162119,320,73,2,SAT,STC,NG40LF,40-ft,222.9708813306716,332.2197292685509,487.8407748804351,1.4899691263984396,2.187912484217859,31.09579268288105,3.5034087091427155,SUCCESS,FAILURE,31.095792682881058,SUCCESS,48.626932187204794,SUCCESS,0.0,254.4966724162701
2162120,502,59,3,SUN,STC,NG40LF,40-ft,266.03341663608484,396.89944951686795,582.90069466014,1.491915769588445,2.191080737265076,19.627757177860296,-13.35118699647871,FAILURE,FAILURE,71.08956349195675,SUCCESS,58.94572782655009,SUCCESS,290.244587611504,407.75459960188243
2162121,502,63,3,SUN,STC,NG40LF,40-ft,216.13909060380124,315.8927578224198,461.10458420887966,1.4615253397242904,2.1333696876430284,33.99064577616671,8.243868048070986,SUCCESS,FAILURE,33.990645776166716,SUCCESS,44.21937550294045,SUCCESS,0.0,202.9018620454637
2162122,502,61,3,SUN,STC,NG40LF,40-ft,216.13909060380124,315.8927578224198,461.10458420887966,1.4615253397242904,2.1333696876430284,33.99064577616671,8.243868048070986,SUCCESS,FAILURE,33.990645776166716,SUCCESS,48.2699442610533,SUCCESS,0.0,225.74706984122014
2162123,502,64,3,SUN,STC,NG40LF,40-ft,173.07655529838803,251.2130375741027,366.04466442917476,1.4514561902448633,2.1149292219163085,45.45868128118747,25.098463753692425,SUCCESS,SUCCESS,45.458681281187474,SUCCESS,25.098463753692435,SUCCESS,0.0,0.0
2162124,502,70,3,SUN,STC,NG40LF,40-ft,130.01401999297482,186.53331732578567,270.98474464946986,1.4347169431101723,2.084273255023668,56.92671678620822,41.953059459313856,SUCCESS,SUCCESS,56.92671678620823,SUCCESS,41.953059459313856,SUCCESS,0.0,0.0
2162126,502,66,3,SUN,STC,NG40LF,40-ft,230.5453496120127,339.41564844549606,496.3500134827721,1.4722294291197042,2.1529387355593377,29.819920488387226,1.9946784605014023,SUCCESS,FAILURE,29.819920488387247,SUCCESS,50.195365484674944,SUCCESS,0.0,271.85187481633875
2162181,320,77,3,SUN,STC,NG40LF,40-ft,297.3165295619692,449.63233018228283,658.350884399339,1.5123018247411861,2.2143097303378148,10.27795564143922,-26.728880212648747,FAILURE,FAILURE,21.18560271162358,SUCCESS,-16.19132395745285,FAILURE,61.519129475839804,59.43181727930485
2162182,320,78,3,SUN,STC,NG40LF,40-ft,185.93226846317404,276.85445077938004,403.8649060576155,1.4890070081311042,2.1721076680006486,40.91233142209575,18.39274715290506,SUCCESS,FAILURE,40.91233142209573,SUCCESS,18.392747152905052,FAILURE,0.0,0.0
2162183,388,6,1,MF,HTC,NG40LF,40-ft,112.51153215255914,138.2028492924476,195.4858729106722,1.2283438563884503,1.7374740986159949,65.49594870701284,55.33938423569642,SUCCESS,SUCCESS,65.49594870701286,SUCCESS,55.33938423569642,SUCCESS,0.0,0.0
2162184,388,4,1,MF,HTC,NG40LF,40-ft,300.3237128114399,385.8089416488965,549.2334761909628,1.28464362016971,1.8288048953890046,21.594159282110553,-7.38182201967426,SUCCESS,FAILURE,21.59415928211054,SUCCESS,26.389265025955865,SUCCESS,0.0,190.46893093735406
2162185,410,28,1,MF,HTC,HY40LF,40-ft,75.11134201625427,94.55779586436762,133.97668030921596,1.2589016961500314,1.7837077159428611,73.23443335738163,66.24526944872058,SUCCESS,SUCCESS,73.23443335738163,SUCCESS,66.24526944872058,SUCCESS,0.0,0.0
2162186,388,3,1,MF,HTC,NG40LF,40-ft,75.11134201625427,94.55779586436762,133.97668030921596,1.2589016961500314,1.7837077159428611,73.23443335738163,66.24526944872058,SUCCESS,SUCCESS,73.23443335738163,SUCCESS,66.24526944872058,SUCCESS,0.0,0.0
2162187,410,3,1,MF,HTC,NG40LF,40-ft,335.9154609507669,449.6640437487045,655.7165609398614,1.3386226477220977,1.9520285225453373,10.272332668669419,-26.261801585081813,FAILURE,FAILURE,43.69367889660971,SUCCESS,11.201918037484779,FAILURE,188.4963927255833,211.29537867127567
2162188,503,12,1,MF,STC,NG40LF,40-ft,425.79783492722095,609.7281591184083,866.5957966711079,1.4319663208776658,2.0352282834393227,-18.107829630923447,-63.65173699842338,FAILURE,FAILURE,33.960278477932235,SUCCESS,-13.5968368928117,FAILURE,293.6641297339459,282.3096365956501
2162189,350,64,1,MF,RTC,DS40LF,40-ft,144.30248313479865,172.52784644710414,237.59606028769673,1.1955985974679249,1.6465140108902274,59.409956303704945,47.87303895608214,SUCCESS,SUCCESS,59.40995630370496,SUCCESS,47.87303895608214,SUCCESS,0.0,0.0
2162191,350,61,1,MF,RTC,DS40LF,40-ft,144.30248313479865,172.52784644710414,237.59606028769673,1.1955985974679249,1.6465140108902274,59.409956303704945,47.87303895608214,SUCCESS,SUCCESS,59.40995630370496,SUCCESS,47.87303895608214,SUCCESS,0.0,0.0
2162192,350,62,1,MF,RTC,DS40LF,40-ft,146.60191587687657,177.8080122569607,247.53596762030853,1.2128628141960471,1.6884906731246356,58.473756692028246,46.1106440389524,SUCCESS,SUCCESS,58.473756692028246,SUCCESS,46.11064403895239,SUCCESS,0.0,0.0
2162193,503,5,1,MF,STC,NG40LF,40-ft,433.87045238590457,584.4234946970266,824.7245922092249,1.3469999892438242,1.9008544778146736,-13.6211870030189,-56.22776457610369,FAILURE,FAILURE,36.25773412859711,SUCCESS,-25.816973749378562,FAILURE,281.3171151823144,171.51686026272978
2162194,801,38,1,MF,STC,NG40LF,40-ft,72.82503352265147,92.85644495493574,131.4023778952815,1.275062165622673,1.8043572592988941,73.53609132004686,66.70170604693591,SUCCESS,SUCCESS,73.53609132004685,SUCCESS,66.70170604693591,SUCCESS,0.0,0.0
2162199,403,31,1,MF,RTC,DS40LF,40-ft,77.44386823083619,113.00933484429927,167.57730293673393,1.4592418667344127,2.163855018672852,69.96288389285475,60.287712245259954,SUCCESS,SUCCESS,69.96288389285475,SUCCESS,60.287712245259954,SUCCESS,0.0,0.0
2162200,401,4,1,MF,RTC,DS40LF,40-ft,393.72001213778407,622.7832434928179,955.1834407383707,1.5817921982458745,2.426047473563777,-20.422560902981886,-79.35876608836358,FAILURE,FAILURE,-20.422560902981882,FAILURE,-79.35876608836358,FAILURE,0.0,0.0
2162201,401,12,1,MF,RTC,DS40LF,40-ft,213.06555638109117,330.0815867256329,503.0480611755078,1.5492020030456997,2.361001326163442,31.474895970632467,0.8070813518603186,SUCCESS,FAILURE,31.474895970632478,SUCCESS,58.483871713493016,SUCCESS,0.0,325.2970976396084
2162202,401,7,1,MF,RTC,DS40LF,40-ft,250.49704295193595,395.69131336320515,606.1984747812685,1.579624688180963,2.419982558027971,19.84196571574377,-17.481999074692993,FAILURE,FAILURE,19.84196571574378,FAILURE,-17.481999074692993,FAILURE,0.0,0.0
2162203,401,2,1,MF,RTC,DS40LF,40-ft,314.949861136335,492.4199080407297,752.7905892275678,1.5634866650332375,2.390191843589037,2.6915056665372923,-43.47350872829216,FAILURE,FAILURE,4.774200038590789,FAILURE,-36.80563466691098,FAILURE,11.746396258381765,37.60680970618995
2162205,401,3,1,MF,RTC,DS40LF,40-ft,469.74676169787426,727.1517959782586,1110.3186113642146,1.547965532215715,2.3636535723014416,-38.92762340040046,-106.86500201493165,FAILURE,FAILURE,-38.927623400400535,FAILURE,-106.86500201493168,FAILURE,0.0,0.0
2162206,401,16,1,MF,RTC,DS40LF,40-ft,251.70763979583307,381.96090072268606,578.4548509349969,1.5174783770270341,2.2981219457788304,22.276436042076945,-12.562916832446255,SUCCESS,FAILURE,22.27643604207697,SUCCESS,19.172142060384324,FAILURE,0.0,178.98573215556445
2162207,401,20,1,MF,RTC,DS40LF,40-ft,71.04326821930425,106.77735452823082,162.1626759498197,1.5029904620747263,2.2825903145282944,71.06784494180305,61.24775249116673,SUCCESS,SUCCESS,71.06784494180307,SUCCESS,61.24775249116674,SUCCESS,0.0,0.0
2162208,403,1,1,MF,RTC,DS40LF,40-ft,377.7983167307484,562.1659235598866,847.9705465390902,1.488005368643647,2.2445058884246616,-9.674809141823852,-60.349387684235836,FAILURE,FAILURE,49.84275638802107,SUCCESS,31.57649829835873,SUCCESS,335.6790695883252,518.4619969418336
2162209,401,55,2,SAT,RTC,DS40LF,40-ft,354.24481416010326,562.3617311047866,862.7843008917232,1.587494604368784,2.435559439133475,-9.709526791628825,-62.975939874419005,FAILURE,FAILURE,-9.709526791628823,FAILURE,-62.975939874419005,FAILURE,0.0,0.0
2162210,401,60,2,SAT,RTC,DS40LF,40-ft,309.0075314564556,484.0982180583078,739.6533962269416,1.5666227155583923,2.393641969633259,4.166982613775218,-41.14421918917404,FAILURE,FAILURE,49.9750006401969,SUCCESS,-41.144219189174045,FAILURE,258.357221669018,0.0
2162211,401,57,2,SAT,RTC,DS40LF,40-ft,233.6637700504025,369.9864068731507,564.5903696977762,1.5834136665403573,2.416251221042916,24.399573249441367,-10.104675478329103,SUCCESS,FAILURE,24.39957324944137,SUCCESS,4.182025957217383,FAILURE,0.0,80.57699609648205
2162212,401,58,2,SAT,RTC,DS40LF,40-ft,241.66922717061837,380.4657843054918,582.8491597369559,1.5743244961713025,2.4117640734021326,22.541527605409257,-13.342049598751046,SUCCESS,FAILURE,22.541527605409275,SUCCESS,-13.342049598751037,FAILURE,0.0,0.0
2162213,403,39,2,SAT,RTC,DS40LF,40-ft,295.94585586323905,463.4700231113253,710.6027956436329,1.566063568484303,2.401124332594179,7.824463987353673,-35.993403482913635,FAILURE,FAILURE,20.540565200212725,SUCCESS,-35.993403482913635,FAILURE,71.71881084052498,0.0
2162214,403,21,2,SAT,RTC,DS40LF,40-ft,231.80698310512898,346.6364895783002,525.7865903080286,1.4953668993702998,2.2682085900301554,28.539629507393588,-3.224572749650461,SUCCESS,FAILURE,28.53962950739361,SUCCESS,36.26452860833338,SUCCESS,0.0,222.71853165902874
2162215,401,63,2,SAT,RTC,DS40LF,40-ft,188.71772610946223,287.61325911480185,435.8356611057781,1.5240394479317596,2.3094579936437962,39.004741291701805,12.724173562805301,SUCCESS,FAILURE,39.00474129170179,SUCCESS,67.02980238847516,SUCCESS,0.0,306.28374657677796
2162216,403,34,2,SAT,RTC,DS40LF,40-ft,250.79885001227217,373.6059204007858,564.4237596045783,1.489663610429252,2.2505037785339117,23.75781553177557,-10.075134681662819,SUCCESS,FAILURE,23.757815531775556,SUCCESS,38.43203249892683,SUCCESS,0.0,273.5804228985256
2162217,401,49,3,SUN,RTC,DS40LF,40-ft,260.43182500219916,410.7817754387076,629.5050165960838,1.5773102055988697,2.4171585657427546,17.166351872569578,-21.614364644695705,FAILURE,FAILURE,17.166351872569592,FAILURE,-21.614364644695698,FAILURE,0.0,0.0
2162218,401,46,3,SUN,RTC,HY40LF,40-ft,279.19389074720186,440.441735783996,675.7374117049108,1.5775478990792,2.4203158955106296,11.907493655319858,-29.81159782001963,FAILURE,FAILURE,11.907493655319858,FAILURE,-29.811597820019635,FAILURE,0.0,0.0
2162219,401,53,3,SUN,RTC,DS40LF,40-ft,328.23231409270414,508.610478382665,777.0051890544605,1.5495441994751797,2.36724160204107,-0.1791628338058484,-47.76687749192562,FAILURE,FAILURE,-0.1791628338058361,FAILURE,-47.766877491925605,FAILURE,0.0,0.0
2162220,401,43,3,SUN,RTC,HY40LF,40-ft,222.90662933903755,350.149793172276,536.193302877828,1.570836157769465,2.405461445753084,27.916703338248936,-5.069734552806387,SUCCESS,FAILURE,27.916703338248954,SUCCESS,-5.069734552806373,FAILURE,0.0,0.0
2162221,403,52,3,SUN,RTC,DS40LF,40-ft,440.479784397144,665.8651453038178,1006.7211722426197,1.511681509323167,2.28551049992102,-28.06119597585422,-88.49666174514533,FAILURE,FAILURE,32.42655527543933,SUCCESS,-65.88426152763095,FAILURE,341.1509170572958,127.53393722678112
2162222,405,1,1,MF,RTC,DS40LF,40-ft,360.62962267901565,534.3875686729355,805.5795375393699,1.4818182840974656,2.233814104218469,-4.749568913641035,-52.8332513367677,FAILURE,FAILURE,41.633854602501394,SUCCESS,-37.52498803395014,FAILURE,261.6025086310434,86.33860502789094
2162223,401,8,1,MF,RTC,DS40LF,40-ft,393.1660466544695,608.2688463345368,923.6932124032413,1.547104210830058,2.3493717737407294,-17.849086229527792,-73.77539227007824,FAILURE,FAILURE,58.68057992603708,SUCCESS,-41.02221582086819,FAILURE,431.6273171173863,184.72791517354452
2162224,401,10,1,MF,RTC,DS40LF,40-ft,327.50614639659153,521.5540358848151,795.8570970623471,1.5925015198134405,2.4300523999894916,-2.474119837733171,-51.10941437275657,FAILURE,FAILURE,58.249419722296494,SUCCESS,19.362100616432663,FAILURE,342.48076311856727,397.45934453902714
2162225,401,15,1,MF,RTC,HY40LF,40-ft,224.09076327811522,357.43989255599615,546.1172221968337,1.5950674955414543,2.437035843012668,26.624132525532602,-6.829294715750656,SUCCESS,FAILURE,26.624132525532602,SUCCESS,45.464202970013346,SUCCESS,0.0,294.935326947709
2162226,401,21,1,MF,RTC,DS40LF,40-ft,91.99903867763645,140.58880047020904,213.2110027981166,1.5281551034770107,2.3175351162657845,65.07290771804804,52.196630709553794,SUCCESS,SUCCESS,65.07290771804804,SUCCESS,52.19663070955378,SUCCESS,0.0,0.0
2162227,401,9,1,MF,RTC,DS40LF,40-ft,276.6817484093101,433.93773766529296,659.9958109152457,1.5683641590385848,2.385396993873548,13.060684811118273,-27.020533850220858,FAILURE,FAILURE,54.9579846864129,SUCCESS,19.097410918949368,FAILURE,236.30077129666182,260.1052084981201
2162228,401,5,1,MF,RTC,DS40LF,40-ft,368.9738555661374,582.3422604014589,886.4644310376524,1.5782751314668038,2.4025128546777386,-13.252173830045905,-67.17454451022206,FAILURE,FAILURE,69.21382168680954,SUCCESS,1.89587272206974,FAILURE,465.1082147150649,389.55715319012586
2162229,401,1,1,MF,RTC,DS40LF,40-ft,495.78340769755664,750.1040275698226,1128.627777821673,1.5129671867264454,2.276453306622498,-42.99716800883379,-110.11130812441007,FAILURE,FAILURE,3.0526889359011062,FAILURE,-80.76246090334881,FAILURE,259.7211931683048,165.52749832678558
2162230,403,42,2,SAT,RTC,DS40LF,40-ft,342.48338068602624,515.208068783599,780.4279718213954,1.5043301305645518,2.278732387709223,-1.3489483658863342,-48.37375386904174,FAILURE,FAILURE,39.86762019667774,SUCCESS,0.07222054010951912,FAILURE,232.46144669286144,273.23529566761295
2162231,403,36,2,SAT,RTC,HY40LF,40-ft,312.32540079478946,454.7129343211437,682.2537233773163,1.4558948236807312,2.1844323953196008,9.377139304761762,-30.966972230020616,FAILURE,FAILURE,59.769170777236056,SUCCESS,24.34204324365745,SUCCESS,284.21105750475505,311.9428472715441
2162232,403,29,2,SAT,RTC,DS40LF,40-ft,470.95247096968933,704.7852584094179,1066.5171894869675,1.4965103738775758,2.2645962283434096,-34.96192524989679,-99.09879246222827,FAILURE,FAILURE,27.300890130236645,SUCCESS,-26.237129226112472,FAILURE,351.16227874395275,410.93978065169324
2162233,403,24,2,SAT,RTC,HY40LF,40-ft,284.3631471218024,428.9221637769526,649.166762967598,1.5083605879253779,2.282879372865914,13.949970961533237,-25.100489887871973,FAILURE,FAILURE,63.043300619375344,SUCCESS,51.500727315300196,SUCCESS,276.88637927022955,432.0308650258911
2162234,403,30,2,SAT,RTC,HY40LF,40-ft,276.60255047982383,408.4792485458121,613.502110447573,1.4767732540326222,2.2179915166484467,17.57460132166453,-18.77696993751295,FAILURE,FAILURE,65.67716607466332,SUCCESS,55.273530636310994,SUCCESS,271.29846520691325,417.6448232363671
2162235,403,27,2,SAT,RTC,HY40LF,40-ft,287.8434640199386,421.8207154961689,633.6145456280055,1.465451775785153,2.20124694436041,15.209092997133183,-22.34300454397261,FAILURE,FAILURE,49.4672168297253,SUCCESS,17.61565092778138,FAILURE,193.2158184158195,225.36681686069244
2162236,403,31,2,SAT,RTC,DS40LF,40-ft,297.02533777153536,435.12815182798795,651.7316210113433,1.4649529736842783,2.1941953703378645,12.849618470214907,-25.555251952365836,FAILURE,FAILURE,67.77586740483665,SUCCESS,47.32258700331994,SUCCESS,309.78404399126657,411.03101171006756
2162237,403,33,2,SAT,RTC,DS40LF,40-ft,221.8806884785823,334.6184545535846,508.068304827057,1.5081008484696705,2.289826610467273,30.670486781279326,-0.08303277075477913,SUCCESS,FAILURE,30.670486781279337,SUCCESS,46.201603295184185,SUCCESS,0.0,261.04534741189576
2162238,403,38,2,SAT,RTC,DS40LF,40-ft,280.4753117441646,411.3953329649986,617.0558997167188,1.466779127213352,2.200036416323038,17.05756507712791,-19.40707441785795,FAILURE,FAILURE,61.50937262742593,SUCCESS,35.907626306044584,SUCCESS,250.70819458368072,311.97491208281014
2162239,403,62,3,SUN,RTC,HY40LF,40-ft,215.71314081597123,332.7399834122474,501.77805823086067,1.542511421203189,2.3261357946613765,31.00354904038167,1.032259178925418,SUCCESS,FAILURE,31.00354904038166,SUCCESS,13.056419275402204,FAILURE,0.0,67.816262944129
2162240,403,56,3,SUN,RTC,DS40LF,40-ft,352.11731400078105,546.222179043039,830.2443048072806,1.5512505557787692,2.357862768444948,-6.847904085645205,-57.20643702256748,FAILURE,FAILURE,45.31439748822775,SUCCESS,-41.9564218955163,FAILURE,294.1953808766435,86.01008531656862
2162241,403,57,3,SUN,RTC,DS40LF,40-ft,455.31757014897823,696.812136960003,1058.091617528852,1.5303871026369764,2.3238541336822305,-33.54825123404309,-97.60489672497378,FAILURE,FAILURE,43.32026259649704,SUCCESS,-52.63733765153413,FAILURE,433.53841800424664,253.61703317419972
2162242,403,54,3,SUN,RTC,DS40LF,40-ft,215.27901907526376,334.25336809037503,507.4998120587248,1.552651853980794,2.357404888960859,30.735218423692373,0.01776381937504208,SUCCESS,FAILURE,30.735218423692384,SUCCESS,22.088157521255773,SUCCESS,0.0,124.47702047860739
2162243,403,53,3,SUN,RTC,DS40LF,40-ft,261.0243289253241,413.6215149249696,628.5547222892935,1.5846090539832465,2.4080311780788657,16.662851963657882,-21.445872746328636,FAILURE,FAILURE,35.28698221216837,SUCCESS,-4.07333484665836,FAILURE,105.04009460159921,97.98111375414061
2162244,403,68,3,SUN,RTC,DS40LF,40-ft,205.38698143454823,314.1555635552684,475.1227160379847,1.5295787559708696,2.3133049267263055,34.298658944101355,5.758383681208396,SUCCESS,FAILURE,34.29865894410137,SUCCESS,45.998340203225865,SUCCESS,0.0,226.95335478417857
2162245,403,58,3,SUN,RTC,DS40LF,40-ft,293.7175406601298,440.1090776595235,664.5813382886369,1.4984092426702842,2.26265457893659,11.96647559228307,-27.833570618552628,FAILURE,FAILURE,39.527743014689996,SUCCESS,-16.411488356202675,FAILURE,155.44554826237507,64.42054395965371
2162246,403,65,3,SUN,RTC,HY40LF,40-ft,379.72395254647904,583.6981091279196,883.8786606430743,1.5371643142697817,2.3276874021658815,-13.492572540411265,-66.71607458210538,FAILURE,FAILURE,40.57143686356975,SUCCESS,-12.326560047267678,FAILURE,304.92101303845305,306.75686197648434
2162247,403,55,3,SUN,RTC,DS40LF,40-ft,234.2170870055922,361.3323312097197,548.7134000031815,1.542724042166456,2.342755633324397,25.933983828063884,-7.289609929642108,SUCCESS,FAILURE,25.933983828063877,SUCCESS,10.671923289523697,FAILURE,0.0,101.30304735609506
2162248,403,61,3,SUN,RTC,DS40LF,40-ft,352.1284626001975,545.9324641821352,824.0250543827052,1.5503786889331364,2.340126237731295,-6.79653620250623,-56.10373304657893,FAILURE,FAILURE,52.64546770278372,SUCCESS,-22.444210326056734,FAILURE,335.2529020258354,189.8397081437452
2162249,403,69,3,SUN,RTC,DS40LF,40-ft,184.03179913452203,278.4988043849024,421.08153543655794,1.5133189247436944,2.288091174551629,40.620779364379004,15.34015329139044,SUCCESS,FAILURE,40.62077936437899,SUCCESS,47.68030795788087,SUCCESS,0.0,182.3984723190061
2162250,403,64,3,SUN,RTC,DS40LF,40-ft,229.94221534737665,358.88147297523483,543.6082670701547,1.5607463485252937,2.3641081575600147,26.36853316041936,-6.384444515984879,SUCCESS,FAILURE,26.36853316041935,SUCCESS,20.327300299578997,SUCCESS,0.0,150.65424075978018
2162251,403,60,3,SUN,RTC,HY40LF,40-ft,238.94877020179848,350.82470925427987,524.9163265899161,1.468200522471822,2.1967735014773693,27.79703736626244,-3.0702706719709427,SUCCESS,FAILURE,27.797037366262444,SUCCESS,12.944432524891056,FAILURE,0.0,90.32292603030152
2162252,403,66,3,SUN,RTC,HY40LF,40-ft,281.8788278080593,439.4497034575426,662.3899943721825,1.5590021672602477,2.34991041903731,12.083385911783227,-27.445034463152922,FAILURE,FAILURE,57.69801793615519,SUCCESS,22.641734845964155,SUCCESS,257.26652461745795,282.4893789034201
2162253,403,51,3,SUN,RTC,DS40LF,40-ft,289.2000869593595,435.8290925312934,654.4361326045603,1.5070157727599136,2.262918173660599,12.725338203671392,-26.034775284496497,FAILURE,FAILURE,40.35447477513755,SUCCESS,-5.495621114638776,FAILURE,155.82833026306923,115.84082951799758
2162254,403,59,3,SUN,RTC,DS40LF,40-ft,319.62265498768426,486.9484132320692,734.7256740860792,1.5235103195386208,2.2987283993194714,3.661628859562205,-40.27050958973034,FAILURE,FAILURE,33.485457650124495,SUCCESS,-24.345487278476337,FAILURE,168.2063943787713,89.81712583547255
2162255,403,6,1,MF,RTC,DS40LF,40-ft,244.38379432137597,369.5251238586094,547.3782996730412,1.5120688541756038,2.2398305959404716,24.48136101797706,-7.052890012950558,SUCCESS,FAILURE,24.48136101797705,SUCCESS,24.67258457846981,SUCCESS,0.0,178.93167669561083
2162256,403,5,1,MF,RTC,DS40LF,40-ft,256.6957731757068,394.13335905269093,586.9222781918269,1.5354103972055235,2.286450886708142,20.11819874952289,-14.064233721955116,SUCCESS,FAILURE,20.118198749522897,SUCCESS,20.981272569295687,SUCCESS,0.0,197.65665548265443
2162257,403,4,1,MF,RTC,HY40LF,40-ft,313.4809308488579,492.43884454057826,742.7034077102452,1.5708733644726969,2.369213992376248,2.6881481311031497,-41.68500136706474,FAILURE,FAILURE,63.89751835529852,SUCCESS,40.82871484377526,SUCCESS,345.2208480644618,465.3773594291375
2162258,403,36,1,MF,RTC,HY40LF,40-ft,256.81082198249163,402.7796742992667,606.4243864916718,1.5683905810119116,2.361366167555881,18.5851641313357,-17.522054342495004,FAILURE,FAILURE,38.94281472797784,SUCCESS,1.9899254975660925,FAILURE,114.81714936506188,110.04756629794443
2162259,403,2,1,MF,RTC,DS40LF,40-ft,245.061591986344,379.01325644563104,563.9628247286253,1.5466040735863311,2.3013105405764764,22.79906800609379,-9.99340863982717,SUCCESS,FAILURE,22.799068006093794,SUCCESS,19.141066875711946,FAILURE,0.0,164.31844190764062
2162260,403,37,1,MF,RTC,DS40LF,40-ft,181.28304715899705,287.96833373317946,433.14629296784415,1.5885011767295176,2.389337005064498,38.94178479908166,13.20101188513402,SUCCESS,FAILURE,38.941784799081624,SUCCESS,40.783275658054684,SUCCESS,0.0,155.56396767927257
2162261,403,3,1,MF,RTC,DS40LF,40-ft,219.69222049009971,353.7795577143502,533.2426457876333,1.6103417632409656,2.427225891740957,27.273128064831532,-4.546568402062629,SUCCESS,FAILURE,27.273128064831532,SUCCESS,20.586392061441757,SUCCESS,0.0,141.74989701416467
2162262,403,34,1,MF,RTC,DS40LF,40-ft,166.36008227787906,267.17388585044233,401.8633344689785,1.6059975577805332,2.415623561653013,42.6287436435386,18.747635732450625,SUCCESS,FAILURE,42.62874364353858,SUCCESS,38.554910735030084,SUCCESS,0.0,111.71303101454822
2162263,403,35,1,MF,RTC,DS40LF,40-ft,215.19262586561138,338.0122377637582,508.9207791658367,1.570742660925789,2.3649545476695826,30.06875216954642,-0.2341807031625274,SUCCESS,FAILURE,30.068752169546404,SUCCESS,58.87825337368701,SUCCESS,0.0,333.3941281934316
2162264,403,33,1,MF,RTC,DS40LF,40-ft,106.11686262989423,126.01607155581962,171.8790465450059,1.1875216476699677,1.6197147398191716,67.65672490145043,59.524991747339385,SUCCESS,SUCCESS,67.65672490145043,SUCCESS,59.52499174733937,SUCCESS,0.0,0.0
2162265,403,32,1,MF,RTC,DS40LF,40-ft,67.28198087518652,95.76900778853505,141.11785528153712,1.423397565630451,2.0974093426785707,73.0196794701179,64.97910367348632,SUCCESS,SUCCESS,73.01967947011791,SUCCESS,64.97910367348634,SUCCESS,0.0,0.0
2162266,403,22,2,SAT,RTC,DS40LF,40-ft,194.2675788211802,306.4409019676516,462.7498573142363,1.5774165912147642,2.382023084460167,35.66650674332419,7.952152958468746,SUCCESS,FAILURE,35.666506743324184,SUCCESS,37.31045033584689,SUCCESS,0.0,165.58079720841278
2162267,403,26,2,SAT,RTC,DS40LF,40-ft,199.15947558730755,311.2311366030778,470.51997261084654,1.5627232180908222,2.36252867820281,34.817174361156425,6.5744729413392715,SUCCESS,FAILURE,34.817174361156404,SUCCESS,46.33784337971028,SUCCESS,0.0,224.26540927241248
2162268,403,23,2,SAT,RTC,DS40LF,40-ft,315.72407298524695,496.2311495416841,751.8075041581569,1.5717241477651653,2.3812169184618592,2.015753627360981,-43.29920286492144,FAILURE,FAILURE,71.54734010473963,SUCCESS,41.85564833477432,SUCCESS,392.15814773241544,480.2733607662842
2162269,403,25,2,SAT,RTC,DS40LF,40-ft,286.0787720619202,452.93971722409026,683.5663137715718,1.5832692302176616,2.389433892087658,9.69153949927478,-31.19970102332833,FAILURE,FAILURE,60.53245826573188,SUCCESS,34.61972349508318,SUCCESS,286.7427818428181,371.221554283841
2162270,403,37,2,SAT,RTC,DS40LF,40-ft,276.7530125022657,440.1263915039943,665.1043149201176,1.5903219535880975,2.4032414639557813,11.963405761703145,-27.92629697165206,FAILURE,FAILURE,51.31942992932912,SUCCESS,36.63255674915145,SUCCESS,221.96797630541067,364.1119349853319
2162271,401,64,2,SAT,RTC,DS40LF,40-ft,351.4663993395605,538.1088258066328,811.3714300892555,1.5310391742078093,2.308532000822557,-5.40936627777177,-53.860182639938905,FAILURE,FAILURE,36.36157533833004,SUCCESS,2.1261863815141537,FAILURE,235.58811071481415,315.76312128099505
2162272,401,52,2,SAT,RTC,DS40LF,40-ft,282.2707982474847,417.3375124252909,625.6453507838595,1.4785004861161184,2.2164721064603947,16.003987158636367,-20.93002673472686,FAILURE,FAILURE,60.03321010220011,SUCCESS,32.7439560294594,SUCCESS,248.32481740169936,302.7212627900103
2162273,403,32,2,SAT,RTC,DS40LF,40-ft,210.53583080406122,321.33293182022,484.91740011797975,1.5262624447012727,2.303253551977461,33.026075918400714,4.021737567734091,SUCCESS,FAILURE,33.02607591840071,SUCCESS,66.1129420061089,SUCCESS,0.0,350.1943930324337
2162274,403,28,2,SAT,RTC,DS40LF,40-ft,223.1012890598118,337.17518446410236,506.8771007420733,1.5113098892660732,2.271959534066983,30.217165875159157,0.12817362729197038,SUCCESS,FAILURE,30.21716587515919,SUCCESS,41.45373623088393,SUCCESS,0.0,233.07617308425858
2162275,403,35,2,SAT,RTC,DS40LF,40-ft,174.1614662819529,268.1470408585167,402.7109487725239,1.539646206379596,2.312285015564628,42.45619842934102,18.59734950841775,SUCCESS,FAILURE,42.45619842934099,SUCCESS,48.67375416002103,SUCCESS,0.0,169.6309222350426
2162276,401,53,2,SAT,RTC,DS40LF,40-ft,184.7580293240428,279.21095373617936,420.6745188283575,1.5112250047140185,2.276894381085578,40.49451174890437,15.412319356674203,SUCCESS,FAILURE,40.49451174890437,SUCCESS,65.8309271215839,SUCCESS,0.0,284.36094779409063
2162277,403,41,2,SAT,RTC,DS40LF,40-ft,106.93016366482112,164.30407480847146,246.12737881728137,1.5365549736133597,2.301758179186764,60.868071842469604,46.36039382672316,SUCCESS,SUCCESS,60.8680718424696,SUCCESS,46.36039382672316,SUCCESS,0.0,0.0
2162278,403,40,2,SAT,RTC,HY40LF,40-ft,276.8503676510188,419.16671115606476,628.8712701481151,1.5140551002787235,2.2715204443608794,15.679661142541711,-21.501998253211884,FAILURE,FAILURE,46.90491384231969,SUCCESS,6.394315462248048,FAILURE,176.1104252267479,157.33520935519402
2162279,403,8,1,MF,RTC,DS40LF,40-ft,208.93477783295526,310.23582426687307,467.4419645230121,1.484845306677037,2.237262601139266,34.993648179632444,7.1202190562035375,SUCCESS,FAILURE,34.993648179632444,SUCCESS,67.9933811278272,SUCCESS,0.0,343.32463408395745
2162281,401,14,1,MF,RTC,DS40LF,40-ft,197.11923806851402,307.4465481171991,461.75412811233093,1.5596983385778809,2.34251173369408,35.48820068843988,8.12870068930303,SUCCESS,FAILURE,35.488200688439896,SUCCESS,33.59121778708701,SUCCESS,0.0,143.60859643150172
2162282,405,4,1,MF,RTC,HY40LF,40-ft,325.70467523896525,468.2479338059913,697.9091606558442,1.4376457244970275,2.142766787562375,6.9773167010653765,-33.74275898153265,FAILURE,FAILURE,53.44744584701742,SUCCESS,5.821208361088654,FAILURE,262.0915283831695,223.14077581238416
2162283,405,22,1,MF,RTC,DS40LF,40-ft,166.2664412083499,232.30261756876544,342.0618901208216,1.3971708053681442,2.057311671765326,48.81159262965153,29.350728701981986,SUCCESS,SUCCESS,48.81159262965153,SUCCESS,29.350728701982,SUCCESS,0.0,0.0
2162284,405,6,1,MF,RTC,DS40LF,40-ft,360.5895847090713,532.4239859863782,802.9096201778752,1.4765373393020913,2.226657824367484,-4.401415955031586,-52.35986173366582,FAILURE,FAILURE,48.056930363772665,SUCCESS,-18.784808787805694,FAILURE,295.8650732380561,189.36329861465106
2162285,405,21,1,MF,RTC,DS40LF,40-ft,140.9670773780954,203.3624805304146,303.2050367637018,1.4426239396661753,2.150892551673319,53.942822600990326,36.24024170856352,SUCCESS,SUCCESS,53.942822600990326,SUCCESS,36.240241708563524,SUCCESS,0.0,0.0
2162286,405,3,1,MF,RTC,DS40LF,40-ft,331.59138687917294,493.7603978311528,736.7754032308427,1.4890627964684495,2.2219376991818938,2.4538301717814273,-40.63393674305721,FAILURE,FAILURE,33.22645541137167,SUCCESS,-11.455196869495824,FAILURE,173.55760635128883,164.5680928868861
2162287,405,9,1,MF,RTC,DS40LF,40-ft,244.03384750830185,346.0839667154933,512.3087419686644,1.4181801838112633,2.0993347734323455,28.637594553990553,-0.8348833277773782,SUCCESS,FAILURE,28.637594553990553,SUCCESS,30.64780347572879,SUCCESS,0.0,177.56235357177485
2162288,405,24,1,MF,RTC,DS40LF,40-ft,67.69315089747643,86.0426628001949,122.26248581680376,1.2710689583723092,1.8061278607340119,74.74420872336971,68.32225428780076,SUCCESS,SUCCESS,74.74420872336971,SUCCESS,68.32225428780076,SUCCESS,0.0,0.0
2162289,405,5,1,MF,RTC,DS40LF,40-ft,305.9552588285459,442.1747043913103,659.1511145827967,1.4452266847261492,2.154403611516866,11.600229717852791,-26.87076499694977,FAILURE,FAILURE,41.675318494377265,SUCCESS,1.6187805606132188,FAILURE,169.62350069959803,160.68103694465512
2162290,405,7,1,MF,RTC,DS40LF,40-ft,267.94982011069584,386.9568335779778,574.671607160568,1.4441391803066619,2.1446986115652504,21.39063234433018,-11.892128929178718,SUCCESS,FAILURE,21.39063234433018,SUCCESS,6.317933944766686,FAILURE,0.0,102.70475460905203
2162291,401,11,1,MF,RTC,DS40LF,40-ft,356.0109558460501,550.8576872838078,835.7882819167228,1.54730543607769,2.3476476445240158,-7.669802709894989,-58.18941168736219,FAILURE,FAILURE,52.47669614585612,SUCCESS,-29.803945742161115,FAILURE,339.22625354643645,160.09402793093403
2162292,403,63,3,SUN,RTC,HY40LF,40-ft,227.80391128140266,317.4837394674613,466.4984807777395,1.393671152007915,2.047807160788741,33.70855683201041,7.287503408202226,SUCCESS,FAILURE,33.70855683201042,SUCCESS,22.68303001645491,SUCCESS,0.0,86.83077007054516
2162293,403,67,3,SUN,RTC,DS40LF,40-ft,267.0237452291499,380.2412713697414,564.1246623613819,1.423997970830019,2.11263856657119,22.58133486352103,-10.022103255564156,SUCCESS,FAILURE,22.58133486352104,SUCCESS,20.521052594760402,SUCCESS,0.0,172.2633989958304
2162294,430,5,1,MF,RTC,DS40LF,40-ft,252.97418148321552,354.35190893423584,530.1609633164252,1.4007433756940393,2.095711745001142,27.17164735208585,-4.000170800784603,SUCCESS,FAILURE,27.17164735208587,SUCCESS,51.92180941190166,SUCCESS,0.0,315.3999683995506
2162295,401,6,1,MF,RTC,DS40LF,40-ft,263.91672321915445,407.222503111518,617.192541671191,1.5429962078354675,2.338588226403065,17.797428526326602,-19.431301714750166,FAILURE,FAILURE,46.37537689025872,SUCCESS,11.964285670594128,FAILURE,161.1796287725773,177.0711128533417
2162296,401,22,1,MF,RTC,DS40LF,40-ft,187.87908141623197,276.862374586546,415.7425942168559,1.473620013998143,2.212820028089287,40.91092649174716,16.286774075025555,SUCCESS,FAILURE,40.910926491747134,SUCCESS,47.52875105876084,SUCCESS,0.0,176.20475018826687
2162297,401,19,1,MF,RTC,DS40LF,40-ft,66.29478755502761,96.28449761680793,144.1774563178487,1.4523690499330362,2.174793247480807,72.92828056439576,64.43662122023959,SUCCESS,SUCCESS,72.92828056439575,SUCCESS,64.43662122023962,SUCCESS,0.0,0.0
2162298,401,17,1,MF,RTC,DS40LF,40-ft,78.47677841841761,114.36784620093208,171.39963844468554,1.4573463450697823,2.1840809714540983,69.72201308494112,59.6099931835664,SUCCESS,SUCCESS,69.72201308494112,SUCCESS,59.60999318356641,SUCCESS,0.0,0.0
2162299,401,59,2,SAT,RTC,HY40LF,40-ft,383.07385539467793,590.4125060964294,895.8407964297097,1.5412498080510666,2.3385589588376687,-14.683068456813722,-68.83702064356555,FAILURE,FAILURE,50.46029933845588,SUCCESS,9.143332396944876,FAILURE,367.4085943653208,439.8091911484787
2162300,401,56,2,SAT,RTC,DS40LF,40-ft,305.12559984154035,472.3013157583149,716.257631277081,1.5478914781440603,2.3474190026961104,6.258631957745589,-36.99603391437606,FAILURE,FAILURE,65.23666063687938,SUCCESS,35.10788384946328,SUCCESS,332.63608175031476,406.66609618805376
2162301,401,62,2,SAT,RTC,DS40LF,40-ft,222.70784659676846,342.1436904647211,518.1274520653009,1.5362893391188026,2.326489434399744,29.336225094907615,-1.8665695151242638,SUCCESS,FAILURE,29.336225094907586,SUCCESS,45.28591303979421,SUCCESS,0.0,265.94000160974
2162302,401,54,2,SAT,RTC,DS40LF,40-ft,442.44818567083627,661.3977327012169,991.5609648146298,1.4948591815297223,2.2410781576858163,-27.269101542768954,-85.80868170472158,FAILURE,FAILURE,50.24368212542545,SUCCESS,5.782282517120292,FAILURE,437.1720998886165,516.573038211188
2162303,401,51,2,SAT,RTC,HY40LF,40-ft,263.91672321915445,407.222503111518,617.192541671191,1.5429962078354675,2.338588226403065,17.797428526326602,-19.431301714750166,FAILURE,FAILURE,64.90421599453711,SUCCESS,39.823162924167434,SUCCESS,265.68228132070743,334.1951805634951
2162304,401,48,3,SUN,RTC,DS40LF,40-ft,383.07385539467793,590.4125060964294,895.8407964297097,1.5412498080510666,2.3385589588376687,-14.683068456813722,-68.83702064356555,FAILURE,FAILURE,50.855780549885175,SUCCESS,13.631968652924629,FAILURE,369.639108397782,465.1250996322045
2162305,401,47,3,SUN,RTC,HY40LF,40-ft,305.12559984154035,472.3013157583149,716.257631277081,1.5478914781440603,2.3474190026961104,6.258631957745589,-36.99603391437606,FAILURE,FAILURE,66.85424820051176,SUCCESS,41.07721704677953,SUCCESS,341.7592756092013,440.3331354209174
2162306,401,50,3,SUN,RTC,DS40LF,40-ft,222.70784659676846,342.1436904647211,518.1274520653009,1.5362893391188026,2.326489434399744,29.336225094907615,-1.8665695151242638,SUCCESS,FAILURE,29.336225094907586,SUCCESS,51.55795452080076,SUCCESS,0.0,301.314315562617
2162307,401,44,3,SUN,RTC,DS40LF,40-ft,442.44818567083627,661.3977327012169,991.5609648146298,1.4948591815297223,2.2410781576858163,-27.269101542768954,-85.80868170472158,FAILURE,FAILURE,49.77545182684829,SUCCESS,9.58237924655129,FAILURE,434.53128100464136,538.0055837651788
2162308,401,41,3,SUN,RTC,DS40LF,40-ft,387.54335308631215,602.4589410519087,914.3878104888612,1.554558828719561,2.359446506324706,-16.818961179416434,-72.12549831362787,FAILURE,FAILURE,72.46009392832082,SUCCESS,41.691664750613526,SUCCESS,503.53387080763827,641.9287996823214
2162309,401,42,3,SUN,RTC,DS40LF,40-ft,365.28106022458144,538.2717578323796,806.7742420545411,1.4735824449848025,2.2086396747713164,-5.438254934819082,-53.04507837846473,FAILURE,FAILURE,66.74844040739573,SUCCESS,42.058503332035855,SUCCESS,407.13296173009144,536.3842008472228
2162310,405,8,1,MF,RTC,DS40LF,40-ft,267.03439561682535,395.18166575147495,596.1840244092847,1.4798905018907433,2.2326113571705,19.932328767468984,-15.706387306610756,FAILURE,FAILURE,49.68735929820694,SUCCESS,9.515783105421791,FAILURE,167.81837219336222,142.25304112386354
2162311,405,2,1,MF,RTC,DS40LF,40-ft,295.258074256808,427.5341525580752,639.2388414999182,1.4480015614618444,2.1650173093790634,14.19607224147603,-23.340220124098966,FAILURE,FAILURE,46.74687208131204,SUCCESS,8.88495133162626,FAILURE,183.58651109667517,181.7499670102902
2162312,405,32,1,MF,RTC,DS40LF,40-ft,69.27919727537068,98.09059979694972,146.15734183160436,1.4158737926344556,2.109685844809355,72.60804968139189,64.08557768943186,SUCCESS,SUCCESS,72.60804968139189,SUCCESS,64.08557768943186,SUCCESS,0.0,0.0
2162313,405,31,1,MF,RTC,DS40LF,40-ft,72.0072155320708,99.84498182040443,149.80730965216856,1.3865968998056195,2.080448584842819,72.2969890389354,63.4384202744382,SUCCESS,SUCCESS,72.2969890389354,SUCCESS,63.438420274438215,SUCCESS,0.0,0.0
2162317,401,13,1,MF,RTC,HY40LF,40-ft,229.85739251567526,355.13232058544145,532.1462880926638,1.5450115251839158,2.315114960056696,27.03327649194301,-4.352178739834,SUCCESS,FAILURE,27.03327649194302,SUCCESS,21.289078806209,SUCCESS,0.0,144.6166925596825
2162318,430,7,1,MF,RTC,DS40LF,40-ft,360.01540594009475,516.1570261622327,772.7543323986539,1.4337081626115726,2.146447956527831,-1.5172032202540178,-47.01317950330742,FAILURE,FAILURE,57.97791181251725,SUCCESS,38.29066245704554,SUCCESS,335.5524487848297,481.11366865639053
2162319,401,18,1,MF,RTC,DS40LF,40-ft,49.2624570758698,73.13690076134449,108.64197459488341,1.4846376957752094,2.2053706015427204,77.03246440401695,70.73723854700648,SUCCESS,SUCCESS,77.03246440401695,SUCCESS,70.73723854700648,SUCCESS,0.0,0.0
2162321,401,61,2,SAT,RTC,DS40LF,40-ft,247.99129927775323,362.8797512607728,543.283208062216,1.4632761404033903,2.1907349558007367,25.659618570784964,-6.326809940109211,SUCCESS,FAILURE,25.659618570784986,SUCCESS,32.652680226714814,SUCCESS,0.0,219.84432454088736
2162322,401,45,3,SUN,RTC,DS40LF,40-ft,205.41355782197957,297.93992042414254,446.3476999150158,1.4504394139473034,2.1729222970853774,37.17377297444281,10.860336894500744,SUCCESS,FAILURE,37.17377297444285,SUCCESS,59.0429062545899,SUCCESS,0.0,271.7496911909027
2162323,401,52,3,SUN,RTC,DS40LF,40-ft,123.28561178328904,177.61713794318902,264.9555973706777,1.4406964070990191,2.149120189600191,58.50759965546294,43.02205720378055,SUCCESS,SUCCESS,58.50759965546296,SUCCESS,43.02205720378057,SUCCESS,0.0,0.0
2162324,401,51,3,SUN,RTC,HY40LF,40-ft,236.3346233477639,342.7605632324146,512.2380604939045,1.4503188672784777,2.1674270711496706,29.226850490706635,-0.8223511514015078,SUCCESS,FAILURE,29.226850490706653,SUCCESS,53.675375363327106,SUCCESS,0.0,307.36717754306926
2162325,410,26,1,MF,HTC,NG40LF,40-ft,98.68858582803463,138.72383471401105,206.41301064842588,1.4056725359884885,2.0915591090554444,65.4035754053172,53.401948466591165,SUCCESS,SUCCESS,65.4035754053172,SUCCESS,53.401948466591165,SUCCESS,0.0,0.0
2162326,410,21,1,MF,HTC,EL40QC,40-ft,106.60318232671942,138.9493125766793,201.81625420888741,1.3034255595749933,1.8931541235828888,65.36359706087246,54.216976204097975,SUCCESS,SUCCESS,65.36359706087246,SUCCESS,54.21697620409797,SUCCESS,0.0,0.0
2162327,410,19,1,MF,HTC,EL40QC,40-ft,90.06694250496142,126.65551926620309,187.92807987467103,1.4062375800002997,2.086537797864281,67.54334764783634,56.67941846193777,SUCCESS,SUCCESS,67.54334764783636,SUCCESS,56.67941846193777,SUCCESS,0.0,0.0
2162328,410,44,1,MF,HTC,NG40LF,40-ft,294.17219168466846,403.4626357289562,593.7866143763475,1.3715186109822346,2.018500154538211,18.464071679263093,-15.281314605735375,FAILURE,FAILURE,57.43996249165131,SUCCESS,26.009234066921135,SUCCESS,219.8240241818695,232.87869451378265
2162329,410,48,1,MF,HTC,EL40QC,40-ft,97.69596710143358,134.93985432570048,199.98269063141873,1.3812223608534235,2.0469902347533466,66.07449391388289,54.54207612918108,SUCCESS,SUCCESS,66.0744939138829,SUCCESS,54.54207612918108,SUCCESS,0.0,0.0
2162330,410,46,1,MF,HTC,NG40LF,40-ft,179.98203112612268,225.15031342532143,319.10193657228643,1.2509599542609173,1.7729655264790032,50.07973166217705,33.42164245172226,SUCCESS,SUCCESS,50.07973166217706,SUCCESS,33.42164245172225,SUCCESS,0.0,0.0
2162332,410,36,1,MF,HTC,NG40LF,40-ft,97.9743823215521,135.9493674710659,200.85286430625362,1.3876011693023982,2.0500549178973557,65.89550222144223,54.38779001662169,SUCCESS,SUCCESS,65.89550222144223,SUCCESS,54.38779001662169,SUCCESS,0.0,0.0
2162333,410,38,1,MF,HTC,NG40LF,40-ft,79.99201573778882,107.13642984319192,157.08436961994727,1.339339043466308,1.9637506089965857,71.00417910581703,62.14816141490297,SUCCESS,SUCCESS,71.00417910581703,SUCCESS,62.14816141490297,SUCCESS,0.0,0.0
2162334,410,7,1,MF,HTC,NG40LF,40-ft,98.68858582803463,138.72383471401105,206.41301064842588,1.4056725359884885,2.0915591090554444,65.4035754053172,53.401948466591165,SUCCESS,SUCCESS,65.4035754053172,SUCCESS,53.401948466591165,SUCCESS,0.0,0.0
2162335,410,4,2,SAT,HTC,NG40LF,40-ft,476.28152207393873,640.9005508166963,934.9473951981151,1.3456338764223605,1.9630142087539821,-23.634849435584446,-75.77081475143885,FAILURE,FAILURE,55.58991916783873,SUCCESS,-33.428234291418704,FAILURE,446.8276949233069,238.81215379451353
2162336,410,12,2,SAT,HTC,NG40LF,40-ft,315.3303611650064,421.1072077856611,613.9003026064624,1.3354477070646034,1.9468480622619782,15.33560145644307,-18.847571384124542,FAILURE,FAILURE,53.639896049073485,SUCCESS,25.392581688692516,SUCCESS,216.03622150243564,249.5144633306882
2162337,410,11,2,SAT,HTC,NG40LF,40-ft,271.31927720437864,362.0071541188288,527.6066576711834,1.3342478199443861,1.9445970190822426,25.814334376094187,-3.547279728933218,SUCCESS,FAILURE,25.814334376094177,SUCCESS,30.993134691655023,SUCCESS,0.0,194.80793733211766
2162338,410,15,2,SAT,HTC,NG40LF,40-ft,183.29710928312304,243.80704678516418,355.0193678006252,1.3301194314449156,1.9368519732204712,46.771800215396425,27.053303581449434,SUCCESS,SUCCESS,46.77180021539641,SUCCESS,27.053303581449427,SUCCESS,0.0,0.0
2162339,410,13,2,SAT,HTC,NG40LF,40-ft,139.28602532249525,184.7069931183319,268.72572286534614,1.326098527764515,1.9293085738009488,57.25053313504754,42.35359523664076,SUCCESS,SUCCESS,57.25053313504752,SUCCESS,42.35359523664075,SUCCESS,0.0,0.0
2162340,410,1,2,SAT,HTC,NG40LF,40-ft,307.70133656853426,412.8228727261637,601.8456918497147,1.3416349676278243,1.9559411036736454,16.80445519039651,-16.710229051367858,FAILURE,FAILURE,55.52522014373349,SUCCESS,27.588304243310844,SUCCESS,218.38511433682066,249.8437277819879
2162341,410,5,3,SUN,HTC,NG40LF,40-ft,502.2867448833798,678.8858368989764,990.8130062048712,1.3515901898956126,1.972604326707679,-30.369829237407163,-85.67606492994169,FAILURE,FAILURE,60.91833355826892,SUCCESS,-16.203677526568132,FAILURE,514.8652381676135,391.8242649550267
2162342,410,9,3,SUN,HTC,NG40LF,40-ft,359.34144512563427,480.2072614524934,700.1939475417415,1.3363536768896824,1.9485477031377139,4.856868536791952,-34.147863039315865,FAILURE,FAILURE,60.935099520616866,SUCCESS,30.733349903217338,SUCCESS,316.2812227487726,365.9300409958872
2162343,410,4,3,SUN,HTC,NG40LF,40-ft,483.74567241104563,649.2230873934927,947.020271590831,1.3420752358521124,1.957682157384003,-25.11047648820793,-77.91139567213315,FAILURE,FAILURE,57.133315646373696,SUCCESS,14.72715615289226,FAILURE,463.8549876390407,522.4814322931433
2162344,410,10,3,SUN,HTC,NG40LF,40-ft,315.3303611650064,421.1072077856611,613.9003026064624,1.3354477070646034,1.9468480622619782,15.33560145644307,-18.847571384124542,FAILURE,FAILURE,54.72965669556105,SUCCESS,28.334615547530635,SUCCESS,222.18247154862547,266.1075342945352
2162345,410,6,3,SUN,HTC,NG40LF,40-ft,395.72350448978995,531.0229800598283,774.4329817202729,1.341904066943108,1.9570052648723928,-4.153010648905731,-47.31081236175051,FAILURE,FAILURE,49.79515622535819,SUCCESS,1.392316316396757,FAILURE,304.2676611708486,274.6856457447505
2162346,410,3,3,SUN,HTC,NG40LF,40-ft,377.7176433386032,509.90821247527623,744.0049477917498,1.3499719207402008,1.969738403574625,-0.4092575310773417,-41.91577088506202,FAILURE,FAILURE,55.28907912325941,SUCCESS,22.59337284298156,SUCCESS,314.13861873045937,363.83157062616567
2162347,403,21,1,MF,RTC,DS40LF,40-ft,134.85991090427638,163.93817773003013,233.8324840446131,1.2156183155600149,1.7338917286589897,60.932947210987564,48.54033970840193,SUCCESS,SUCCESS,60.93294721098756,SUCCESS,48.5403397084019,SUCCESS,0.0,0.0
2162349,430,15,1,MF,RTC,HY40LF,40-ft,88.39482304096775,113.2529239729992,165.15126552193547,1.2812167056492736,1.8683364007119956,69.91969433102851,60.7178607230611,SUCCESS,SUCCESS,69.91969433102851,SUCCESS,60.717860723061094,SUCCESS,0.0,0.0
2162364,430,11,1,MF,RTC,DS40LF,40-ft,234.90555829871556,324.5035979574071,482.9925923223306,1.3814215393948024,2.0561139371088757,32.46390107138172,4.363015545686066,SUCCESS,FAILURE,32.46390107138174,SUCCESS,48.020162317296155,SUCCESS,0.0,246.2263077918809
2162365,430,6,1,MF,RTC,HY40LF,40-ft,242.38910236859968,338.63622508034706,506.6860134001791,1.3970769385720359,2.090382811970089,29.958116120505846,0.16205436167037768,SUCCESS,FAILURE,29.958116120505863,SUCCESS,60.230876142213006,SUCCESS,0.0,338.78815484226044
2162366,430,3,1,MF,RTC,HY40LF,40-ft,348.8322073760846,486.04596927189687,725.2416492225414,1.3933517576485668,2.0790558723857755,3.821636653918999,-38.588944897613715,FAILURE,FAILURE,52.30414316819124,SUCCESS,27.895766478973353,SUCCESS,273.44133674049544,374.97377216395114
2162367,430,13,1,MF,RTC,DS40LF,40-ft,120.97890922134651,162.96122664291727,240.74353542211986,1.347021788275167,1.9899628536214402,61.106165488844454,47.31497598898585,SUCCESS,SUCCESS,61.106165488844475,SUCCESS,47.31497598898585,SUCCESS,0.0,0.0
2162368,430,2,1,MF,RTC,DS40LF,40-ft,272.9203182167909,376.5897242691232,561.0561520032883,1.3798522833685976,2.055750761501092,23.22877229270865,-9.478041135334797,SUCCESS,FAILURE,23.22877229270867,SUCCESS,53.73145041495147,SUCCESS,0.0,356.5015323436146
2162369,430,17,1,MF,RTC,DS40LF,40-ft,158.95445891380285,216.80868374774724,321.4932210555234,1.3639672974843526,2.022549246195487,51.55874401635687,32.997655841219256,SUCCESS,SUCCESS,51.558744016356904,SUCCESS,32.997655841219256,SUCCESS,0.0,0.0
2162370,430,14,1,MF,RTC,DS40LF,40-ft,128.46245329123062,177.0938537658572,264.4369564999683,1.3785650922015076,2.0584766188489088,58.60038053796859,43.11401480497016,SUCCESS,SUCCESS,58.60038053796861,SUCCESS,43.11401480497017,SUCCESS,0.0,0.0
2162371,430,9,1,MF,RTC,DS40LF,40-ft,234.90555829871556,324.5035979574071,482.9925923223306,1.3814215393948024,2.0561139371088757,32.46390107138172,4.363015545686066,SUCCESS,FAILURE,32.46390107138174,SUCCESS,49.19709880677693,SUCCESS,0.0,252.86422959255248
2162372,430,10,1,MF,RTC,DS40LF,40-ft,113.53457537708137,147.0672687268635,214.3639883918255,1.2953522593307836,1.888094333200792,63.924243133534844,51.99220063974725,SUCCESS,SUCCESS,63.924243133534866,SUCCESS,51.99220063974725,SUCCESS,0.0,0.0
2162373,430,1,1,MF,RTC,DS40LF,40-ft,75.559025684625,93.21981162203352,133.6143027584219,1.2337349612093025,1.7683433785410785,73.47166460602243,66.30952078751385,SUCCESS,SUCCESS,73.47166460602243,SUCCESS,66.30952078751385,SUCCESS,0.0,0.0
2162374,430,12,1,MF,RTC,DS40LF,40-ft,113.53457537708137,147.0672687268635,214.3639883918255,1.2953522593307836,1.888094333200792,63.924243133534844,51.99220063974725,SUCCESS,SUCCESS,63.924243133534866,SUCCESS,51.99220063974725,SUCCESS,0.0,0.0
2162375,430,4,1,MF,RTC,DS40LF,40-ft,83.04256975450913,107.35243874497347,157.30772383627033,1.292739844905201,1.8943022151326028,70.96587965514655,62.10855960349817,SUCCESS,SUCCESS,70.96587965514655,SUCCESS,62.10855960349816,SUCCESS,0.0,0.0
2162376,430,8,1,MF,RTC,DS40LF,40-ft,83.04256975450913,107.35243874497347,157.30772383627033,1.292739844905201,1.8943022151326028,70.96587965514655,62.10855960349817,SUCCESS,SUCCESS,70.96587965514655,SUCCESS,62.10855960349816,SUCCESS,0.0,0.0
2162377,430,29,2,SAT,RTC,DS40LF,40-ft,196.9300086062592,270.6561408525772,402.242906688927,1.3743773372484112,2.042567862235609,42.0113225438693,18.680335693452662,SUCCESS,FAILURE,42.011322543869326,SUCCESS,56.68781190654002,SUCCESS,0.0,214.36216584181267
2162378,430,26,2,SAT,RTC,DS40LF,40-ft,272.9203182167909,376.5897242691232,561.0561520032883,1.3798522833685976,2.055750761501092,23.22877229270865,-9.478041135334797,SUCCESS,FAILURE,23.22877229270867,SUCCESS,55.31830150817586,SUCCESS,0.0,365.4513725094002
2162379,430,31,2,SAT,RTC,DS40LF,40-ft,83.00335952889016,109.1137695380873,159.99384978871626,1.314570520487296,1.9275587240903036,70.65358696133205,61.63229613675244,SUCCESS,SUCCESS,70.65358696133205,SUCCESS,61.63229613675245,SUCCESS,0.0,0.0
2162380,430,28,2,SAT,RTC,DS40LF,40-ft,166.43800298368697,230.94131087068718,345.1866421333719,1.3875515611258706,2.0739652960580437,49.052959065481,28.79669465720357,SUCCESS,SUCCESS,49.05295906548103,SUCCESS,28.796694657203574,SUCCESS,0.0,0.0
2162381,430,25,2,SAT,RTC,HY40LF,40-ft,272.8811079911719,378.35105506223704,563.7422779557343,1.3865051261609405,2.0658897279689,22.916479598894146,-9.954304602080539,SUCCESS,FAILURE,22.916479598894156,SUCCESS,50.35281183625057,SUCCESS,0.0,340.1321367121874
2162382,430,22,2,SAT,RTC,DS40LF,40-ft,234.94476852433453,322.7422671642933,480.30646636988473,1.3736942056271626,2.0443377794136186,32.776193765196226,4.839279012431789,SUCCESS,FAILURE,32.77619376519625,SUCCESS,57.771745918748415,SUCCESS,0.0,298.5391133516259
2162383,430,21,2,SAT,RTC,DS40LF,40-ft,265.43677414690677,362.4570971461833,537.3627309254399,1.3655119879718713,2.0244471876682577,25.734557243584526,-5.277079951319128,SUCCESS,FAILURE,25.734557243584543,SUCCESS,37.14081786915429,SUCCESS,0.0,239.23694370747012
2162384,430,30,2,SAT,RTC,DS40LF,40-ft,113.53457537708137,147.0672687268635,214.3639883918255,1.2953522593307836,1.888094333200792,63.924243133534844,51.99220063974725,SUCCESS,SUCCESS,63.924243133534866,SUCCESS,51.99220063974725,SUCCESS,0.0,0.0
2162385,430,27,2,SAT,RTC,DS40LF,40-ft,121.01811944696549,161.19989584980343,238.05740946967393,1.332031075895598,1.967122035589053,61.41845818265897,47.79123945573158,SUCCESS,SUCCESS,61.41845818265899,SUCCESS,47.791239455731564,SUCCESS,0.0,0.0
2162386,430,24,2,SAT,RTC,DS40LF,40-ft,227.46122445445042,308.6096400413534,456.61304529203625,1.3567571386355264,2.0074324596958895,35.281978716072096,9.040240196447478,SUCCESS,FAILURE,35.281978716072125,SUCCESS,51.27796531792341,SUCCESS,0.0,238.2207696851243
2162387,430,23,2,SAT,RTC,DS40LF,40-ft,234.90555829871556,324.5035979574071,482.9925923223306,1.3814215393948024,2.0561139371088757,32.46390107138172,4.363015545686066,SUCCESS,FAILURE,32.46390107138174,SUCCESS,54.4729848189102,SUCCESS,0.0,282.6202267009841
2162388,430,38,3,SUN,RTC,DS40LF,40-ft,196.9300086062592,270.6561408525772,402.242906688927,1.3743773372484112,2.042567862235609,42.0113225438693,18.680335693452662,SUCCESS,FAILURE,42.011322543869326,SUCCESS,49.051295845181556,SUCCESS,0.0,171.29221525575093
2162389,430,34,3,SUN,RTC,DS40LF,40-ft,310.8958679092473,430.43718137395314,641.8058376366919,1.3845059577942054,2.0643755800062276,13.681350820221077,-23.795361283101393,FAILURE,FAILURE,52.39135955406054,SUCCESS,10.88137294134107,FAILURE,218.32444925885451,195.57678102585558
2162390,430,35,3,SUN,RTC,DS40LF,40-ft,272.8811079911719,378.35105506223704,563.7422779557343,1.3865051261609405,2.0658897279689,22.916479598894146,-9.954304602080539,SUCCESS,FAILURE,22.916479598894156,SUCCESS,31.555783621534527,SUCCESS,0.0,234.11689758118894
2162391,430,37,3,SUN,RTC,HY40LF,40-ft,151.5101250695377,200.91472583169346,295.11367402522905,1.3260811826238068,1.9478148664307582,54.37682166104727,37.67488049198067,SUCCESS,SUCCESS,54.376821661047295,SUCCESS,37.67488049198066,SUCCESS,0.0,0.0
2162392,430,36,3,SUN,RTC,HY40LF,40-ft,189.48567476199406,254.76218293652343,375.86335965863265,1.3444931035368282,1.9835977581457844,44.82940018855968,23.357560344214072,SUCCESS,SUCCESS,44.82940018855971,SUCCESS,23.35756034421406,SUCCESS,0.0,0.0
2162393,430,32,3,SUN,RTC,DS40LF,40-ft,272.9203182167909,376.5897242691232,561.0561520032883,1.3798522833685976,2.055750761501092,23.22877229270865,-9.478041135334797,SUCCESS,FAILURE,23.22877229270867,SUCCESS,4.900058766308911,FAILURE,0.0,81.0924834452706
2162394,430,33,3,SUN,RTC,DS40LF,40-ft,204.41355267614333,284.78876797551715,425.9363277667755,1.393199052837333,2.0836990609991273,39.50553759299342,14.479374509436974,SUCCESS,FAILURE,39.50553759299345,SUCCESS,48.497904176175304,SUCCESS,0.0,191.8645073204042
2162395,430,31,3,SUN,RTC,DS40LF,40-ft,227.46122445445042,308.6096400413534,456.61304529203625,1.3567571386355264,2.0074324596958895,35.281978716072096,9.040240196447478,SUCCESS,FAILURE,35.281978716072125,SUCCESS,28.635351998631116,SUCCESS,0.0,110.51643056431578
2162396,430,39,3,SUN,RTC,DS40LF,40-ft,158.99366913942183,215.0473529546334,318.80709510307753,1.352552929425498,2.005155908588505,51.87103671017138,33.473919307964984,SUCCESS,SUCCESS,51.87103671017142,SUCCESS,33.47391930796498,SUCCESS,0.0,0.0
2162397,502,77,1,MF,STC,NG40LF,40-ft,92.38114706618319,118.88853881775887,165.6251621806422,1.2869350792168168,1.7928459154332208,68.9204718408229,60.63383649279395,SUCCESS,SUCCESS,68.9204718408229,SUCCESS,60.63383649279395,SUCCESS,0.0,0.0
2162399,502,5,1,MF,STC,NG40LF,40-ft,341.4546682893336,463.40644876054836,649.613888959525,1.3571536481905064,1.9024894057359054,7.83573603536377,-25.179767546015057,FAILURE,FAILURE,31.18553886947121,SUCCESS,7.253312550790144,FAILURE,131.6928879843659,182.92257174598132
2162400,801,36,1,MF,STC,NG40LF,40-ft,92.38114706618319,118.88853881775887,165.6251621806422,1.2869350792168168,1.7928459154332208,68.9204718408229,60.63383649279395,SUCCESS,SUCCESS,68.9204718408229,SUCCESS,60.63383649279395,SUCCESS,0.0,0.0
2162401,801,41,1,MF,STC,NG40LF,40-ft,57.717626223574804,77.5885280340526,110.04704452135653,1.3442778768050152,1.9066453650584774,76.24316878828856,70.48811267351836,SUCCESS,SUCCESS,76.24316878828856,SUCCESS,70.48811267351834,SUCCESS,0.0,0.0
2162403,502,38,2,SAT,STC,NG40LF,40-ft,388.2537040851447,581.1037057739383,838.1693213699054,1.496711298977076,2.158818608942604,-13.032571945733729,-58.611581803174715,FAILURE,FAILURE,61.05786751302696,SUCCESS,32.15821508169764,SUCCESS,417.87007854741023,511.9416544306802
2162404,320,80,3,SUN,STC,NG40LF,40-ft,213.22575886864635,291.0327752414426,413.9017215084647,1.364904394223438,1.9411431512992805,38.3984441061272,16.613169945307686,SUCCESS,FAILURE,38.39844410612721,SUCCESS,37.44441449709761,SUCCESS,0.0,117.4882192720952
2162405,320,76,3,SUN,STC,NG40LF,40-ft,197.31085534344703,296.3035369104326,436.0086559135754,1.5017092516003494,2.209755034281523,37.463911895313366,12.693500724543371,SUCCESS,FAILURE,37.463911895313366,SUCCESS,55.66414133688227,SUCCESS,0.0,242.35441305359137
2162406,503,54,3,SUN,STC,NG40LF,40-ft,438.91514969839596,604.2201791646311,849.2779717816778,1.3766218358601332,1.9349479560349327,-17.13123744053742,-60.58120067051025,FAILURE,FAILURE,21.109202422621152,SUCCESS,-27.83257519546183,FAILURE,215.6760808282143,184.70224767927306
2162408,502,8,1,MF,STC,NG40LF,40-ft,302.76143069858244,445.24046040778995,642.3013449427365,1.4705983499300284,2.121476779458698,11.056655956065615,-23.88321718842845,FAILURE,FAILURE,63.75254407659459,SUCCESS,50.20455451069673,SUCCESS,297.20480899978327,417.855032383066
2162410,503,19,1,MF,STC,NG40LF,40-ft,256.28258911133497,347.2729110462073,486.0824836526539,1.3550390303546687,1.896666040943923,28.426788821594457,3.8151624729337135,SUCCESS,FAILURE,28.42678882159445,SUCCESS,28.83741340672094,SUCCESS,0.0,141.12549526655997
2162411,502,37,2,SAT,STC,NG40LF,40-ft,300.4906612344586,445.04009506369533,639.341977447594,1.4810446795098622,2.127660057124856,11.09218172629516,-23.358506639644318,FAILURE,FAILURE,55.11765477444022,SUCCESS,22.483742200106477,SUCCESS,248.30366799153808,258.5502834561945
2162412,502,34,2,SAT,STC,NG40LF,40-ft,450.2682963042691,674.5158057883796,971.5917901166147,1.4980308658741879,2.1578063525486613,-29.59500102630843,-82.26804789301679,FAILURE,FAILURE,33.767772856992664,SUCCESS,-15.89125333854443,FAILURE,357.3660447018181,374.36512128722404
2162413,502,39,2,SAT,STC,NG40LF,40-ft,412.82388753681647,617.1468781072085,888.5293369493595,1.4949398441779125,2.1523205506612517,-19.423205338157533,-67.54066257967366,FAILURE,FAILURE,43.623359290705196,SUCCESS,5.238970096273184,FAILURE,355.5826245067857,410.47712829234035
2162414,502,46,2,SAT,STC,NG40LF,40-ft,155.82630617542844,228.80010215739858,328.2909794723712,1.468302161380997,2.1067750852207388,49.432606000461256,31.792379526175324,SUCCESS,SUCCESS,49.432606000461256,SUCCESS,31.792379526175313,SUCCESS,0.0,0.0
2162415,502,48,2,SAT,STC,NG40LF,40-ft,193.27071494288106,286.16902983856966,411.35343263962636,1.4806642067999989,2.1283795258955664,39.260810312310355,17.06499421283221,SUCCESS,FAILURE,39.260810312310355,SUCCESS,45.78490476037174,SUCCESS,0.0,161.98029548812298
2162416,502,54,3,SUN,STC,NG40LF,40-ft,301.21276294940316,444.0493654731614,643.6771101297282,1.4742050141738234,2.1369516478219457,11.26784300121252,-24.127147186122023,FAILURE,FAILURE,58.50393478945317,SUCCESS,37.63339090382159,SUCCESS,266.4115576856773,348.32943482728217
2162417,502,51,3,SUN,STC,NG40LF,40-ft,311.08230545324767,471.44368112368613,682.2064392992448,1.5154950084248333,2.1930094619340963,6.410694836225867,-30.9585885282349,FAILURE,FAILURE,56.564864005536165,SUCCESS,24.889797277976243,SUCCESS,282.86951411491003,314.9848959470309
2162418,502,50,3,SUN,STC,NG40LF,40-ft,375.37947876936386,559.7779504260375,805.4668837821043,1.4912321586177317,2.1457403223605347,-9.251409650006641,-52.81327726633055,FAILURE,FAILURE,56.12001635648903,SUCCESS,21.677178585744556,SUCCESS,368.6948426766355,420.12617100570367
2162419,502,57,3,SUN,STC,NG40LF,40-ft,348.5267142207003,528.8126088048572,765.2688924665,1.517279988098683,2.195725209120994,-3.7611008519250277,-45.68597384157801,FAILURE,FAILURE,54.087591657361145,SUCCESS,20.52224813468066,SUCCESS,326.26662575237395,373.41437194609904
2162420,502,56,3,SUN,STC,NG40LF,40-ft,380.49275878014413,573.0136682444249,826.6656984759022,1.505977853774408,2.172618740830138,-11.598168128444133,-56.57193235388337,FAILURE,FAILURE,56.51257749879372,SUCCESS,21.064148461291044,SUCCESS,384.14460533762133,437.86749579758373
2162421,502,65,3,SUN,STC,NG40LF,40-ft,337.93507000191124,502.4090227448664,722.4044306148492,1.4867028235395188,2.137701868618618,0.9203860381442633,-38.08589195298744,FAILURE,FAILURE,51.264707459411575,SUCCESS,7.263398369678378,FAILURE,283.94197281594757,255.76999741983522
2162423,503,23,1,MF,STC,NG40LF,40-ft,189.88316573602287,259.964361758847,365.44600365189143,1.3690753508936733,1.924583478663598,43.907028056942025,25.204609281579536,SUCCESS,SUCCESS,43.907028056942025,SUCCESS,25.204609281579526,SUCCESS,0.0,0.0
2162424,502,48,1,MF,STC,NG40LF,40-ft,109.40604856209767,140.9415377823739,194.6464354251941,1.2882426486902783,1.7791195092354966,65.01036564142308,55.488220669291834,SUCCESS,SUCCESS,65.01036564142308,SUCCESS,55.488220669291834,SUCCESS,0.0,0.0
2162425,801,11,1,MF,STC,NG40LF,40-ft,82.35118913474722,109.7487280059364,154.1145147653812,1.3326914785208497,1.8714303507288905,70.54100567270632,62.674731424577814,SUCCESS,SUCCESS,70.54100567270632,SUCCESS,62.6747314245778,SUCCESS,0.0,0.0
2162427,503,41,2,SAT,STC,NG40LF,40-ft,189.88316573602287,259.9643617588471,365.4460036518915,1.3690753508936735,1.9245834786635982,43.90702805694201,25.204609281579526,SUCCESS,SUCCESS,43.907028056942025,SUCCESS,25.204609281579533,SUCCESS,0.0,0.0
2162428,503,40,2,SAT,STC,NG40LF,40-ft,229.47908081765485,322.5308957118322,454.43951182486984,1.4054914921335107,1.9803090992244718,32.813670973079404,9.425618470767763,SUCCESS,FAILURE,32.813670973079404,SUCCESS,35.672956036108324,SUCCESS,0.0,148.03498386852073
2162429,503,31,2,SAT,STC,NG40LF,40-ft,327.6128453963806,451.6215113844917,632.1677961319706,1.3785219893868093,1.929618465866646,9.92526393891991,-22.086488675881306,FAILURE,FAILURE,51.99331857306368,SUCCESS,31.96159229590632,SUCCESS,237.26382813657085,304.83117668088227
2162430,503,35,2,SAT,STC,DS40LF,40-ft,412.478926476379,575.0159881086649,810.5810335713169,1.3940493712509547,1.9651453238974999,-11.953189380968958,-53.720041413354046,FAILURE,FAILURE,40.297139296382625,SUCCESS,11.465404508405674,FAILURE,294.6918537402629,367.64591499872506
2162431,503,37,2,SAT,STC,NG40LF,40-ft,301.1011171339221,412.63649683120633,579.988263563312,1.3704249946295486,1.9262242169143065,16.83750056184285,-12.834798504133326,FAILURE,FAILURE,38.384595167267534,SUCCESS,21.62625415215434,SUCCESS,121.52561357459521,194.36033698146255
2162432,503,33,2,SAT,STC,NG40LF,40-ft,364.69688254035316,504.25065045248624,711.7615273470046,1.382656870933608,1.9516523486274915,0.5938563027506705,-36.19885236649018,FAILURE,FAILURE,56.058363919578284,SUCCESS,-20.46021769473961,FAILURE,312.8198229589078,88.76589954867316
2162434,503,30,2,SAT,STC,NG40LF,40-ft,466.19133626375964,654.8979388371192,928.2455479313123,1.404783589686004,1.9911256939492623,-26.116655822184253,-74.58254395945254,FAILURE,FAILURE,7.2104478236064455,FAILURE,-43.46095200718628,FAILURE,187.9648645622597,175.52577861078186
2162435,503,50,3,SUN,STC,NG40LF,40-ft,434.56456939315933,594.5086366255547,833.6642121608021,1.3680559311490734,1.9183897420007319,-15.409332735027423,-57.81280357461029,FAILURE,FAILURE,21.370092912342606,SUCCESS,-33.030396710742245,FAILURE,207.4359606511669,139.7727747122159
2162436,503,51,3,SUN,STC,NG40LF,40-ft,434.56456939315933,594.5086366255547,833.6642121608022,1.3680559311490734,1.918389742000732,-15.409332735027423,-57.812803574610314,FAILURE,FAILURE,30.316017469066765,SUCCESS,-22.748123719217528,FAILURE,257.89097515109114,197.76479438441535
2162437,503,56,3,SUN,STC,DS40LF,40-ft,373.7930303396574,525.9420713912168,740.8522499762521,1.4070408720925187,1.9819851892451184,-3.25214031759163,-41.356781910683,FAILURE,FAILURE,48.34960599363395,SUCCESS,17.31764646017961,FAILURE,291.03384919531214,330.92377601166527
2162438,503,60,3,SUN,STC,NG40LF,40-ft,233.75021854577568,328.5992982624512,469.1599429611132,1.405771084650777,2.0070994837133673,31.737713074033476,6.815612950157241,SUCCESS,FAILURE,31.73771307403347,SUCCESS,35.554170328715,SUCCESS,0.0,162.08546361506578
2162439,503,55,3,SUN,STC,NG40LF,40-ft,468.53260015298116,638.3331865255174,894.8332025175681,1.362409331425592,1.909863267199326,-23.17964300097825,-68.65836924070356,FAILURE,FAILURE,9.46404402345164,FAILURE,-48.3458263084793,FAILURE,184.1103948177846,114.56274213774486
2162441,503,58,3,SUN,STC,NG40LF,40-ft,372.82013209043345,508.27518065741145,713.5693686262555,1.3633254669147568,1.9139775650665987,-0.1197128825197573,-36.519391600399906,FAILURE,FAILURE,35.921277121413674,SUCCESS,-10.707295897560519,FAILURE,203.27118362218457,145.5802197640143
2162442,801,26,1,MF,STC,NG40LF,40-ft,76.47115583034531,96.02778421602008,135.70450379603574,1.2557386268498678,1.7745841856647526,72.97379712481913,65.93891776666034,SUCCESS,SUCCESS,72.97379712481913,SUCCESS,65.93891776666032,SUCCESS,0.0,0.0
2162443,801,18,1,MF,STC,NG40LF,40-ft,104.12174679234056,143.05485835703317,206.25002635722365,1.3739191164583557,1.9808544584693415,64.63566341187355,53.43084639056319,SUCCESS,SUCCESS,64.63566341187355,SUCCESS,53.43084639056318,SUCCESS,0.0,0.0
2162444,502,45,1,MF,STC,NG40LF,40-ft,100.57286036745528,136.91709374773617,198.88428310038043,1.361372175828477,1.977514434547574,65.72391954827373,54.7368292375212,SUCCESS,SUCCESS,65.72391954827373,SUCCESS,54.7368292375212,SUCCESS,0.0,0.0
2162445,801,5,1,MF,STC,NG40LF,40-ft,122.33500334901699,169.82408594732766,248.47718607844882,1.388188836377649,2.031120932490214,59.889346463239775,45.94376133360837,SUCCESS,SUCCESS,59.889346463239775,SUCCESS,45.94376133360836,SUCCESS,0.0,0.0
2162446,320,41,2,SAT,STC,NG40LF,40-ft,424.2586671541777,609.90831853263,904.224647086508,1.4375859958825221,2.131305067146473,-18.1397727894734,-70.32351898696949,FAILURE,FAILURE,-18.139772789473422,FAILURE,-70.32351898696956,FAILURE,0.0,0.0
2162447,320,39,2,SAT,STC,NG40LF,40-ft,425.97897399510214,612.5674580561322,908.3722685523537,1.438022755703373,2.132434519086846,-18.61125142839223,-71.0589128638925,FAILURE,FAILURE,-18.61125142839223,FAILURE,-71.05891286389256,FAILURE,0.0,0.0
2162448,320,25,2,SAT,STC,NG40LF,40-ft,357.97600147258004,512.0902908872702,758.01645643341,1.4305157015574264,2.1175063504682226,-0.7961508665372579,-44.40008092790957,FAILURE,FAILURE,-0.7961508665372548,FAILURE,-44.40008092790963,FAILURE,0.0,0.0
2162449,320,26,2,SAT,STC,NG40LF,40-ft,353.5391510538187,507.67496079368044,752.2917317828258,1.4359794644537058,2.1278880416508823,-0.013290920865322376,-43.38505882674215,FAILURE,FAILURE,-0.013290920865329932,FAILURE,-43.38505882674218,FAILURE,0.0,0.0
2162450,320,80,2,SAT,STC,NG40LF,40-ft,168.57583288997733,237.3942609165982,349.24009521932425,1.4082342459582322,2.071709148530556,47.90881898641876,28.07799730153826,SUCCESS,SUCCESS,47.90881898641876,SUCCESS,28.07799730153825,SUCCESS,0.0,0.0
2162451,320,42,3,SUN,STC,NG40LF,40-ft,470.4994966951381,677.4784935019005,1004.9875562273833,1.4399133224596736,2.1360013417369683,-30.120300266294414,-88.18928301903958,FAILURE,FAILURE,-30.120300266294436,FAILURE,-88.18928301903968,FAILURE,0.0,0.0
2162452,320,41,3,SUN,STC,NG40LF,40-ft,472.2198035360625,680.1376330254027,1009.135177693229,1.4402988352720831,2.1370030865640377,-30.59177890521324,-88.92467689596259,FAILURE,FAILURE,-30.591778905213253,FAILURE,-88.92467689596269,FAILURE,0.0,0.0
2162453,320,52,3,SUN,STC,NG40LF,40-ft,378.01783761321735,542.3381435633595,803.4617379456326,1.4346892913510405,2.125459854007534,-6.159245312652389,-52.45775495489941,FAILURE,FAILURE,-6.159245312652401,FAILURE,-52.45775495489945,FAILURE,0.0,0.0
2162454,320,50,3,SUN,STC,NG40LF,40-ft,379.7381444541418,544.9972830868617,807.6093594114784,1.435192358329641,2.1267533199025457,-6.630723951571214,-53.19314883182241,FAILURE,FAILURE,-6.630723951571205,FAILURE,-53.193148831822455,FAILURE,0.0,0.0
2162478,601,8,1,MF,RTC,DS40SD,40-ft,551.4077923761812,647.9596080909008,877.2807317178281,1.175100564499912,1.590983558533627,-24.886455335266096,-65.5462290279837,FAILURE,FAILURE,21.535272196267535,SUCCESS,-28.60261244753221,FAILURE,261.8185432778497,208.3619975137461
2162480,601,43,1,MF,RTC,DS40SD,40-ft,260.1135596630884,316.6680704712905,434.3388474552407,1.2174223861357103,1.669804711518374,33.853178994452044,12.989566054035345,SUCCESS,FAILURE,33.853178994452044,SUCCESS,22.278776334374086,SUCCESS,0.0,52.39114598111047
2162481,601,51,1,MF,RTC,DS40SD,40-ft,165.898125706505,175.48828608404457,226.73151491885508,1.0578075269789713,1.3666912386941137,58.88505565885735,49.79937678743705,SUCCESS,SUCCESS,58.885055658857354,SUCCESS,49.79937678743704,SUCCESS,0.0,0.0
2162482,601,44,1,MF,RTC,DS40SD,40-ft,179.1124350900338,212.16164796363336,288.22265084595693,1.1845165739441084,1.609171639596531,52.382686531270686,38.89669311241899,SUCCESS,SUCCESS,52.38268653127069,SUCCESS,38.89669311241899,SUCCESS,0.0,0.0
2162483,601,32,1,MF,RTC,DS40SD,40-ft,128.79446220724975,144.54194898617362,191.9163475177285,1.1222683530723843,1.4900978212006204,64.37199486060751,55.9722788089134,SUCCESS,SUCCESS,64.37199486060753,SUCCESS,55.97227880891341,SUCCESS,0.0,0.0
2162484,601,4,1,MF,RTC,DS40SD,40-ft,423.4876451070864,517.1872618475654,711.665614747585,1.2212570256135464,1.680487312841506,-1.6998691219087592,-36.181846586451236,FAILURE,FAILURE,26.198946387639445,SUCCESS,-17.199526734535496,FAILURE,157.34931947385172,107.06028396480463
2162485,601,47,1,MF,RTC,DS40SD,40-ft,115.00156305180721,134.91562350734958,182.35142654936374,1.1731633894973346,1.585643027018824,66.07879015827136,57.66818678202771,SUCCESS,SUCCESS,66.07879015827136,SUCCESS,57.66818678202772,SUCCESS,0.0,0.0
2162486,601,35,1,MF,RTC,DS40HF,40-ft,117.71583258644841,138.91412832850017,188.9801572348456,1.1800802430419384,1.605392860778196,65.3698354027482,56.49287992289972,SUCCESS,SUCCESS,65.3698354027482,SUCCESS,56.49287992289971,SUCCESS,0.0,0.0
2162487,601,33,1,MF,RTC,DS40SD,40-ft,137.24358397238174,158.6169236815644,213.50121013245487,1.1557328881289177,1.555637093938168,61.87643197135383,52.14517550843,SUCCESS,SUCCESS,61.87643197135385,SUCCESS,52.145175508429986,SUCCESS,0.0,0.0
2162488,601,12,1,MF,RTC,DS40SD,40-ft,121.08434808202324,142.54988309450005,193.42396744174533,1.1772775371259043,1.597431629319413,64.72519803289006,55.70497031174728,SUCCESS,SUCCESS,64.72519803289003,SUCCESS,55.7049703117473,SUCCESS,0.0,0.0
2162489,601,26,1,MF,RTC,DS40SD,40-ft,43.80235425584568,49.269127871907735,65.43138834659486,1.1248054747041931,1.4937870225973677,81.2643390298036,78.398690009469,SUCCESS,SUCCESS,81.2643390298036,SUCCESS,78.39869000946901,SUCCESS,0.0,0.0
2162490,601,20,1,MF,RTC,DS40SD,40-ft,98.07925564299899,109.07620390737486,145.54114552464543,1.112123080383113,1.4839136428033681,70.6602475341534,64.19483235378627,SUCCESS,SUCCESS,70.6602475341534,SUCCESS,64.19483235378628,SUCCESS,0.0,0.0
2162491,601,19,1,MF,RTC,DS40SD,40-ft,100.82287840855182,107.5777454338664,140.20021044808806,1.0669973634153023,1.3905594906740557,70.92593166066199,65.14180665814042,SUCCESS,SUCCESS,70.925931660662,SUCCESS,65.14180665814042,SUCCESS,0.0,0.0
2162492,601,11,1,MF,RTC,DS40HF,40-ft,109.27896202349018,120.09403864659927,158.2142506224642,1.09896760019357,1.4478015502055654,68.70673073641856,61.94782790381841,SUCCESS,SUCCESS,68.70673073641858,SUCCESS,61.9478279038184,SUCCESS,0.0,0.0
2162493,601,1,1,MF,RTC,DS40SD,40-ft,166.7421339039736,185.12326671897694,247.59531918381487,1.110236881252755,1.4848995475037186,57.17672575904664,46.10012071208956,SUCCESS,SUCCESS,57.176725759046654,SUCCESS,46.10012071208956,SUCCESS,0.0,0.0
2162494,601,49,1,MF,RTC,DS40HF,40-ft,109.42703024049891,126.36111688688837,171.5947476552712,1.1547523185923232,1.568120301520931,67.59554665126095,59.57539935190227,SUCCESS,SUCCESS,67.59554665126095,SUCCESS,59.57539935190227,SUCCESS,0.0,0.0
2162495,601,45,1,MF,RTC,DS40SD,40-ft,95.65570575867692,105.58395928801271,139.7860191492346,1.1037915454242018,1.4613453326233456,71.27943984255094,65.21524483169601,SUCCESS,SUCCESS,71.27943984255096,SUCCESS,65.215244831696,SUCCESS,0.0,0.0
2162496,601,23,1,MF,RTC,DS40SD,40-ft,114.31624039314468,132.49902390364787,178.07766166566978,1.1590568710794793,1.5577634555968896,66.50726526531066,58.42594651317911,SUCCESS,SUCCESS,66.50726526531066,SUCCESS,58.425946513179106,SUCCESS,0.0,0.0
2162497,601,27,1,MF,RTC,DS40SD,40-ft,77.3155142591516,88.03874962910824,118.07678060089697,1.138694484188694,1.5272068191271273,74.39029261895244,69.06440060267785,SUCCESS,SUCCESS,74.39029261895244,SUCCESS,69.06440060267785,SUCCESS,0.0,0.0
2162498,601,21,2,SAT,RTC,DS40SD,40-ft,461.43103808560187,569.0815269920747,782.9657875736835,1.2332970260368619,1.6968208095018362,-10.90097996313381,-48.823721201007714,FAILURE,FAILURE,53.9017675694788,SUCCESS,17.930227938845874,FAILURE,365.4874960839352,376.4922731487742
2162499,601,22,2,SAT,RTC,DS40SD,40-ft,545.6249096304768,674.7938078671814,929.666830296022,1.2367357060809117,1.7038570158492885,-29.644292175032156,-74.8345443787273,FAILURE,FAILURE,40.821137295410345,SUCCESS,-42.88678557655187,FAILURE,397.42502221329585,180.18535964426934
2162500,601,27,2,SAT,RTC,DS40SD,40-ft,264.163506325071,324.2843477913392,445.81404876640573,1.2275895043287526,1.6876443493970037,32.502775214301565,10.954955892481257,SUCCESS,FAILURE,32.50277521430154,SUCCESS,37.6912519287198,SUCCESS,0.0,150.79270964438547
2162501,601,23,2,SAT,RTC,DS40SD,40-ft,362.84000844140473,446.35218809785715,613.8076957454064,1.2301625446851427,1.691675894237916,10.859541117401218,-18.831151727908928,FAILURE,FAILURE,46.44328555959084,SUCCESS,17.930806762461213,FAILURE,200.69231865394948,207.33744588568754
2162502,601,25,2,SAT,RTC,DS40SD,40-ft,339.5744372928871,416.7871138125252,572.3930312066065,1.2273807096175535,1.6856187284583806,16.10157556515511,-11.488126100462132,FAILURE,FAILURE,54.765458268700826,SUCCESS,29.218778429442022,SUCCESS,218.06429844799783,229.5869415486594
2162503,601,24,2,SAT,RTC,DS40SD,40-ft,568.8664936650009,704.1029837628718,972.2459396840985,1.2377297513632612,1.7090933470527854,-34.840954567885056,-82.38403185888271,FAILURE,FAILURE,49.71486898837701,SUCCESS,-40.63881381206439,FAILURE,476.8948448573183,235.44302978405514
2162504,601,26,2,SAT,RTC,DS40SD,40-ft,507.907450589572,628.4144756617676,866.95956150056,1.237261778562832,1.7069242841273644,-21.421006323008434,-63.71623430860992,FAILURE,FAILURE,51.59044045632696,SUCCESS,17.9016961026007,FAILURE,411.78455983545183,460.32512751922786
2162505,601,28,2,SAT,RTC,DS40SD,40-ft,142.30690553235638,171.98993461178966,235.2412923993287,1.2085846007851266,1.653056058799914,59.50533074259049,48.290550993026834,SUCCESS,SUCCESS,59.50533074259048,SUCCESS,48.29055099302682,SUCCESS,0.0,0.0
2162506,601,29,2,SAT,RTC,DS40SD,40-ft,203.2352059287137,248.13714120156442,340.5276705828672,1.2209358121181053,1.6755348514878365,46.00405297844603,29.622753442754046,SUCCESS,SUCCESS,46.00405297844601,SUCCESS,29.622753442754036,SUCCESS,0.0,0.0
2162507,601,47,3,SUN,RTC,DS40SD,40-ft,240.98340764869002,294.0577749183076,403.2349393783292,1.2202407534505046,1.6732892248173883,37.862096645690144,18.50444337263667,SUCCESS,FAILURE,37.862096645690144,SUCCESS,44.733518313786746,SUCCESS,0.0,147.9319826680865
2162508,601,45,3,SUN,RTC,DS40SD,40-ft,362.84000844140473,446.35218809785715,613.8076957454064,1.2301625446851427,1.691675894237916,10.859541117401218,-18.831151727908928,FAILURE,FAILURE,55.137669991970824,SUCCESS,33.07763244761584,SUCCESS,249.72864685257258,292.76554274995965
2162509,601,44,3,SUN,RTC,DS40SD,40-ft,400.5027376892445,492.9343204023,677.679409390145,1.2307888910981037,1.6920718527421543,2.6002978010106443,-30.155923650734923,FAILURE,FAILURE,49.8103140703891,SUCCESS,23.29828728894832,SUCCESS,266.26449175929446,301.4817496998134
2162510,601,46,3,SUN,RTC,DS40SD,40-ft,507.9381932686436,627.955777173097,866.95956150056,1.2362838343226874,1.706820973476262,-21.339676803740595,-63.71623430860992,FAILURE,FAILURE,62.58875140366158,SUCCESS,45.391788291937374,SUCCESS,473.3563350897484,615.3692474670866
2162511,601,41,3,SUN,RTC,DS40SD,40-ft,423.7683088377621,522.4993946876318,719.0940739289449,1.232983646466278,1.6969038480039975,-2.6417366467432264,-37.49894927818171,FAILURE,FAILURE,47.56467521131513,SUCCESS,17.88808615881101,FAILURE,283.16416287944924,312.3828798646389
2162512,601,42,3,SUN,RTC,DS40SD,40-ft,606.5839527059057,750.4823159682855,1034.9532084795605,1.2372274482707046,1.7061994532871265,-43.064240419908785,-93.50234192900008,FAILURE,FAILURE,50.47938231005358,SUCCESS,-22.724729248059557,FAILURE,527.5860321969878,399.1857355205045
2162513,601,43,3,SUN,RTC,DS40SD,40-ft,386.0201071177857,476.57876097088877,656.3868051334829,1.2345956912173777,1.7003953758636738,5.500219686012634,-26.380639208064338,FAILURE,FAILURE,55.35542220316027,SUCCESS,36.3165866663446,SUCCESS,281.18334219671283,353.61235393166635
2162514,601,48,3,SUN,RTC,DS40SD,40-ft,264.163506325071,324.2843477913392,445.81404876640573,1.2275895043287526,1.6876443493970037,32.502775214301565,10.954955892481257,SUCCESS,FAILURE,32.50277521430154,SUCCESS,40.09615347721459,SUCCESS,0.0,164.35635437789597
2162515,601,49,3,SUN,RTC,DS40HF,40-ft,203.2352059287137,248.13714120156442,340.5276705828672,1.2209358121181053,1.6755348514878365,46.00405297844603,29.622753442754046,SUCCESS,SUCCESS,46.00405297844601,SUCCESS,29.622753442754036,SUCCESS,0.0,0.0
2162516,601,17,1,MF,RTC,DS40SD,40-ft,108.39628077939605,119.08125576070732,155.69899493753832,1.0985732619651123,1.4363868743283816,68.88630217008736,62.39379522384073,SUCCESS,SUCCESS,68.88630217008736,SUCCESS,62.39379522384072,SUCCESS,0.0,0.0
2162517,601,46,1,MF,RTC,DS40SD,40-ft,111.018962092342,123.3487816091725,164.4354706339029,1.1110604826820032,1.4811476123973377,68.12964865085593,60.84477471030091,SUCCESS,SUCCESS,68.12964865085596,SUCCESS,60.84477471030091,SUCCESS,0.0,0.0
2162518,601,24,1,MF,RTC,DS40SD,40-ft,57.436324385091105,63.15249122628679,84.57785055035724,1.099521807887126,1.4725498446469414,78.80274978257327,75.00392720738347,SUCCESS,SUCCESS,78.80274978257327,SUCCESS,75.00392720738347,SUCCESS,0.0,0.0
2162545,620,46,2,SAT,RTC,DS40LF,40-ft,468.7251685732346,482.74792939545,614.9280804187554,1.0299168078917111,1.3119160686219429,4.406395497260642,-19.029801492687117,FAILURE,FAILURE,63.974476795237734,SUCCESS,53.28909465541854,SUCCESS,335.96397852059073,407.87857427531605
2162546,620,44,2,SAT,RTC,DS40LF,40-ft,470.6646496675793,487.28650584539434,622.1114781868035,1.035315709793703,1.321772261048685,3.6016833607456875,-20.30345357922048,FAILURE,FAILURE,68.7835647338411,SUCCESS,62.9389483004662,SUCCESS,367.62581094425803,469.4871466014331
2162547,620,41,2,SAT,RTC,DS40LF,40-ft,470.6646496675793,487.28650584539434,622.1114781868035,1.035315709793703,1.321772261048685,3.6016833607456875,-20.30345357922048,FAILURE,FAILURE,64.81255207546488,SUCCESS,61.64962386936716,SUCCESS,345.22929955101614,462.21535681003456
2162548,620,45,2,SAT,RTC,DS40LF,40-ft,358.0897155142601,370.4459021367675,472.7917827595998,1.0345058405398837,1.3203165639108447,24.318102458019954,6.171669723475215,SUCCESS,FAILURE,24.318102458019965,SUCCESS,72.46485059915344,SUCCESS,0.0,373.89354013882536
2162549,620,43,2,SAT,RTC,DS40LF,40-ft,245.51478136094093,253.60529842814057,323.47208733239603,1.032953278911975,1.3175259165225046,45.034521555294226,32.646793026170926,SUCCESS,SUCCESS,45.03452155529424,SUCCESS,32.6467930261709,SUCCESS,0.0,0.0
2162550,620,42,2,SAT,RTC,DS40LF,40-ft,245.51478136094093,253.60529842814057,323.47208733239603,1.032953278911975,1.3175259165225046,45.034521555294226,32.646793026170926,SUCCESS,SUCCESS,45.03452155529424,SUCCESS,32.6467930261709,SUCCESS,0.0,0.0
2162551,620,45,3,SUN,RTC,DS40LF,40-ft,470.6646496675793,487.28650584539434,622.1114781868035,1.035315709793703,1.321772261048685,3.6016833607456875,-20.30345357922048,FAILURE,FAILURE,63.95312054444262,SUCCESS,71.87676870501724,SUCCESS,340.3821057160506,519.896453683101
2162552,620,44,3,SUN,RTC,DS40LF,40-ft,470.6646496675793,487.28650584539434,622.1114781868035,1.035315709793703,1.321772261048685,3.6016833607456875,-20.30345357922048,FAILURE,FAILURE,72.06021077449152,SUCCESS,72.85722768402843,SUCCESS,386.10609461352635,525.4262423247242
2162554,620,46,3,SUN,RTC,DS40LF,40-ft,358.0897155142601,370.4459021367675,472.7917827595998,1.0345058405398837,1.3203165639108447,24.318102458019954,6.171669723475215,SUCCESS,FAILURE,24.318102458019965,SUCCESS,73.84271068308847,SUCCESS,0.0,381.6646710122189
2162555,620,43,3,SUN,RTC,DS40LF,40-ft,470.6646496675793,487.28650584539434,622.1114781868035,1.035315709793703,1.321772261048685,3.6016833607456875,-20.30345357922048,FAILURE,FAILURE,64.56512216957402,SUCCESS,71.27475047823144,SUCCESS,343.8337948817917,516.5010708840291
2162556,620,41,1,MF,RTC,DS40LF,40-ft,165.951222766166,205.72491326541777,289.7801626999827,1.2396709697963177,1.7461767251230091,53.5239515486848,38.62053852837186,SUCCESS,SUCCESS,53.5239515486848,SUCCESS,38.62053852837188,SUCCESS,0.0,0.0
2162557,620,28,1,MF,RTC,DS40LF,40-ft,552.4535503504817,692.250690779808,974.458736839738,1.2530477726872018,1.763874512565866,-32.739484180817016,-82.77637178009539,FAILURE,FAILURE,50.02970219821978,SUCCESS,-9.755338319983613,FAILURE,466.8182111777674,411.83862871502987
2162558,620,47,1,MF,RTC,DS40LF,40-ft,300.7784216646654,369.8566497616155,518.5655577078168,1.2296648400328551,1.724078325957704,24.42257982950081,-1.9442478205348834,SUCCESS,FAILURE,24.422579829500826,SUCCESS,37.48036971146169,SUCCESS,0.0,222.35484288046075
2162559,620,23,1,MF,RTC,DS40LF,40-ft,533.7243279111692,665.336833982029,937.2437633621606,1.2465926681400306,1.7560446739054238,-27.967523755678904,-76.17797222733344,FAILURE,FAILURE,50.20172506336468,SUCCESS,25.54416953296867,SUCCESS,440.8745633394054,573.7128795281035
2162560,620,24,1,MF,RTC,DS40LF,40-ft,518.2334748489556,647.9795755992518,911.4977947286296,1.2503622537855397,1.7588554946094421,-24.889995673626203,-71.61308417174284,FAILURE,FAILURE,58.72340421789688,SUCCESS,39.2509672058287,SUCCESS,471.5795753881901,625.2732497695031
2162561,620,27,1,MF,RTC,HY40LF,40-ft,151.75589373548607,180.37043275914877,250.6237154118184,1.1885563606085605,1.6514924675588625,58.01942681575376,45.56317102627334,SUCCESS,SUCCESS,58.01942681575378,SUCCESS,45.56317102627334,SUCCESS,0.0,0.0
2162562,620,33,1,MF,RTC,DS40LF,40-ft,108.41424806672592,124.99143303451896,171.60912229833616,1.1529059626700566,1.582901928100037,67.83839839813494,59.57285065632338,SUCCESS,SUCCESS,67.83839839813496,SUCCESS,59.57285065632338,SUCCESS,0.0,0.0
2162563,620,32,1,MF,RTC,DS40LF,40-ft,102.09106635200271,117.38051978959273,161.49079338867165,1.1497628929143817,1.5818308022355543,69.18785110113605,61.366880604845456,SUCCESS,SUCCESS,69.18785110113606,SUCCESS,61.366880604845456,SUCCESS,0.0,0.0
2162564,620,31,1,MF,RTC,DS40LF,40-ft,102.09106635200271,117.38051978959273,161.49079338867165,1.1497628929143817,1.5818308022355543,69.18785110113605,61.366880604845456,SUCCESS,SUCCESS,69.18785110113606,SUCCESS,61.366880604845456,SUCCESS,0.0,0.0
2162565,620,26,1,MF,RTC,DS40LF,40-ft,120.81049491929664,143.9529254738882,198.43441854345514,1.1915597694558828,1.6425263275017004,64.47643165356594,54.8165924568342,SUCCESS,SUCCESS,64.47643165356591,SUCCESS,54.8165924568342,SUCCESS,0.0,0.0
2162566,620,29,1,MF,RTC,HY40LF,40-ft,102.09106635200271,117.38051978959273,161.49079338867165,1.1497628929143817,1.5818308022355543,69.18785110113605,61.366880604845456,SUCCESS,SUCCESS,69.18785110113606,SUCCESS,61.366880604845456,SUCCESS,0.0,0.0
2162567,620,25,1,MF,RTC,DS40LF,40-ft,108.89628204615877,132.75524948755225,186.42291101829485,1.219098090339578,1.7119309081578582,66.46183519724251,56.94629237264277,SUCCESS,SUCCESS,66.46183519724252,SUCCESS,56.94629237264277,SUCCESS,0.0,0.0
2162568,312,55,2,SAT,STC,NG40LF,40-ft,563.281019309466,684.6968383145697,973.295371629972,1.2155510568311871,1.7279037252544889,-31.400148637335057,-82.57010135283191,FAILURE,FAILURE,34.618053960352384,SUCCESS,-23.379436147814296,FAILURE,372.34266265095704,333.83535175629925
2162570,701,54,1,MF,PCT,NG40LF,40-ft,86.89649460481523,108.69534725505477,152.62498269925027,1.2508599771414899,1.7563997649543022,70.72777530938745,62.93883285474286,SUCCESS,SUCCESS,70.72777530938747,SUCCESS,62.93883285474288,SUCCESS,0.0,0.0
2162571,701,4,1,MF,PCT,NG40LF,40-ft,539.6728017459578,705.4680100965869,1005.0887590741006,1.3072143117352697,1.8624039525846436,-35.08298051357924,-88.20722678618804,FAILURE,FAILURE,45.93510565809109,SUCCESS,-40.972729657210685,FAILURE,456.9420060082207,266.4025638074321
2162572,701,12,1,MF,PCT,NG40LF,40-ft,460.2072534339588,604.985388082163,863.7213647079851,1.3145933349983159,1.8768095423596618,-17.266912780525352,-63.14208594113211,FAILURE,FAILURE,43.098476787867426,SUCCESS,-23.510551304883524,FAILURE,340.46079716573524,223.52185534844187
2162577,701,37,2,SAT,PCT,NG40LF,40-ft,321.0614764632056,412.66052954411293,583.2695874246785,1.2853006660592143,1.816691288690073,16.83323944253317,-13.416593515013922,FAILURE,FAILURE,61.965413991384764,SUCCESS,55.80028064351279,SUCCESS,254.54546445552313,390.38317025409066
2162579,701,31,2,SAT,PCT,NG40LF,40-ft,501.5499088273104,668.674195656911,959.4933214187871,1.3332156658553864,1.9130565164735223,-28.559254549097695,-80.12292932957217,FAILURE,FAILURE,40.922387712402866,SUCCESS,-27.2382137877143,FAILURE,391.87646235486307,298.2697956560783
2162581,701,34,2,SAT,PCT,NG40LF,40-ft,536.5555456644063,728.4641546831294,1043.7627230032526,1.3576677392851964,1.9453022738042556,-39.16031111403004,-95.06431258922919,FAILURE,FAILURE,39.332919832624654,SUCCESS,7.520189738363495,FAILURE,442.7018225391325,578.5765931276227
2162582,701,53,3,SUN,PCT,NG40LF,40-ft,398.5758300604723,531.190714333134,755.8268778747239,1.3327218417949258,1.8963188956040038,-4.182750768286166,-44.01185777920636,FAILURE,FAILURE,51.49635703439376,SUCCESS,21.50936405738549,SUCCESS,314.030168007115,369.5396911583779
2162583,701,56,3,SUN,PCT,NG40LF,40-ft,460.62555375349444,605.4893875794448,865.45176103619,1.3144936980710256,1.8788618086510673,-17.356274393518582,-63.4488938007429,FAILURE,FAILURE,36.748084084422175,SUCCESS,-18.842831026715444,FAILURE,305.14858181558577,251.5781940455147
2162584,701,54,3,SUN,PCT,NG40LF,40-ft,467.4621512697496,626.3075738432291,895.1135258435241,1.3398038154362095,1.9148363635690322,-21.047442170785295,-68.70807195807164,FAILURE,FAILURE,45.407855537723464,SUCCESS,-1.712375017332521,FAILURE,374.8078790759893,377.8557307457686
2162585,701,51,3,SUN,PCT,NG40LF,40-ft,351.56786025098984,473.5356994257345,679.0887446956257,1.3469254529912658,1.9316007561408302,6.039769605366229,-30.405805797096747,FAILURE,FAILURE,44.53317633266005,SUCCESS,6.388415730495761,FAILURE,217.10281394193697,207.5194094156217
2162586,701,57,3,SUN,PCT,NG40LF,40-ft,441.1638812173461,573.7740296316356,817.3063074883926,1.300591580725887,1.8526138296569528,-11.732983977240348,-54.91246586673627,FAILURE,FAILURE,32.02637608377251,SUCCESS,-29.795758901836738,FAILURE,246.80279074411263,141.65822728203324
2162587,701,52,3,SUN,PCT,NG40LF,40-ft,428.830720930163,575.3836157040641,823.1052654608912,1.341749990429832,1.9194176752904268,-12.018371578734772,-55.94064990441334,FAILURE,FAILURE,29.644207460906518,SUCCESS,-26.581676788530768,FAILURE,234.9769457835768,165.58460837357768
2162588,701,58,3,SUN,PCT,NG40LF,40-ft,273.63520633418756,354.50151513943155,504.80105791737566,1.29552596644484,1.8447957215741746,27.145121429178808,0.49626632670644766,SUCCESS,FAILURE,27.145121429178808,SUCCESS,16.59282028665457,FAILURE,0.0,90.78456433410736
2162589,701,55,3,SUN,PCT,NG40LF,40-ft,490.421865260874,641.8532362522761,915.1917334818795,1.308777772195883,1.8661315865169559,-23.803765292956758,-72.26803785139707,FAILURE,FAILURE,44.485723744327096,SUCCESS,-27.445859327755713,FAILURE,385.15271817028076,252.7970868733371
2162639,701,53,1,MF,PCT,NG40LF,40-ft,102.26968178077742,114.89166954981076,157.43331077013093,1.1234186666982058,1.539393767818705,69.62913660464348,62.08629241664346,SUCCESS,SUCCESS,69.62913660464348,SUCCESS,62.08629241664346,SUCCESS,0.0,0.0
2162640,701,35,1,MF,PCT,NG40LF,40-ft,83.10342596093386,97.55672576359872,135.22629714698584,1.1739194219196116,1.627204842440003,72.7027081979435,66.02370617961245,SUCCESS,SUCCESS,72.7027081979435,SUCCESS,66.02370617961245,SUCCESS,0.0,0.0
2162641,701,10,1,MF,PCT,NG40LF,40-ft,402.5338729529881,564.8045184286138,815.7034857699525,1.4031229577903803,2.026421974841403,-10.142645111456352,-54.6282776187859,FAILURE,FAILURE,71.13644730521183,SUCCESS,67.7900602050722,SUCCESS,458.4140812300084,690.4394253265605
2162642,701,7,1,MF,PCT,NG40LF,40-ft,377.5555424376118,471.25315699777974,666.9457560341646,1.2481690877989184,1.7664838177931723,6.444475709613526,-28.25279362307882,FAILURE,FAILURE,48.31707170496913,SUCCESS,42.898085167876395,SUCCESS,236.16144141380568,401.2909563809873
2162643,701,2,1,MF,PCT,NG40LF,40-ft,431.6243544319903,539.5300118736691,764.5813380138414,1.2499990010611906,1.7714045330459085,-5.661349622990968,-45.56406702373075,FAILURE,FAILURE,51.567154171935016,SUCCESS,40.41513279974186,SUCCESS,322.7687614033827,484.92268700438564
2162644,701,51,1,MF,PCT,NG40LF,40-ft,137.12807525240336,166.25566406929136,232.96000893958143,1.2124115631556456,1.6988498417321618,60.522045377785226,48.69503387596074,SUCCESS,SUCCESS,60.52204537778522,SUCCESS,48.69503387596074,SUCCESS,0.0,0.0
2162645,701,31,1,MF,PCT,NG40LF,40-ft,107.47645868317312,127.3363820395133,178.1790672582678,1.184783938731036,1.657842744740194,67.42262729795864,58.40796679817948,SUCCESS,SUCCESS,67.42262729795864,SUCCESS,58.407966798179466,SUCCESS,0.0,0.0
2162646,701,56,1,MF,PCT,NG40LF,40-ft,77.78067941103394,88.83918343953843,123.4962553898728,1.1421754619815745,1.5877497641445604,74.2483717305783,68.10350081739844,SUCCESS,SUCCESS,74.24837173057828,SUCCESS,68.10350081739844,SUCCESS,0.0,0.0
2163156,802,22,2,SAT,BTC,DS40LF,40-ft,369.29513999015546,529.2662724372599,789.3375194558084,1.4331796309352158,2.1374164834036273,-3.8415376661808267,-49.953460896419934,FAILURE,FAILURE,55.748805696449864,SUCCESS,47.10265379544498,SUCCESS,336.0895365652369,547.3964868621181
2163215,802,22,1,MF,BTC,DS40LF,40-ft,29.685894023988695,39.44907032689478,57.76576505627169,1.3288826772411373,1.9458994568124546,83.00548398459313,79.75784307512914,SUCCESS,SUCCESS,83.00548398459313,SUCCESS,79.75784307512914,SUCCESS,0.0,0.0
2163332,805,66,1,MF,BTC,DS40LF,40-ft,37.61788376393852,58.261179048844475,86.36884514602094,1.548762801609142,2.2959517257272286,79.67000371474388,74.68637497410977,SUCCESS,SUCCESS,79.67000371474391,SUCCESS,74.68637497410975,SUCCESS,0.0,0.0
2163335,805,39,1,MF,BTC,DS40LF,40-ft,16.988321787334883,28.116150621794574,43.70787713293944,1.6550281407287506,2.5728190035536347,85.01486691102933,82.25037639486891,SUCCESS,SUCCESS,85.01486691102934,SUCCESS,82.2503763948689,SUCCESS,0.0,0.0
2163345,805,60,1,MF,BTC,DS40LF,40-ft,37.61788376393852,58.261179048844475,86.36884514602094,1.548762801609142,2.2959517257272286,79.67000371474388,74.68637497410977,SUCCESS,SUCCESS,79.67000371474391,SUCCESS,74.68637497410975,SUCCESS,0.0,0.0
2163786,503,9,1,MF,STC,NG40LF,40-ft,324.70170512067915,443.7917983424636,621.6144149012785,1.3667676865987606,1.9144168481352701,11.313510932187308,-20.21532179100681,FAILURE,FAILURE,37.46904940369259,SUCCESS,5.4668382978879935,FAILURE,147.51723697928972,144.84738290136664
2163821,320,14,1,MF,STC,NG40LF,40-ft,343.5444694445731,504.29549505485664,739.8588707678631,1.4679191193797367,2.1536043702407226,0.5859051321176203,-41.18065084536579,FAILURE,FAILURE,70.6828857251246,SUCCESS,60.46235408589485,SUCCESS,395.3469705445594,573.2665478123103
2163903,502,13,1,MF,STC,NG40LF,40-ft,315.58373144774436,464.9752783158522,678.698753559929,1.4733816479790396,2.1506138812871938,7.557574766692872,-30.336658432611515,FAILURE,FAILURE,71.3965061245602,SUCCESS,62.03326597326113,SUCCESS,360.05157285837197,520.9663736491217
2163904,502,16,1,MF,STC,NG40LF,40-ft,266.55284199937853,375.2832221221424,538.1169702431517,1.4079130400831268,2.0188003482041523,23.46042160954923,-5.41081032679995,SUCCESS,FAILURE,23.46042160954923,SUCCESS,49.91195250989486,SUCCESS,0.0,312.02038239895865
2163906,22,15,1,MF,VTC,HY40LF,40-ft,81.74068486631148,145.04730708724733,227.78273828462616,1.7744811818554627,2.786650719371502,64.28239236041715,49.612989665846435,SUCCESS,SUCCESS,64.28239236041712,SUCCESS,49.612989665846435,SUCCESS,0.0,0.0
2163935,503,3,1,MF,STC,NG40LF,40-ft,513.6695680115903,711.3922090863244,1001.0449594178475,1.3849218512985235,1.948811106900653,-36.13337040537667,-87.49024103153324,FAILURE,FAILURE,-14.370026652035845,FAILURE,-58.23708546192042,FAILURE,122.74525876884226,164.9877974126162
2163937,503,20,1,MF,STC,NG40LF,40-ft,133.8550235061902,193.15109973352742,278.7534759335674,1.442987305774109,2.0825029097296173,55.7533511110767,40.575624834473864,SUCCESS,SUCCESS,55.75335111107671,SUCCESS,40.575624834473864,SUCCESS,0.0,0.0
2163954,123,32,1,MF,HTC,NG40LF,40-ft,269.33196219133526,467.32441561649483,706.7318756333475,1.735124237815133,2.624017847281268,7.141061060905176,-35.30707014775665,FAILURE,FAILURE,67.7427421939597,SUCCESS,35.40235420009604,SUCCESS,341.7934815904276,398.8011533218892
2163961,503,45,2,SAT,STC,DS40LF,40-ft,155.91513497620105,216.13981185888431,304.2770132951255,1.3862657521469997,1.9515553338780773,51.677338322892865,36.05017494767278,SUCCESS,SUCCESS,51.677338322892865,SUCCESS,36.05017494767279,SUCCESS,0.0,0.0
2163968,503,43,2,SAT,STC,NG40LF,40-ft,260.6331694165716,356.9844535852837,501.69624327352955,1.3696815888184717,1.9249132579578363,26.704884116084454,1.0467653770337724,SUCCESS,FAILURE,26.704884116084454,SUCCESS,12.398053756138843,FAILURE,0.0,64.02126645815264
2163980,320,86,2,SAT,STC,NG40LF,40-ft,64.22438274201723,96.36950261466141,143.88689673753578,1.5005127102858713,2.240378040152051,72.91320875626572,64.48813887632345,SUCCESS,SUCCESS,72.91320875626572,SUCCESS,64.48813887632345,SUCCESS,0.0,0.0
2163988,410,6,1,MF,HTC,NG40LF,40-ft,92.27357841418682,129.6598006340311,184.42370085950026,1.4051671438602866,1.9986620658806662,67.0106736464484,57.30076225895385,SUCCESS,SUCCESS,67.0106736464484,SUCCESS,57.30076225895384,SUCCESS,0.0,0.0
2164123,106,2,3,SUN,HTC,NG40LF,40-ft,229.80312158794072,394.8600347845302,593.9848306640349,1.7182535731283606,2.584755274687292,19.989355534657765,-15.31645933759484,FAILURE,FAILURE,38.83685335767642,SUCCESS,8.807107765380879,FAILURE,106.2998877218252,136.056918460783
2164126,210,70,3,SUN,BTC,DS40LF,40-ft,140.75591992369672,234.6042618480543,354.553549757398,1.6667452564356258,2.5189246033104697,48.4034996723308,27.135895433085466,SUCCESS,SUCCESS,48.4034996723308,SUCCESS,27.135895433085455,SUCCESS,0.0,0.0
2164129,320,84,2,SAT,STC,NG40LF,40-ft,127.59314814698655,193.16329166645153,281.1053881954604,1.5139001934800493,2.2031385875958533,55.75118942084193,40.15861911428007,SUCCESS,SUCCESS,55.75118942084193,SUCCESS,40.158619114280064,SUCCESS,0.0,0.0
2164208,320,36,1,MF,STC,NG40LF,40-ft,265.0899630240974,394.0263077932244,576.8472510867707,1.4863871241983098,2.176043349609331,20.137179469286455,-12.277881398363597,SUCCESS,FAILURE,20.137179469286476,SUCCESS,57.71451752358605,SUCCESS,0.0,394.75712991979594
2164234,320,10,1,MF,STC,NG40LF,40-ft,300.3775731748143,452.9434007943488,672.2895016775353,1.5079135103430108,2.2381481232830756,9.690886383980713,-29.200266254882145,FAILURE,FAILURE,52.22414287330183,SUCCESS,36.152321046008325,SUCCESS,239.88756659977116,368.5885923770223
2164321,410,10,1,MF,HTC,NG40LF,40-ft,331.15534162934097,421.2841674237454,598.5122261489786,1.2721647953825994,1.8073458311262502,15.304225634087704,-16.119189033506835,FAILURE,FAILURE,62.0863362541711,SUCCESS,36.25639429888786,SUCCESS,263.8511038972704,295.39828999470626
2164361,320,50,1,MF,STC,NG40LF,40-ft,130.99143738241537,202.98414499792912,306.21572872332916,1.549598577236303,2.3376774455063454,54.00990336916151,35.706431077423915,SUCCESS,SUCCESS,54.009903369161506,SUCCESS,35.706431077423915,SUCCESS,0.0,0.0
2164409,802,71,1,MF,BTC,DS40LF,40-ft,64.73051289940227,105.50085853164072,141.9039321880121,1.6298474058995895,2.1922262906914565,71.29417401921265,64.83972833545884,SUCCESS,SUCCESS,71.29417401921263,SUCCESS,64.83972833545887,SUCCESS,0.0,0.0
2164410,802,72,1,MF,BTC,DS40LF,40-ft,64.73051289940227,105.50085853164072,141.9039321880121,1.6298474058995895,2.1922262906914565,71.29417401921265,64.83972833545884,SUCCESS,SUCCESS,71.29417401921263,SUCCESS,64.83972833545887,SUCCESS,0.0,0.0
2164411,802,51,1,MF,BTC,DS40LF,40-ft,174.98993853164123,294.9644593981842,397.4436256398958,1.685608109090509,2.2712370149671837,37.701336986137555,19.53127204966387,SUCCESS,FAILURE,37.70133698613754,SUCCESS,52.80929661978433,SUCCESS,0.0,187.6880585754791
2164412,802,52,1,MF,BTC,DS40LF,40-ft,167.11426527219558,281.43134505057395,379.1907903933327,1.6840653584670273,2.2690509979845648,40.10082534564292,22.76759035579208,SUCCESS,SUCCESS,40.1008253456429,SUCCESS,22.767590355792095,SUCCESS,0.0,0.0
2164413,802,73,1,MF,BTC,DS40LF,40-ft,25.352146602174095,37.83528679358953,50.63975595519646,1.4923898708579153,1.997454367467795,83.29161581673945,81.02131986609993,SUCCESS,SUCCESS,83.29161581673945,SUCCESS,81.02131986609993,SUCCESS,0.0,0.0
2164414,802,53,1,MF,BTC,DS40LF,40-ft,230.11965134776077,389.69625983145596,525.2134723658377,1.6934505921119283,2.282349505093444,20.904918469600013,-3.122956093233626,SUCCESS,FAILURE,20.904918469599995,SUCCESS,56.01371829624044,SUCCESS,0.0,333.5308435566334
2164415,802,74,1,MF,BTC,DS40LF,40-ft,17.476473342728458,24.30217244597929,32.38692070863334,1.3905650167166503,1.853172552236276,85.69110417624482,84.25763817222813,SUCCESS,SUCCESS,85.69110417624482,SUCCESS,84.25763817222813,SUCCESS,0.0,0.0
2164416,802,54,1,MF,BTC,DS40LF,40-ft,277.3736909044346,470.89494591711747,634.7304838452163,1.6976914587020366,2.288358646328516,6.5079883125678295,-22.54086593000289,FAILURE,FAILURE,69.59171984950633,SUCCESS,65.73249211125582,SUCCESS,355.7922458683333,497.86173935269875
2164417,802,61,1,MF,BTC,DS40LF,40-ft,117.58272948036597,195.86077312552638,262.3244541011157,1.6657273903327046,2.2309777571962113,55.27291256639602,43.48857196788729,SUCCESS,SUCCESS,55.272912566396016,SUCCESS,43.488571967887346,SUCCESS,0.0,0.0
2164444,312,4,1,MF,STC,NG40LF,40-ft,199.3734144218867,298.97479938932514,436.7414195651958,1.4995720480398436,2.1905699956616256,36.99028379621895,12.56357809127734,SUCCESS,FAILURE,36.99028379621895,SUCCESS,62.082157128083395,SUCCESS,0.0,279.2847857675862
2164471,503,52,3,SUN,STC,NG40LF,40-ft,373.7930303396574,525.9420713912168,740.8522499762521,1.4070408720925187,1.9819851892451184,-3.25214031759163,-41.356781910683,FAILURE,FAILURE,48.562834444056975,SUCCESS,23.41341522727964,SUCCESS,292.236457655698,365.3039118581094
2164484,9,11,3,SUN,VTC,HY40LF,40-ft,322.99365685720886,582.2258138547209,923.4616357777339,1.8025920989281687,2.8590704992884235,-13.231527279205821,-73.7343325847046,FAILURE,FAILURE,-13.231527279205807,FAILURE,-73.73433258470466,FAILURE,0.0,0.0
2164485,9,12,3,SUN,VTC,HY40LF,40-ft,310.00367916137094,557.5323941666901,884.5200579336454,1.7984702493691027,2.8532566462645517,-8.853261377072707,-66.82979750596549,FAILURE,FAILURE,-8.853261377072714,FAILURE,-66.82979750596553,FAILURE,0.0,0.0
2164486,9,14,3,SUN,VTC,HY40LF,40-ft,169.97401291292326,301.6626179588755,475.9755062425623,1.7747572866530814,2.8002839850960153,36.513720220057536,5.607179744226549,SUCCESS,FAILURE,36.513720220057536,SUCCESS,5.60717974422655,FAILURE,0.0,0.0
2164487,9,13,3,SUN,VTC,HY40LF,40-ft,280.7322009442723,501.86003761829073,792.5268113968516,1.7876824814903018,2.8230705588140736,1.0177238265442003,-50.51893819093113,FAILURE,FAILURE,1.0177238265442086,FAILURE,-50.51893819093116,FAILURE,0.0,0.0
2164488,9,15,3,SUN,VTC,HY40LF,40-ft,204.4078818762874,363.8244819809401,574.6465653897408,1.7798945845010785,2.811274008198621,25.49211312394679,-11.887688898890204,SUCCESS,FAILURE,25.49211312394679,SUCCESS,-11.88768889889019,FAILURE,0.0,0.0
2164489,9,16,3,SUN,VTC,HY40LF,40-ft,156.98403521708534,276.96919827084486,437.0339283984736,1.7643144278196063,2.7839386839185356,40.89198612219063,12.511714822965676,SUCCESS,FAILURE,40.89198612219063,SUCCESS,12.511714822965676,FAILURE,0.0,0.0
2164490,9,17,3,SUN,VTC,HY40LF,40-ft,226.47136798213825,404.18361545039886,639.1104909305168,1.784700728624895,2.822036607209982,18.336238395319356,-23.31746293094269,FAILURE,FAILURE,18.33623839531936,FAILURE,-23.31746293094271,FAILURE,0.0,0.0
2164491,9,18,3,SUN,VTC,HY40LF,40-ft,131.6208799783,231.7643078756676,363.8852169479827,1.760847579152168,2.7646465895682777,48.90703761069724,25.481344512769027,SUCCESS,SUCCESS,48.90703761069724,SUCCESS,25.481344512769017,SUCCESS,0.0,0.0
2164492,9,19,3,SUN,VTC,HY40LF,40-ft,244.05506090903253,435.6477285964847,689.5623929669553,1.7850386997664642,2.8254377942360236,12.757494929701302,-32.26283563243887,FAILURE,FAILURE,12.757494929701311,FAILURE,-32.2628356324389,FAILURE,0.0,0.0
2164493,9,20,3,SUN,VTC,HY40LF,40-ft,209.5955243792489,371.7238604800935,586.1078559099511,1.773529571211093,2.796375817879721,24.091514099274207,-13.91983260814736,SUCCESS,FAILURE,24.091514099274214,SUCCESS,-13.919832608147365,FAILURE,0.0,0.0
2164494,9,21,3,SUN,VTC,HY40LF,40-ft,107.90895664869896,188.33666602062,295.07889845234916,1.745329320843644,2.7345172042853485,56.606974109819156,37.68104637369696,SUCCESS,SUCCESS,56.606974109819156,SUCCESS,37.68104637369695,SUCCESS,0.0,0.0
2164495,9,22,3,SUN,VTC,HY40LF,40-ft,91.03451038852667,155.231281127585,242.07626343178342,1.7051915857521789,2.6591702684907608,62.4767232043289,47.0786766964923,SUCCESS,SUCCESS,62.47672320432891,SUCCESS,47.0786766964923,SUCCESS,0.0,0.0
2164508,503,57,3,SUN,STC,NG40LF,40-ft,266.26105373838175,375.72643763830615,529.5207610897419,1.4111205238730897,1.9887278054943378,23.381837298172673,-3.8866597676847268,SUCCESS,FAILURE,23.381837298172673,SUCCESS,39.86786813889499,SUCCESS,0.0,246.77553739310974
2164509,9,1,2,SAT,VTC,HY40LF,40-ft,310.00367916137094,557.5323941666901,884.5200579336454,1.7984702493691027,2.8532566462645517,-8.853261377072707,-66.82979750596549,FAILURE,FAILURE,-8.853261377072714,FAILURE,-66.82979750596553,FAILURE,0.0,0.0
2164510,9,2,2,SAT,VTC,HY40LF,40-ft,180.69595854668637,320.3968401258925,505.84024689410717,1.7731267633366112,2.7993998922970564,33.19204962306871,0.31201296203774026,SUCCESS,FAILURE,33.19204962306871,SUCCESS,0.3120129620377422,FAILURE,0.0,0.0
2164511,9,3,2,SAT,VTC,HY40LF,40-ft,185.8822037069308,328.9418485477755,517.3015374143176,1.7696252895000006,2.782953543147765,31.676977207841222,-1.720130747219435,SUCCESS,FAILURE,31.676977207841233,SUCCESS,-1.7201307472194332,FAILURE,0.0,0.0
2164512,9,4,2,SAT,VTC,HY40LF,40-ft,268.7089694810959,482.49389073861107,765.2618374015734,1.795600242412285,2.8479207035007845,4.451437812303006,-45.68472294354138,FAILURE,FAILURE,4.451437812303002,FAILURE,-45.6847229435414,FAILURE,0.0,0.0
2164513,9,6,2,SAT,VTC,HY40LF,40-ft,162.17028037732976,285.5142066927279,448.49521891868403,1.760582802400092,2.7655820651918934,39.37691370696314,10.47957111370851,SUCCESS,FAILURE,39.37691370696315,SUCCESS,10.4795711137085,FAILURE,0.0,0.0
2164514,9,7,2,SAT,VTC,HY40LF,40-ft,209.59412703653183,372.36949040282315,586.1078559099511,1.7766217768970212,2.796394461032745,23.977040708719304,-13.91983260814736,SUCCESS,FAILURE,23.977040708719315,SUCCESS,-13.919832608147365,FAILURE,0.0,0.0
2164515,9,8,2,SAT,VTC,HY40LF,40-ft,133.2721118874843,233.54155641579723,368.2276099028401,1.7523662911034676,2.762975724536565,48.59192262131255,24.71141668389361,SUCCESS,SUCCESS,48.59192262131255,SUCCESS,24.711416683893603,SUCCESS,0.0,0.0
2164516,9,9,2,SAT,VTC,HY40LF,40-ft,131.62456542502576,231.67317278818507,363.8852169479827,1.7601058893535164,2.7645691803271646,48.92319631415158,25.481344512769027,SUCCESS,SUCCESS,48.92319631415158,SUCCESS,25.481344512769017,SUCCESS,0.0,0.0
2164517,9,10,2,SAT,VTC,HY40LF,40-ft,243.39022437840836,429.37570942766376,677.8164942053098,1.7641452549059506,2.7848961310437916,13.869555066017067,-30.18022946902656,FAILURE,FAILURE,17.57741862209347,FAILURE,-30.180229469026575,FAILURE,20.9123504562709,0.0
2164518,9,11,2,SAT,VTC,HY40LF,40-ft,180.6987532321205,319.1055802804332,505.84024689410717,1.7659534145790101,2.799356596801302,33.420996404178524,0.31201296203774026,SUCCESS,FAILURE,33.42099640417852,SUCCESS,0.3120129620377422,FAILURE,0.0,0.0
2164519,9,12,2,SAT,VTC,HY40LF,40-ft,179.04752132293618,317.3283317403036,501.4978539392498,1.7723134584363192,2.8009203938362894,33.73611139356319,1.0819407909131586,SUCCESS,FAILURE,33.736111393563206,SUCCESS,1.0819407909131515,FAILURE,0.0,0.0
2164520,9,13,2,SAT,VTC,HY40LF,40-ft,84.20071876582368,144.81788907808982,226.27257995671565,1.7199127418478772,2.6872998624396263,64.32306931239543,49.880748234624896,SUCCESS,SUCCESS,64.32306931239543,SUCCESS,49.88074823462488,SUCCESS,0.0,0.0
2164521,9,1,1,MF,VTC,HY40LF,40-ft,315.32530436061603,558.7728059543448,881.5860702307463,1.7720519039452491,2.795798681676801,-9.073192545096589,-66.30958692034508,FAILURE,FAILURE,-2.291131845575078,FAILURE,-57.46686945613278,FAILURE,38.250822345301316,49.87292649815765
2164522,9,2,1,MF,VTC,HY40LF,40-ft,276.5122671252046,488.10318146464664,769.9171586942125,1.765213480542018,2.7843869883197425,3.4568827190342875,-46.51013452025044,FAILURE,FAILURE,11.708785829441434,FAILURE,-27.057045194702013,FAILURE,46.54073354269627,109.7154237960932
2164523,9,11,1,MF,VTC,HY40LF,40-ft,87.12527273802773,141.8788324445359,222.25643300161698,1.628446350706341,2.55099841890777,64.84417864458584,50.592831028082095,SUCCESS,SUCCESS,64.84417864458584,SUCCESS,50.592831028082095,SUCCESS,0.0,0.0
2164524,9,10,1,MF,VTC,HY40LF,40-ft,100.71252348697429,169.9543385098911,264.0337070293616,1.687519412934502,2.62165714737066,59.86625203725335,43.18551293805646,SUCCESS,SUCCESS,59.86625203725337,SUCCESS,43.185512938056455,SUCCESS,0.0,0.0
2164525,9,3,1,MF,VTC,HY40LF,40-ft,299.51724770702106,532.3797167169681,841.2742101739731,1.7774592975618093,2.808767163208186,-4.393566793788669,-59.162094002477495,FAILURE,FAILURE,-0.5973763663099904,FAILURE,-53.42974715277099,FAILURE,21.410514010979796,32.33043623234494
2164526,9,12,1,MF,VTC,HY40LF,40-ft,74.72873154759813,118.81297929338747,183.26582148538893,1.5899236723656962,2.4524144554582543,68.93386891961217,57.506060020321115,SUCCESS,SUCCESS,68.93386891961217,SUCCESS,57.506060020321115,SUCCESS,0.0,0.0
2164527,9,4,1,MF,VTC,HY40LF,40-ft,152.75622789522035,266.19031146150644,417.94014612280444,1.7425823819379307,2.73599415147565,42.80313626569035,15.897137212268722,SUCCESS,FAILURE,42.803136265690355,SUCCESS,15.897137212268719,FAILURE,0.0,0.0
2164528,9,6,1,MF,VTC,HY40LF,40-ft,259.99438053025017,455.82209640319945,715.478974800619,1.75319980175558,2.75190168857274,9.180479361134852,-36.85797425542889,FAILURE,FAILURE,37.855592455126015,SUCCESS,-3.4050223072015426,FAILURE,161.7276378501101,188.6746489880024
2164529,9,14,1,MF,VTC,HY40LF,40-ft,71.81435499712883,117.98168823296042,183.76609801351762,1.6428705408226165,2.558904804211702,69.08126095160276,57.417358508241556,SUCCESS,SUCCESS,69.08126095160276,SUCCESS,57.41735850824157,SUCCESS,0.0,0.0
2164530,9,5,1,MF,VTC,HY40LF,40-ft,173.88789036541496,300.70745013482775,471.9950752976261,1.7293179502201625,2.7143642625473046,36.68307621722913,6.312929911768425,SUCCESS,FAILURE,36.683076217229114,SUCCESS,25.99146569558677,SUCCESS,0.0,110.98694182073544
2164531,9,7,1,MF,VTC,HY40LF,40-ft,149.55164488849735,251.43447454593627,395.5695827085107,1.6812551592688978,2.6450366560892014,45.41941940674889,19.863549165157675,SUCCESS,FAILURE,45.41941940674887,SUCCESS,29.77210885623696,SUCCESS,0.0,55.88427665768717
2164532,9,13,1,MF,VTC,HY40LF,40-ft,51.016808217997095,75.38533743833983,114.45950298975539,1.4776568756754622,2.24356456210794,76.63380541873408,69.70576188124905,SUCCESS,SUCCESS,76.63380541873408,SUCCESS,69.70576188124905,SUCCESS,0.0,0.0
2164533,9,15,1,MF,VTC,HY40LF,40-ft,54.35965845729561,89.573466941026,139.1118450018871,1.647793041440722,2.5591007918339286,74.11817962038546,65.33477925498457,SUCCESS,SUCCESS,74.11817962038546,SUCCESS,65.33477925498457,SUCCESS,0.0,0.0
2164534,9,8,1,MF,VTC,HY40LF,40-ft,147.33174556006927,252.97014294696916,397.03499667948216,1.7170104242322277,2.6948367113291636,45.14713777536008,19.60372399299962,SUCCESS,FAILURE,45.14713777536007,SUCCESS,27.946822505018424,SUCCESS,0.0,47.05507560778605
2164535,9,9,1,MF,VTC,HY40LF,40-ft,252.92474815971866,447.96931497817855,706.9084892233869,1.7711565129059328,2.794936020958232,10.572816493230757,-35.33838461407569,FAILURE,FAILURE,10.572816493230757,FAILURE,-35.338384614075714,FAILURE,0.0,0.0
2164536,9,21,1,MF,VTC,HY40LF,40-ft,73.58999127042819,123.05271214166956,193.90613999318296,1.6721392409122047,2.6349526157791963,68.18214323729264,55.61947872461296,SUCCESS,SUCCESS,68.18214323729262,SUCCESS,55.61947872461296,SUCCESS,0.0,0.0
2164537,9,22,1,MF,VTC,HY40LF,40-ft,68.5995945686711,106.99619901137125,164.9114050261939,1.559720573920645,2.403970549142395,71.02904272848029,60.76038917975286,SUCCESS,SUCCESS,71.02904272848028,SUCCESS,60.76038917975286,SUCCESS,0.0,0.0
2164538,9,23,1,MF,VTC,HY40LF,40-ft,71.81526157334913,117.83493980601477,183.76609801351762,1.6408063860585267,2.558872501297326,69.10728017623853,57.417358508241556,SUCCESS,SUCCESS,69.10728017623852,SUCCESS,57.41735850824157,SUCCESS,0.0,0.0
2164539,9,24,1,MF,VTC,HY40LF,40-ft,77.00060015737324,126.52669665484345,195.2273885337281,1.6431910452158704,2.5354008687558776,67.56618853637526,55.385214798984386,SUCCESS,SUCCESS,67.56618853637528,SUCCESS,55.38521479898439,SUCCESS,0.0,0.0
2164540,9,27,1,MF,VTC,HY40LF,40-ft,49.1734132970512,81.02845851914296,127.65055448167666,1.6478103325807165,2.59592625206946,75.63325203561295,67.36692296424174,SUCCESS,SUCCESS,75.63325203561294,SUCCESS,67.36692296424174,SUCCESS,0.0,0.0
2164541,9,25,1,MF,VTC,HY40LF,40-ft,141.29889307674762,246.4873652579737,385.84266054556093,1.7444394636842069,2.7306842406471468,46.29656644362169,21.588180754333173,SUCCESS,SUCCESS,46.29656644362169,SUCCESS,21.588180754333173,SUCCESS,0.0,0.0
2164542,9,26,1,MF,VTC,HY40LF,40-ft,51.016808217997095,75.38533743833983,114.45950298975539,1.4776568756754622,2.24356456210794,76.63380541873408,69.70576188124905,SUCCESS,SUCCESS,76.63380541873408,SUCCESS,69.70576188124905,SUCCESS,0.0,0.0
2164543,9,28,1,MF,VTC,HY40LF,40-ft,61.19345007999859,99.98685899052116,154.9155284769549,1.6339470786466148,2.531570425828791,72.27183351231895,62.53270771685197,SUCCESS,SUCCESS,72.27183351231895,SUCCESS,62.532707716851974,SUCCESS,0.0,0.0
2164544,9,29,1,MF,VTC,HY40LF,40-ft,149.20506367169105,262.7295395259694,414.3371189844213,1.760862085110437,2.776964191350258,43.41674831099833,16.535971811272823,SUCCESS,FAILURE,43.41674831099834,SUCCESS,16.535971811272823,FAILURE,0.0,0.0
2164557,106,6,1,MF,HTC,NG40LF,40-ft,292.6689071134501,501.6882346027808,761.1479651785362,1.7141835788121713,2.6007134570106043,1.048185354116879,-44.95531297491776,FAILURE,FAILURE,63.70234009499366,SUCCESS,48.01946185692812,SUCCESS,353.3694327385452,524.3777300516106
2164566,321,83,3,SUN,STC,NG40LF,40-ft,132.84126855758524,197.19680150176802,289.7753619906149,1.4844543690599084,2.181365513421008,55.0360281025234,38.621389717976086,SUCCESS,SUCCESS,55.0360281025234,SUCCESS,38.62138971797608,SUCCESS,0.0,0.0
2164576,502,67,3,SUN,STC,NG40LF,40-ft,130.01401999297482,186.53331732578567,270.98474464946986,1.4347169431101723,2.084273255023668,56.92671678620822,41.953059459313856,SUCCESS,SUCCESS,56.92671678620823,SUCCESS,41.953059459313856,SUCCESS,0.0,0.0
2164577,502,68,3,SUN,STC,NG40LF,40-ft,131.39221678496457,189.05665667803567,274.65489919350387,1.4388725702637641,2.090343750292316,56.47931619183765,41.30232283803124,SUCCESS,SUCCESS,56.47931619183766,SUCCESS,41.30232283803123,SUCCESS,0.0,0.0
2164619,701,33,2,SAT,PCT,NG40LF,40-ft,511.75125742511295,669.3604479097203,955.5855485160798,1.3079800746902337,1.8672851989150516,-28.680930480446854,-79.43006179363117,FAILURE,FAILURE,41.970952747849,SUCCESS,-42.17416619085688,FAILURE,398.4766214075885,210.12325119964692
2164620,701,35,2,SAT,PCT,NG40LF,40-ft,340.52314899935396,444.37588749192213,631.415040972476,1.304979966259989,1.8542499763317823,11.209949026254947,-21.95302144902057,FAILURE,FAILURE,63.419002427620185,SUCCESS,50.888762553901145,SUCCESS,294.45906118369993,410.8276617764783
2164621,701,36,2,SAT,PCT,NG40LF,40-ft,374.52052668367,484.61692905845183,691.1785519327151,1.2939662702860935,1.8455024563086306,4.075012578288686,-32.549388640552316,FAILURE,FAILURE,56.204670417209954,SUCCESS,31.696499133356415,SUCCESS,294.01127021151586,362.34680704484526
2164622,701,38,2,SAT,PCT,NG40LF,40-ft,273.97017433892256,357.3443671658906,509.9035700318224,1.3043185011950522,1.8611645273511845,26.64106965143784,-0.40843440280539056,SUCCESS,FAILURE,26.64106965143783,SUCCESS,28.831420969609354,SUCCESS,0.0,164.91278430041916
2164623,701,49,2,SAT,PCT,NG40LF,40-ft,241.8405162826971,312.89517930899586,442.38842055798625,1.2938079363973904,1.8292568480992681,34.52213132819223,11.562336780498896,SUCCESS,FAILURE,34.52213132819222,SUCCESS,61.653002713353075,SUCCESS,0.0,282.51135586129755
2164870,106,60,1,MF,HTC,HY40LF,40-ft,226.71269366114848,364.44227036112017,553.9136439779136,1.6075071248803845,2.4432405395253665,25.38257617710636,-8.211639003176163,SUCCESS,FAILURE,25.38257617710635,SUCCESS,-2.0617415094321667,FAILURE,0.0,34.68542186471595
2164871,106,68,1,MF,HTC,NG40LF,40-ft,187.1667981847924,306.5752371053855,465.64281197323885,1.6379787445137544,2.487849428900863,35.64268845649194,7.439217735241342,SUCCESS,FAILURE,35.64268845649194,SUCCESS,55.54273371127055,SUCCESS,0.0,271.303830104805
2164872,106,65,1,MF,HTC,NG40LF,40-ft,205.15330931672767,336.13868347802855,512.3014193757982,1.6384755605335033,2.4971638092606994,30.40094264573962,-0.8335849957089,SUCCESS,FAILURE,30.400942645739626,SUCCESS,39.452773567946366,SUCCESS,0.0,227.21506229901584
2164873,106,67,1,MF,HTC,NG40LF,40-ft,209.76782363339763,337.3473673065707,513.394609608006,1.6081940569500233,2.44744213252288,30.18663700238109,-1.0274130510648933,SUCCESS,FAILURE,30.186637002381104,SUCCESS,30.23640786975119,SUCCESS,0.0,176.32794999340268
2164874,106,69,1,MF,HTC,NG40LF,40-ft,67.73283212923558,99.31854596798867,146.76705025475556,1.4663279660074886,2.166852405857194,72.39032872908004,63.9774733590859,SUCCESS,SUCCESS,72.39032872908004,SUCCESS,63.97747335908588,SUCCESS,0.0,0.0
2164875,106,70,1,MF,HTC,NG40LF,40-ft,301.04694167348305,498.2747995247601,762.159974031066,1.6551398820227556,2.531698112574445,1.6534043395815445,-45.13474716862872,FAILURE,FAILURE,69.22172798729366,SUCCESS,50.161108008410295,SUCCESS,381.0853453730963,537.4686231985
2164877,106,76,1,MF,HTC,NG40LF,40-ft,113.90892583807901,176.04896176408218,262.90754409325393,1.5455238513471272,2.308050419744768,58.785645077290404,43.38518721750817,SUCCESS,SUCCESS,58.7856450772904,SUCCESS,43.385187217508154,SUCCESS,0.0,0.0
2164878,106,75,1,MF,HTC,NG40LF,40-ft,162.50510792807268,265.7836668701433,402.596572134376,1.6355403855230406,2.4774394926254972,42.87523637054198,18.617629054188654,SUCCESS,FAILURE,42.875236370541984,SUCCESS,62.532849219620935,SUCCESS,0.0,247.68184173303808
2164879,106,61,1,MF,HTC,HY40LF,40-ft,70.00645463274581,101.23881386579602,149.10887339629227,1.446135422753449,2.1299303639716953,72.0498556975539,63.56225649001911,SUCCESS,SUCCESS,72.04985569755391,SUCCESS,63.562256490019095,SUCCESS,0.0,0.0
2164881,27,1,1,MF,BTC,DS40LF,40-ft,339.1765376378313,510.4761995541608,748.3869286672955,1.505045729605393,2.2064820104579703,-0.5099644599575872,-42.69271784881125,FAILURE,FAILURE,68.25496415001943,SUCCESS,58.14501176197734,SUCCESS,387.8341973602706,568.7247950048475
2164882,27,2,1,MF,BTC,DS40LF,40-ft,333.41904489127353,499.08338180032985,732.4999032151178,1.4968652494433206,2.1969348015317562,1.5100386878847831,-39.87586936438258,FAILURE,FAILURE,67.3600253644779,SUCCESS,57.450546443097174,SUCCESS,371.3939248559854,548.9209851541857
2164883,27,5,1,MF,BTC,DS40LF,40-ft,218.99516383412188,330.7466618553766,487.0575118352121,1.5102920816365653,2.2240560170732095,31.356974848337487,3.6422851356006958,SUCCESS,FAILURE,31.356974848337472,SUCCESS,24.333111657334687,SUCCESS,0.0,116.69626158257955
2164939,312,50,1,MF,STC,NG40LF,40-ft,47.19927558923255,72.69791368917186,109.7007489459223,1.5402336748099634,2.324204081025092,77.1102989912816,70.54951259824072,SUCCESS,SUCCESS,77.1102989912816,SUCCESS,70.54951259824072,SUCCESS,0.0,0.0
2164949,240,53,1,MF,BTC,DS40LF,40-ft,82.30485811943437,119.08169800321052,175.42572507417444,1.4468368055553718,2.1314139782564276,68.88622375829601,58.89614803649389,SUCCESS,SUCCESS,68.88622375829601,SUCCESS,58.8961480364939,SUCCESS,0.0,0.0
2164977,410,33,1,MF,HTC,NG40LF,40-ft,205.18962555170793,323.18651525465094,485.329750345648,1.575062649418441,2.3652743117041486,32.69742637328885,3.948625825239721,SUCCESS,FAILURE,32.69742637328885,SUCCESS,52.647313335954024,SUCCESS,0.0,274.66059756042864
2164979,210,83,1,MF,BTC,DS40LF,40-ft,44.03585959269305,65.72502330585093,97.22884510960753,1.492534128180316,2.207947023378667,78.34662707343068,72.76084306567243,SUCCESS,SUCCESS,78.34662707343068,SUCCESS,72.76084306567242,SUCCESS,0.0,0.0
2164981,312,51,1,MF,STC,NG40LF,40-ft,89.71969425572765,139.6892197581722,211.23773905960576,1.5569515803299177,2.3544188465189793,65.23240784429572,52.54650016673658,SUCCESS,SUCCESS,65.23240784429572,SUCCESS,52.546500166736564,SUCCESS,0.0,0.0
2164983,312,57,1,MF,STC,NG40LF,40-ft,89.24239982381161,138.31678983596942,209.98647397231474,1.549899936678572,2.3529899956397884,65.47574648298415,52.768355678667604,SUCCESS,SUCCESS,65.47574648298415,SUCCESS,52.76835567866759,SUCCESS,0.0,0.0
2164984,152,64,3,SUN,PCT,NG40LF,40-ft,126.87239826220589,172.75198399838752,241.08940107466074,1.3616199139024925,1.9002509953063529,59.37021560312279,47.25365229172683,SUCCESS,SUCCESS,59.37021560312278,SUCCESS,47.25365229172683,SUCCESS,0.0,0.0
2164985,152,71,3,SUN,PCT,NG40LF,40-ft,127.41654775022236,174.1399046851694,243.14301126603306,1.3666977151707165,1.9082530139073615,59.124130374969965,46.88953700956861,SUCCESS,SUCCESS,59.12413037496997,SUCCESS,46.88953700956861,SUCCESS,0.0,0.0
2164988,312,55,1,MF,STC,NG40LF,40-ft,47.19927558923255,72.69791368917186,109.7007489459223,1.5402336748099634,2.324204081025092,77.1102989912816,70.54951259824072,SUCCESS,SUCCESS,77.1102989912816,SUCCESS,70.54951259824072,SUCCESS,0.0,0.0
2164999,312,54,1,MF,STC,NG40LF,40-ft,25.700419040026986,38.51604569357032,58.30662134543509,1.498654385112698,2.268703138833096,83.17091388411873,79.66194656995832,SUCCESS,SUCCESS,83.17091388411873,SUCCESS,79.66194656995832,SUCCESS,0.0,0.0
2165003,312,56,1,MF,STC,NG40LF,40-ft,47.19927558923255,72.69791368917186,109.7007489459223,1.5402336748099634,2.324204081025092,77.1102989912816,70.54951259824072,SUCCESS,SUCCESS,77.1102989912816,SUCCESS,70.54951259824072,SUCCESS,0.0,0.0
2165004,312,53,1,MF,STC,NG40LF,40-ft,222.00530033245815,350.7248235907103,534.2742259870431,1.5798038293026861,2.4065831995315197,27.8147475902996,-4.7294726927381365,SUCCESS,FAILURE,27.81474759029961,SUCCESS,37.987317320453656,SUCCESS,0.0,240.92269567440184
2165005,319,8,1,MF,STC,NG40LF,40-ft,321.0795495574555,508.70041073842305,761.0326510389754,1.5843438532275436,2.370230841820689,-0.1951082869544366,-44.93486720549208,FAILURE,FAILURE,73.2100037349828,SUCCESS,69.12887250101201,SUCCESS,414.0048318037261,643.3194919446828
2165007,319,5,1,MF,STC,NG40LF,40-ft,250.20557180822257,394.5951136350126,588.811154239246,1.577083638798666,2.3533095205831693,20.036327369678624,-14.39914082256134,SUCCESS,FAILURE,20.036327369678634,SUCCESS,61.76112262466905,SUCCESS,0.0,429.54388584237944
2165010,319,3,1,MF,STC,NG40LF,40-ft,309.77168519115105,482.034996001876,715.3224275613652,1.5560976649767917,2.309192420604745,4.532802127326958,-36.83021765272432,FAILURE,FAILURE,67.70710117415251,SUCCESS,58.693311055878915,SUCCESS,356.30304662409617,538.7527019165223
2165023,27,44,2,SAT,BTC,DS40LF,40-ft,152.4862802166048,227.39308382485515,333.56031741869435,1.4912363492757919,2.1874775681122016,49.6820773360186,30.85809974845845,SUCCESS,SUCCESS,49.68207733601857,SUCCESS,30.858099748458457,SUCCESS,0.0,0.0
2165027,27,43,2,SAT,BTC,DS40LF,40-ft,195.3260117121674,296.317043622689,437.93255900702536,1.5170383146886863,2.242059596508647,37.46151708817571,12.352383154782741,SUCCESS,FAILURE,37.461517088175675,SUCCESS,57.90859632322427,SUCCESS,0.0,256.9370422700102
2165039,319,11,1,MF,STC,NG40LF,40-ft,194.7078715054295,304.2096471822977,453.6455259814977,1.5623900812547002,2.329877690480776,36.06211929391885,9.566396102571332,SUCCESS,FAILURE,36.06211929391884,SUCCESS,63.83516660626347,SUCCESS,0.0,306.0758656408237
2165041,319,10,1,MF,STC,NG40LF,40-ft,210.14762928667557,327.71009229531666,487.34073549933663,1.5594279764549082,2.3190398918777455,31.89537370650414,3.5920681738764877,SUCCESS,FAILURE,31.89537370650413,SUCCESS,57.2976171677699,SUCCESS,0.0,302.89929632555885
2165067,210,78,1,MF,BTC,DS40LF,40-ft,91.40745793782044,126.94306366247136,182.63411506253266,1.3887604636026951,1.9980220343373818,67.4923645988526,57.61806470522471,SUCCESS,SUCCESS,67.49236459885259,SUCCESS,57.61806470522471,SUCCESS,0.0,0.0
2165140,502,62,1,MF,STC,NG40LF,40-ft,88.69843394552379,122.15228432456988,173.66969603186416,1.3771639350430083,1.957979282233184,68.34179355947343,59.20750070357018,SUCCESS,SUCCESS,68.34179355947344,SUCCESS,59.20750070357018,SUCCESS,0.0,0.0
2165144,502,43,1,MF,STC,NG40LF,40-ft,79.31900453452207,120.72680455129408,181.86558174003002,1.5220413475909178,2.292837420329406,68.59453820012517,57.75432947871808,SUCCESS,SUCCESS,68.59453820012517,SUCCESS,57.754329478718105,SUCCESS,0.0,0.0
2165153,152,40,2,SAT,PCT,NG40LF,40-ft,183.52009153634566,257.0918840448727,357.5100940722604,1.4008923049929731,1.9480705958641946,44.41633261615733,26.611685448180783,SUCCESS,SUCCESS,44.41633261615732,SUCCESS,26.611685448180783,SUCCESS,0.0,0.0
2165156,152,39,2,SAT,PCT,NG40LF,40-ft,188.4517289469187,275.672814186054,394.652772979738,1.4628298489301887,2.094184941603269,41.12184145637341,20.02610408160674,SUCCESS,SUCCESS,41.121841456373396,SUCCESS,20.026104081606746,SUCCESS,0.0,0.0
2165159,601,50,1,MF,RTC,DS40SD,40-ft,196.50793685427882,232.26744070019714,315.9693820876426,1.1819748576996965,1.6079217315377488,48.81782966308562,33.97705991353855,SUCCESS,SUCCESS,48.81782966308562,SUCCESS,33.97705991353854,SUCCESS,0.0,0.0
2165174,152,36,1,MF,PCT,NG40LF,40-ft,156.65617596068478,203.33862594938734,290.0796523717327,1.2979930392301815,1.8516962423781655,53.94705213663345,38.56743752274243,SUCCESS,SUCCESS,53.94705213663348,SUCCESS,38.56743752274243,SUCCESS,0.0,0.0
2165180,502,82,1,MF,STC,NG40LF,40-ft,47.33334799757192,70.1283653244179,103.14751734089882,1.4815847239036484,2.1791722264436064,77.56589267297555,71.71143309558532,SUCCESS,SUCCESS,77.56589267297555,SUCCESS,71.71143309558533,SUCCESS,0.0,0.0
2165182,502,76,1,MF,STC,NG40LF,40-ft,48.458856022283804,70.25064927189177,103.76408348639913,1.4496968157809382,2.1412821515778915,77.54421112200501,71.60211285702142,SUCCESS,SUCCESS,77.54421112200501,SUCCESS,71.60211285702142,SUCCESS,0.0,0.0
2165183,502,90,1,MF,STC,NG40LF,40-ft,56.18742730418054,82.5292913932392,120.20998309676598,1.4688213245011619,2.139446293669722,75.36714691609234,68.68617320979327,SUCCESS,SUCCESS,75.36714691609234,SUCCESS,68.68617320979327,SUCCESS,0.0,0.0
2165185,801,61,1,MF,STC,NG40LF,40-ft,35.958451339945,56.2543629786478,84.6685522067229,1.5644267448235951,2.3546217662791147,80.02582216690642,74.98784535341792,SUCCESS,SUCCESS,80.02582216690642,SUCCESS,74.98784535341792,SUCCESS,0.0,0.0
2165188,801,7,1,MF,STC,NG40LF,40-ft,97.49217089260465,131.66601262012495,186.2589859001879,1.3505290877681397,1.9105019838502408,66.6549623013963,56.97535710989576,SUCCESS,SUCCESS,66.6549623013963,SUCCESS,56.97535710989576,SUCCESS,0.0,0.0
2165189,801,12,1,MF,STC,NG40LF,40-ft,54.49633606390854,76.27572353818198,109.18628549501966,1.3996486561726367,2.0035527776945505,76.47593554287553,70.64072952215965,SUCCESS,SUCCESS,76.47593554287553,SUCCESS,70.64072952215965,SUCCESS,0.0,0.0
2165190,801,13,1,MF,STC,NG40LF,40-ft,65.7253931710305,88.84105233862097,127.67715894729987,1.3517005840868679,1.9425849399646586,74.24804036549274,67.36220586040783,SUCCESS,SUCCESS,74.24804036549274,SUCCESS,67.36220586040783,SUCCESS,0.0,0.0
2165191,801,16,1,MF,STC,NG40LF,40-ft,81.63160298913716,114.54306511221598,167.64696189099732,1.403170597145549,2.0537017007164042,69.69094590208937,60.27536136684445,SUCCESS,SUCCESS,69.69094590208937,SUCCESS,60.275361366844436,SUCCESS,0.0,0.0
2165192,801,17,1,MF,STC,NG40LF,40-ft,65.25940066511987,94.66491125691375,140.79938919945897,1.4505942483702685,2.1575342060215097,73.21544126650466,65.03556929087607,SUCCESS,SUCCESS,73.21544126650466,SUCCESS,65.03556929087605,SUCCESS,0.0,0.0
2165193,801,32,1,MF,STC,NG40LF,40-ft,67.35109070048262,94.40078505068078,135.58412691694008,1.4016222167877133,2.013094747342652,73.26227215413462,65.96026118493971,SUCCESS,SUCCESS,73.26227215413462,SUCCESS,65.96026118493971,SUCCESS,0.0,0.0
2165195,801,57,1,MF,STC,NG40LF,40-ft,45.39033631984384,63.15232308154487,92.59338489756568,1.3913164827980313,2.0399360834232354,78.80277959547077,73.58273317419048,SUCCESS,SUCCESS,78.80277959547075,SUCCESS,73.58273317419048,SUCCESS,0.0,0.0
2165197,502,71,1,MF,STC,NG40LF,40-ft,58.385046790138134,84.88172978247721,125.22395870864898,1.4538265266375474,2.1447950390235992,74.9500479109083,67.79717044172891,SUCCESS,SUCCESS,74.9500479109083,SUCCESS,67.79717044172891,SUCCESS,0.0,0.0
2165199,502,69,1,MF,STC,NG40LF,40-ft,89.23902636955569,128.11623289992497,183.87288310572893,1.4356525178722974,2.0604537116337034,67.28435586880764,57.39842498125374,SUCCESS,SUCCESS,67.28435586880764,SUCCESS,57.39842498125374,SUCCESS,0.0,0.0
2165201,502,72,1,MF,STC,NG40LF,40-ft,65.02308726548677,92.31844032969848,132.39785031932993,1.41977940777813,2.0361667814810853,73.63148221104638,66.52520384409044,SUCCESS,SUCCESS,73.63148221104638,SUCCESS,66.52520384409044,SUCCESS,0.0,0.0
2165202,502,88,1,MF,STC,NG40LF,40-ft,115.7404816572975,176.38745778453733,264.8296262714309,1.523991046683328,2.288133092927502,58.725628052387,43.044392505065446,SUCCESS,SUCCESS,58.725628052387,SUCCESS,43.044392505065446,SUCCESS,0.0,0.0
2165203,502,89,1,MF,STC,NG40LF,40-ft,82.41440214542382,107.61093039131174,153.04126894089256,1.3057296733334005,1.8569723853707576,70.92004780295892,62.86502323743039,SUCCESS,SUCCESS,70.9200478029589,SUCCESS,62.86502323743041,SUCCESS,0.0,0.0
2165204,502,40,1,MF,STC,NG40LF,40-ft,155.40088541924274,211.82244283785843,302.52608139761384,1.363071016399944,1.9467461886169737,52.44282928406766,36.36062386567131,SUCCESS,SUCCESS,52.44282928406766,SUCCESS,36.36062386567131,SUCCESS,0.0,0.0
2165205,502,22,1,MF,STC,NG40LF,40-ft,195.14992132899476,279.72412832034627,402.386705370319,1.4333806870911905,2.0619362930305916,40.403523347456336,18.654839473347696,SUCCESS,FAILURE,40.403523347456336,SUCCESS,50.84818696305469,SUCCESS,0.0,181.57047984194747
2165206,801,67,1,MF,STC,NG40LF,40-ft,53.5732874797538,83.05869902261065,123.84653301004546,1.550375250986788,2.3117217336503577,75.27328031513996,68.04139485637492,SUCCESS,SUCCESS,75.27328031513996,SUCCESS,68.04139485637492,SUCCESS,0.0,0.0
2165207,502,78,1,MF,STC,NG40LF,40-ft,82.18553338242202,114.68695993730103,164.18383684486002,1.3954640825124882,1.9977218628111493,69.66543263523032,60.889390630343975,SUCCESS,SUCCESS,69.66543263523032,SUCCESS,60.889390630343975,SUCCESS,0.0,0.0
2165208,801,21,1,MF,STC,NG40LF,40-ft,66.50578432068879,101.24834098396207,150.73491655809124,1.522399021651196,2.2664933298320675,72.04816649220531,63.27395096487744,SUCCESS,SUCCESS,72.0481664922053,SUCCESS,63.273950964877436,SUCCESS,0.0,0.0
2165210,801,66,1,MF,STC,NG40LF,40-ft,82.35118913474722,109.7487280059364,154.1145147653812,1.3326914785208497,1.8714303507288905,70.54100567270632,62.674731424577814,SUCCESS,SUCCESS,70.54100567270632,SUCCESS,62.6747314245778,SUCCESS,0.0,0.0
2165211,801,42,1,MF,STC,NG40LF,40-ft,67.74237990961385,97.88200107006107,143.51757156992386,1.444915298232235,2.118578824089352,72.64503527126578,64.55362206207023,SUCCESS,SUCCESS,72.64503527126578,SUCCESS,64.55362206207025,SUCCESS,0.0,0.0
2165212,320,38,1,MF,STC,NG40LF,40-ft,256.82424561357374,367.26949019249076,534.5692968792939,1.4300421259490297,2.0814596207697016,24.881296065161216,-4.781790226825159,SUCCESS,FAILURE,24.881296065161216,SUCCESS,58.47693593403236,SUCCESS,0.0,356.7792155472364
2165213,801,56,1,MF,STC,NG40LF,40-ft,36.317604356394995,52.39406103721324,77.18944412087025,1.4426629169439535,2.125400215371814,80.71027286574234,76.31392834736343,SUCCESS,SUCCESS,80.71027286574234,SUCCESS,76.31392834736343,SUCCESS,0.0,0.0
2165215,801,27,1,MF,STC,NG40LF,40-ft,52.3620011917579,80.00126919982782,118.61357897413488,1.5278497265001496,2.2652606140806815,75.81537780144897,68.9692235861463,SUCCESS,SUCCESS,75.81537780144897,SUCCESS,68.9692235861463,SUCCESS,0.0,0.0
2165216,801,53,1,MF,STC,NG40LF,40-ft,83.15908736976526,121.53724409867789,172.62513944758433,1.4615028608751428,2.075842158777068,68.45084324491528,59.39270577170491,SUCCESS,SUCCESS,68.45084324491528,SUCCESS,59.39270577170491,SUCCESS,0.0,0.0
2165256,701,32,2,SAT,PCT,NG40LF,40-ft,333.6030763964572,437.3971177123703,625.1915337354746,1.3111303481882859,1.8740580587227285,12.44731955454428,-20.849562719055783,FAILURE,FAILURE,58.46547692573735,SUCCESS,27.060796818301615,SUCCESS,259.54240757352875,270.2144277906956
2165259,151,51,1,MF,PCT,NG40LF,40-ft,101.06728998549848,132.8673972163828,187.3074834932978,1.3146429199343046,1.8532948050766318,66.44195084815908,56.78945328133018,SUCCESS,SUCCESS,66.4419508481591,SUCCESS,56.78945328133017,SUCCESS,0.0,0.0
2165260,151,52,1,MF,PCT,NG40LF,40-ft,81.56812800537806,109.60388851522538,151.6749034786354,1.3437097454044653,1.859487365808309,70.56668643347068,63.10728661726323,SUCCESS,SUCCESS,70.5666864334707,SUCCESS,63.10728661726325,SUCCESS,0.0,0.0
2165261,151,53,1,MF,PCT,NG40LF,40-ft,73.12112305889319,110.9868158565535,151.24203089456662,1.5178488952797202,2.0683767503509665,70.32148655025648,63.184037075431455,SUCCESS,SUCCESS,70.3214865502565,SUCCESS,63.18403707543146,SUCCESS,0.0,0.0
2165262,151,55,1,MF,PCT,NG40LF,40-ft,76.31815708897774,93.43403308124583,130.12550902229884,1.224270038024019,1.7050399798122515,73.43368207779329,66.92810123718105,SUCCESS,SUCCESS,73.43368207779332,SUCCESS,66.92810123718104,SUCCESS,0.0,0.0
2165263,151,54,1,MF,PCT,NG40LF,40-ft,60.031163621609636,90.10113467807011,122.65752893070285,1.5009060168481572,2.0432309075972896,74.02462151098047,68.2522111824995,SUCCESS,SUCCESS,74.0246215109805,SUCCESS,68.25221118249951,SUCCESS,0.0,0.0
2165264,151,56,1,MF,PCT,NG40LF,40-ft,50.677478056602965,59.259243079133384,82.09198178167519,1.1693408068362288,1.619890825861235,79.49304200724585,75.44468408126328,SUCCESS,SUCCESS,79.49304200724586,SUCCESS,75.44468408126326,SUCCESS,0.0,0.0
2165267,301,46,1,MF,RTC,HY40LF,40-ft,131.20013427510523,155.8375703376607,212.38581674993964,1.18778514365614,1.618792678249866,62.369225117436045,52.3429402925639,SUCCESS,SUCCESS,62.36922511743606,SUCCESS,52.34294029256391,SUCCESS,0.0,0.0
2165305,123,35,1,MF,HTC,EL40QC,40-ft,100.68543388931971,169.11212174091128,262.83511180684957,1.679608610782875,2.6104581532198177,60.01558125161148,43.39802982148058,SUCCESS,SUCCESS,60.01558125161146,SUCCESS,43.39802982148059,SUCCESS,0.0,0.0
2165309,801,47,1,MF,STC,NG40LF,40-ft,43.503933412745276,63.33594655196874,95.56540428508349,1.4558671270265715,2.1967072121594837,78.77022224255875,73.0557793820774,SUCCESS,SUCCESS,78.77022224255875,SUCCESS,73.05577938207742,SUCCESS,0.0,0.0
2165312,320,35,1,MF,STC,NG40LF,40-ft,378.4612888003038,556.1829223759839,809.2847333085933,1.4695899919884685,2.138355380741767,-8.613993329075162,-53.49020094123995,FAILURE,FAILURE,63.55441633149733,SUCCESS,28.349341805880496,SUCCESS,407.0298304856288,461.5750210937594
2165313,320,29,1,MF,STC,NG40LF,40-ft,265.8397137132414,388.673252756779,564.1294905170122,1.4620586492808103,2.122066273083385,21.086302702698763,-10.02295931152698,SUCCESS,FAILURE,21.08630270269875,SUCCESS,57.07825883099813,SUCCESS,0.0,378.4508703238416
2165318,801,14,1,MF,STC,NG40LF,40-ft,96.23519135355403,138.7284498596229,203.36959227007694,1.441556336184285,2.113255966031457,65.40275711708814,53.941561654241674,SUCCESS,SUCCESS,65.40275711708814,SUCCESS,53.941561654241696,SUCCESS,0.0,0.0
2165319,801,43,1,MF,STC,NG40LF,40-ft,138.41520684036286,180.44380906162996,253.9526020019277,1.3036415086222395,1.8347160532355127,58.00641683304434,44.97294290745963,SUCCESS,SUCCESS,58.00641683304434,SUCCESS,44.97294290745961,SUCCESS,0.0,0.0
2165347,801,99,1,MF,STC,NG40LF,40-ft,102.75455294958633,126.23998829806351,174.5355327789357,1.2285585862068775,1.6985673896568527,67.61702335140718,59.0539835498341,SUCCESS,SUCCESS,67.61702335140718,SUCCESS,59.0539835498341,SUCCESS,0.0,0.0
