block_id,line_group,block_number,service_id,depot_code,asset_class,service_day,total_distance_km,total_energy_require_medium_kwh,total_energy_require_heavy_kwh,soc_left_medium_percent_depot_only,soc_left_heavy_percent_depot_only,medium_success_depot_only,heavy_success_depot_only,soc_left_medium_percent_on_route_charge,soc_left_heavy_percent_on_route_charge,total_energy_received_medium,total_energy_received_heavy,medium_success_on_route_charge,heavy_success_on_route_charge
2147430,22,50,1,VTC,60-ft,MF,213.90815907240386,351.67700463376036,545.9864894335022,27.645921164226888,-6.806115147784081,SUCCESS,FAILURE,66.52854693639087,46.11853960612104,219.29800935500452,298.495052812025,SUCCESS,SUCCESS
2147432,22,55,1,VTC,60-ft,MF,237.7914411501441,399.65302542260224,621.230145976303,19.139534499538613,-20.1471890028906,FAILURE,FAILURE,65.23001296293131,33.755717047502756,259.95029853353446,304.0123901242182,SUCCESS,SUCCESS
2147433,22,51,1,VTC,60-ft,MF,188.74929986900196,319.8700421758908,497.1029050922429,33.28545351491299,1.8611870403824675,SUCCESS,FAILURE,53.168064014065365,22.711064040717353,112.13792321521913,117.59330628188866,SUCCESS,SUCCESS
2147442,22,48,2,VTC,60-ft,SAT,264.1384196971374,452.1423583302416,710.5412166919996,9.832915189673477,-35.98248522907794,FAILURE,FAILURE,53.2160240298033,17.573925415716076,244.68073385833196,302.05815603663797,SUCCESS,FAILURE
2147448,22,44,2,VTC,40-ft,SAT,183.33589455303587,307.554879045314,477.71128648993965,35.468993077071985,5.2994172890177955,SUCCESS,FAILURE,53.87089849353265,24.739454801399763,103.78674654883787,109.64181156983412,SUCCESS,SUCCESS
2147451,22,5,3,VTC,40-ft,SUN,324.34476983709646,540.3807177125307,839.7673690822945,-5.812183991583448,-58.89492359615151,FAILURE,FAILURE,64.76546075489456,33.52115394449594,398.05791637013573,521.2266773292514,SUCCESS,SUCCESS
2147452,22,6,3,VTC,40-ft,SUN,296.819726389701,492.23163025395564,765.9709409409579,2.7248882528447482,-45.810450521446434,FAILURE,FAILURE,66.0914420294217,38.23788405217851,357.3873632998937,474.0326069952444,SUCCESS,SUCCESS
2147453,22,3,3,VTC,40-ft,SUN,315.17618613677854,524.8427659912253,815.9554076703384,-3.0572280126285936,-54.67294462240043,FAILURE,FAILURE,63.06580928427583,22.310622886356786,372.9339303545406,434.1873207493904,SUCCESS,SUCCESS
2147454,22,1,3,VTC,40-ft,SUN,219.32156438836995,363.9921677643371,565.3781080358056,25.46238160206789,-10.24434539641942,SUCCESS,FAILURE,68.21939058518359,46.56725199636133,241.14953066477227,320.4174092952835,SUCCESS,SUCCESS
2147455,22,8,3,VTC,40-ft,SUN,164.86601779126167,271.89402138704884,421.8592485494424,41.79184017960127,15.202260895488942,SUCCESS,FAILURE,70.86872731538237,56.456024639053794,163.99364344580516,232.67122751370567,SUCCESS,SUCCESS
2147456,22,2,3,VTC,40-ft,SUN,336.63848249766664,561.4727020781221,872.8562080824559,-9.551897531581927,-64.76173902171203,FAILURE,FAILURE,67.38151978942848,32.14371647073241,433.90447369049843,546.5467689773863,SUCCESS,SUCCESS
2147457,22,7,3,VTC,40-ft,SUN,102.7674050643114,168.765343612649,261.27158832718834,60.07706673534593,43.67525029659782,SUCCESS,SUCCESS,69.35199064219633,55.66033498067772,52.31057083463605,67.59587761821064,SUCCESS,SUCCESS
2147458,22,4,3,VTC,40-ft,SUN,177.92248923706978,295.23971591473725,458.3196678876363,37.65253263923099,8.737647537653146,SUCCESS,FAILURE,67.39962248214113,48.67338878565778,167.77358671401282,225.23758063874612,SUCCESS,SUCCESS
2147459,3,2,1,VTC,60-ft,MF,236.1212317232067,441.6355875548346,701.2660392417556,11.695817809426492,-34.337950220169425,FAILURE,FAILURE,70.49719995652501,53.05983954065271,331.63979530963536,492.92353425103676,SUCCESS,SUCCESS
2147460,3,6,1,VTC,60-ft,MF,132.42285941139946,245.10610418878977,388.40260453512565,46.54147088851245,21.134289976041558,SUCCESS,SUCCESS,72.80096747960759,59.763856837472005,148.10356077377634,217.87075709846772,SUCCESS,SUCCESS
2147461,3,21,1,VTC,60-ft,MF,153.1625338737609,284.41200086199876,450.9752914764516,39.572340272695264,10.039841936799363,SUCCESS,FAILURE,68.94479664777384,53.462369855471806,165.6606539554429,244.90305746131259,SUCCESS,SUCCESS
2147462,3,8,1,VTC,60-ft,MF,215.38155726084526,402.32969088162565,638.6933523004296,18.664948425243683,-23.243502180927237,FAILURE,FAILURE,71.87884859538615,57.609214244056304,300.1263969596032,456.0093206369071,SUCCESS,SUCCESS
2147463,3,5,1,VTC,60-ft,MF,153.1625338737609,284.41200086199876,450.9752914764516,39.572340272695264,10.039841936799363,SUCCESS,FAILURE,72.98127483310756,60.228070510470566,188.42639092072517,283.0616091555056,SUCCESS,SUCCESS
2147464,3,1,1,VTC,40-ft,MF,256.8609061855682,480.9414842280436,763.8387261830816,4.726687193609299,-45.43239825941162,FAILURE,FAILURE,68.79600007745668,49.15125232360984,361.35092466489897,533.4517892882409,SUCCESS,SUCCESS
2147465,3,22,1,VTC,60-ft,MF,49.46416156195374,87.88251749595372,138.11185676982177,74.41799335178126,65.51208213301032,SUCCESS,SUCCESS,78.54115957766442,70.17653925537554,23.25465751398093,26.30753817013982,SUCCESS,SUCCESS
2147466,3,7,1,VTC,40-ft,MF,173.90220833612236,323.7178975352077,513.5479784177776,32.60320965687807,-1.0546061024428302,SUCCESS,FAILURE,73.44541050827739,59.98867143221971,230.35001280189186,344.2840852954967,SUCCESS,SUCCESS
2147467,3,4,1,VTC,60-ft,MF,215.38155726084526,402.32969088162565,638.6933523004296,18.664948425243683,-23.243502180927237,FAILURE,FAILURE,70.8345583814608,55.97502312972562,294.2366001530642,446.792482752082,SUCCESS,SUCCESS
2147468,3,3,1,VTC,60-ft,MF,256.8609061855682,480.9414842280436,763.8387261830816,4.726687193609299,-45.43239825941162,FAILURE,FAILURE,72.25428611863643,57.28738094599643,380.8556579371527,579.3395547185013,SUCCESS,SUCCESS
2147469,3,9,2,VTC,60-ft,SAT,111.68318494903805,205.80020751558075,325.8299175937997,53.51060150432966,32.228738015283746,SUCCESS,SUCCESS,76.59419107272605,65.30602986897915,130.19144516575545,186.55592605484208,SUCCESS,SUCCESS
2147470,3,3,2,VTC,60-ft,SAT,173.90220833612236,323.7178975352077,513.5479784177776,32.60320965687807,-1.0546061024428302,SUCCESS,FAILURE,73.72431771871297,60.85504996502704,231.92304946874856,349.17046022053006,SUCCESS,SUCCESS
2147471,3,2,2,VTC,60-ft,SAT,153.1625338737609,284.41200086199876,450.9752914764516,39.572340272695264,10.039841936799363,SUCCESS,FAILURE,75.81110201741444,64.80506460049926,204.38661624021591,308.87585582326744,SUCCESS,SUCCESS
2147472,3,1,2,VTC,40-ft,SAT,256.8609061855682,480.9414842280436,763.8387261830816,4.726687193609299,-45.43239825941162,FAILURE,FAILURE,75.17163860716663,61.07225623511715,397.309525972463,600.6862513491421,SUCCESS,SUCCESS
2147473,3,6,2,VTC,60-ft,SAT,132.42285941139946,245.10610418878977,388.40260453512565,46.54147088851245,21.134289976041558,SUCCESS,SUCCESS,74.02342846702638,61.59625289724787,154.99824074281827,228.20547087560362,SUCCESS,SUCCESS
2147474,3,8,2,VTC,60-ft,SAT,153.1625338737609,284.41200086199876,450.9752914764516,39.572340272695264,10.039841936799363,SUCCESS,FAILURE,76.15056951888126,64.74806434555857,206.3012129484888,308.55437438540196,SUCCESS,SUCCESS
2147475,3,4,2,VTC,60-ft,SAT,215.38155726084526,402.32969088162565,638.6933523004296,18.664948425243683,-23.243502180927237,FAILURE,FAILURE,72.69208477671121,56.57430139823097,304.71304902227655,450.1724121864522,SUCCESS,SUCCESS
2147476,3,7,2,VTC,40-ft,SAT,173.90220833612236,323.7178975352077,513.5479784177776,32.60320965687807,-1.0546061024428302,SUCCESS,FAILURE,72.49882293196707,58.03737583137474,225.0112588715017,333.27877810673107,SUCCESS,SUCCESS
2147477,3,5,2,VTC,60-ft,SAT,236.1212317232067,441.6355875548346,701.2660392417556,11.695817809426492,-34.337950220169425,FAILURE,FAILURE,72.10137329424082,58.211881813329256,340.68733293435247,521.9810526689325,SUCCESS,SUCCESS
2147478,3,10,2,VTC,60-ft,SAT,111.68318494903805,205.80020751558075,325.8299175937997,53.51060150432966,32.228738015283746,SUCCESS,SUCCESS,76.78650781182571,66.19799717341269,131.27611157427754,191.58662165184717,SUCCESS,SUCCESS
2147479,3,5,3,VTC,60-ft,SUN,111.68318494903805,205.80020751558075,325.8299175937997,53.51060150432966,32.228738015283746,SUCCESS,SUCCESS,77.0654496921122,66.89504391125031,132.84934377909332,195.51796525325136,SUCCESS,SUCCESS
2147480,3,4,3,VTC,60-ft,SUN,256.8609061855682,480.9414842280436,763.8387261830816,4.726687193609299,-45.43239825941162,FAILURE,FAILURE,72.6144275192986,55.65261518706283,382.8868554368874,570.1194758381157,SUCCESS,SUCCESS
2147481,3,3,3,VTC,60-ft,SUN,194.6418827984838,363.0237942084167,576.1206653591037,25.634079041060875,-12.149054141685044,SUCCESS,FAILURE,75.03407923156207,62.687477826862526,278.6160010744265,422.0780403026082,SUCCESS,SUCCESS
2147483,3,1,3,VTC,40-ft,SUN,256.8609061855682,480.9414842280436,763.8387261830816,4.726687193609299,-45.43239825941162,FAILURE,FAILURE,71.22696401965707,54.41776512634683,375.0615612989092,563.1549214956776,SUCCESS,SUCCESS
2147484,3,6,3,VTC,60-ft,SUN,215.38155726084526,402.32969088162565,638.6933523004296,18.664948425243683,-23.243502180927237,FAILURE,FAILURE,73.64194765777026,59.37136867644733,310.0702756714496,465.9478716355925,SUCCESS,SUCCESS
2147485,3,2,3,VTC,60-ft,SUN,236.1212317232067,441.6355875548346,701.2660392417556,11.695817809426492,-34.337950220169425,FAILURE,FAILURE,72.03970929137088,57.39898583942902,340.33954795816607,517.3963193761351,SUCCESS,SUCCESS
2147486,3,7,3,VTC,40-ft,SUN,173.90220833612236,323.7178975352077,513.5479784177776,32.60320965687807,-1.0546061024428302,SUCCESS,FAILURE,71.09188170986923,55.25787233470609,217.07611037886988,317.60237838551996,SUCCESS,SUCCESS
2147487,4,16,1,VTC,40-ft,MF,190.78951981767662,313.6599879515812,484.6479204780244,34.38652695893951,4.069517645740361,SUCCESS,FAILURE,60.998909621008124,36.23699693942746,150.0938382140671,181.4245832163952,SUCCESS,SUCCESS
2147488,4,23,1,VTC,40-ft,MF,103.41905017534273,160.66744563894656,245.79651834111232,61.512864248413734,46.41905703171768,SUCCESS,SUCCESS,67.68747269618758,55.09825424260887,34.82479164544458,48.95067226942632,SUCCESS,SUCCESS
2147489,4,14,1,VTC,40-ft,MF,241.76121299344746,400.93216162033116,621.3455328217235,18.912737301359726,-20.16764766342615,FAILURE,FAILURE,57.330691195449724,24.394022820410314,216.67725996266768,251.32782152883766,SUCCESS,SUCCESS
2147490,4,20,1,VTC,40-ft,MF,195.8857875774306,318.99597138168724,492.2011958696645,33.44043060608383,2.7302844202722554,SUCCESS,FAILURE,62.94739548686955,39.64336380483009,166.41928192763157,208.1897677289062,SUCCESS,SUCCESS
2147491,4,13,1,VTC,40-ft,MF,227.43980968921736,375.62535383250355,580.8727602965142,23.39975995877597,-12.991624166048618,SUCCESS,FAILURE,52.89525173063495,19.2216047053698,166.35457359328478,181.68261083479976,SUCCESS,FAILURE
2147492,4,17,1,VTC,40-ft,MF,195.68575974029966,321.49434749965593,496.909958387123,32.99745611708229,1.895397449091666,SUCCESS,FAILURE,55.842408959824,29.986560869502384,128.84553403306336,158.43416169111646,SUCCESS,SUCCESS
2147493,4,12,1,VTC,40-ft,MF,236.3316632035202,393.69304479175923,611.4839340562386,20.196268653943402,-18.41913724401393,SUCCESS,FAILURE,55.27021941166211,19.117178318127202,197.81708227353363,211.70481977047592,SUCCESS,FAILURE
2147494,4,11,1,VTC,40-ft,MF,226.90649982191314,376.2205965520064,583.2731994401279,23.29422046950242,-13.417233943285082,SUCCESS,FAILURE,50.79768585362493,17.524734760546973,155.1195447664511,174.5127034896128,SUCCESS,FAILURE
2147495,4,22,1,VTC,40-ft,MF,85.93491796280833,133.09987373892017,203.52667641419498,66.40073160657445,53.91370985563919,SUCCESS,SUCCESS,72.23453079147139,62.105065686173944,32.90262740281884,46.19924688421605,SUCCESS,SUCCESS
2147496,4,19,1,VTC,40-ft,MF,222.79508317157203,364.0359915214665,562.6817724126925,25.454611432364104,-9.76627170437809,SUCCESS,FAILURE,54.435516169472564,23.772264293853908,163.45230271729184,189.15734303002847,SUCCESS,SUCCESS
2147497,4,15,1,VTC,40-ft,MF,244.97365866466959,403.21493800471416,623.1350590037102,18.507989715476217,-20.484939539664932,FAILURE,FAILURE,55.90427500574437,22.994930532801707,210.9150490371124,245.22646720871168,SUCCESS,SUCCESS
2147498,4,24,1,VTC,40-ft,MF,103.46876693826056,160.68945791113075,245.7889751213909,61.50896136327469,46.4203944820229,SUCCESS,SUCCESS,66.28286902082495,53.04184373181019,26.924839188583462,37.3449737688004,SUCCESS,SUCCESS
2147499,4,25,1,VTC,40-ft,MF,103.46876693826056,160.68945791113075,245.7889751213909,61.50896136327469,46.4203944820229,SUCCESS,SUCCESS,68.01846840663653,55.56970221951932,36.71361972456083,51.6020956394799,SUCCESS,SUCCESS
2147500,4,18,1,VTC,40-ft,MF,190.78951981767662,313.6599879515812,484.6479204780244,34.38652695893951,4.069517645740361,SUCCESS,FAILURE,61.300067235097124,36.779830182165185,151.79236715752904,184.48616270543596,SUCCESS,SUCCESS
2147501,4,17,2,VTC,40-ft,SAT,178.20162752776528,293.92677559962954,454.6401164602057,37.88532347524299,9.390050273013175,SUCCESS,FAILURE,61.22199331581467,39.36132009200705,131.61881790082435,169.03796177912545,SUCCESS,SUCCESS
2147502,4,24,2,VTC,40-ft,SAT,180.29077394878487,296.48189959720696,455.9299636028428,37.43228730545976,9.161353971127166,SUCCESS,FAILURE,64.82602334979838,42.40262030972623,154.50067129006987,187.48074214969876,SUCCESS,SUCCESS
2147503,4,21,2,VTC,40-ft,SAT,226.44714845006217,367.4683761125187,564.410248260644,24.846032604163355,-10.072739053305677,SUCCESS,FAILURE,61.79681042131316,34.51684229972612,208.402386888725,251.48523883109945,SUCCESS,SUCCESS
2147504,4,22,2,VTC,40-ft,SAT,149.49450342849056,240.10525975962182,370.2320927757128,47.42814543269117,24.356011919199865,SUCCESS,SUCCESS,62.916209093166245,44.27592061057634,87.35267904507941,112.34828501936335,SUCCESS,SUCCESS
2147505,4,13,2,VTC,40-ft,SAT,289.2219106434624,478.8240076156855,739.4450537404987,5.102126309275625,-41.107279032003305,FAILURE,FAILURE,55.60199899966106,12.054036382424025,284.81928197377397,299.8298189373702,SUCCESS,FAILURE
2147506,4,20,2,VTC,40-ft,SAT,159.23549770588986,257.03060550076486,395.97635605117466,44.42719760624737,19.791426232061234,SUCCESS,FAILURE,65.16140924474277,46.360326694258994,116.94095364111422,149.8485986067954,SUCCESS,SUCCESS
2147507,4,16,2,VTC,40-ft,SAT,190.78951981767662,313.6599879515812,484.6479204780244,34.38652695893951,4.069517645740361,SUCCESS,FAILURE,62.85471456306965,41.06986675543516,160.56057808729406,208.68196897867864,SUCCESS,SUCCESS
2147508,4,23,2,VTC,40-ft,SAT,103.41905017534273,160.66744563894656,245.79651834111232,61.512864248413734,46.41905703171768,SUCCESS,SUCCESS,66.64727553777911,53.58153928244235,28.958079672020745,40.39639989408715,SUCCESS,SUCCESS
2147509,4,18,2,VTC,40-ft,SAT,190.78951981767662,313.6599879515812,484.6479204780244,34.38652695893951,4.069517645740361,SUCCESS,FAILURE,62.5215192592534,39.463805791225724,158.68135657377042,199.6237851405374,SUCCESS,SUCCESS
2147510,4,11,2,VTC,40-ft,SAT,315.147286381113,520.9722635367067,804.8207954691284,-2.3709687121820333,-52.698722600909285,FAILURE,FAILURE,59.147392298137824,11.501564118180374,346.9635560982041,362.08961709566574,SUCCESS,FAILURE
2147511,4,19,2,VTC,40-ft,SAT,176.71962991842423,284.59817740079126,438.24619797809197,39.539330248086664,12.296773408139726,SUCCESS,FAILURE,58.71858478017992,36.6440626613848,108.17099556100607,137.3187113883023,SUCCESS,SUCCESS
2147512,4,12,2,VTC,40-ft,SAT,192.62564633925044,320.4812927920649,497.6738344391431,33.177075746087795,1.7599584327760516,SUCCESS,FAILURE,59.92318857051628,32.54177858983779,150.8480763297768,173.60946568582824,SUCCESS,SUCCESS
2147513,4,15,2,VTC,40-ft,SAT,222.0102598992901,368.3862370039316,571.0111615310293,24.683291311359646,-11.243113746636398,SUCCESS,FAILURE,52.15996612688804,17.817410563917175,154.9684459595802,163.90135711152203,SUCCESS,FAILURE
2147514,4,14,2,VTC,40-ft,SAT,277.7816727893937,460.47113381145004,712.357436208086,8.356181948324465,-36.3045099659727,FAILURE,FAILURE,55.864086038454886,17.39557121663255,267.9445790683357,302.86845786989375,SUCCESS,FAILURE
2147515,4,21,3,VTC,40-ft,SUN,214.62208674493502,346.8144551179743,531.2787484130124,28.5080753336925,-4.198359647697232,SUCCESS,FAILURE,63.336370638682205,40.97968529678966,196.431585520142,254.8041734869061,SUCCESS,SUCCESS
2147516,4,16,3,VTC,40-ft,SUN,134.97307228712953,217.29682808976287,334.468082767962,51.47219360110588,30.69714844539681,SUCCESS,SUCCESS,65.89538753413618,50.99298333455175,81.34681378229095,114.46850877483388,SUCCESS,SUCCESS
2147517,4,14,3,VTC,40-ft,SUN,284.81209377347983,475.1388804114021,734.7428842928274,5.75551765755282,-40.27356104482755,FAILURE,FAILURE,68.18191059945615,29.775790998872992,352.0848561923348,395.078345526471,SUCCESS,SUCCESS
2147518,4,12,3,VTC,40-ft,SUN,236.3316632035202,393.69304479175923,611.4839340562386,20.196268653943402,-18.41913724401393,SUCCESS,FAILURE,53.42331046048684,17.206247037674565,187.40051578890512,200.92716734872306,SUCCESS,FAILURE
2147519,4,17,3,VTC,40-ft,SUN,190.78951981767662,313.6599879515812,484.6479204780244,34.38652695893951,4.069517645740361,SUCCESS,FAILURE,62.383656727521306,39.81676774859257,157.90381189480144,201.6144905800864,SUCCESS,SUCCESS
2147520,4,18,3,VTC,40-ft,SUN,252.34377473314126,409.62300852869225,629.785989989274,17.371806998458826,-21.66418262221169,FAILURE,FAILURE,58.821412187829104,26.30822778381025,233.7757732680485,270.56439468996376,SUCCESS,SUCCESS
2147521,4,11,3,VTC,40-ft,SUN,226.90649982191314,376.2205965520064,583.2731994401279,23.29422046950242,-13.417233943285082,SUCCESS,FAILURE,55.72606416325531,26.716610354529617,182.9155984327664,226.35488183967493,SUCCESS,SUCCESS
2147522,4,15,3,VTC,40-ft,SUN,178.20162752776528,293.92677559962954,454.6401164602057,37.88532347524299,9.390050273013175,SUCCESS,FAILURE,63.26827824486819,41.707943092022845,143.15986490068622,182.27291549921455,SUCCESS,SUCCESS
2147523,4,13,3,VTC,40-ft,SUN,264.3830097591024,437.39991439591387,676.3592569893619,12.446823688667758,-29.921854076128003,FAILURE,FAILURE,56.773191043269954,15.415073931021931,250.00071187995644,255.70027396032555,SUCCESS,FAILURE
2147524,4,19,3,VTC,40-ft,SUN,226.44714845006217,367.4683761125187,564.410248260644,24.846032604163355,-10.072739053305677,SUCCESS,FAILURE,61.66460350625328,38.34149260374411,207.6567398877873,273.0562665457609,SUCCESS,SUCCESS
2147525,4,20,3,VTC,40-ft,SUN,104.90104778468378,169.9960438377848,262.19043682322604,59.85885747557008,43.51233389659113,SUCCESS,SUCCESS,66.23502107731929,51.74108755646053,35.961562713865646,46.410170641663456,SUCCESS,SUCCESS
2147526,4,22,3,VTC,40-ft,SUN,103.41905017534273,160.66744563894656,245.79651834111232,61.512864248413734,46.41905703171768,SUCCESS,SUCCESS,68.67443691235118,56.45539688113054,40.39126982460732,56.60495675068853,SUCCESS,SUCCESS
2147527,5,2,1,VTC,40-ft,MF,173.2215266057138,343.4288289473507,585.5130382834425,29.10836366181725,-13.814368489972068,SUCCESS,FAILURE,29.184639944013703,-13.703854417899915,0.43019823158743975,0.62329936648689,SUCCESS,FAILURE
2147528,5,23,1,VTC,40-ft,MF,68.41025386534953,125.24630979328208,208.20101933925218,67.79320748346063,53.08492564906877,SUCCESS,SUCCESS,67.79320748346068,53.08492564906877,0.0,0.0,SUCCESS,SUCCESS
2147529,5,21,1,VTC,40-ft,MF,121.3443707109215,233.81473744465023,393.86617063220837,48.54348626867904,20.16557258294178,SUCCESS,SUCCESS,48.54348626867914,20.165572582941778,0.0,0.0,SUCCESS,SUCCESS
2147530,5,9,1,VTC,40-ft,MF,105.70892382758603,205.02658810957897,347.57153229210235,53.64776806567749,28.37384179218044,SUCCESS,SUCCESS,53.724044347873935,28.48435586425258,0.43019823158743975,0.62329936648689,SUCCESS,SUCCESS
2147531,5,4,1,VTC,40-ft,MF,132.7107425109266,260.28930074413614,442.7481346886384,43.84941476167799,11.498557679319436,SUCCESS,FAILURE,43.92569104387448,11.60907175139158,0.43019823158743975,0.62329936648689,SUCCESS,FAILURE
2147532,5,7,1,VTC,40-ft,MF,168.59755340676742,330.5244845551251,560.4252248261464,31.396367986679945,-9.366174614564962,SUCCESS,FAILURE,31.39636798668008,-9.366174614564969,0.0,0.0,SUCCESS,FAILURE
2147533,5,5,1,VTC,40-ft,MF,112.45937849842117,218.84226626821825,371.36568289123636,51.19817973967762,24.155020763965187,SUCCESS,SUCCESS,51.27445602187407,24.265534836037332,0.43019823158743975,0.62329936648689,SUCCESS,SUCCESS
2147534,5,28,1,VTC,40-ft,MF,41.40843518200897,69.98359715872499,113.02441694271613,77.59156078746011,69.96020976192978,SUCCESS,SUCCESS,77.59156078746014,69.96020976192978,0.0,0.0,SUCCESS,SUCCESS
2147535,5,25,1,VTC,40-ft,MF,54.90934452367925,97.61495347600354,160.61271814098416,72.69238413546037,61.52256770549926,SUCCESS,SUCCESS,72.69238413546041,61.52256770549926,0.0,0.0,SUCCESS,SUCCESS
2147537,5,11,1,VTC,40-ft,MF,51.705286460904915,94.50116284046473,157.21832749903027,73.24447467367646,62.12441001790244,SUCCESS,SUCCESS,73.32075095587284,62.234924089974584,0.43019823158743975,0.62329936648689,SUCCESS,SUCCESS
2147538,5,10,1,VTC,40-ft,MF,138.49775782671986,287.0589064833345,462.1091871141724,39.10303076536623,8.06574696557227,SUCCESS,FAILURE,39.17930704756256,8.17626103764441,0.43019823158743975,0.62329936648689,SUCCESS,FAILURE
2147539,5,26,1,VTC,40-ft,MF,62.50386437101745,117.94029540362348,187.3144143376436,69.08860010574051,56.78822440821922,SUCCESS,SUCCESS,69.0886001057405,56.7882244082192,0.0,0.0,SUCCESS,SUCCESS
2147540,5,24,1,VTC,40-ft,MF,62.50386437101745,117.94029540362348,187.3144143376436,69.08860010574051,56.78822440821922,SUCCESS,SUCCESS,69.0886001057405,56.7882244082192,0.0,0.0,SUCCESS,SUCCESS
2147541,5,27,1,VTC,40-ft,MF,48.81806813181455,88.06534802464739,138.96917809091934,74.38557659137459,65.36007480657459,SUCCESS,SUCCESS,74.38557659137456,65.36007480657457,0.0,0.0,SUCCESS,SUCCESS
2147542,5,22,1,VTC,40-ft,MF,48.81806813181455,88.06534802464739,138.96917809091934,74.38557659137459,65.36007480657459,SUCCESS,SUCCESS,74.38557659137456,65.36007480657457,0.0,0.0,SUCCESS,SUCCESS
2147543,5,1,1,VTC,40-ft,MF,124.83292642181013,257.2932994146659,413.8699857820703,44.38062067115853,16.618796847150666,SUCCESS,FAILURE,44.45689695335486,16.729310919222794,0.43019823158743975,0.62329936648689,SUCCESS,FAILURE
2147544,5,3,1,VTC,40-ft,MF,124.83292642181013,257.2932994146659,413.8699857820703,44.38062067115853,16.618796847150666,SUCCESS,FAILURE,44.45689695335486,16.729310919222794,0.43019823158743975,0.62329936648689,SUCCESS,FAILURE
2147545,5,8,1,VTC,40-ft,MF,165.86935030512564,346.80880124128674,558.7996596076209,28.509077794098097,-9.077953831138458,SUCCESS,FAILURE,28.585354076294433,-8.967439759066327,0.43019823158743975,0.62329936648689,SUCCESS,FAILURE
2147546,5,29,1,VTC,40-ft,MF,48.81806813181455,88.06534802464739,138.96917809091934,74.38557659137459,65.36007480657459,SUCCESS,SUCCESS,74.38557659137456,65.36007480657457,0.0,0.0,SUCCESS,SUCCESS
2147547,5,12,1,VTC,40-ft,MF,56.40394522579558,107.91856251978538,172.14380454844883,70.86550309932885,59.47804883892752,SUCCESS,SUCCESS,70.94177938152517,59.58856291099964,0.43019823158743975,0.62329936648689,SUCCESS,SUCCESS
2147548,5,6,1,VTC,40-ft,MF,165.14733616503923,342.0024007459443,549.9036861880758,29.361276463485055,-7.500653579446054,SUCCESS,FAILURE,29.36127646348502,-7.500653579446056,0.0,0.0,SUCCESS,FAILURE
2147549,5,20,1,VTC,40-ft,MF,48.81806813181455,88.06534802464739,138.96917809091934,74.38557659137459,65.36007480657459,SUCCESS,SUCCESS,74.38557659137456,65.36007480657457,0.0,0.0,SUCCESS,SUCCESS
2147550,5,13,1,VTC,40-ft,MF,35.132271892611655,58.19040064567132,90.62394184419509,79.68255307700863,73.93192520492995,SUCCESS,SUCCESS,79.68255307700862,73.93192520492995,0.0,0.0,SUCCESS,SUCCESS
2147551,5,26,2,VTC,40-ft,SAT,95.41207254869009,180.5090224278392,303.37762173578824,57.99485417946113,36.20964153620776,SUCCESS,SUCCESS,57.99485417946122,36.20964153620776,0.0,0.0,SUCCESS,SUCCESS
2147552,5,20,2,VTC,40-ft,SAT,159.63152934390268,311.7848855286521,531.0914360512876,34.718991927543954,-4.165148236043895,SUCCESS,FAILURE,34.718991927544074,-4.165148236043885,0.0,0.0,SUCCESS,FAILURE
2147553,5,25,2,VTC,40-ft,SAT,114.58585997030994,219.75360003463186,370.07202003307435,51.036595738540456,24.384393611157034,SUCCESS,SUCCESS,51.036595738540555,24.384393611157034,0.0,0.0,SUCCESS,SUCCESS
2147554,5,22,2,VTC,40-ft,SAT,115.66343656119551,221.95605690375706,374.7600735331903,50.64608920146152,23.55317845156201,SUCCESS,SUCCESS,50.64608920146163,23.55317845156201,0.0,0.0,SUCCESS,SUCCESS
2147555,5,24,2,VTC,40-ft,SAT,75.16070853618467,139.06198795192137,231.9951699383862,65.34361915746075,48.86610462085352,SUCCESS,SUCCESS,65.34361915746082,48.86610462085352,0.0,0.0,SUCCESS,SUCCESS
2147556,5,23,2,VTC,40-ft,SAT,141.59573472342692,275.26177192056804,465.2486224296104,41.19472129067943,7.509109498296031,SUCCESS,FAILURE,41.194721290679546,7.509109498296028,0.0,0.0,SUCCESS,FAILURE
2147557,5,21,2,VTC,40-ft,SAT,132.62971066056215,256.52217289409515,435.91483365475153,44.517345231543416,12.710135876817109,SUCCESS,FAILURE,44.517345231543565,12.710135876817114,0.0,0.0,SUCCESS,FAILURE
2147559,5,7,2,VTC,40-ft,SAT,89.87545684942326,177.69019016157569,284.0048868310921,58.4946471344724,39.6445236115085,SUCCESS,SUCCESS,58.494647134472366,39.644523611508454,0.0,0.0,SUCCESS,SUCCESS
2147560,5,1,2,VTC,40-ft,SAT,137.77574368663346,282.2525059879921,453.2132136946272,39.95522943475318,9.643047217264684,SUCCESS,FAILURE,39.95522943475315,9.643047217264682,0.0,0.0,SUCCESS,FAILURE
2147561,5,6,2,VTC,40-ft,SAT,117.24704932782909,237.44008491952792,380.69535932454073,47.90069416320427,22.500822814797747,SUCCESS,SUCCESS,47.90069416320424,22.50082281479773,0.0,0.0,SUCCESS,SUCCESS
2147562,5,2,2,VTC,40-ft,SAT,165.14733616503923,342.0024007459443,549.9036861880758,29.361276463485055,-7.500653579446054,SUCCESS,FAILURE,29.36127646348502,-7.500653579446056,0.0,0.0,SUCCESS,FAILURE
2147563,5,5,2,VTC,40-ft,SAT,69.3467624906189,132.8777690931115,211.48703246100573,66.44011186292349,52.502299209041546,SUCCESS,SUCCESS,66.44011186292347,52.50229920904152,0.0,0.0,SUCCESS,SUCCESS
2147564,5,8,2,VTC,40-ft,SAT,48.81806813181455,88.06534802464739,138.96917809091934,74.38557659137459,65.36007480657459,SUCCESS,SUCCESS,74.38557659137456,65.36007480657457,0.0,0.0,SUCCESS,SUCCESS
2147565,5,3,2,VTC,40-ft,SAT,165.14733616503923,342.0024007459443,549.9036861880758,29.361276463485055,-7.500653579446054,SUCCESS,FAILURE,29.36127646348502,-7.500653579446056,0.0,0.0,SUCCESS,FAILURE
2147566,5,4,2,VTC,40-ft,SAT,96.71835496902472,192.62766385106374,308.17750495445426,55.84615889165537,35.358598412330814,SUCCESS,SUCCESS,55.84615889165534,35.35859841233077,0.0,0.0,SUCCESS,SUCCESS
2147567,5,22,3,VTC,40-ft,SUN,142.66525524453607,277.2187695383142,469.93667592972633,40.84773589746203,6.677894338701009,SUCCESS,FAILURE,40.84773589746217,6.67789433870101,0.0,0.0,SUCCESS,FAILURE
2147569,5,20,3,VTC,40-ft,SUN,195.59937209010792,385.78719718968205,655.6018272226825,21.598014682680493,-26.241458727425965,SUCCESS,FAILURE,21.59801468268058,-26.241458727425965,0.0,0.0,SUCCESS,FAILURE
2147570,5,24,3,VTC,40-ft,SUN,75.16070853618467,139.06198795192137,231.9951699383862,65.34361915746075,48.86610462085352,SUCCESS,SUCCESS,65.34361915746082,48.86610462085352,0.0,0.0,SUCCESS,SUCCESS
2147571,5,21,3,VTC,40-ft,SUN,195.59937209010792,385.78719718968205,655.6018272226825,21.598014682680493,-26.241458727425965,SUCCESS,FAILURE,21.59801468268058,-26.241458727425965,0.0,0.0,SUCCESS,FAILURE
2147572,5,23,3,VTC,40-ft,SUN,68.41025386534953,125.24630979328208,208.20101933925218,67.79320748346063,53.08492564906877,SUCCESS,SUCCESS,67.79320748346068,53.08492564906877,0.0,0.0,SUCCESS,SUCCESS
2147573,5,25,3,VTC,40-ft,SUN,68.41025386534953,125.24630979328208,208.20101933925218,67.79320748346063,53.08492564906877,SUCCESS,SUCCESS,67.79320748346068,53.08492564906877,0.0,0.0,SUCCESS,SUCCESS
2147574,5,1,3,VTC,40-ft,SUN,123.13975477845727,249.3276426800482,400.204857560323,45.79297115601983,19.041691921928557,SUCCESS,FAILURE,45.79297115601981,19.04169192192854,0.0,0.0,SUCCESS,FAILURE
2147580,5,5,3,VTC,40-ft,SUN,48.81806813181455,88.06534802464739,138.96917809091934,74.38557659137459,65.36007480657459,SUCCESS,SUCCESS,74.38557659137456,65.36007480657457,0.0,0.0,SUCCESS,SUCCESS
2147582,16,1,1,VTC,40-ft,MF,211.1241649204483,359.2514208556184,560.2465284372722,26.30293956460667,-9.334490857672376,SUCCESS,FAILURE,26.302939564606685,-9.334490857672373,0.0,0.0,SUCCESS,FAILURE
2147583,7,39,1,VTC,40-ft,MF,196.7168576878422,339.5825487439274,526.2992681659312,29.790328236892304,-3.315473079065803,SUCCESS,FAILURE,60.80020842058281,33.073032065341934,174.89572423601442,205.23116901445968,SUCCESS,SUCCESS
2147585,7,30,1,VTC,40-ft,MF,223.44047433695033,389.121943784867,605.543335702381,21.006747555874643,-17.365839663542726,SUCCESS,FAILURE,49.775205933232066,15.231283137429847,162.2541052482958,183.84777259748535,SUCCESS,FAILURE
2147586,7,52,1,VTC,40-ft,MF,92.57297969453568,157.77767368886944,244.03333381025857,62.025235161547975,46.73167840243643,SUCCESS,SUCCESS,68.61308633177732,56.07836776793136,37.15548060009354,52.71532802139143,SUCCESS,SUCCESS
2147587,7,50,1,VTC,40-ft,MF,92.57297969453568,157.77767368886944,244.03333381025857,62.025235161547975,46.73167840243643,SUCCESS,SUCCESS,67.2766051726465,54.177636146406115,29.617726862595646,41.99520167598905,SUCCESS,SUCCESS
2147588,7,41,1,VTC,40-ft,MF,196.7168576878422,339.5825487439274,526.2992681659312,29.790328236892304,-3.315473079065803,SUCCESS,FAILURE,56.48103770093415,28.916261313717982,150.53560137719597,181.7869819753006,SUCCESS,SUCCESS
2147589,7,32,1,VTC,40-ft,MF,196.7168576878422,339.5825487439274,526.2992681659312,29.790328236892304,-3.315473079065803,SUCCESS,FAILURE,64.98855395576837,42.153686453740946,198.51799305446093,256.4460597650301,SUCCESS,SUCCESS
2147590,7,40,1,VTC,40-ft,MF,196.7168576878422,339.5825487439274,526.2992681659312,29.790328236892304,-3.315473079065803,SUCCESS,FAILURE,57.51419616814722,30.062687689593492,156.3626151322777,188.25282673523844,SUCCESS,SUCCESS
2147591,7,31,1,VTC,40-ft,MF,196.7168576878422,339.5825487439274,526.2992681659312,29.790328236892304,-3.315473079065803,SUCCESS,FAILURE,64.25638670102599,40.25094586206501,194.3885697377139,245.71460282797784,SUCCESS,SUCCESS
2147592,7,51,1,VTC,40-ft,MF,65.50271663685649,102.51348989885632,156.7278837831814,71.82384930871342,62.211368123549406,SUCCESS,SUCCESS,75.30781132738444,66.30128803371286,19.649545785304497,23.067148293321907,SUCCESS,SUCCESS
2147593,7,34,1,VTC,40-ft,MF,195.4102293899222,337.20580556178976,523.2726825726452,30.21173660251955,-2.778844427773964,SUCCESS,FAILURE,53.61139261438056,24.239625056574106,131.97405990689612,152.3841678917231,SUCCESS,SUCCESS
2147594,7,38,1,VTC,40-ft,MF,170.59010994332644,296.6100705948666,460.3035781919707,37.40956195126479,8.385890391494561,SUCCESS,FAILURE,59.91257609632129,37.75618124078887,126.91699977811862,165.6484403900199,SUCCESS,SUCCESS
2147595,7,36,1,VTC,40-ft,MF,170.59010994332644,296.6100705948666,460.3035781919707,37.40956195126479,8.385890391494561,SUCCESS,FAILURE,55.675963571770616,31.46631359479138,103.02250513965282,130.17358686659406,SUCCESS,SUCCESS
2147596,7,33,1,VTC,40-ft,MF,170.59010994332644,296.6100705948666,460.3035781919707,37.40956195126479,8.385890391494561,SUCCESS,FAILURE,59.149394254619104,35.702667632390394,122.6126541909183,154.06662363865252,SUCCESS,SUCCESS
2147597,7,37,1,VTC,40-ft,MF,156.40166426552682,267.7896071087912,415.1375603817891,42.519573207661146,16.394049577696972,SUCCESS,FAILURE,59.40960237281557,37.62982665615723,95.259764491471,119.76978272251586,SUCCESS,SUCCESS
2147598,7,35,1,VTC,40-ft,MF,156.40166426552682,267.7896071087912,415.1375603817891,42.519573207661146,16.394049577696972,SUCCESS,FAILURE,57.29936232125945,34.7921954360589,83.35801060069446,103.76554264116129,SUCCESS,SUCCESS
2147599,7,42,1,VTC,40-ft,MF,79.6911623146561,131.3339533849317,201.89390159336298,66.71383805231707,54.20320893734699,SUCCESS,SUCCESS,73.30168922254644,63.54989830284193,37.15548060009354,52.71532802139143,SUCCESS,SUCCESS
2147600,7,43,1,VTC,40-ft,MF,78.38453401673607,128.95721020279407,198.86731600007698,67.13524641794433,54.73983758863884,SUCCESS,SUCCESS,70.9331624856223,59.18420672227342,21.420246621703825,25.06624191369906,SUCCESS,SUCCESS
2147601,7,31,2,VTC,40-ft,SAT,302.77420573793074,527.4918618820027,820.0643032923477,-3.5269258656033107,-55.40147221495527,FAILURE,FAILURE,47.5586391852863,0.7270120227580279,288.1225868870174,316.564651100703,SUCCESS,FAILURE
2147602,7,43,2,VTC,40-ft,SAT,185.98995762688693,319.98841401199337,496.0743469248905,33.264465600710395,2.043555509771191,SUCCESS,FAILURE,58.11261180111743,32.85122290406616,140.14354457029566,173.75524410382366,SUCCESS,SUCCESS
2147603,7,42,2,VTC,40-ft,SAT,232.17203470096572,403.49005080253664,626.6572810243971,18.459210850614074,-21.109446990141326,FAILURE,FAILURE,56.99675386264305,26.914115510899844,217.35174258784338,270.8528925058722,SUCCESS,SUCCESS
2147604,7,44,2,VTC,40-ft,SAT,155.25261565804098,266.6988301015064,412.9437868071451,42.71297338625773,16.783016523555837,SUCCESS,FAILURE,66.3033326527718,47.61864920862271,133.04962626313926,173.91296834377715,SUCCESS,SUCCESS
2147605,7,32,2,VTC,40-ft,SAT,286.64681200638836,503.9358116886148,782.8717545258023,0.6496787786143977,-48.80704867478764,FAILURE,FAILURE,51.73450089825966,8.916415861519292,288.1183967547992,325.5603399847711,SUCCESS,FAILURE
2147606,7,36,2,VTC,40-ft,SAT,272.32623728473453,475.11534820253934,737.7057367156208,5.75969003501076,-40.798889488585246,FAILURE,FAILURE,46.42343780956185,3.91157741339924,229.34353744846817,252.16703332719243,SUCCESS,FAILURE
2147607,7,41,2,VTC,40-ft,SAT,208.49755271374343,365.1034147826177,566.6015101440902,25.265351988897578,-10.461260663845772,SUCCESS,FAILURE,56.76344526059417,27.150737143260823,177.6492460523687,212.1316676320812,SUCCESS,SUCCESS
2147608,7,34,2,VTC,40-ft,SAT,261.2763452327853,456.7332137623887,711.3714322256748,9.018933730072932,-36.12968656483595,FAILURE,FAILURE,48.121513077192766,5.451042377714589,220.53854751775583,234.51531123598494,SUCCESS,FAILURE
2147609,7,40,2,VTC,40-ft,SAT,182.5284120100426,310.762085257852,481.13325035574957,34.900339493288655,4.6926861071366055,SUCCESS,FAILURE,56.06174253427936,30.02634587787672,119.35031315118755,142.88184110697426,SUCCESS,SUCCESS
2147610,7,37,2,VTC,40-ft,SAT,196.7168576878422,339.5825487439274,526.2992681659312,29.790328236892304,-3.315473079065803,SUCCESS,FAILURE,64.89053874638485,41.92380818197218,197.96518727353788,255.14954631225424,SUCCESS,SUCCESS
2147611,7,35,2,VTC,40-ft,SAT,196.7168576878422,339.5825487439274,526.2992681659312,29.790328236892304,-3.315473079065803,SUCCESS,FAILURE,56.323126166858216,28.754498221313263,149.64498032500768,180.87463813413797,SUCCESS,SUCCESS
2147612,7,39,2,VTC,40-ft,SAT,157.70829256344683,270.16635029092885,418.1641459750751,42.098164842033896,15.85742092640513,SUCCESS,FAILURE,59.64108407735458,37.8004023326643,98.9420644872086,123.75841513130172,SUCCESS,SUCCESS
2147613,7,45,2,VTC,40-ft,SAT,78.38453401673607,128.95721020279407,198.86731600007698,67.13524641794433,54.73983758863884,SUCCESS,SUCCESS,71.2412045428245,59.532478893055426,23.157603824324212,27.030496956909587,SUCCESS,SUCCESS
2147614,7,33,2,VTC,40-ft,SAT,195.4102293899222,337.20580556178976,523.2726825726452,30.21173660251955,-2.778844427773964,SUCCESS,FAILURE,55.100902421028806,27.69701018529556,140.3748952163922,171.88382001771214,SUCCESS,SUCCESS
2147615,7,38,2,VTC,40-ft,SAT,156.40166426552682,267.7896071087912,415.1375603817891,42.519573207661146,16.394049577696972,SUCCESS,FAILURE,59.89710033782608,38.21029766318466,98.00925301413025,123.04363920215059,SUCCESS,SUCCESS
2147616,16,13,2,VTC,40-ft,SAT,212.47542507037886,365.4591929784755,572.1328091799686,25.202270748497252,-11.44198744325684,SUCCESS,FAILURE,25.202270748497263,-11.441987443256846,0.0,0.0,SUCCESS,FAILURE
2147617,7,41,3,VTC,40-ft,SUN,233.34653395503153,405.8667939846743,629.6838666176832,18.037802484986827,-21.646075641433185,FAILURE,FAILURE,59.559058747734994,30.64575336047577,234.17988532189958,294.9259155707664,SUCCESS,SUCCESS
2147618,7,37,3,VTC,40-ft,SUN,264.07543062939743,459.8200699318939,712.9580502886461,8.471618806401796,-36.41100182422802,FAILURE,FAILURE,48.52214355312533,13.571024291853895,225.88495957152077,281.89862729470184,SUCCESS,FAILURE
2147619,7,35,3,VTC,40-ft,SUN,271.19587752488,472.346442423839,734.7852520660151,6.250630775915076,-40.28107306135019,FAILURE,FAILURE,50.652498367341614,13.134039833126627,250.42653321564563,301.26123672484925,SUCCESS,FAILURE
2147620,7,40,3,VTC,40-ft,SUN,219.09657792855108,376.150956689732,584.0408622294376,23.306567962813475,-13.553344366921557,SUCCESS,FAILURE,55.3632938770444,25.222650327603464,180.79993415626228,218.6966100771211,SUCCESS,SUCCESS
2147621,7,39,3,VTC,40-ft,SUN,246.36859820267074,432.5661270498014,671.8232988345787,13.303878182659327,-29.11760617634374,FAILURE,FAILURE,46.66361092400763,10.107274677000369,188.1488926612044,221.22832801286074,SUCCESS,FAILURE
2147622,7,36,3,VTC,40-ft,SUN,247.5061178381388,434.5196132356162,674.7366323349463,12.957515383755998,-29.634154669316715,FAILURE,FAILURE,57.09623246176672,28.86095664159292,248.94236431998047,329.9124277935303,SUCCESS,SUCCESS
2147623,7,31,3,VTC,40-ft,SUN,286.51468296253415,503.9358116886148,782.8717545258023,0.6496787786143977,-48.80704867478764,FAILURE,FAILURE,50.87102615220156,13.41691051596004,283.24839918703157,350.94312983581693,SUCCESS,FAILURE
2147624,7,32,3,VTC,40-ft,SUN,221.53697713443796,380.17828371085056,589.2683725466056,22.592502888147067,-14.480207898334326,SUCCESS,FAILURE,55.27956454496211,21.48754077630544,184.35502774443688,202.85810252496833,SUCCESS,SUCCESS
2147625,7,34,3,VTC,40-ft,SUN,209.5986750677218,366.0262690478652,568.4387003828267,25.1017253461232,-10.787003613976363,SUCCESS,FAILURE,60.99428203711121,35.957668020507484,202.43401973717232,263.63994801848895,SUCCESS,SUCCESS
2147626,7,33,3,VTC,40-ft,SUN,196.7168576878422,339.5825487439274,526.2992681659312,29.790328236892304,-3.315473079065803,SUCCESS,FAILURE,60.551195291113636,31.62487837699241,173.49129018580823,197.06358221216834,SUCCESS,SUCCESS
2147627,7,42,3,VTC,40-ft,SUN,92.57297969453568,157.77767368886944,244.03333381025857,62.025235161547975,46.73167840243643,SUCCESS,SUCCESS,69.85500394769701,57.72385288367571,44.15989595388055,61.99586407418957,SUCCESS,SUCCESS
2147628,7,38,3,VTC,40-ft,SUN,117.39309914113143,198.37340865579264,307.00243819093305,54.82740981280272,35.566943583167905,SUCCESS,SUCCESS,65.81774591548768,50.02362257057025,61.98549561914308,81.53566948894922,SUCCESS,SUCCESS
2147629,8,8,1,VTC,60-ft,MF,137.3091072853507,256.954294640084,417.3869296668935,44.44072790069433,15.995225236366409,SUCCESS,FAILURE,44.440727900694334,15.995225236366403,0.0,0.0,SUCCESS,FAILURE
2147630,8,6,1,VTC,60-ft,MF,216.26643687969164,410.34546145065286,667.6247061875392,17.243712508749496,-28.37317485594667,FAILURE,FAILURE,17.2437125087495,-28.373174855946676,0.0,0.0,FAILURE,FAILURE
2147631,8,4,1,VTC,60-ft,MF,236.07605790858295,448.56697492684077,730.2054217285017,10.466848417226817,-39.46904640576271,FAILURE,FAILURE,10.466848417226823,-39.46904640576274,0.0,0.0,FAILURE,FAILURE
2147632,8,3,1,VTC,40-ft,MF,275.4830677179755,526.2960626742989,855.2817671672224,-3.314904729485621,-61.64570339844367,FAILURE,FAILURE,-3.3149047294856175,-61.645703398443686,0.0,0.0,FAILURE,FAILURE
2147633,8,5,1,VTC,60-ft,MF,255.8199691516109,488.104705120931,792.743594447862,3.456612567210822,-50.55737490210319,FAILURE,FAILURE,3.456612567210825,-50.55737490210321,0.0,0.0,FAILURE,FAILURE
2147634,8,7,1,VTC,60-ft,MF,137.42711381337503,256.87668899400006,417.42947248849583,44.45448776702127,15.987682182890813,SUCCESS,FAILURE,44.454487767021284,15.987682182890808,0.0,0.0,SUCCESS,FAILURE
2147635,8,1,1,VTC,60-ft,MF,236.07605790858295,448.56697492684077,730.2054217285017,10.466848417226817,-39.46904640576271,FAILURE,FAILURE,10.466848417226823,-39.46904640576274,0.0,0.0,FAILURE,FAILURE
2147636,8,2,1,VTC,60-ft,MF,191.78411519127027,362.2919349302154,588.9452693588339,25.763841324429897,-14.422920099084022,SUCCESS,FAILURE,25.763841324429894,-14.422920099084038,0.0,0.0,SUCCESS,FAILURE
2147637,8,10,2,VTC,60-ft,SAT,137.38991996201418,258.3006672808063,417.3869296668935,44.202009347374776,15.995225236366409,SUCCESS,FAILURE,44.20200934737478,15.995225236366403,0.0,0.0,SUCCESS,FAILURE
2147638,8,8,2,VTC,60-ft,SAT,78.3198115862571,142.3802219799802,229.7724115088127,64.75527979078366,49.26021072538783,SUCCESS,SUCCESS,64.75527979078367,49.260210725387815,0.0,0.0,SUCCESS,SUCCESS
2147639,8,5,2,VTC,60-ft,SAT,176.63530441807978,333.33700974681983,542.4632751056139,30.897693307301456,-6.181431756314515,SUCCESS,FAILURE,30.89769330730145,-6.181431756314541,0.0,0.0,SUCCESS,FAILURE
2147640,8,6,2,VTC,60-ft,SAT,235.74581913216852,449.93064136800706,730.0777932636947,10.225063587232794,-39.446417245335944,FAILURE,FAILURE,10.225063587232789,-39.446417245335965,0.0,0.0,FAILURE,FAILURE
2147641,8,9,2,VTC,60-ft,SAT,78.3198115862571,142.3802219799802,229.7724115088127,64.75527979078366,49.26021072538783,SUCCESS,SUCCESS,64.75527979078367,49.260210725387815,0.0,0.0,SUCCESS,SUCCESS
2147642,8,7,2,VTC,60-ft,SAT,196.37921566110774,372.87473994091005,605.0014478249741,23.887457457285457,-17.26976025265498,SUCCESS,FAILURE,23.887457457285453,-17.26976025265501,0.0,0.0,SUCCESS,FAILURE
2147643,8,4,2,VTC,60-ft,SAT,255.40891769853306,488.121998921375,792.615965983055,3.4535462905363525,-50.534745741676424,FAILURE,FAILURE,3.4535462905363454,-50.53474574167643,0.0,0.0,FAILURE,FAILURE
2147644,8,3,2,VTC,40-ft,SAT,235.6650064555051,448.5842687272848,730.0777932636947,10.463782140552349,-39.446417245335944,FAILURE,FAILURE,10.463782140552343,-39.446417245335965,0.0,0.0,FAILURE,FAILURE
2147645,8,2,2,VTC,60-ft,SAT,176.63530441807978,333.33700974681983,542.4632751056139,30.897693307301456,-6.181431756314515,SUCCESS,FAILURE,30.89769330730145,-6.181431756314541,0.0,0.0,SUCCESS,FAILURE
2147646,8,1,2,VTC,60-ft,SAT,255.36851136020135,487.44881260101386,792.615965983055,3.5729055671961287,-50.534745741676424,FAILURE,FAILURE,3.5729055671961216,-50.53474574167643,0.0,0.0,FAILURE,FAILURE
2147647,8,9,3,VTC,60-ft,SUN,97.98291015262163,180.57157953334814,292.31058422817296,57.98376249408721,38.171882229047355,SUCCESS,SUCCESS,57.98376249408722,38.17188222904734,0.0,0.0,SUCCESS,SUCCESS
2147648,8,8,3,VTC,60-ft,SUN,97.98291015262163,180.57157953334814,292.31058422817296,57.98376249408721,38.171882229047355,SUCCESS,SUCCESS,57.98376249408722,38.17188222904734,0.0,0.0,SUCCESS,SUCCESS
2147649,8,2,3,VTC,60-ft,SUN,255.32810502186965,486.7756262806527,792.615965983055,3.6922648438559054,-50.534745741676424,FAILURE,FAILURE,3.6922648438558983,-50.53474574167643,0.0,0.0,FAILURE,FAILURE
2147650,8,1,3,VTC,60-ft,SUN,246.4592719414204,467.99585129292313,761.6157127965143,7.022012182105832,-45.03824694973658,FAILURE,FAILURE,7.022012182105825,-45.03824694973656,0.0,0.0,FAILURE,FAILURE
2147651,8,7,3,VTC,60-ft,SUN,176.6757107564115,334.01019606718097,542.4632751056139,30.778334030641673,-6.181431756314515,SUCCESS,FAILURE,30.77833403064167,-6.181431756314541,0.0,0.0,SUCCESS,FAILURE
2147652,8,4,3,VTC,60-ft,SUN,226.75576703672417,429.13130741919406,699.077540077154,13.912888755462049,-33.9499184533961,FAILURE,FAILURE,13.912888755462044,-33.94991845339609,0.0,0.0,FAILURE,FAILURE
2147653,8,6,3,VTC,60-ft,SUN,235.74581913216852,449.93064136800706,730.0777932636947,10.225063587232794,-39.446417245335944,FAILURE,FAILURE,10.225063587232789,-39.446417245335965,0.0,0.0,FAILURE,FAILURE
2147654,8,5,3,VTC,60-ft,SUN,235.74581913216852,449.93064136800706,730.0777932636947,10.225063587232794,-39.446417245335944,FAILURE,FAILURE,10.225063587232789,-39.446417245335965,0.0,0.0,FAILURE,FAILURE
2147655,8,3,3,VTC,40-ft,SUN,167.76647133763055,314.55723475909025,511.4630219190732,34.227440645551376,-0.6849329643746742,SUCCESS,FAILURE,34.22744064555137,-0.6849329643746688,0.0,0.0,SUCCESS,FAILURE
2147676,9,11,2,VTC,40-ft,SAT,180.67136683687073,320.83709116987694,504.7278643893805,33.11399092732679,0.509243902592114,SUCCESS,FAILURE,33.113990927326796,0.509243902592114,0.0,0.0,SUCCESS,FAILURE
2147677,9,13,2,VTC,40-ft,SAT,85.21545404158906,146.103037399256,227.81440794939863,64.0952061348837,49.607374477056986,SUCCESS,SUCCESS,64.0952061348837,49.60737447705698,0.0,0.0,SUCCESS,SUCCESS
2147678,9,8,2,VTC,40-ft,SAT,133.20110867681655,233.40055109336737,367.0850096979793,48.616923565005784,24.914005372698714,SUCCESS,SUCCESS,48.61692356500581,24.914005372698707,0.0,0.0,SUCCESS,SUCCESS
2147679,9,5,2,VTC,40-ft,SAT,309.4162621785764,552.3906895330462,871.6607753442809,-7.941611619334421,-64.54978286246114,FAILURE,FAILURE,-4.246526906962498,-60.854698150089156,20.84027777777778,20.84027777777777,FAILURE,FAILURE
2147680,9,9,2,VTC,40-ft,SAT,227.74626399007377,407.81688581198415,640.7429720236024,17.69204152269785,-23.606909933262838,FAILURE,FAILURE,17.692041522697863,-23.60690993326282,0.0,0.0,FAILURE,FAILURE
2147681,9,1,2,VTC,40-ft,SAT,180.73752165969628,320.459752400843,504.7278643893805,33.18089496438954,0.509243902592114,SUCCESS,FAILURE,33.18089496438955,0.509243902592114,0.0,0.0,SUCCESS,FAILURE
2147682,9,2,2,VTC,40-ft,SAT,252.04214113401585,451.04855436205645,711.1921464264824,10.026852063465173,-36.0978983025678,FAILURE,FAILURE,10.02685206346517,-36.097898302567785,0.0,0.0,FAILURE,FAILURE
2147683,9,3,2,VTC,40-ft,SAT,316.5090946994349,570.1248114934723,897.656341484607,-11.085959484658204,-69.15892579514308,FAILURE,FAILURE,-11.085959484658197,-69.15892579514306,0.0,0.0,FAILURE,FAILURE
2147684,9,6,2,VTC,40-ft,SAT,163.37471887689398,287.19000432572165,450.09973555373637,39.07978646707063,10.195082348628308,SUCCESS,FAILURE,39.07978646707066,10.195082348628297,0.0,0.0,SUCCESS,FAILURE
2147685,9,10,2,VTC,40-ft,SAT,115.83830589401427,200.13080301824596,312.45688086233514,54.51581506768689,34.59984381873491,SUCCESS,SUCCESS,54.515815067686916,34.5998438187349,0.0,0.0,SUCCESS,SUCCESS
2147686,9,12,2,VTC,40-ft,SAT,85.21545404158906,146.103037399256,227.81440794939863,64.0952061348837,49.607374477056986,SUCCESS,SUCCESS,64.0952061348837,49.60737447705698,0.0,0.0,SUCCESS,SUCCESS
2147687,9,7,2,VTC,40-ft,SAT,245.2044752251155,439.5360095322588,691.1920594475051,12.068083416266177,-32.551783589983174,FAILURE,FAILURE,12.06808341626619,-32.55178358998316,0.0,0.0,FAILURE,FAILURE
2147688,9,4,2,VTC,40-ft,SAT,268.8772732643159,484.6162345408433,764.1925282049472,4.075135719708635,-45.49512911435233,FAILURE,FAILURE,4.0751357197086255,-45.4951291143523,0.0,0.0,FAILURE,FAILURE
2147689,9,11,3,VTC,40-ft,SUN,288.8522917786295,518.879278934034,818.969277057422,-1.999872151424465,-55.20731862720248,FAILURE,FAILURE,-1.9998721514244693,-55.207318627202476,0.0,0.0,FAILURE,FAILURE
2147690,9,13,3,VTC,40-ft,SUN,299.0508834643932,538.4056877731977,847.2072540607043,-5.46200137822653,-60.21405213842274,FAILURE,FAILURE,-5.462001378226524,-60.2140521384227,0.0,0.0,FAILURE,FAILURE
2147691,9,16,3,VTC,40-ft,SUN,286.3354844993576,516.3353582611179,814.6416156288499,-1.5488223867230284,-54.44000277107267,FAILURE,FAILURE,-1.5488223867230473,-54.440002771072635,0.0,0.0,FAILURE,FAILURE
2147692,9,12,3,VTC,40-ft,SUN,299.5454767054827,538.296425054049,848.8350011178836,-5.442628555682441,-60.50265977267439,FAILURE,FAILURE,-5.442628555682463,-60.50265977267437,0.0,0.0,FAILURE,FAILURE
2147693,9,22,3,VTC,40-ft,SUN,115.83830589401427,200.13080301824596,312.45688086233514,54.51581506768689,34.59984381873491,SUCCESS,SUCCESS,54.515815067686916,34.5998438187349,0.0,0.0,SUCCESS,SUCCESS
2147694,9,19,3,VTC,40-ft,SUN,115.83830589401427,200.13080301824596,312.45688086233514,54.51581506768689,34.59984381873491,SUCCESS,SUCCESS,54.515815067686916,34.5998438187349,0.0,0.0,SUCCESS,SUCCESS
2147695,9,15,3,VTC,40-ft,SUN,173.87060212138203,310.1204931568581,488.90681882214454,35.01409695800388,3.3143938258609005,SUCCESS,FAILURE,35.01409695800389,3.314393825860893,0.0,0.0,SUCCESS,FAILURE
2147696,9,20,3,VTC,40-ft,SUN,115.83830589401427,200.13080301824596,312.45688086233514,54.51581506768689,34.59984381873491,SUCCESS,SUCCESS,54.515815067686916,34.5998438187349,0.0,0.0,SUCCESS,SUCCESS
2147697,9,14,3,VTC,40-ft,SUN,323.1787125553839,583.9774134485787,922.4187462597895,-13.542094583081319,-73.54942309570735,FAILURE,FAILURE,-13.542094583081306,-73.54942309570734,0.0,0.0,FAILURE,FAILURE
2147698,9,17,3,VTC,40-ft,SUN,245.2044752251155,439.5360095322588,691.1920594475051,12.068083416266177,-32.551783589983174,FAILURE,FAILURE,12.06808341626619,-32.55178358998316,0.0,0.0,FAILURE,FAILURE
2147699,9,18,3,VTC,40-ft,SUN,92.0700994025744,156.60120236450808,243.63545351663456,62.23382936799502,46.80222455378819,SUCCESS,SUCCESS,62.23382936799503,46.80222455378819,0.0,0.0,SUCCESS,SUCCESS
2147700,9,21,3,VTC,40-ft,SUN,108.97138635569999,189.79154377426107,296.6358352950992,56.34901706130123,37.4049937420037,SUCCESS,SUCCESS,56.34901706130124,37.404993742003676,0.0,0.0,SUCCESS,SUCCESS
2147701,10,2,1,VTC,60-ft,MF,238.68852963047507,391.55454740110923,612.9970254462339,20.57543485795936,-18.687415859261332,SUCCESS,FAILURE,67.19709283437456,47.2887415283285,262.94615098698176,372.10552766600676,SUCCESS,SUCCESS
2147702,10,6,1,VTC,60-ft,MF,187.41298038074487,306.6472072616296,479.60977494999634,35.62992779049121,4.962805859929731,SUCCESS,FAILURE,67.64530133576122,50.167793873160946,180.5667067953229,254.95613239462398,SUCCESS,SUCCESS
2147703,10,21,1,VTC,60-ft,MF,84.89813651182624,136.63173435875515,213.04735863152644,65.77451518461788,52.22564563270809,SUCCESS,SUCCESS,76.21397769606129,65.70078715447988,58.878568564540785,75.99979818279286,SUCCESS,SUCCESS
2147704,10,23,1,VTC,40-ft,MF,59.260361886961114,94.17806428901535,146.35373338340756,73.3017616508838,64.05075649230363,SUCCESS,SUCCESS,79.48027012234769,71.0495012205682,34.84678777905634,39.472920267412235,SUCCESS,SUCCESS
2147705,10,7,1,VTC,60-ft,MF,187.41298038074487,306.6472072616296,479.60977494999634,35.62992779049121,4.962805859929731,SUCCESS,FAILURE,72.23648646136778,58.72459448868155,206.46099090374383,303.21648786616015,SUCCESS,SUCCESS
2147707,10,5,1,VTC,60-ft,MF,187.43110769601577,306.546810949672,479.71581728699914,35.647728555022695,4.944004027127816,SUCCESS,FAILURE,69.47748705761771,52.9927082295718,190.79983795463585,270.99469170178406,SUCCESS,SUCCESS
2147708,10,4,1,VTC,60-ft,MF,213.06888232088087,349.00048101941184,546.409442535118,28.12048208875677,-6.881106832467735,SUCCESS,FAILURE,72.5788549246484,56.80004303204985,250.74522279442874,359.16168523587913,SUCCESS,SUCCESS
2147709,10,22,1,VTC,60-ft,MF,84.89813651182624,136.63173435875515,213.04735863152644,65.77451518461788,52.22564563270809,SUCCESS,SUCCESS,78.56641010387645,69.04319628950138,72.14628734461832,94.85098570431421,SUCCESS,SUCCESS
2147710,10,3,1,VTC,60-ft,MF,187.43110769601577,306.546810949672,479.71581728699914,35.647728555022695,4.944004027127816,SUCCESS,FAILURE,70.56762919480502,55.28290621217129,196.94823960837226,283.9114083236451,SUCCESS,SUCCESS
2147711,10,1,1,VTC,60-ft,MF,213.05075500560997,349.1008773313694,546.3034001981151,28.102681324225287,-6.862304999665798,SUCCESS,FAILURE,70.79362412919045,54.1272062431641,240.77691742000354,343.98084340956063,SUCCESS,SUCCESS
2147712,10,10,1,VTC,60-ft,MF,59.24223457169021,94.27846060097295,146.24769104640473,73.28396088635232,64.06955832510555,SUCCESS,SUCCESS,75.8056363720051,67.00163843739865,14.222249739081633,16.536931833333085,SUCCESS,SUCCESS
2147713,10,9,1,VTC,60-ft,MF,59.24223457169021,94.27846060097295,146.24769104640473,73.28396088635232,64.06955832510555,SUCCESS,SUCCESS,78.6448302886891,70.13505404414761,30.235303429179453,34.20939585539725,SUCCESS,SUCCESS
2147714,10,8,2,VTC,60-ft,SAT,206.1286918691146,339.7448770552326,532.3562010854711,29.76154662141266,-4.389397355579973,SUCCESS,FAILURE,75.30982419018981,63.62119346232601,256.8922854879031,383.57973221298977,SUCCESS,SUCCESS
2147715,10,3,2,VTC,60-ft,SAT,237.6639297835511,389.91010073756195,611.0289831417542,20.8670034153259,-18.33847218825429,SUCCESS,FAILURE,73.42872096834711,58.89642168169145,296.4480869990396,435.604801426494,SUCCESS,SUCCESS
2147716,10,4,2,VTC,60-ft,SAT,213.08700963615178,348.90008470745425,546.5154848721209,28.138282853288253,-6.899908665269651,SUCCESS,FAILURE,72.08914084545171,57.230564715740215,247.88283907580183,361.69586986889556,SUCCESS,SUCCESS
2147717,10,9,2,VTC,60-ft,SAT,159.68975143149,261.1054364887104,408.76798041891215,43.70470984242724,17.52340772714324,SUCCESS,FAILURE,70.94186258327132,56.501409510818945,153.61754145836062,219.83593005993106,SUCCESS,SUCCESS
2147718,10,7,2,VTC,60-ft,SAT,161.81146038642157,263.9927445679746,413.12823437588304,43.1927757858201,16.750313053921452,SUCCESS,FAILURE,73.37318118396503,60.59048731010655,170.21748644553736,247.25858280488387,SUCCESS,SUCCESS
2147719,10,6,2,VTC,60-ft,SAT,261.18324458878146,429.0467231426592,673.3623544329022,13.927885967613626,-29.390488374628042,FAILURE,FAILURE,66.53004465627845,45.94640638396433,296.6761750040696,424.9000864384611,SUCCESS,SUCCESS
2147720,10,5,2,VTC,60-ft,SAT,237.6639297835511,389.91010073756195,611.0289831417542,20.8670034153259,-18.33847218825429,SUCCESS,FAILURE,74.21682726149965,61.26452280234024,300.89300649241994,448.9608917469532,SUCCESS,SUCCESS
2147721,10,2,2,VTC,60-ft,SAT,308.6830395038717,509.12981774881354,799.1307020779465,-0.27124428170452375,-51.68984079396214,FAILURE,FAILURE,69.47047759163041,52.90567619029719,393.3433113656091,589.9187157912228,SUCCESS,SUCCESS
2147722,10,1,2,VTC,60-ft,SAT,187.44923501128667,306.44641463771444,479.82185962400195,35.66552931955418,4.925202194325901,SUCCESS,FAILURE,72.62774869685255,57.86886913652517,208.46691728796276,298.60228155400375,SUCCESS,SUCCESS
2147723,10,2,3,VTC,60-ft,SUN,238.72478426101688,391.35375477719407,613.2091101202396,20.611036387022335,-18.72501952486518,SUCCESS,FAILURE,72.49418132813432,57.668711355882266,292.6209374678716,430.8606421674156,SUCCESS,SUCCESS
2147724,10,6,3,VTC,60-ft,SUN,257.40424111884477,424.65221719471225,665.7434515817089,14.707053688880812,-28.03961907477107,FAILURE,FAILURE,73.21647093904673,59.34715032172891,329.9931132909358,492.86137939626,SUCCESS,SUCCESS
2147725,10,1,3,VTC,60-ft,SUN,312.45879383851167,513.9540632821388,806.7496049291398,-1.1266069649182238,-53.0407100938191,FAILURE,FAILURE,66.74021737209269,45.56233159462146,382.7688892607415,556.1211551228048,SUCCESS,SUCCESS
2147726,10,4,3,VTC,60-ft,SUN,187.44923501128667,306.44641463771444,479.82185962400195,35.66552931955418,4.925202194325901,SUCCESS,FAILURE,74.11263180543791,61.63474990298272,216.84165802038422,319.8418490768244,SUCCESS,SUCCESS
2147727,10,8,3,VTC,60-ft,SUN,159.68975143149,261.1054364887104,408.76798041891215,43.70470984242724,17.52340772714324,SUCCESS,FAILURE,71.58517307343952,57.4181773164567,157.24581262290928,225.00650048372785,SUCCESS,SUCCESS
2147728,10,7,3,VTC,60-ft,SUN,161.81146038642157,263.9927445679746,413.12823437588304,43.1927757858201,16.750313053921452,SUCCESS,FAILURE,74.58492703035643,62.400090381103546,177.05173301918478,257.464744125307,SUCCESS,SUCCESS
2147729,10,5,3,VTC,60-ft,SUN,283.04526487900665,466.6761476790737,732.4370768298277,7.256002184561401,-39.86472993436661,FAILURE,FAILURE,70.4986968875762,52.99160417488519,356.68879812500353,523.7097243761802,SUCCESS,SUCCESS
2147730,10,3,3,VTC,60-ft,SUN,287.8786245558156,473.37378683740945,742.2361066595064,6.068477511097618,-41.60214657083446,FAILURE,FAILURE,70.73268947931226,51.937688277913054,364.7061555007305,527.5646685469362,SUCCESS,SUCCESS
2147731,14,66,1,VTC,40-ft,MF,204.31471301568672,330.30670470126313,524.3186148206523,31.43498143594626,-2.9642934079170757,SUCCESS,FAILURE,71.81970413538176,57.91552205979986,227.76983602481613,343.3621592379236,SUCCESS,SUCCESS
2147732,14,75,1,VTC,40-ft,MF,73.13036191033564,113.72631711983323,178.49027241054264,69.83575937591611,58.35278857969103,SUCCESS,SUCCESS,77.27833038718653,66.89542526387264,41.976100503565135,48.18047089878439,SUCCESS,SUCCESS
2147733,14,65,1,VTC,40-ft,MF,230.16236024799954,377.27807853920257,601.924051086977,23.10672366326196,-16.724122533151945,SUCCESS,FAILURE,66.6251724438311,48.534868718683846,245.44405112240997,368.0607106603539,SUCCESS,SUCCESS
2147734,14,60,1,VTC,40-ft,MF,298.2192560963288,486.4141746537767,771.9791122485245,3.756352011741727,-46.875729122078816,FAILURE,FAILURE,68.94775376270883,38.12806452164937,367.67950587545454,479.421396150627,SUCCESS,SUCCESS
2147735,14,61,1,VTC,40-ft,MF,230.00886417511467,372.9689005423203,591.5170637953055,23.870762315191442,-14.878912020444233,SUCCESS,FAILURE,67.26258170159993,48.13643699180044,244.7298613393438,355.4065684290601,SUCCESS,SUCCESS
2147736,14,71,1,VTC,40-ft,MF,166.14279382372746,266.0504769849398,420.92855508802944,42.82792961259933,15.36727746666145,SUCCESS,FAILURE,69.10551737519572,53.25542763471335,148.20559498104365,213.68916694781274,SUCCESS,SUCCESS
2147737,14,67,1,VTC,40-ft,MF,211.93597269099655,346.34909133743486,551.2182416874525,28.59058664229879,-7.733730795647606,SUCCESS,FAILURE,67.23396092438901,47.98879460212091,217.94863095098873,314.2750432434146,SUCCESS,SUCCESS
2147738,14,62,1,VTC,40-ft,MF,211.93597269099655,346.34909133743486,551.2182416874525,28.59058664229879,-7.733730795647606,SUCCESS,FAILURE,69.45021025549535,53.44923338005672,230.44827717842855,345.07191795097253,SUCCESS,SUCCESS
2147739,14,68,1,VTC,40-ft,MF,241.96449403205594,396.67594357939396,630.5290978118865,19.66738589017838,-21.79593932834866,FAILURE,FAILURE,65.4819254835863,45.371288356675585,258.39400330682065,378.82316414353676,SUCCESS,SUCCESS
2147740,14,70,1,VTC,40-ft,MF,166.14279382372746,266.0504769849398,420.92855508802944,42.82792961259933,15.36727746666145,SUCCESS,FAILURE,70.86005199555225,57.247199315734775,158.10117023985447,236.20275922877363,SUCCESS,SUCCESS
2147741,14,64,1,VTC,40-ft,MF,199.44825327026984,325.8928653089946,517.2654983333208,32.2175770728733,-1.7137408392412739,SUCCESS,FAILURE,70.00552432187105,53.997746486482235,213.12402248434734,314.2127885170806,SUCCESS,SUCCESS
2147742,14,63,1,VTC,40-ft,MF,230.16236024799954,377.27807853920257,601.924051086977,23.10672366326196,-16.724122533151945,SUCCESS,FAILURE,70.64313652638477,55.85031819013228,268.1053685480126,409.31984567932307,SUCCESS,SUCCESS
2147743,14,69,1,VTC,40-ft,MF,204.31471301568672,330.30670470126313,524.3186148206523,31.43498143594626,-2.9642934079170757,SUCCESS,FAILURE,72.91784508346599,60.132710405485966,233.9633509720113,355.8671015075932,SUCCESS,SUCCESS
2147745,14,73,1,VTC,40-ft,MF,89.95245151269378,141.84719954917537,224.55542291445508,64.84978731397601,50.185208703110796,SUCCESS,SUCCESS,76.74496063510996,65.43128316126612,67.08877753119555,85.987859943996,SUCCESS,SUCCESS
2147746,14,78,1,VTC,40-ft,MF,94.14327700963577,144.06487210636902,224.0219753687265,64.45658295986365,50.27979160128964,SUCCESS,SUCCESS,72.59760013131161,60.44578717282704,45.91533684696657,57.33621502347097,SUCCESS,SUCCESS
2147747,14,77,1,VTC,40-ft,MF,94.14327700963577,144.06487210636902,224.0219753687265,64.45658295986365,50.27979160128964,SUCCESS,SUCCESS,76.81108780611868,65.19221797779727,69.67940733287838,84.10608476350308,SUCCESS,SUCCESS
2147748,14,74,1,VTC,40-ft,MF,89.79895543980892,137.5380215522931,214.14843562278364,65.61382596590548,52.03041921581851,SUCCESS,SUCCESS,77.15706518240833,65.90452416408633,65.10386918107605,78.24995190823051,SUCCESS,SUCCESS
2147749,19,9,1,VTC,40-ft,MF,206.97964859740313,349.40404948199887,574.3223154732051,28.048927396808715,-11.83019777893707,SUCCESS,FAILURE,55.942718210410725,22.517287992788308,157.3209801887151,193.71981975253107,SUCCESS,SUCCESS
2147750,14,62,2,VTC,40-ft,SAT,266.92634946527204,435.0681716980898,692.1018150227817,12.860253245019537,-32.713087769996754,FAILURE,FAILURE,70.2910836479441,48.60118433124542,323.9098834724945,458.61249465100605,SUCCESS,SUCCESS
2147751,14,61,2,VTC,40-ft,SAT,369.9305288993918,607.169944826549,963.2262951429552,-17.65424553662216,-80.78480410336086,FAILURE,FAILURE,65.10144813906984,24.570013362587382,466.7421123309029,594.2011705079478,SUCCESS,SUCCESS
2147752,14,78,2,VTC,40-ft,SAT,111.30228110229491,177.98254483615656,281.8803321431655,58.44281119926303,40.021217705112505,SUCCESS,SUCCESS,76.53403136349517,65.16161067623739,102.03448172626935,141.79181635714446,SUCCESS,SUCCESS
2147753,14,76,2,VTC,40-ft,SAT,111.30228110229491,177.98254483615656,281.8803321431655,58.44281119926303,40.021217705112505,SUCCESS,SUCCESS,73.4972502137107,60.56414469514817,84.90703604148484,115.86210822380127,SUCCESS,SUCCESS
2147754,14,71,2,VTC,40-ft,SAT,149.4742002942542,242.2387725524799,385.2703918757884,47.049863022609955,21.689646830533977,SUCCESS,SUCCESS,72.33572022495166,59.33188197956033,142.61223462120728,212.30220624050872,SUCCESS,SUCCESS
2147755,14,70,2,VTC,40-ft,SAT,166.14279382372746,266.0504769849398,420.92855508802944,42.82792961259933,15.36727746666145,SUCCESS,FAILURE,71.23261194834667,58.28971030569116,160.2024083736149,242.08252121212757,SUCCESS,SUCCESS
2147756,14,75,2,VTC,40-ft,SAT,144.79296423412634,229.91513169795857,363.60364585931893,49.23490572731231,25.531268464659767,SUCCESS,SUCCESS,72.30249177597703,59.440291263403445,130.10118531446903,191.24688858491442,SUCCESS,SUCCESS
2147757,14,63,2,VTC,40-ft,SAT,211.93597269099655,346.34909133743486,551.2182416874525,28.59058664229879,-7.733730795647606,SUCCESS,FAILURE,67.89108159060798,49.4920757190591,221.65479150846386,322.753548742946,SUCCESS,SUCCESS
2147758,14,72,2,VTC,40-ft,SAT,170.4871153935543,272.5773275390157,430.8020948339722,41.6706866065575,13.616649852132593,SUCCESS,FAILURE,73.04516779297055,60.15674532156889,176.9520738913696,262.4861384476208,SUCCESS,SUCCESS
2147759,14,65,2,VTC,40-ft,SAT,221.13680261804487,358.4275871306053,570.3837653245647,26.44900937400616,-11.131873284497285,SUCCESS,FAILURE,70.07708478970915,51.89058584129565,246.0623453445649,355.4466694694722,SUCCESS,SUCCESS
2147760,14,68,2,VTC,40-ft,SAT,187.64611948621345,306.4950002688032,488.6604516084113,35.656914845956884,3.3580759559554507,SUCCESS,FAILURE,69.27617635677457,53.16516946348949,189.61263492101182,280.9120073824921,SUCCESS,SUCCESS
2147761,14,69,2,VTC,40-ft,SAT,281.62474129037855,459.7462819886651,728.2446459661724,8.484701775059385,-39.121391128753956,FAILURE,FAILURE,69.85485058022977,51.6885176885865,346.12763926116094,512.1678857298001,SUCCESS,SUCCESS
2147762,14,73,2,VTC,40-ft,SAT,178.140424099036,289.7365320176645,459.8280954215902,38.62827446495311,8.470195847235782,SUCCESS,FAILURE,68.69916195293231,53.386593257874104,169.59980543220274,253.3284813960002,SUCCESS,SUCCESS
2147763,14,74,2,VTC,40-ft,SAT,226.784228568946,371.67834983988183,589.1964230213082,24.099583361723084,-14.467450890302866,SUCCESS,FAILURE,68.91503967723213,53.18810207405163,252.75917361947108,381.57731871895953,SUCCESS,SUCCESS
2147764,14,77,2,VTC,40-ft,SAT,106.62104504216708,165.65890398163523,260.21358612669604,60.62785390396538,43.8628393392383,SUCCESS,SUCCESS,75.08932834376579,63.332350852925366,81.56271584047425,109.80804493719512,SUCCESS,SUCCESS
2147765,14,66,2,VTC,40-ft,SAT,225.8180386781727,370.75122798512655,592.050511341034,24.26396666930381,-14.973494918623054,SUCCESS,FAILURE,69.95367463383229,51.5445342665655,257.68995291994065,375.1616846044637,SUCCESS,SUCCESS
2147766,14,67,2,VTC,40-ft,SAT,271.0350409897568,442.5263615133764,702.5574014294295,11.537879164294969,-34.56691514706197,FAILURE,FAILURE,67.76027413815032,46.197142125517146,317.0943076525442,455.5092830173461,SUCCESS,SUCCESS
2147767,14,79,2,VTC,40-ft,SAT,180.959000671505,290.2629176449097,456.78036270106736,38.53494367998056,9.010573989172457,SUCCESS,FAILURE,70.8249313583662,56.755682889481065,182.11553050609507,269.2824141977406,SUCCESS,SUCCESS
2147768,14,64,2,VTC,40-ft,SAT,204.4682090885716,334.6158826981454,534.7256021123237,30.670942784016773,-4.809503920624768,SUCCESS,FAILURE,70.97737600121967,55.12736468271622,227.32828334502432,338.0439389228432,SUCCESS,SUCCESS
2147769,19,1,2,VTC,40-ft,SAT,232.32468448726098,397.2618908386312,649.3299327510749,19.563494532157595,-25.129420700545197,FAILURE,FAILURE,53.20542154627586,15.17348779256821,189.7404683596268,227.30840390115958,SUCCESS,FAILURE
2147770,14,62,3,VTC,40-ft,SUN,292.62050062470007,477.730367539147,759.300263997435,5.2960341242647235,-44.627706382523925,FAILURE,FAILURE,65.62454724334063,34.61459348689526,340.25281399158814,446.92657126352435,SUCCESS,SUCCESS
2147771,14,61,3,VTC,40-ft,SUN,292.62050062470007,477.730367539147,759.300263997435,5.2960341242647235,-44.627706382523925,FAILURE,FAILURE,66.11507628899908,40.19645088121121,343.01939780910175,478.40824696746637,SUCCESS,SUCCESS
2147772,14,65,3,VTC,40-ft,SUN,319.79666048233776,524.0025097049884,831.6347056987952,-2.9082464015936784,-57.45296200333247,FAILURE,FAILURE,65.21109242207373,41.955454619988615,384.19307096548425,560.663469755531,SUCCESS,SUCCESS
2147773,14,70,3,VTC,40-ft,SUN,216.31234329099527,353.9927597339879,563.218155154213,27.235326288300023,-9.861375027342731,SUCCESS,FAILURE,65.48118229575341,46.5214662387316,215.70662788203714,317.9992247406594,SUCCESS,SUCCESS
2147774,14,69,3,VTC,40-ft,SUN,307.31889244980647,502.40847782972224,795.4430949408256,0.9204826543045707,-51.03600974128114,FAILURE,FAILURE,66.96049798543106,39.37624379948437,372.46568646755344,509.9251099699173,SUCCESS,SUCCESS
2147775,14,73,3,VTC,40-ft,SUN,226.784228568946,371.67834983988183,589.1964230213082,24.099583361723084,-14.467450890302866,SUCCESS,FAILURE,62.096241257464904,38.922872369661846,214.30115053198392,301.12142318620124,SUCCESS,SUCCESS
2147776,14,64,3,VTC,40-ft,SUN,303.0960179226926,499.0739874300515,793.8501687657365,1.5117043563738535,-50.7535760222937,FAILURE,FAILURE,63.90756287864774,38.46889486021893,351.9126420656247,503.2147357773711,SUCCESS,SUCCESS
2147777,14,71,3,VTC,40-ft,SUN,194.80901762850928,313.54823645012436,495.4862586338312,34.40634105494249,2.1478264833632665,SUCCESS,FAILURE,64.62828140399168,46.0047807945717,170.45174356863748,247.3532223152157,SUCCESS,SUCCESS
2147778,14,68,3,VTC,40-ft,SUN,182.9648834260856,294.17135941428194,466.9937055919418,37.84195755065923,7.199697590081241,SUCCESS,FAILURE,68.98005523576755,52.848475739617605,175.61887094401095,257.45910876338513,SUCCESS,SUCCESS
2147779,14,74,3,VTC,40-ft,SUN,127.9708746317682,201.79424926861643,317.53849535540655,54.220877789252405,33.69884834123998,SUCCESS,SUCCESS,71.60654605711791,58.65305338996871,98.05516903076148,140.74171647483013,SUCCESS,SUCCESS
2147780,14,67,3,VTC,40-ft,SUN,221.13680261804487,358.4275871306053,570.3837653245647,26.44900937400616,-11.131873284497285,SUCCESS,FAILURE,68.23202527435066,49.90285157092922,235.65620967794297,344.2358481846056,SUCCESS,SUCCESS
2147781,14,72,3,VTC,40-ft,SUN,127.9708746317682,201.79424926861643,317.53849535540655,54.220877789252405,33.69884834123998,SUCCESS,SUCCESS,68.7586195766591,53.88222021472981,81.99286368097376,113.83421736648273,SUCCESS,SUCCESS
2147782,14,66,3,VTC,40-ft,SUN,187.64611948621345,306.4950002688032,488.6604516084113,35.656914845956884,3.3580759559554507,SUCCESS,FAILURE,66.402323461333,47.079409647074165,173.40410459072132,246.58832201790966,SUCCESS,SUCCESS
2147783,14,63,3,VTC,40-ft,SUN,242.48663220764598,394.56293241758647,627.708674553275,20.042033259293184,-21.29586428249557,SUCCESS,FAILURE,66.04961575775998,37.866577734546986,259.48276529135273,333.67617297612014,SUCCESS,SUCCESS
2147784,19,11,3,VTC,40-ft,SUN,217.59980673845945,366.5946185497484,601.7292904321291,25.000954157846028,-16.68959050215055,SUCCESS,FAILURE,61.54841972662909,32.38849902561257,206.12770580793642,276.800424936584,SUCCESS,SUCCESS
2147785,15,5,1,VTC,40-ft,MF,180.07433049526904,298.0970261572522,466.6628009668248,37.145917348004936,7.258368622903405,SUCCESS,FAILURE,60.27740924563767,35.46265270781324,130.46161430264874,159.07216223889142,SUCCESS,SUCCESS
2147786,15,3,1,VTC,40-ft,MF,268.90048423460314,447.4206265200077,701.2248813036416,10.670101680849701,-34.33065271341163,FAILURE,FAILURE,68.07672465022662,38.37549956317823,323.773353547286,410.0626988399665,SUCCESS,SUCCESS
2147787,15,6,1,VTC,40-ft,MF,193.67579445583712,321.1871121742536,502.7644097596256,33.051930465557874,0.8573741560947544,SUCCESS,FAILURE,71.95658368209149,52.014592190455986,219.42224414124973,288.52670971379735,SUCCESS,SUCCESS
2147789,15,1,1,VTC,40-ft,MF,239.96632713957143,397.7530854510781,623.3881724791028,19.476403288815945,-20.52981781544375,FAILURE,FAILURE,65.0549652694386,29.302156709954424,257.0630895707119,281.0523363232456,SUCCESS,SUCCESS
2147790,15,2,1,VTC,40-ft,MF,208.75591680494205,346.23474315853827,542.2788539801007,28.61086114210315,-6.148732975195162,SUCCESS,FAILURE,63.67526180327203,38.77974832502352,197.76321972899262,253.3966345332332,SUCCESS,SUCCESS
2147793,15,10,1,VTC,40-ft,MF,138.84144586144748,228.29230346293525,357.02556921880006,49.522641229976024,26.697594110141836,SUCCESS,SUCCESS,70.9941220208965,54.23413102758437,121.09915166079156,155.30606821437607,SUCCESS,SUCCESS
2147794,15,7,1,VTC,40-ft,MF,164.0724223767694,267.55611654933864,418.3923045271762,42.56097224302507,15.816967282415575,SUCCESS,FAILURE,65.71678068181215,46.802236144786036,130.59875959475926,174.75691638376946,SUCCESS,SUCCESS
2147811,15,1,3,VTC,40-ft,SUN,308.90774119355945,515.6765453738851,807.6772117523758,-1.432011591114379,-53.2051793887191,FAILURE,FAILURE,70.91263577953633,49.67888000018198,408.0238111704701,580.2660949534024,SUCCESS,SUCCESS
2147812,15,8,3,VTC,40-ft,SUN,150.2285476668316,248.70918878992248,388.8942442956311,45.90262610107758,21.04711980573917,SUCCESS,SUCCESS,71.43543523264933,58.160368195025825,144.00504350206472,209.31872091557682,SUCCESS,SUCCESS
2147825,16,11,1,VTC,40-ft,MF,129.2719910630189,225.27550249855224,354.36985924151134,50.0575350179872,27.1684646734909,SUCCESS,SUCCESS,50.057535017987185,27.1684646734909,0.0,0.0,SUCCESS,SUCCESS
2147826,16,10,1,VTC,40-ft,MF,171.25841417679186,298.74117138959457,469.9962179782565,37.0317072004265,6.667337237897791,SUCCESS,FAILURE,37.03170720042649,6.667337237897788,0.0,0.0,SUCCESS,FAILURE
2147827,16,34,1,VTC,40-ft,MF,45.29914483547296,78.34416471646756,123.11714176802103,76.1091906531086,68.17071954467713,SUCCESS,SUCCESS,76.1091906531086,68.17071954467713,0.0,0.0,SUCCESS,SUCCESS
2147828,16,8,1,VTC,40-ft,MF,192.89208200319982,326.7379537179148,510.5141139788083,32.06773870249738,-0.5166868756752309,SUCCESS,FAILURE,32.06773870249739,-0.5166868756752183,0.0,0.0,SUCCESS,FAILURE
2147829,16,12,1,VTC,40-ft,MF,171.25841417679186,298.74117138959457,469.9962179782565,37.0317072004265,6.667337237897791,SUCCESS,FAILURE,37.03170720042649,6.667337237897788,0.0,0.0,SUCCESS,FAILURE
2147830,16,36,1,VTC,40-ft,MF,76.48390222375231,127.47312680881994,198.4226965479827,67.39838177148584,54.818670824825766,SUCCESS,SUCCESS,67.39838177148584,54.818670824825766,0.0,0.0,SUCCESS,SUCCESS
2147831,16,3,1,VTC,40-ft,MF,234.87850511697278,400.2036226089572,626.1404727155534,19.041910884936676,-21.01781431126833,FAILURE,FAILURE,19.04191088493668,-21.01781431126833,0.0,0.0,FAILURE,FAILURE
2147832,16,32,1,VTC,40-ft,MF,108.8666495148706,178.70546261282342,277.7804171231582,58.31463428850648,40.74815299234784,SUCCESS,SUCCESS,58.31463428850648,40.74815299234783,0.0,0.0,SUCCESS,SUCCESS
2147833,16,41,1,VTC,40-ft,MF,45.29914483547296,78.34416471646756,123.11714176802103,76.1091906531086,68.17071954467713,SUCCESS,SUCCESS,76.1091906531086,68.17071954467713,0.0,0.0,SUCCESS,SUCCESS
2147834,16,38,1,VTC,40-ft,MF,87.28556794924593,151.8098336075099,238.7435005047662,63.083362835547895,47.669592109084014,SUCCESS,SUCCESS,63.083362835547895,47.669592109084014,0.0,0.0,SUCCESS,SUCCESS
2147835,16,7,1,VTC,40-ft,MF,129.2719910630189,225.27550249855224,354.36985924151134,50.0575350179872,27.1684646734909,SUCCESS,SUCCESS,50.057535017987185,27.1684646734909,0.0,0.0,SUCCESS,SUCCESS
2147836,16,2,1,VTC,40-ft,MF,234.87850511697278,400.2036226089572,626.1404727155534,19.041910884936676,-21.01781431126833,FAILURE,FAILURE,19.04191088493668,-21.01781431126833,0.0,0.0,FAILURE,FAILURE
2147837,16,14,1,VTC,40-ft,MF,161.65473835413718,276.50783830255574,433.72757981668684,40.97378753500785,13.097946841012975,SUCCESS,FAILURE,40.973787535007844,13.09794684101297,0.0,0.0,SUCCESS,FAILURE
2147838,16,33,1,VTC,40-ft,MF,87.28556794924593,151.8098336075099,238.7435005047662,63.083362835547895,47.669592109084014,SUCCESS,SUCCESS,63.083362835547895,47.669592109084014,0.0,0.0,SUCCESS,SUCCESS
2147839,16,6,1,VTC,40-ft,MF,161.65473835413718,276.50783830255574,433.72757981668684,40.97378753500785,13.097946841012975,SUCCESS,FAILURE,40.973787535007844,13.09794684101297,0.0,0.0,SUCCESS,FAILURE
2147840,16,35,1,VTC,40-ft,MF,76.48390222375231,127.47312680881994,198.4226965479827,67.39838177148584,54.818670824825766,SUCCESS,SUCCESS,67.39838177148584,54.818670824825766,0.0,0.0,SUCCESS,SUCCESS
2147841,16,5,1,VTC,40-ft,MF,161.65473835413718,276.50783830255574,433.72757981668684,40.97378753500785,13.097946841012975,SUCCESS,FAILURE,40.973787535007844,13.09794684101297,0.0,0.0,SUCCESS,FAILURE
2147842,16,4,1,VTC,40-ft,MF,171.25841417679186,298.74117138959457,469.9962179782565,37.0317072004265,6.667337237897791,SUCCESS,FAILURE,37.03170720042649,6.667337237897788,0.0,0.0,SUCCESS,FAILURE
2147843,16,31,1,VTC,40-ft,MF,76.48390222375231,127.47312680881994,198.4226965479827,67.39838177148584,54.818670824825766,SUCCESS,SUCCESS,67.39838177148584,54.818670824825766,0.0,0.0,SUCCESS,SUCCESS
2147844,16,37,1,VTC,40-ft,MF,45.29914483547296,78.34416471646756,123.11714176802103,76.1091906531086,68.17071954467713,SUCCESS,SUCCESS,76.1091906531086,68.17071954467713,0.0,0.0,SUCCESS,SUCCESS
2147845,16,13,1,VTC,40-ft,MF,129.2719910630189,225.27550249855224,354.36985924151134,50.0575350179872,27.1684646734909,SUCCESS,SUCCESS,50.057535017987185,27.1684646734909,0.0,0.0,SUCCESS,SUCCESS
2147846,16,40,1,VTC,40-ft,MF,45.29914483547296,78.34416471646756,123.11714176802103,76.1091906531086,68.17071954467713,SUCCESS,SUCCESS,76.1091906531086,68.17071954467713,0.0,0.0,SUCCESS,SUCCESS
2147847,16,9,1,VTC,40-ft,MF,129.2719910630189,225.27550249855224,354.36985924151134,50.0575350179872,27.1684646734909,SUCCESS,SUCCESS,50.057535017987185,27.1684646734909,0.0,0.0,SUCCESS,SUCCESS
2147848,16,21,1,VTC,40-ft,MF,75.66159039880401,123.94897123742635,192.82828321679483,68.02323205010171,55.810588082128575,SUCCESS,SUCCESS,68.02323205010171,55.81058808212857,0.0,0.0,SUCCESS,SUCCESS
2147849,16,19,1,VTC,40-ft,MF,77.68189212659126,129.57650052047103,202.47486234319655,67.02544317012925,54.1002017121992,SUCCESS,SUCCESS,67.02544317012924,54.1002017121992,0.0,0.0,SUCCESS,SUCCESS
2147850,16,18,1,VTC,40-ft,MF,75.66159039880401,123.94897123742635,192.82828321679483,68.02323205010171,55.810588082128575,SUCCESS,SUCCESS,68.02323205010171,55.81058808212857,0.0,0.0,SUCCESS,SUCCESS
2147851,16,15,1,VTC,40-ft,MF,77.68189212659126,129.57650052047103,202.47486234319655,67.02544317012925,54.1002017121992,SUCCESS,SUCCESS,67.02544317012924,54.1002017121992,0.0,0.0,SUCCESS,SUCCESS
2147852,16,20,1,VTC,40-ft,MF,66.93281266188093,106.3409470447877,163.63503776857283,71.14522215517948,60.98669543110411,SUCCESS,SUCCESS,71.14522215517948,60.986695431104124,0.0,0.0,SUCCESS,SUCCESS
2147853,16,17,1,VTC,40-ft,MF,66.93281266188093,106.3409470447877,163.63503776857283,71.14522215517948,60.98669543110411,SUCCESS,SUCCESS,71.14522215517948,60.986695431104124,0.0,0.0,SUCCESS,SUCCESS
2147854,16,16,1,VTC,40-ft,MF,66.93281266188093,106.3409470447877,163.63503776857283,71.14522215517948,60.98669543110411,SUCCESS,SUCCESS,71.14522215517948,60.986695431104124,0.0,0.0,SUCCESS,SUCCESS
2147855,16,22,1,VTC,40-ft,MF,45.29914483547296,78.34416471646756,123.11714176802103,76.1091906531086,68.17071954467713,SUCCESS,SUCCESS,76.1091906531086,68.17071954467713,0.0,0.0,SUCCESS,SUCCESS
2147860,16,19,2,VTC,40-ft,SAT,129.2719910630189,225.27550249855224,354.36985924151134,50.0575350179872,27.1684646734909,SUCCESS,SUCCESS,50.057535017987185,27.1684646734909,0.0,0.0,SUCCESS,SUCCESS
2147861,16,20,2,VTC,40-ft,SAT,243.08801326823254,422.3162116025381,660.0977354407694,15.121239077564171,-27.038605574604496,FAILURE,FAILURE,15.121239077564175,-27.038605574604475,0.0,0.0,FAILURE,FAILURE
2147862,16,31,2,VTC,40-ft,SAT,45.29914483547296,78.34416471646756,123.11714176802103,76.1091906531086,68.17071954467713,SUCCESS,SUCCESS,76.1091906531086,68.17071954467713,0.0,0.0,SUCCESS,SUCCESS
2147863,16,29,2,VTC,40-ft,SAT,168.70140001322298,297.80083115231963,464.74896466657464,37.19843419285113,7.597701300252728,SUCCESS,FAILURE,37.19843419285113,7.597701300252731,0.0,0.0,SUCCESS,FAILURE
2147864,16,12,2,VTC,40-ft,SAT,285.0744363820055,495.78188049358045,775.7240941775145,2.0954112600034716,-47.53973301019761,FAILURE,FAILURE,2.0954112600034747,-47.5397330101976,0.0,0.0,FAILURE,FAILURE
2147865,16,15,2,VTC,40-ft,SAT,201.62085974012288,344.3459779105534,539.7073594270303,28.945748597419612,-5.692794224650753,SUCCESS,FAILURE,28.94574859741962,-5.69279422465077,0.0,0.0,SUCCESS,FAILURE
2147866,16,14,2,VTC,40-ft,SAT,275.60820246255565,473.3343156006986,739.2285858059186,6.0754759573229515,-41.06889819253875,FAILURE,FAILURE,6.07547595732296,-41.06889819253875,0.0,0.0,FAILURE,FAILURE
2147867,16,17,2,VTC,40-ft,SAT,283.8781280249056,494.60678356150316,772.9589783211082,2.3037617798753294,-47.04946424133124,FAILURE,FAILURE,2.3037617798753276,-47.04946424133122,0.0,0.0,FAILURE,FAILURE
2147868,16,11,2,VTC,40-ft,SAT,316.5619419380534,546.4878444781424,853.3191786261978,-6.895007886195456,-61.29772670677265,FAILURE,FAILURE,-6.895007886195462,-61.29772670677265,0.0,0.0,FAILURE,FAILURE
2147869,16,21,2,VTC,40-ft,SAT,202.44485311081024,348.79841026152087,546.5888226970258,28.156310237318998,-6.912911825713784,SUCCESS,FAILURE,28.156310237318998,-6.912911825713773,0.0,0.0,SUCCESS,FAILURE
2147870,16,16,2,VTC,40-ft,SAT,213.24483729056482,372.2068402806369,585.6225767150016,24.005879382865796,-13.83379019769532,SUCCESS,FAILURE,24.00587938286579,-13.833790197695325,0.0,0.0,SUCCESS,FAILURE
2147871,16,18,2,VTC,40-ft,SAT,160.50933471208154,275.5056179139113,431.1563934036328,41.15148618547673,13.553830956802695,SUCCESS,FAILURE,41.15148618547673,13.553830956802711,0.0,0.0,SUCCESS,FAILURE
2147872,16,27,2,VTC,40-ft,SAT,87.28556794924593,151.8098336075099,238.7435005047662,63.083362835547895,47.669592109084014,SUCCESS,SUCCESS,63.083362835547895,47.669592109084014,0.0,0.0,SUCCESS,SUCCESS
2147873,16,30,2,VTC,40-ft,SAT,45.29914483547296,78.34416471646756,123.11714176802103,76.1091906531086,68.17071954467713,SUCCESS,SUCCESS,76.1091906531086,68.17071954467713,0.0,0.0,SUCCESS,SUCCESS
2147874,16,23,2,VTC,40-ft,SAT,170.00168840860178,298.4061954902936,467.4579723318765,37.09110009037347,7.117380792220487,SUCCESS,FAILURE,37.09110009037347,7.117380792220492,0.0,0.0,SUCCESS,FAILURE
2147875,16,28,2,VTC,40-ft,SAT,119.66831524036422,203.04216941151338,318.1012210799417,53.999615352568554,33.59907427660609,SUCCESS,SUCCESS,53.99961535256854,33.59907427660608,0.0,0.0,SUCCESS,SUCCESS
2147876,16,26,2,VTC,40-ft,SAT,87.28556794924593,151.8098336075099,238.7435005047662,63.083362835547895,47.669592109084014,SUCCESS,SUCCESS,63.083362835547895,47.669592109084014,0.0,0.0,SUCCESS,SUCCESS
2147877,16,25,2,VTC,40-ft,SAT,87.28556794924593,151.8098336075099,238.7435005047662,63.083362835547895,47.669592109084014,SUCCESS,SUCCESS,63.083362835547895,47.669592109084014,0.0,0.0,SUCCESS,SUCCESS
2147878,16,24,2,VTC,40-ft,SAT,201.3517520614448,349.32639128069866,545.279926990586,28.062696581436413,-6.680838118898219,SUCCESS,FAILURE,28.06269658143641,-6.680838118898219,0.0,0.0,SUCCESS,FAILURE
2147879,16,22,2,VTC,40-ft,SAT,171.19799676570167,299.58129242237084,470.22308818828276,36.88274957050163,6.627112023354124,SUCCESS,FAILURE,36.882749570501616,6.627112023354122,0.0,0.0,SUCCESS,FAILURE
2147884,16,11,3,VTC,40-ft,SUN,316.42450003484856,546.7020762839854,853.546048836224,-6.932992248933584,-61.33795192131631,FAILURE,FAILURE,-6.932992248933588,-61.33795192131631,0.0,0.0,FAILURE,FAILURE
2147885,16,18,3,VTC,40-ft,SUN,274.5151014131902,473.86229661987636,737.9196900994789,5.981862301440366,-40.8368244857232,FAILURE,FAILURE,5.981862301440371,-40.83682448572319,0.0,0.0,FAILURE,FAILURE
2147886,16,22,3,VTC,40-ft,SUN,76.48390222375231,127.47312680881994,198.4226965479827,67.39838177148584,54.818670824825766,SUCCESS,SUCCESS,67.39838177148584,54.818670824825766,0.0,0.0,SUCCESS,SUCCESS
2147887,16,25,3,VTC,40-ft,SUN,210.65436126207,370.9109992551018,580.5460854222416,24.235638429946498,-12.933703089049928,SUCCESS,FAILURE,24.235638429946498,-12.933703089049919,0.0,0.0,SUCCESS,FAILURE
2147888,16,14,3,VTC,40-ft,SUN,275.60820246255565,473.3343156006986,739.2285858059186,6.0754759573229515,-41.06889819253875,FAILURE,FAILURE,6.07547595732296,-41.06889819253875,0.0,0.0,FAILURE,FAILURE
2147889,16,13,3,VTC,40-ft,SUN,234.87850511697278,400.2036226089572,626.1404727155534,19.041910884936676,-21.01781431126833,FAILURE,FAILURE,19.04191088493668,-21.01781431126833,0.0,0.0,FAILURE,FAILURE
2147890,16,15,3,VTC,40-ft,SUN,247.1192028086034,427.1428493624385,668.9748544106153,14.2654522407024,-28.612562838761573,FAILURE,FAILURE,14.26545224070239,-28.612562838761608,0.0,0.0,FAILURE,FAILURE
2147891,16,12,3,VTC,40-ft,SUN,257.85876957726776,451.39140041433086,708.2354786386176,9.96606375632432,-35.573666425286795,FAILURE,FAILURE,9.966063756324308,-35.573666425286824,0.0,0.0,FAILURE,FAILURE
2147892,16,16,3,VTC,40-ft,SUN,160.50933471208154,275.5056179139113,431.1563934036328,41.15148618547673,13.553830956802695,SUCCESS,FAILURE,41.15148618547673,13.553830956802711,0.0,0.0,SUCCESS,FAILURE
2147893,16,23,3,VTC,40-ft,SUN,129.2719910630189,225.27550249855224,354.36985924151134,50.0575350179872,27.1684646734909,SUCCESS,SUCCESS,50.057535017987185,27.1684646734909,0.0,0.0,SUCCESS,SUCCESS
2147894,16,21,3,VTC,40-ft,SUN,211.98811152237474,371.87186438133597,583.0843310686216,24.065272272812777,-13.383746643372623,SUCCESS,FAILURE,24.06527227281277,-13.383746643372621,0.0,0.0,SUCCESS,FAILURE
2147895,16,19,3,VTC,40-ft,SUN,253.83709273294286,445.5517650782213,698.937560015393,11.001460092513957,-33.925099293509405,FAILURE,FAILURE,11.00146009251394,-33.925099293509405,0.0,0.0,FAILURE,FAILURE
2147896,16,24,3,VTC,40-ft,SUN,108.8666495148706,178.70546261282342,277.7804171231582,58.31463428850648,40.74815299234784,SUCCESS,SUCCESS,58.31463428850648,40.74815299234783,0.0,0.0,SUCCESS,SUCCESS
2147897,16,26,3,VTC,40-ft,SUN,213.48579723604993,374.08378770542015,587.2954965365085,23.673087286273027,-14.130407187324199,SUCCESS,FAILURE,23.673087286273024,-14.130407187324193,0.0,0.0,SUCCESS,FAILURE
2147898,16,20,3,VTC,40-ft,SUN,129.2719910630189,225.27550249855224,354.36985924151134,50.0575350179872,27.1684646734909,SUCCESS,SUCCESS,50.057535017987185,27.1684646734909,0.0,0.0,SUCCESS,SUCCESS
2147899,16,17,3,VTC,40-ft,SUN,203.64116146791014,349.9735071935981,549.353938553432,27.94795971744715,-7.403180594580146,SUCCESS,FAILURE,27.947959717447148,-7.403180594580143,0.0,0.0,SUCCESS,FAILURE
2147902,17,7,1,VTC,40-ft,MF,149.7936966061286,245.52336195536927,380.2823085165312,46.46748901500545,22.574058773664685,SUCCESS,SUCCESS,70.76573387936887,56.550923178938795,137.04210103500975,191.62951524574612,SUCCESS,SUCCESS
2147903,17,2,1,VTC,40-ft,MF,197.06332459576117,324.2742412239805,502.7209170596517,32.50456715886871,0.8650856277213345,SUCCESS,FAILURE,71.62412477386518,56.600959436750486,220.63430494857994,314.3503282829245,SUCCESS,SUCCESS
2147905,17,5,1,VTC,40-ft,MF,197.06332459576117,324.2742412239805,502.7209170596517,32.50456715886871,0.8650856277213345,SUCCESS,FAILURE,72.37100816321409,55.74074192939052,224.84672726450793,309.49870154141433,SUCCESS,SUCCESS
2147907,17,6,1,VTC,40-ft,MF,173.4285106009449,284.89880158967486,441.50161278809145,39.48602808693708,11.71957220069301,SUCCESS,FAILURE,70.40757127328632,56.13362538339229,174.39750357100962,250.4952599504241,SUCCESS,SUCCESS
2147909,17,6,2,VTC,40-ft,SAT,265.82182434892445,438.06781724105747,682.0718561562164,12.328401198394069,-30.934726268832698,FAILURE,FAILURE,75.55635868346656,61.65020512292318,356.6056802158089,522.1790130495033,SUCCESS,SUCCESS
2147910,17,3,2,VTC,40-ft,SAT,289.99817596989584,478.6359806481608,744.3679038573057,5.13546442408497,-41.98012479739462,FAILURE,FAILURE,72.34160308819156,55.313735775752384,379.0426220655611,548.7373736325492,SUCCESS,SUCCESS
2147911,17,2,2,VTC,40-ft,SAT,243.79141495923867,401.832396719794,624.0827821732432,18.753121148972696,-20.652975562631777,FAILURE,FAILURE,70.11437224171901,54.2381074097979,289.6774561630892,422.3857079645034,SUCCESS,SUCCESS
2147912,17,5,2,VTC,40-ft,SAT,243.2498773330836,400.6396729469963,623.0060387437143,18.964596995213423,-20.462063607041532,FAILURE,FAILURE,72.04441296394131,52.08505044624266,299.37016206362546,409.1657232605229,SUCCESS,SUCCESS
2147913,17,8,2,VTC,40-ft,SAT,126.15888261131232,206.14792232106367,319.06300424497095,53.44894994307382,33.428545346636355,SUCCESS,SUCCESS,72.5482938344241,61.02870750011413,107.72029954721557,155.66491454561475,SUCCESS,SUCCESS
2147914,17,7,2,VTC,40-ft,SAT,219.093733985447,360.509661745244,560.709991042625,26.079847208290076,-9.416665078479607,SUCCESS,FAILURE,72.04397613002065,57.06555305000043,259.23768711856053,374.9597102446274,SUCCESS,SUCCESS
2147915,17,1,2,VTC,40-ft,SAT,220.69813859057746,363.6496808582861,563.940221331212,25.52310623080034,-9.98940094525035,SUCCESS,FAILURE,66.06934160125508,45.217833214556414,228.68076748936483,311.3688006613102,SUCCESS,SUCCESS
2147916,17,4,2,VTC,40-ft,SAT,173.4285106009449,284.89880158967486,441.50161278809145,39.48602808693708,11.71957220069301,SUCCESS,FAILURE,69.8895026000667,55.02580409814254,171.4755962540512,244.24714790161545,SUCCESS,SUCCESS
2147917,17,1,3,VTC,40-ft,SUN,313.6329899647121,518.0114202824664,805.5872081288659,-1.8459965039833932,-52.83461137036629,FAILURE,FAILURE,70.32293216626556,51.124805155977796,407.0327577002041,586.3311092085806,SUCCESS,SUCCESS
2147918,17,5,3,VTC,40-ft,SUN,289.4566383437408,477.4432568753631,743.2911604277767,5.346940270325697,-41.78921284180438,FAILURE,FAILURE,72.59019849733018,54.05773300836424,379.2519764003052,540.5767745949511,SUCCESS,SUCCESS
2147919,17,7,3,VTC,40-ft,SUN,172.8869729747898,283.7060778168772,440.42486935856243,39.6975039331778,11.91048415628326,SUCCESS,FAILURE,71.23683712448415,56.97442060194914,177.88183919896784,254.1606015535557,SUCCESS,SUCCESS
2147920,17,3,3,VTC,40-ft,SUN,244.33295258539374,403.0251204925917,625.1595256027722,18.54164530273197,-20.843887518222015,FAILURE,FAILURE,70.21806514651963,53.908098976400865,291.4550079189623,421.6012038296732,SUCCESS,SUCCESS
2147921,17,2,3,VTC,40-ft,SUN,290.51950532271616,479.39055221560756,745.4446472868347,5.001675139076679,-42.17103675298486,FAILURE,FAILURE,69.33284565780042,51.58553001389701,362.8278017256018,528.7870365652138,SUCCESS,SUCCESS
2147922,17,4,3,VTC,40-ft,SUN,313.0914523385571,516.8186965096686,804.5104646993369,-1.6345206577426552,-52.643699414776044,FAILURE,FAILURE,64.40727855077289,38.96817022834005,372.47574753602765,516.6909447871749,SUCCESS,SUCCESS
2147923,17,6,3,VTC,40-ft,SUN,149.7936966061286,245.52336195536927,380.2823085165312,46.46748901500545,22.574058773664685,SUCCESS,SUCCESS,72.40105077176318,60.07183879193552,146.2652883081136,211.48747930304762,SUCCESS,SUCCESS
2147935,19,16,1,VTC,40-ft,MF,71.74035731169592,116.22536117632056,184.7268473263547,69.3926664580992,57.24701288539811,SUCCESS,SUCCESS,76.217133692708,66.59913235801082,38.48999520319353,52.74595382553571,SUCCESS,SUCCESS
2147936,19,4,1,VTC,40-ft,MF,162.05354073732542,271.0949226216319,447.32010944435393,41.933524357866695,10.687923857384058,SUCCESS,FAILURE,62.5763690239659,37.66791383569951,116.42564391679946,152.16714347769914,SUCCESS,SUCCESS
2147937,19,15,1,VTC,40-ft,MF,71.74035731169592,116.22536117632056,184.7268473263547,69.3926664580992,57.24701288539811,SUCCESS,SUCCESS,74.30003950183514,64.0268171575469,27.677583966670625,38.23809609491917,SUCCESS,SUCCESS
2147938,19,5,1,VTC,40-ft,MF,237.15862435822277,407.6582489981234,670.0947489627331,17.720168617354016,-28.811125702612244,FAILURE,FAILURE,67.95595463281391,36.50691372972034,283.32983312719364,368.39374239835564,SUCCESS,SUCCESS
2147939,19,17,1,VTC,40-ft,MF,57.63209271102131,89.7226767487562,141.83490280545004,74.09172398071698,64.85196758768616,SUCCESS,SUCCESS,75.98219738993312,66.88277468557965,10.662270027978877,11.453752032119269,SUCCESS,SUCCESS
2147940,19,18,1,VTC,40-ft,MF,57.63209271102131,89.7226767487562,141.83490280545004,74.09172398071698,64.85196758768616,SUCCESS,SUCCESS,75.98219738993312,66.88277468557965,10.662270027978877,11.453752032119269,SUCCESS,SUCCESS
2147942,19,11,1,VTC,40-ft,MF,177.1175975410365,297.4478720330298,487.83076243976336,37.261015596980535,3.5051839645809686,SUCCESS,FAILURE,64.03097710547601,41.48990868273093,150.98258290791426,214.2338474103658,SUCCESS,SUCCESS
2147943,19,3,1,VTC,40-ft,MF,165.2934067612331,281.0323367535361,458.5250244476178,40.17157149759999,8.701236800067772,SUCCESS,FAILURE,69.73994381945357,49.719633807835734,166.76561989525402,231.34375912381125,SUCCESS,SUCCESS
2147944,19,8,1,VTC,40-ft,MF,195.1554578175997,332.98851420250514,545.0165774810595,30.95948329742817,-6.634144943450257,SUCCESS,FAILURE,58.62589339707447,25.637917668711594,156.03855296200499,182.01443313259279,SUCCESS,SUCCESS
2147945,19,7,1,VTC,40-ft,MF,161.35448593420733,272.01925763952573,444.2237420520897,41.76963517029686,11.23692516806921,SUCCESS,FAILURE,66.66829010043054,44.22294996989523,140.4284138059537,186.04117988229876,SUCCESS,SUCCESS
2147947,19,2,1,VTC,40-ft,MF,236.85102480490693,401.33534830306724,660.8212803817835,18.841250300874606,-27.16689368471338,FAILURE,FAILURE,59.900315762199796,28.18777765386776,231.57312920187383,312.2003463495975,SUCCESS,SUCCESS
2147948,19,6,1,VTC,40-ft,MF,221.78696800119585,374.98239889166933,620.310627386374,23.513759061760762,-19.984153791910277,SUCCESS,FAILURE,58.21627523562412,21.272240897074855,195.7221912205892,232.6860660458761,SUCCESS,SUCCESS
2147958,19,2,2,VTC,40-ft,SAT,262.1867355436276,449.21806828760026,735.8214857845167,10.351406331985775,-40.46480244406323,FAILURE,FAILURE,65.18319899293267,35.09253675605859,309.2513106077404,426.143393088687,SUCCESS,SUCCESS
2147959,19,5,2,VTC,40-ft,SAT,252.80823540259462,433.5450846363746,718.3761039418919,13.130304142486777,-37.37164963508721,FAILURE,FAILURE,74.41685103257903,46.25224498387994,345.6561244601202,471.6387656509746,SUCCESS,SUCCESS
2147960,19,6,2,VTC,40-ft,SAT,206.97964859740313,349.40404948199887,574.3223154732051,28.048927396808715,-11.83019777893707,SUCCESS,FAILURE,66.18417677493606,42.77832982506556,215.08280649263804,307.99209568657477,SUCCESS,SUCCESS
2147961,19,15,2,VTC,40-ft,SAT,172.92111112716293,289.08497031900947,469.24201361038195,38.74379958882811,6.80106141659895,SUCCESS,FAILURE,73.517533256456,57.82746021327044,196.12385788542122,287.78888921322715,SUCCESS,SUCCESS
2147962,19,14,2,VTC,40-ft,SAT,178.24883843265712,304.129016212468,499.38245033642954,36.076415565165256,1.4570123516968938,SUCCESS,FAILURE,74.31815165549627,54.532949732724056,215.68339154946682,299.34828682899314,SUCCESS,SUCCESS
2147963,19,13,2,VTC,40-ft,SAT,117.37484512602892,193.58527439089298,314.8328326226067,55.67636978884877,34.17857577613357,SUCCESS,SUCCESS,70.53257427303124,54.91413959360646,83.78899329078905,116.94857993054711,SUCCESS,SUCCESS
2147964,19,9,2,VTC,40-ft,SAT,147.2462213335327,245.51657321196137,401.33179753118503,46.46869269291465,18.841879870357268,SUCCESS,FAILURE,61.55447350106545,38.56034429190206,85.08380375797032,111.21213933751267,SUCCESS,SUCCESS
2147965,19,4,2,VTC,40-ft,SAT,177.1175975410365,297.4478720330298,487.83076243976336,37.261015596980535,3.5051839645809686,SUCCESS,FAILURE,63.36605282601959,40.70432433706073,147.23240997178004,209.80315170078586,SUCCESS,SUCCESS
2147966,19,7,2,VTC,40-ft,SAT,161.35448593420733,272.01925763952573,444.2237420520897,41.76963517029686,11.23692516806921,SUCCESS,FAILURE,68.21265295115255,47.19724726168471,149.13862028402588,202.8162166079914,SUCCESS,SUCCESS
2147967,19,10,2,VTC,40-ft,SAT,208.1295397912981,356.0354364056357,585.8888271201446,26.873149573468847,-13.880997716337687,SUCCESS,FAILURE,75.22444715687027,53.83140065160791,272.70131837038383,381.89792679521304,SUCCESS,SUCCESS
2147968,19,8,2,VTC,40-ft,SAT,146.29042913049625,245.66630822812786,403.71308905668025,46.44214393118301,18.4196650608723,SUCCESS,FAILURE,68.95313603517765,49.26593728113453,126.96199546652969,173.972975322279,SUCCESS,SUCCESS
2147969,19,3,2,VTC,40-ft,SAT,165.2934067612331,281.0323367535361,458.5250244476178,40.17157149759999,8.701236800067772,SUCCESS,FAILURE,65.44814606506128,43.03563954989678,142.55988056048147,193.64603150903554,SUCCESS,SUCCESS
2147971,19,12,2,VTC,40-ft,SAT,177.41587194321517,303.79565135598654,497.09681914557626,36.135522809222245,1.862266108940383,SUCCESS,FAILURE,76.39100917439178,56.84836516328695,227.0409430995561,310.1215986665146,SUCCESS,SUCCESS
2147981,19,6,3,VTC,40-ft,SUN,191.22586214171113,323.9505564605941,530.722706960668,32.56195807436275,-4.099770737707089,SUCCESS,FAILURE,63.327937322941075,31.895748212672153,173.52012296198154,203.01472688013897,SUCCESS,SUCCESS
2147982,19,8,3,VTC,40-ft,SUN,267.8629670551685,459.9229126756732,758.8793450621647,8.45338427736291,-44.55307536563203,FAILURE,FAILURE,64.78158885905508,23.744423996022228,317.69107384074357,385.1978963997298,SUCCESS,SUCCESS
2147983,19,2,3,VTC,40-ft,SUN,186.6995218240652,319.87709899615805,519.2313593299594,33.284202305645735,-2.062297753538905,SUCCESS,FAILURE,67.55580646972894,42.44739943352337,193.29184748542906,251.03469213503132,SUCCESS,SUCCESS
2147984,19,17,3,VTC,40-ft,SUN,147.54449573571137,251.86435253491817,410.59785423699793,45.343199905156354,17.19896201471668,SUCCESS,FAILURE,69.72323248850296,49.75834927042413,137.50338377007472,183.63494412219,SUCCESS,SUCCESS
2147985,19,7,3,VTC,40-ft,SUN,191.22586214171113,323.9505564605941,530.722706960668,32.56195807436275,-4.099770737707089,SUCCESS,FAILURE,62.94115964976328,31.652454240940823,171.33869688525874,201.64254887957424,SUCCESS,SUCCESS
2147986,19,4,3,VTC,40-ft,SUN,240.78994563193268,410.3484274170776,675.1225627773116,17.24318662817774,-29.70258205271482,FAILURE,FAILURE,50.86276015571089,8.28712754948382,189.61439469528676,214.26196215640016,SUCCESS,FAILURE
2147987,19,13,3,VTC,40-ft,SUN,71.74035731169592,116.22536117632056,184.7268473263547,69.3926664580992,57.24701288539811,SUCCESS,SUCCESS,78.36606286438982,68.8229061827734,50.609955731478976,65.28803819719661,SUCCESS,SUCCESS
2147988,19,16,3,VTC,40-ft,SUN,71.74035731169592,116.22536117632056,184.7268473263547,69.3926664580992,57.24701288539811,SUCCESS,SUCCESS,77.6722715999117,68.3589584101534,46.69697299982238,62.67137275961983,SUCCESS,SUCCESS
2147989,19,10,3,VTC,40-ft,SUN,131.48310972670353,220.08795881845734,357.72477714351135,50.97731226623098,26.57362107384551,SUCCESS,SUCCESS,69.89657831034782,53.048255982095206,106.70466048881883,149.31694088252829,SUCCESS,SUCCESS
2147990,19,9,3,VTC,40-ft,SUN,237.99159084766472,407.9916138546048,672.3803801535863,17.661061373297027,-29.216379459855723,FAILURE,FAILURE,64.65935163762595,32.5072854827682,265.070357090815,348.1214702763988,SUCCESS,SUCCESS
2147991,19,15,3,VTC,40-ft,SUN,72.52658541834,117.05349955594977,190.80879652252935,69.24583341206565,56.16865309884231,SUCCESS,SUCCESS,76.83124313547302,66.48114316168063,42.781710840017524,58.16244395440816,SUCCESS,SUCCESS
2147992,19,1,3,VTC,40-ft,SUN,262.2739088471536,450.9705416851233,738.8070675884271,10.0406840983824,-40.99416091993388,FAILURE,FAILURE,66.91657373774021,32.739038682426376,320.7800175659778,415.85524575731165,SUCCESS,SUCCESS
2147993,19,14,3,VTC,40-ft,SUN,163.19410678008325,277.75118817316945,458.8792092161567,40.753335430289106,8.638438082241723,SUCCESS,FAILURE,66.55371768843844,42.452698201262216,145.5141559359622,190.7124270712756,SUCCESS,SUCCESS
2147994,19,12,3,VTC,40-ft,SUN,132.17283937868444,219.18850242846415,360.81373266063895,51.136790349563086,26.02593392541863,SUCCESS,SUCCESS,66.2277794719177,47.278018386301795,85.11317865007993,119.86175635938105,SUCCESS,SUCCESS
2147995,19,3,3,VTC,40-ft,SUN,177.1175975410365,297.4478720330298,487.83076243976336,37.261015596980535,3.5051839645809686,SUCCESS,FAILURE,61.63471704752783,35.77026749700063,137.46767618108652,181.97507112284688,SUCCESS,SUCCESS
2147996,19,5,3,VTC,40-ft,SUN,221.87414130472183,376.73487228919237,623.2962091902845,23.203036828157387,-20.51351226778093,SUCCESS,FAILURE,61.534644332286824,30.27040376551548,216.1902663232899,286.42128642779164,SUCCESS,SUCCESS
2147998,20,4,1,VTC,60-ft,MF,165.5641015814937,296.9733009381065,472.11003741070505,37.34515940813715,6.2925465583856335,SUCCESS,FAILURE,37.34515940813713,6.292546558385636,0.0,0.0,SUCCESS,FAILURE
2148003,20,6,1,VTC,60-ft,MF,163.54958778750145,293.50255448531124,466.8470674489472,37.9605399848739,7.225697260824969,SUCCESS,FAILURE,37.96053998487389,7.225697260824972,0.0,0.0,SUCCESS,FAILURE
2148005,20,10,1,VTC,60-ft,MF,71.0480474683413,121.04082187528847,190.18603764577873,68.5388613696297,56.27907133940094,SUCCESS,SUCCESS,68.5388613696297,56.27907133940093,0.0,0.0,SUCCESS,SUCCESS
2148009,20,8,2,VTC,60-ft,SAT,214.37380626583308,387.47551245490155,617.4870225324037,21.298668004450082,-19.4835146334049,SUCCESS,FAILURE,21.298668004450068,-19.483514633404898,0.0,0.0,SUCCESS,FAILURE
2148010,20,9,2,VTC,40-ft,SAT,166.63468104961805,298.34276634946224,475.0533609035287,37.10234639193932,5.77068069086371,SUCCESS,FAILURE,37.10234639193929,5.770680690863715,0.0,0.0,SUCCESS,FAILURE
2148011,20,5,2,VTC,60-ft,SAT,262.6052680308809,477.20901870006486,761.0807177491348,5.388471861690632,-44.943389671832406,FAILURE,FAILURE,5.38847186169062,-44.94338967183241,0.0,0.0,FAILURE,FAILURE
2148012,20,7,2,VTC,60-ft,SAT,214.86614281466586,388.07627259462555,618.6470561202598,21.19215024917987,-19.689194347563785,SUCCESS,FAILURE,21.192150249179853,-19.68919434756379,0.0,0.0,SUCCESS,FAILURE
2148013,20,6,2,VTC,60-ft,SAT,238.92768212276644,433.4247995855596,690.4439037286254,13.151631279156106,-32.41913186677755,FAILURE,FAILURE,13.151631279156092,-32.419131866777555,0.0,0.0,FAILURE,FAILURE
2148014,20,3,2,VTC,60-ft,SAT,239.42001867159922,434.0255597252836,691.6039373164816,13.045113523885894,-32.62481158093645,FAILURE,FAILURE,13.045113523885881,-32.624811580936445,0.0,0.0,FAILURE,FAILURE
2148015,20,4,2,VTC,60-ft,SAT,215.30428778907532,389.15880660270193,619.807089708116,21.00021159526562,-19.89487406172269,SUCCESS,FAILURE,21.000211595265604,-19.89487406172269,0.0,0.0,SUCCESS,FAILURE
2148016,20,2,2,VTC,60-ft,SAT,263.04341300529035,478.29155270814124,762.240751336991,5.19653320777638,-45.14906938599131,FAILURE,FAILURE,5.196533207776369,-45.14906938599131,0.0,0.0,FAILURE,FAILURE
2148017,20,1,2,VTC,60-ft,SAT,215.74243276348477,390.2413406107783,620.9671232959722,20.80827294135137,-20.100553775881593,SUCCESS,FAILURE,20.80827294135135,-20.100553775881586,0.0,0.0,SUCCESS,FAILURE
2148018,20,7,3,VTC,60-ft,SUN,191.1885569065514,344.2920534801203,548.0102420997504,28.955309666645345,-7.1649365425089275,SUCCESS,FAILURE,28.955309666645316,-7.164936542508937,0.0,0.0,SUCCESS,FAILURE
2148019,20,8,3,VTC,60-ft,SUN,214.37380626583308,387.47551245490155,617.4870225324037,21.298668004450082,-19.4835146334049,SUCCESS,FAILURE,21.298668004450068,-19.483514633404898,0.0,0.0,SUCCESS,FAILURE
2148020,20,5,3,VTC,60-ft,SUN,167.51097099843696,300.507834365615,477.373428079241,36.71846908411082,5.359321262545922,SUCCESS,FAILURE,36.71846908411079,5.359321262545922,0.0,0.0,SUCCESS,FAILURE
2148021,20,4,3,VTC,60-ft,SUN,286.66680733898136,522.557545690999,832.8775653575004,-2.6520471083331434,-57.67332719104618,FAILURE,FAILURE,-2.652047108333142,-57.67332719104618,0.0,0.0,FAILURE,FAILURE
2148022,20,2,3,VTC,60-ft,SUN,263.0976045797137,477.80977883978886,762.240751336991,5.281954106420419,-45.14906938599131,FAILURE,FAILURE,5.281954106420413,-45.14906938599131,0.0,0.0,FAILURE,FAILURE
2148023,20,6,3,VTC,60-ft,SUN,238.489537148357,432.3422655774832,689.2838701407692,13.343569933070357,-32.21345215261864,FAILURE,FAILURE,13.343569933070343,-32.21345215261866,0.0,0.0,FAILURE,FAILURE
2148024,20,3,3,VTC,60-ft,SUN,263.0976045797137,477.80977883978886,762.240751336991,5.281954106420419,-45.14906938599131,FAILURE,FAILURE,5.281954106420413,-45.14906938599131,0.0,0.0,FAILURE,FAILURE
2148026,20,1,3,VTC,60-ft,SUN,258.19841820920897,469.26924672892596,748.2790878417886,6.796232849481217,-42.6735971350689,FAILURE,FAILURE,6.796232849481219,-42.673597135068896,0.0,0.0,FAILURE,FAILURE
2148027,22,16,1,VTC,40-ft,MF,230.64103085918842,404.5768085688074,641.1606494040876,18.26652330340295,-23.68096620639851,FAILURE,FAILURE,44.05717328102145,2.801179247470494,145.4592658737684,149.35930035982108,SUCCESS,FAILURE
2148028,22,8,1,VTC,40-ft,MF,292.7151399807728,536.584948776936,857.4319609147611,-5.139175315059574,-62.02694342460303,FAILURE,FAILURE,42.47154709423528,-14.162051112858917,268.52447438842313,269.9579926382367,SUCCESS,FAILURE
2148029,22,10,1,VTC,40-ft,MF,59.34507205432985,103.19050650848813,162.58786721596042,71.70381090275035,61.172363968801356,SUCCESS,SUCCESS,73.99450864907564,64.28690870636323,12.91953528927479,17.566032319849114,SUCCESS,SUCCESS
2148030,22,14,1,VTC,40-ft,MF,36.81141195247305,61.241319875209584,95.47723955319172,79.14160995120399,73.07141142673905,SUCCESS,SUCCESS,80.18583040488856,74.20537731429123,5.889403358781124,6.39556760579427,SUCCESS,SUCCESS
2148031,22,11,1,VTC,40-ft,MF,59.09721320190535,102.26738363611881,161.09364148980845,71.86748517090092,61.43729760819,SUCCESS,SUCCESS,74.14352581519465,64.53284467825586,12.836869233816685,17.4588854751716,SUCCESS,SUCCESS
2148032,22,13,1,VTC,40-ft,MF,36.81141195247305,61.241319875209584,95.47723955319172,79.14160995120399,73.07141142673905,SUCCESS,SUCCESS,80.18583040488856,74.20537731429123,5.889403358781124,6.39556760579427,SUCCESS,SUCCESS
2148033,22,18,1,VTC,40-ft,MF,126.9731615600943,228.58931687654794,363.9041916982032,49.46997927720781,25.47798019535405,SUCCESS,SUCCESS,58.06739050615125,35.52336973167317,48.489399331241145,56.655996984839845,SUCCESS,SUCCESS
2148034,22,19,1,VTC,40-ft,MF,126.9867161601913,228.36494211066002,363.89641244517145,49.50976203711702,25.47935949553698,SUCCESS,SUCCESS,58.10071053189812,35.52471788356321,48.45294951056559,56.655821308468006,SUCCESS,SUCCESS
2148035,22,6,1,VTC,40-ft,MF,217.10780196752148,396.3860634096622,632.346702349278,19.718783083393234,-22.1182096363968,FAILURE,FAILURE,37.54991820736275,-3.1675594339720856,100.56760209918832,106.88166714167541,SUCCESS,FAILURE
2148036,22,1,1,VTC,40-ft,MF,172.01337256361387,312.9364396748809,498.141005529804,34.51481566048212,1.6771266791127744,SUCCESS,FAILURE,47.78839742066198,16.19381962167698,74.86300112741469,81.87414819606215,SUCCESS,FAILURE
2148037,22,7,1,VTC,40-ft,MF,149.47971246175706,270.9872530416023,431.03037786703527,41.95261470893577,13.576174137050486,SUCCESS,FAILURE,52.91489218286417,25.870250746082352,61.827244952956505,69.33859207493975,SUCCESS,SUCCESS
2148038,22,2,1,VTC,40-ft,MF,171.76551371118936,312.01331680251155,496.646779803652,34.67848992863271,1.9420603185014207,SUCCESS,FAILURE,47.95366357687813,16.459150352074143,74.87197937610449,81.87638778935019,SUCCESS,FAILURE
2148039,22,5,1,VTC,40-ft,MF,171.52763481621847,310.8701349572229,494.53734575934305,34.88118174517325,2.316073446924994,SUCCESS,FAILURE,48.07753212663785,16.776716283400773,74.42741615146042,81.55802559772343,SUCCESS,FAILURE
2148040,22,9,1,VTC,40-ft,MF,59.34507205432985,103.19050650848813,162.58786721596042,71.70381090275035,61.172363968801356,SUCCESS,SUCCESS,73.99450864907564,64.28690870636323,12.91953528927479,17.566032319849114,SUCCESS,SUCCESS
2148041,22,3,1,VTC,40-ft,MF,149.47971246175706,270.9872530416023,431.03037786703527,41.95261470893577,13.576174137050486,SUCCESS,FAILURE,52.91489218286417,25.870250746082352,61.827244952956505,69.33859207493975,SUCCESS,SUCCESS
2148042,22,4,1,VTC,40-ft,MF,168.19594445963435,298.14532869755925,472.57912948312855,37.13735306780865,6.209374205119055,SUCCESS,FAILURE,49.07606494601588,19.223089628010616,67.33433499308893,73.39735498510836,SUCCESS,FAILURE
2148043,22,17,1,VTC,40-ft,MF,234.45845896316794,419.36791954612903,666.7225254507631,15.643985896076417,-28.213213732404803,FAILURE,FAILURE,53.76086537972042,11.079227411576124,214.9792002877524,221.60936805205233,SUCCESS,FAILURE
2148044,22,12,1,VTC,40-ft,MF,36.563553100048544,60.31819700284025,93.98301382703977,79.30528421935458,73.3363450661277,SUCCESS,SUCCESS,80.34612383279338,74.4624819454237,5.870335419794969,6.3514119992294695,SUCCESS,SUCCESS
2148045,22,8,2,VTC,40-ft,SAT,149.50682166195108,270.53850350982646,431.0148193609719,42.03218022875418,13.578932737416332,SUCCESS,FAILURE,52.99380709618513,25.873020154452487,61.82357553231088,69.33865303208387,SUCCESS,SUCCESS
2148046,22,7,2,VTC,40-ft,SAT,149.47971246175706,270.9872530416023,431.03037786703527,41.95261470893577,13.576174137050486,SUCCESS,FAILURE,52.91489218286417,25.870250746082352,61.827244952956505,69.33859207493975,SUCCESS,SUCCESS
2148047,22,4,2,VTC,40-ft,SAT,172.01337256361387,312.9364396748809,498.141005529804,34.51481566048212,1.6771266791127744,SUCCESS,FAILURE,50.31826523939726,19.15362926444894,89.13145562508163,98.56747458129601,SUCCESS,FAILURE
2148048,22,5,2,VTC,40-ft,SAT,329.74943083785286,597.8727571188994,954.0553332481888,-16.005807999804848,-79.1587470298207,FAILURE,FAILURE,25.476454189398932,-36.72130886617976,233.95995874710943,239.34715124293479,FAILURE,FAILURE
2148049,22,1,2,VTC,40-ft,SAT,262.18867677133215,480.06006191033146,766.5601784217837,4.882967746395136,-45.9149252520893,FAILURE,FAILURE,27.217731215691355,-22.53076458730684,125.96806596683084,131.8866661493731,SUCCESS,FAILURE
2148050,22,6,2,VTC,40-ft,SAT,315.4966589350541,579.4572582825839,926.0368143036818,-12.740648631663806,-74.19092452192939,FAILURE,FAILURE,23.845733986539724,-36.759112445905934,206.3471979666682,211.11542010877218,SUCCESS,FAILURE
2148051,22,3,2,VTC,40-ft,SAT,353.7289197054869,640.0668910925077,1019.1969975934072,-23.48703742774959,-90.70868751656155,FAILURE,FAILURE,21.557632287722658,-44.41605511327688,254.05193719526358,261.0904467545255,FAILURE,FAILURE
2148052,22,2,2,VTC,40-ft,SAT,251.8044696634394,459.4847168782049,733.5553986231624,8.531078567694173,-40.06301394027702,FAILURE,FAILURE,30.550441294670332,-16.971577100066824,124.18920578014547,130.23570377878548,SUCCESS,FAILURE
2148053,22,47,3,VTC,40-ft,SUN,194.57414186566467,354.4368767763836,565.2360746865093,27.156582131846886,-10.219162178459083,SUCCESS,FAILURE,42.71610342204162,6.514734911289648,87.75570007669864,94.37917958618287,SUCCESS,FAILURE
2148054,22,45,3,VTC,40-ft,SUN,294.498404946265,538.2488642835037,858.5806427139636,-5.434195794947467,-62.23061041027723,FAILURE,FAILURE,20.6391935518679,-35.151364857182685,147.0539159160389,152.72694491945316,SUCCESS,FAILURE
2148055,22,42,3,VTC,40-ft,SUN,262.18867677133215,480.06006191033146,766.5601784217837,4.882967746395136,-45.9149252520893,FAILURE,FAILURE,27.217731215691355,-22.53076458730684,125.96806596683084,131.8866661493731,SUCCESS,FAILURE
2148056,22,44,3,VTC,40-ft,SUN,239.6414620693783,438.3352500429408,699.4573300120467,12.280984034939578,-34.01725709433451,FAILURE,FAILURE,32.37053546893015,-12.849851748700988,113.30507008770704,119.3841661493731,SUCCESS,FAILURE
2148057,22,43,3,VTC,40-ft,SUN,189.67097143690359,345.63093117147486,550.9257337586982,28.71792000505765,-7.68186768771245,SUCCESS,FAILURE,45.03643173298469,9.995931522715086,92.03640614550847,99.70278754681134,SUCCESS,FAILURE
2148058,22,41,3,VTC,40-ft,SUN,302.48239903286304,555.1307133251686,886.447755060415,-8.427431440632724,-67.17158777666933,FAILURE,FAILURE,19.146577687563056,-38.41001197049709,155.51741148302395,162.21528754681134,FAILURE,FAILURE
2148059,22,46,3,VTC,40-ft,SUN,271.9647448444082,496.2996776502252,791.4700150511949,2.0036032535061756,-50.33156295233952,FAILURE,FAILURE,25.854965780131455,-25.46907051192096,134.52168465016683,140.22445736396065,SUCCESS,FAILURE
2148082,25,32,1,VTC,60-ft,MF,99.25337325650547,141.1722583148291,208.15596082198147,64.96945774559768,53.09291474787563,SUCCESS,SUCCESS,74.06436480324302,64.3167186705829,51.29527580511973,63.30225412406895,SUCCESS,SUCCESS
2148083,25,42,1,VTC,40-ft,MF,167.17095179434074,243.6624163176528,360.3549223675939,46.79744391530979,26.107283268157115,SUCCESS,SUCCESS,70.72195751982055,58.19550854574926,134.93425672944073,180.97759056561972,SUCCESS,SUCCESS
2148084,25,9,1,VTC,40-ft,MF,214.32189259317425,316.13401075113205,468.45636392531475,33.947870434196446,6.940361006149871,SUCCESS,FAILURE,69.48364001647268,57.424963731502,200.42174044403794,284.733159370986,SUCCESS,SUCCESS
2148085,25,10,1,VTC,40-ft,MF,220.81179889064552,330.13187503513086,491.33894529599144,31.465979603700205,2.8831657276610967,SUCCESS,FAILURE,69.2801825048045,55.86741742551524,213.27210436222833,298.8311795758974,SUCCESS,SUCCESS
2148086,25,25,1,VTC,40-ft,MF,79.35897649414497,112.71709173469327,167.0346206228288,70.01470004704021,60.383932513682836,SUCCESS,SUCCESS,74.39823048205596,65.42500308684372,24.723111653489013,28.431638032627347,SUCCESS,SUCCESS
2148087,25,21,1,VTC,40-ft,MF,79.35897649414497,112.71709173469327,167.0346206228288,70.01470004704021,60.383932513682836,SUCCESS,SUCCESS,73.0356132733996,63.844024282845425,17.037950596667088,19.51491757807696,SUCCESS,SUCCESS
2148088,25,12,1,VTC,40-ft,MF,208.9850233492361,313.81247769113816,466.97576500813744,34.3594897710748,7.202878544656485,SUCCESS,FAILURE,66.1708434912178,51.906873782107624,179.41603498160651,252.13053313922438,SUCCESS,SUCCESS
2148089,25,5,1,VTC,60-ft,MF,240.706195653006,358.5870416152668,532.4602854951441,26.420737302257663,-4.407852038146121,SUCCESS,FAILURE,66.19803231580703,50.47574114093689,224.34394387641845,309.54346553002813,SUCCESS,SUCCESS
2148090,25,38,1,VTC,40-ft,MF,72.8690701966737,98.7192274506944,144.1520392521521,72.49659087753646,64.44112779217161,SUCCESS,SUCCESS,77.0097570772225,69.3037570212964,25.45425736622923,27.425228852263842,SUCCESS,SUCCESS
2148091,25,33,1,VTC,40-ft,MF,99.25337325650547,141.1722583148291,208.15596082198147,64.96945774559768,53.09291474787563,SUCCESS,SUCCESS,72.68944322392525,62.364172073751035,43.54071809776758,52.28989131793725,SUCCESS,SUCCESS
2148092,25,31,1,VTC,60-ft,MF,99.25337325650547,141.1722583148291,208.15596082198147,64.96945774559768,53.09291474787563,SUCCESS,SUCCESS,74.9151989913026,65.11407480364781,56.093980625775714,67.79934271455511,SUCCESS,SUCCESS
2148093,25,15,1,VTC,40-ft,MF,103.87914254378039,151.62493018798688,224.86187770386394,63.11614712978957,50.130872747541865,SUCCESS,SUCCESS,72.32046117431037,62.67489412359596,51.91233121109735,70.74828056094515,SUCCESS,SUCCESS
2148094,25,3,1,VTC,40-ft,MF,260.3935057039113,391.16423762554484,582.5736620826763,20.644638718875033,-13.29320249692841,SUCCESS,FAILURE,66.86698630311194,50.087819741321624,260.69404037509634,357.4689654237301,SUCCESS,SUCCESS
2148095,25,24,1,VTC,40-ft,MF,67.53220095273555,96.39769439070045,142.67144033497482,72.90821021441481,64.70364533067823,SUCCESS,SUCCESS,74.33670887522734,66.26544836557895,8.056732446982664,8.80856911684009,SUCCESS,SUCCESS
2148096,25,7,1,VTC,40-ft,MF,224.56532720127916,339.02114991908,505.06868238913506,29.889867035624114,0.4488151792313759,SUCCESS,FAILURE,67.62471028874047,53.38701933560714,212.8245159475764,298.5714714419593,SUCCESS,SUCCESS
2148097,25,19,1,VTC,40-ft,MF,67.53220095273555,96.39769439070045,142.67144033497482,72.90821021441481,64.70364533067823,SUCCESS,SUCCESS,74.67736734450551,66.63373600373676,9.978046213711536,10.885711396050112,SUCCESS,SUCCESS
2148098,25,4,1,VTC,40-ft,MF,224.56532720127916,339.02114991908,505.06868238913506,29.889867035624114,0.4488151792313759,SUCCESS,FAILURE,67.06367040768455,52.65432821939851,209.66025101842104,294.4390935465426,SUCCESS,SUCCESS
2148099,25,6,1,VTC,40-ft,MF,220.81179889064552,330.13187503513086,491.33894529599144,31.465979603700205,2.8831657276610967,SUCCESS,FAILURE,68.98903445261267,55.091337408678356,211.63002934786647,294.45408828093736,SUCCESS,SUCCESS
2148100,25,22,1,VTC,40-ft,MF,67.53220095273555,96.39769439070045,142.67144033497482,72.90821021441481,64.70364533067823,SUCCESS,SUCCESS,75.34095399487174,67.34506948075085,13.720674921777118,14.897632206409583,SUCCESS,SUCCESS
2148101,25,16,1,VTC,60-ft,MF,72.8690701966737,98.7192274506944,144.1520392521521,72.49659087753646,64.44112779217161,SUCCESS,SUCCESS,78.48331351165521,70.91242594880565,33.76511565642977,36.49812160341594,SUCCESS,SUCCESS
2148102,25,35,1,VTC,40-ft,MF,130.26344560361213,194.07796105212157,288.8657992736933,55.58901399785079,38.78265970324587,SUCCESS,SUCCESS,67.66763440944243,55.204772163804584,68.12341912137691,92.62071427755114,SUCCESS,SUCCESS
2148103,25,2,1,VTC,60-ft,MF,315.1136804883125,475.07506390208937,707.5418284114334,5.7668326414735205,-35.45067879635343,FAILURE,FAILURE,70.2946996072081,54.17633084927337,363.93716968674295,505.496334401335,SUCCESS,SUCCESS
2148104,25,11,1,VTC,40-ft,MF,177.41438640244564,266.54955548560076,396.9672408314142,42.73944051673746,19.615737441238622,SUCCESS,FAILURE,68.67609674080065,56.240853439454774,146.28274110371643,206.56565422993907,SUCCESS,SUCCESS
2148105,25,17,1,VTC,40-ft,MF,88.2988386917373,126.41625796004497,186.76896032286632,67.58576986524027,56.884936112966976,SUCCESS,SUCCESS,74.8725251773848,65.7913941597647,41.09729996049532,50.23242338393925,SUCCESS,SUCCESS
2148106,25,20,1,VTC,40-ft,MF,88.2988386917373,126.41625796004497,186.76896032286632,67.58576986524027,56.884936112966976,SUCCESS,SUCCESS,74.0334081805805,65.31794812900222,36.36468009851899,47.56218777043881,SUCCESS,SUCCESS
2148107,25,39,1,VTC,40-ft,MF,102.54339606678137,149.75366960470274,222.5273068761803,63.44793092115199,50.5448037453581,SUCCESS,SUCCESS,76.33731549682207,67.97022189176627,72.69612900677919,98.27935834574203,SUCCESS,SUCCESS
2148108,25,36,1,VTC,40-ft,MF,257.4350308607765,403.6764069907405,612.8533443363888,18.42616897327297,-18.66194048517531,FAILURE,FAILURE,66.7041735857604,47.335802119652776,272.28794601442905,372.22726829123025,SUCCESS,SUCCESS
2148109,25,8,1,VTC,60-ft,MF,229.75166108823785,343.83104126048266,511.073284996029,29.037049421900242,-0.6158306730547786,SUCCESS,FAILURE,71.98584456726626,61.55159401972139,242.23120461986446,350.6242752672576,SUCCESS,SUCCESS
2148110,25,1,1,VTC,60-ft,MF,357.9854101118542,544.688837782377,813.147891252317,-6.576035067797345,-54.175158023460455,FAILURE,FAILURE,73.69420092790237,51.267867127817865,452.72413101574637,594.6986618532095,SUCCESS,SUCCESS
2148111,25,40,1,VTC,40-ft,MF,257.04586418261243,411.76660215916746,629.5194042081837,16.991737205821376,-21.616915639748875,FAILURE,FAILURE,63.86043712336319,40.889848601541615,264.3394675349359,352.53815032087823,SUCCESS,SUCCESS
2148112,25,14,1,VTC,60-ft,MF,100.12561423314673,142.73565530403778,211.1321406107203,64.69225969786565,52.565223295971585,SUCCESS,SUCCESS,73.24615354299617,63.234557229298396,48.24396128653615,60.17504338396327,SUCCESS,SUCCESS
2148113,25,37,1,VTC,40-ft,MF,227.27871661807265,345.5233618915859,517.3591929489647,28.73699257241385,-1.730353359745516,SUCCESS,FAILURE,63.9595135049405,48.00232349984787,198.6550180594504,280.4922974881066,SUCCESS,SUCCESS
2148114,25,34,1,VTC,40-ft,MF,146.40431405533897,213.6438527483083,316.25740237970234,52.11988426448435,33.925992485868385,SUCCESS,SUCCESS,68.76401568578872,56.47942290825378,93.87290121615672,127.20134758225367,SUCCESS,SUCCESS
2148115,25,41,1,VTC,40-ft,MF,102.54339606678137,149.75366960470274,222.5273068761803,63.44793092115199,50.5448037453581,SUCCESS,SUCCESS,77.01440348313456,68.97585702281235,76.5149052495816,103.95114048484191,SUCCESS,SUCCESS
2148117,25,18,1,VTC,40-ft,MF,56.72820174494687,79.15333575450768,116.76043614614308,75.96572061090289,69.2977950095491,SUCCESS,SUCCESS,79.13685496362206,72.68917540889765,17.8851977493361,19.127385452325825,SUCCESS,SUCCESS
2148119,25,23,1,VTC,40-ft,MF,72.8690701966737,98.7192274506944,144.1520392521521,72.49659087753646,64.44112779217161,SUCCESS,SUCCESS,77.0097570772225,69.3037570212964,25.45425736622923,27.425228852263842,SUCCESS,SUCCESS
2148120,25,5,2,VTC,60-ft,SAT,362.264621287146,547.5466583355686,815.6432699691543,-7.082740839639823,-54.61760105836069,FAILURE,FAILURE,64.02229445698237,41.14741654400639,401.03239907294926,540.1146992773502,SUCCESS,SUCCESS
2148121,25,7,2,VTC,40-ft,SAT,220.81179889064552,330.13187503513086,491.33894529599144,31.465979603700205,2.8831657276610967,SUCCESS,FAILURE,67.85168343952589,53.22960450077371,205.21536963405708,283.9539146803551,SUCCESS,SUCCESS
2148122,25,3,2,VTC,40-ft,SAT,307.54444650274473,463.6358320590241,690.6751036403972,7.795065237761689,-32.46012475893567,FAILURE,FAILURE,67.89745958509437,51.90970111020864,338.97750411895623,475.8458179019737,SUCCESS,SUCCESS
2148123,25,11,2,VTC,40-ft,SAT,271.25276249975497,411.1848807584837,613.8117329079113,17.09487929814119,-18.831867536863697,FAILURE,FAILURE,74.3407151281951,58.44082066613565,322.86651408150414,435.8179614649162,SUCCESS,SUCCESS
2148124,25,14,2,VTC,60-ft,SAT,214.32189259317425,316.13401075113205,468.45636392531475,33.947870434196446,6.940361006149871,SUCCESS,FAILURE,71.29652968840364,59.023942873205705,210.6464381937285,293.7514017301949,SUCCESS,SUCCESS
2148125,25,1,2,VTC,60-ft,SAT,260.3935057039113,391.16423762554484,582.5736620826763,20.644638718875033,-13.29320249692841,SUCCESS,FAILURE,65.94113003076643,46.00649358413437,255.47221099906767,334.45028589719396,SUCCESS,SUCCESS
2148126,25,9,2,VTC,40-ft,SAT,355.5404652545737,545.0791892044571,816.5515166162298,-6.645246312846993,-54.77863769791309,FAILURE,FAILURE,65.1515860246554,46.60558546513277,404.9341343835135,571.8070186395785,SUCCESS,SUCCESS
2148127,25,12,2,VTC,40-ft,SAT,304.58597165961,476.14800142421973,720.9547858941097,5.576595492159626,-37.82886274718257,FAILURE,FAILURE,64.23884217212331,41.38700901187643,330.85507127499517,446.7775167210926,SUCCESS,SUCCESS
2148128,25,8,2,VTC,60-ft,SAT,267.96273968947906,402.6034694686101,599.4403868537124,18.616406122586863,-16.283756534346168,FAILURE,FAILURE,66.12494271653685,47.749936445677825,267.94814638987805,361.15002840733524,SUCCESS,SUCCESS
2148129,25,6,2,VTC,40-ft,SAT,276.60295882070426,418.72365920566585,622.9623972524918,15.758216452896129,-20.4543257539879,FAILURE,FAILURE,68.50404545457653,53.01216442328995,297.4864755694775,414.3510045998469,SUCCESS,SUCCESS
2148130,25,2,2,VTC,60-ft,SAT,307.54444650274473,463.6358320590241,690.6751036403972,7.795065237761689,-32.46012475893567,FAILURE,FAILURE,67.37137835584994,49.19002651036868,336.01040598601793,460.50685315887637,SUCCESS,SUCCESS
2148131,25,10,2,VTC,40-ft,SAT,220.81179889064552,330.13187503513086,491.33894529599144,31.465979603700205,2.8831657276610967,SUCCESS,FAILURE,67.69377379548438,52.442249374929226,204.32475924166272,279.51323177059226,SUCCESS,SUCCESS
2148132,25,4,2,VTC,40-ft,SAT,267.96273968947906,402.6034694686101,599.4403868537124,18.616406122586863,-16.283756534346168,FAILURE,FAILURE,69.6720447192672,54.85306975374144,287.9538016852773,401.211700264814,SUCCESS,SUCCESS
2148133,25,13,2,VTC,40-ft,SAT,173.660858091812,257.66028060165166,383.23750373827056,44.315553084813544,22.05008798966834,SUCCESS,SUCCESS,67.85884970738785,54.88240997752766,132.78419295131908,185.1742960115265,SUCCESS,SUCCESS
2148134,25,11,3,VTC,40-ft,SUN,120.02001099550722,171.1908218841736,252.25348080987297,59.64701739642313,45.274205530164366,SUCCESS,SUCCESS,71.65527159100766,60.74104624374142,67.72655365745686,87.23298162457462,SUCCESS,SUCCESS
2148135,25,9,3,VTC,40-ft,SUN,366.97565010785655,563.5469663297986,845.7099056798461,-9.919674881169957,-59.948564836852135,FAILURE,FAILURE,56.21206973626407,27.70470915326172,372.9830396423279,494.36446530424183,SUCCESS,SUCCESS
2148136,25,8,3,VTC,60-ft,SUN,308.6237741908413,461.07719961809056,684.6592470407566,8.248723471969763,-31.393483517864635,FAILURE,FAILURE,64.64165991960633,45.89752310782937,318.0561615646702,435.9212773689141,SUCCESS,SUCCESS
2148137,25,4,3,VTC,40-ft,SUN,315.1136804883125,475.07506390208937,707.5418284114334,5.7668326414735205,-35.45067879635343,FAILURE,FAILURE,64.67909855505877,44.8914491372405,332.2651797526209,453.1296015454696,SUCCESS,SUCCESS
2148138,25,2,3,VTC,60-ft,SUN,307.54444650274473,463.6358320590241,690.6751036403972,7.795065237761689,-32.46012475893567,FAILURE,FAILURE,67.85191089176348,50.28279936039496,338.72060948857006,466.67009203302456,SUCCESS,SUCCESS
2148139,25,6,3,VTC,40-ft,SUN,402.6914060534072,617.5507836379363,924.6529581739508,-19.494819793960335,-73.94555995992035,FAILURE,FAILURE,55.801263855624875,27.90169295778067,424.6699117836606,574.4185064558335,SUCCESS,SUCCESS
2148140,25,1,3,VTC,60-ft,SUN,328.3110842417465,493.6543956283686,734.7726236282887,2.472624888587131,-40.27883397664692,FAILURE,FAILURE,69.38906837230563,52.83078024149038,377.40874124817225,525.1382241902943,SUCCESS,SUCCESS
2148141,25,7,3,VTC,40-ft,SUN,362.264621287146,547.5466583355686,815.6432699691543,-7.082740839639823,-54.61760105836069,FAILURE,FAILURE,59.03714136247433,36.23357113233416,372.9161356199239,512.4006111555187,SUCCESS,SUCCESS
2148142,25,3,3,VTC,40-ft,SUN,297.36959655970605,448.74222277501036,667.0599172403832,10.43577610372157,-28.27303497169915,FAILURE,FAILURE,69.49230187577233,54.1978355106801,333.07880535436635,465.13570952061883,SUCCESS,SUCCESS
2148143,25,5,3,VTC,60-ft,SUN,365.55464409742194,556.1280696254423,830.0146160233531,-8.604267664085514,-57.165712060878214,FAILURE,FAILURE,58.87292688815889,30.91491003526656,380.57137727465835,496.77470862225624,SUCCESS,SUCCESS
2148144,25,10,3,VTC,40-ft,SUN,267.96273968947906,402.6034694686101,599.4403868537124,18.616406122586863,-16.283756534346168,FAILURE,FAILURE,66.71958743830932,50.01159617088165,271.3019426206747,373.9057892574848,SUCCESS,SUCCESS
2148145,27,25,1,BTC,40-ft,MF,164.0394595061762,249.3417142394597,362.51864574105525,45.79047619867737,25.723644372153327,SUCCESS,SUCCESS,83.51919460233427,74.27421859622986,212.78997179662485,273.8252386237917,SUCCESS,SUCCESS
2148146,27,12,1,BTC,40-ft,MF,333.1785211955803,516.7995121381919,763.7050712750831,-1.6311191734382686,-45.408700580688496,FAILURE,FAILURE,68.87935624721673,54.370879322898766,397.6790813724942,562.7568306562323,SUCCESS,SUCCESS
2148147,27,24,1,BTC,40-ft,MF,19.584634720043468,28.72718205445916,43.4428102724905,84.90652800452852,82.29737406516126,SUCCESS,SUCCESS,84.90652800452852,82.29737406516125,0.0,0.0,SUCCESS,SUCCESS
2148148,27,21,1,BTC,40-ft,MF,121.2570021533057,202.0802475481818,305.51649367166334,54.170168874435866,35.83040892346395,SUCCESS,SUCCESS,57.727823204968644,40.53557868470467,20.06517042420535,26.537157453397583,SUCCESS,SUCCESS
2148149,27,14,1,BTC,40-ft,MF,198.88414058418059,325.9560906679557,495.770436362953,32.206366902844735,2.0974403611785544,SUCCESS,FAILURE,63.78149302166053,38.33717341729156,178.08371131012115,204.3920944364773,SUCCESS,SUCCESS
2148150,27,8,1,BTC,40-ft,MF,189.84506990240445,324.75245503865875,502.9726212368599,32.41977747541512,0.8204572275071176,SUCCESS,FAILURE,78.76850129161771,69.56678416615219,261.4068023233828,387.72928393395824,SUCCESS,SUCCESS
2148151,27,7,1,BTC,40-ft,MF,200.0347764997954,334.2598583693273,508.3328121698934,30.734067665012898,-0.12993123579669327,SUCCESS,FAILURE,50.26914380564007,24.680576851146675,110.17782943313756,139.93126561036067,SUCCESS,SUCCESS
2148152,27,31,1,BTC,40-ft,MF,62.06036715225307,102.08569704675176,153.65856391581931,71.89969910518586,62.75557377379091,SUCCESS,SUCCESS,80.58597277240032,73.2334221127421,48.99058348308961,59.09506463168475,SUCCESS,SUCCESS
2148153,27,5,1,BTC,40-ft,MF,275.62316285845895,461.1189640848266,704.0332914609584,8.241318424676141,-34.82859777676566,FAILURE,FAILURE,73.7190685039724,61.91024606862767,369.29451044723095,545.6070792880184,SUCCESS,SUCCESS
2148154,27,9,1,BTC,40-ft,MF,201.45294752303863,335.48086823011005,508.7629770993294,30.51757655494503,-0.20620161335627588,SUCCESS,FAILURE,45.787665575704196,17.05259786802912,86.12330207708197,97.33962907501373,SUCCESS,FAILURE
2148155,27,11,1,BTC,40-ft,MF,254.7232778706578,400.3469234958845,595.8241016424425,19.016502926261623,-15.642571213199027,FAILURE,FAILURE,76.14227381847485,67.90285633832057,322.1893478320828,471.1962113905706,SUCCESS,SUCCESS
2148156,27,3,1,BTC,40-ft,MF,300.7193315487742,500.93288041864685,767.1487000967073,1.1821134009491447,-46.019273066792074,FAILURE,FAILURE,75.15155631581771,47.94710349407786,417.18765803985883,529.9703638033068,SUCCESS,SUCCESS
2148157,27,23,1,BTC,40-ft,MF,127.51157371213311,200.97123850102616,298.4967915443282,54.366801684215226,37.0750369602255,SUCCESS,SUCCESS,85.07233916068157,76.35128410068344,173.17923136727023,221.51803387218285,SUCCESS,SUCCESS
2148158,27,4,1,BTC,40-ft,MF,201.99507936766577,331.9286915255839,501.2598462533791,31.147395119577332,1.1241407352164714,SUCCESS,FAILURE,65.17088148738678,41.72518861563161,191.89246311444538,228.98991004554136,SUCCESS,SUCCESS
2148159,27,15,1,BTC,40-ft,MF,186.84801550831077,310.2262691018632,471.76937736795014,34.995342357825685,6.35294727518615,SUCCESS,FAILURE,63.794748682574664,44.23899118406981,162.4286516715843,213.67728764610393,SUCCESS,SUCCESS
2148160,27,32,1,BTC,40-ft,MF,54.109495633946516,89.8754701606163,138.03875303259125,74.06463295024534,65.52504378854766,SUCCESS,SUCCESS,77.94599889440447,69.82708310634182,21.8909039250575,24.263501752359105,SUCCESS,SUCCESS
2148161,27,22,1,BTC,40-ft,MF,109.22579245883779,182.75477880408158,280.3008077080967,57.59667042480824,40.30127522906087,SUCCESS,SUCCESS,76.86895704324141,66.90586648047663,108.6956965279631,150.04989465798502,SUCCESS,SUCCESS
2148162,27,13,1,BTC,40-ft,MF,306.7950676562327,480.2873932255331,711.2138585342673,4.8426607756147035,-36.10174796706866,FAILURE,FAILURE,69.18892152386191,57.98465589450915,362.9129106201143,530.6473177792989,SUCCESS,SUCCESS
2148163,27,1,1,BTC,40-ft,MF,234.80064413213051,357.30197590569236,523.3678069430357,26.648585832324056,-2.795710450892851,SUCCESS,FAILURE,75.45753432269609,67.3319159099575,275.28246948569824,395.5198126751961,SUCCESS,SUCCESS
2148164,27,2,1,BTC,40-ft,MF,224.12411111135603,344.6263875856019,508.5432849666136,28.896030569928747,-0.16724910755560096,SUCCESS,FAILURE,76.29616633331284,69.11729703573532,267.33676570548636,390.76484024816085,SUCCESS,SUCCESS
2148165,27,6,1,BTC,40-ft,MF,177.54742420915318,302.14632210239415,466.0980625393522,36.42795707404359,7.35849954976025,SUCCESS,FAILURE,78.6441358353179,70.40742245644464,238.09924821358732,355.5959251937,SUCCESS,SUCCESS
2148166,27,34,1,BTC,40-ft,MF,50.65786454680621,74.53250822646582,109.52824739850948,76.78501627190323,70.58009797898768,SUCCESS,SUCCESS,77.97301421513009,72.20648942237146,6.700308399799496,9.172847740684574,SUCCESS,SUCCESS
2148167,27,10,1,BTC,40-ft,MF,202.34340100361348,313.8759854428984,460.0934498488807,34.34822953140099,8.423147189914772,SUCCESS,FAILURE,70.2736750155133,59.34936214319124,202.61951253039342,287.2238523364793,SUCCESS,SUCCESS
2148168,27,33,1,BTC,40-ft,MF,45.93599517013336,77.09767256382086,115.3603253001165,76.33019990003176,69.54604161345452,SUCCESS,SUCCESS,80.70863246986106,74.4817076490369,24.69435969383727,27.837156440684623,SUCCESS,SUCCESS
2148169,27,39,2,BTC,40-ft,SAT,194.633372754795,324.42011538077804,493.21390931989333,32.47870294667056,2.550725297891257,SUCCESS,FAILURE,56.23456775407127,30.84631187975314,133.98307751373994,159.5871083217011,SUCCESS,SUCCESS
2148170,27,32,2,BTC,40-ft,SAT,268.0086927501538,457.5831427213503,705.6686545010418,8.868237106143564,-35.11855576259607,FAILURE,FAILURE,78.64775600457419,68.9641856253911,393.55648658714904,587.0266614282476,SUCCESS,SUCCESS
2148171,27,37,2,BTC,40-ft,SAT,305.25176230773315,496.23164043668163,747.9586680102026,2.01566658924085,-42.61678510819195,FAILURE,FAILURE,60.79734105757988,22.41704069686122,331.5286440014323,366.7907775405,SUCCESS,SUCCESS
2148172,27,42,2,BTC,40-ft,SAT,277.3210954266198,455.07469522579623,688.7029210840319,9.312997300390743,-32.11044700071488,FAILURE,FAILURE,56.032208274994254,16.927111044202707,263.496349896764,276.5718273733353,SUCCESS,FAILURE
2148173,27,36,2,BTC,40-ft,SAT,212.01065473986296,349.4535064171028,529.1821517206108,28.040158436683903,-3.8266226454983685,SUCCESS,FAILURE,62.6089764156451,34.30266862703162,194.96813340134133,215.0492027770693,SUCCESS,SUCCESS
2148174,27,31,2,BTC,40-ft,SAT,293.5876609539942,480.29514033618466,726.5581295336578,4.841287174435348,-38.82236339249252,FAILURE,FAILURE,52.69886769104593,13.561696209456638,269.9167541136838,295.4460961549936,SUCCESS,FAILURE
2148175,27,34,2,BTC,40-ft,SAT,283.46110737897135,461.1817343160762,696.1010284072164,8.230188951050325,-33.422168157307865,FAILURE,FAILURE,57.99246631268164,19.277924002641242,280.65924431960076,297.22851978211315,SUCCESS,FAILURE
2148176,27,33,2,BTC,40-ft,SAT,209.60462937589807,326.0702277813148,482.2223112368709,32.18612982600801,4.499590206228569,SUCCESS,FAILURE,82.46196001648799,73.84815529151813,283.5556822743072,391.1259070810331,SUCCESS,SUCCESS
2148177,27,40,2,BTC,40-ft,SAT,255.6619987918014,397.1348479194288,586.3567767424108,19.586019872441703,-13.963967507519648,FAILURE,FAILURE,78.58541744658154,67.11837171711178,332.75660231814874,457.3043932269213,SUCCESS,SUCCESS
2148178,27,38,2,BTC,40-ft,SAT,207.84374443895197,351.89367688033997,543.0396589683711,27.607504099230507,-6.283627476661538,SUCCESS,FAILURE,79.87313441934931,72.61922124987707,294.7781550054703,445.0120668176779,SUCCESS,SUCCESS
2148179,27,35,2,BTC,40-ft,SAT,230.0485082758352,349.6050510157503,514.1754973886614,28.013288826994632,-1.1658683313229339,SUCCESS,FAILURE,84.5343786412368,75.15576052038622,318.7789465523258,430.45398672363973,SUCCESS,SUCCESS
2148180,27,43,2,BTC,40-ft,SAT,195.61534700597747,299.36976590299275,439.87189165961695,36.920254272519024,12.00852984758565,SUCCESS,FAILURE,77.56223878022281,66.8350329291462,229.22079262344937,309.22147738000155,SUCCESS,SUCCESS
2148181,27,36,3,BTC,40-ft,SUN,231.16529623245808,370.32978957674374,557.0061655718645,24.3386897913575,-8.75995843472774,SUCCESS,FAILURE,79.54675243728471,69.11240696503157,311.3734733230295,439.2001408546424,SUCCESS,SUCCESS
2148182,27,41,3,BTC,40-ft,SUN,214.40611378923333,341.8513276308313,511.8245188028299,29.38806247680297,-0.7490281565301226,SUCCESS,FAILURE,82.22612778100014,75.2148000457592,298.00668831567214,428.4359910609119,SUCCESS,SUCCESS
2148183,27,39,3,BTC,40-ft,SUN,261.8369348991189,422.0316403719242,632.1870930989029,15.171694969516992,-22.089910123918948,FAILURE,FAILURE,71.69166691726141,53.82935620782136,318.7726417852787,428.18466211101537,SUCCESS,SUCCESS
2148184,27,32,3,BTC,40-ft,SUN,203.87079930161056,332.3746831659549,503.8720937544123,31.068318587596654,0.6609762846786784,SUCCESS,FAILURE,78.1491422374299,70.28156655945043,265.53584538505976,392.6601291497128,SUCCESS,SUCCESS
2148185,27,34,3,BTC,40-ft,SUN,184.53108316435578,288.2121074936412,427.7689089541839,38.89856250112745,14.15444876698867,SUCCESS,FAILURE,80.03786863953884,71.64345616167773,232.02568662064039,324.2380017060463,SUCCESS,SUCCESS
2148186,27,38,3,BTC,40-ft,SUN,285.8130105396448,459.07007492532614,686.1824195190069,8.604596644445724,-31.6635495601076,FAILURE,FAILURE,71.14070553085956,55.25066013168482,352.7036541193741,490.1961426617093,SUCCESS,SUCCESS
2148187,27,33,3,BTC,40-ft,SUN,304.1816718684067,501.5836172421006,761.808725500718,1.0667345315424481,-45.07246906041099,FAILURE,FAILURE,55.39867058796234,11.160039557994052,306.4321193582083,317.1513486078047,SUCCESS,FAILURE
2148188,27,40,3,BTC,40-ft,SUN,208.74786353187673,342.78899864059167,519.63333579524,29.22180875166815,-2.1335701764609865,SUCCESS,FAILURE,64.77035937147782,35.33329207512957,200.49382549572675,211.31310309897069,SUCCESS,SUCCESS
2148189,27,35,3,BTC,40-ft,SUN,235.54516019225343,386.89117087905663,587.6623442995254,21.402274666833936,-14.19545111693713,SUCCESS,FAILURE,75.55888296571726,63.25436575870245,305.44327080570207,436.81696717860734,SUCCESS,SUCCESS
2148190,27,37,3,BTC,40-ft,SUN,165.96485636786434,263.0913976492921,393.1837379959596,43.35258906927446,20.286571277312134,SUCCESS,SUCCESS,80.63321922968912,71.98401838264097,210.26275410473886,291.57360167405454,SUCCESS,SUCCESS
2148191,27,31,3,BTC,40-ft,SUN,248.92700168653604,402.18342595479885,602.7405165408114,18.69088192290801,-16.868885911491383,FAILURE,FAILURE,73.12906674014768,61.77848245305644,307.03136236923194,443.5711575760497,SUCCESS,SUCCESS
2148192,130,52,1,BTC,40-ft,MF,52.5512429741866,83.87454422567292,126.42681510411181,75.12862691034168,67.58389803118585,SUCCESS,SUCCESS,83.37355146649125,76.86501826438366,46.50137449668364,52.34551811523568,SUCCESS,SUCCESS
2148193,210,5,1,BTC,40-ft,MF,253.00506919998622,393.5162449386294,583.7923863461396,20.227616145633085,-13.509288359244598,SUCCESS,FAILURE,48.590396851992665,19.256254803449547,159.96608318386797,184.79766343759508,SUCCESS,FAILURE
2148194,130,3,1,BTC,40-ft,MF,203.04820850288235,332.6947793622099,499.0734688143438,31.01156394287059,1.5117963095135125,SUCCESS,FAILURE,75.20933272342768,66.31696850561896,249.27541592234212,365.5011711860347,SUCCESS,SUCCESS
2148195,27,45,2,BTC,40-ft,SAT,159.45928823161503,271.7827424697873,422.4873609308329,41.81157048408027,15.090893451979987,SUCCESS,FAILURE,83.36553138601984,73.18040130088012,234.3643394869394,327.6248242677969,SUCCESS,SUCCESS
2148196,27,41,2,BTC,40-ft,SAT,145.6495772766495,249.0572085820438,384.4087565527259,45.840920464176634,21.84241905093513,SUCCESS,SUCCESS,86.7955460631581,83.90298450104459,230.98408837825576,350.0215891386175,SUCCESS,SUCCESS
2148197,210,58,2,BTC,40-ft,SAT,273.3222287025239,435.79525557577944,639.3122825824138,12.7313376638689,-23.353241592626553,FAILURE,FAILURE,77.27674583873488,60.6680682562856,364.0361021062442,473.8801875478645,SUCCESS,SUCCESS
2148198,130,5,1,BTC,40-ft,MF,229.79826702378782,368.9154158990746,552.6306570744873,24.589465266121525,-7.984159055760158,SUCCESS,FAILURE,78.15459154580552,69.48949185306155,302.1073122174178,436.9513911257544,SUCCESS,SUCCESS
2148199,130,2,1,BTC,40-ft,MF,231.42836293579174,382.2192845704885,573.6158641970744,22.230623303104878,-11.704940460474184,SUCCESS,FAILURE,77.76619873138753,68.27822030379353,313.2206454155145,451.10502671046993,SUCCESS,SUCCESS
2148200,130,54,1,BTC,40-ft,MF,72.34693341781171,107.78254479942117,157.81103397944742,70.88961971641469,62.01932021641004,SUCCESS,SUCCESS,79.37009507951726,72.04551613309198,47.82988104789854,56.547744970086114,SUCCESS,SUCCESS
2148201,210,1,1,BTC,40-ft,MF,322.1487745406581,500.4205691082576,748.677316840953,1.2729487396706407,-42.74420511364415,FAILURE,FAILURE,47.38371786913484,10.14650886988663,260.0647378901781,298.3036268671137,SUCCESS,FAILURE
2148202,210,77,1,BTC,40-ft,MF,70.27978682245293,104.26822588571007,155.33160682034296,71.512725906789,62.45893496093211,SUCCESS,SUCCESS,77.52575374143859,69.36590614443105,33.91347698742368,38.95531747493402,SUCCESS,SUCCESS
2148203,210,7,1,BTC,40-ft,MF,335.24652244053027,550.0476079491889,828.2212816524114,-7.526171622196608,-56.847744973831816,FAILURE,FAILURE,68.31834947048611,32.01943719045903,427.76309896273034,501.2109074066003,SUCCESS,SUCCESS
2148204,27,44,2,BTC,40-ft,SAT,152.68074362761243,229.92579900261134,335.1553032074065,49.23301436123913,30.57530084975062,SUCCESS,SUCCESS,84.19303703524486,74.32904922197018,197.1745278813923,246.77114081931836,SUCCESS,SUCCESS
2148205,130,15,2,BTC,40-ft,SAT,232.09734855652758,377.7439887262249,569.5617054701947,23.024115474073596,-10.986117991169275,SUCCESS,FAILURE,80.24465925804296,72.12202782368598,322.7238669415874,468.72994239578367,SUCCESS,SUCCESS
2148206,210,51,3,BTC,40-ft,SUN,215.94433012017788,336.1850390474996,500.00983557491776,30.39272357313838,1.3457738342344439,SUCCESS,FAILURE,42.834496056873874,15.15313506775017,70.17159680826819,77.87351735702867,SUCCESS,FAILURE
2148207,210,44,3,BTC,40-ft,SUN,207.60100511619706,324.2209820411515,486.87786536881765,32.51401027639158,3.674137345954321,SUCCESS,FAILURE,60.22121141339335,37.590606059600184,156.26861441269006,191.28888354496263,SUCCESS,SUCCESS
2148209,905,10,1,XHT,28-ft Shuttle,MF,64.41805673392564,92.44165910695774,135.7857760942989,73.60963491011388,65.92450778469879,SUCCESS,SUCCESS,85.16361812525771,82.12118436659158,65.16446533341127,91.34925592187534,SUCCESS,SUCCESS
2148210,905,5,1,XHT,28-ft Shuttle,MF,308.0686216380942,482.20160311521323,701.1786198867501,4.50326185900475,-34.32245033453015,FAILURE,FAILURE,82.81514906966483,75.53766880151585,441.67904386812285,619.6110719272999,SUCCESS,SUCCESS
2148212,905,1,2,XHT,28-ft Shuttle,SAT,292.67760285446195,464.64675758032354,675.2891749811195,7.6158231240561145,-29.732123223602734,FAILURE,FAILURE,83.87412671444491,75.67537117425326,430.09683224979267,594.4982684039081,SUCCESS,SUCCESS
2148213,905,8,2,XHT,28-ft Shuttle,SAT,137.149806407697,215.60537299483366,317.9926187249686,51.77209698673162,33.618330013303435,SUCCESS,SUCCESS,86.98973255612525,82.34158248997339,198.62746461138,274.7991439684184,SUCCESS,SUCCESS
2148214,905,4,2,XHT,28-ft Shuttle,SAT,250.5815778462489,397.38115628523536,573.2370854822855,19.542348176376713,-11.637781113880399,FAILURE,FAILURE,83.40218731857993,73.45898169226584,360.1694927620261,479.94574222666466,SUCCESS,SUCCESS
2148215,905,6,2,XHT,28-ft Shuttle,SAT,271.37808215620475,424.0820625716246,615.052142594461,14.80814493410912,-19.051798332351233,FAILURE,FAILURE,82.56642495970985,71.9035893755408,382.15669934438813,512.9883866725111,SUCCESS,SUCCESS
2148216,905,2,2,XHT,28-ft Shuttle,SAT,276.24622743908543,444.71428583524573,642.2219231192054,11.149949319991896,-23.869135304823644,FAILURE,FAILURE,84.8033790461057,76.12087402775629,415.40534365528185,563.9436526357505,SUCCESS,SUCCESS
2148217,905,3,2,XHT,28-ft Shuttle,SAT,219.79748449122135,344.52590731901734,503.7765343530194,28.91384622003239,0.6779194409540161,SUCCESS,FAILURE,85.66195298162526,76.88483939988191,320.05932213538375,429.8070285683532,SUCCESS,SUCCESS
2148218,905,5,2,XHT,28-ft Shuttle,SAT,241.99691514367586,412.0318093492603,568.4956643953312,16.944714654386477,-10.797103616193477,FAILURE,FAILURE,86.37830820609939,77.4611950803349,391.6054676316609,497.77680464841984,SUCCESS,SUCCESS
2148219,905,7,2,XHT,28-ft Shuttle,SAT,104.36018334987304,162.43674270194293,242.04928459814133,61.19915909540019,47.08346017763452,SUCCESS,SUCCESS,84.94937297063994,81.43389331090731,133.95120625635218,193.7364428716583,SUCCESS,SUCCESS
2148220,905,6,3,XHT,28-ft Shuttle,SUN,185.51329422661507,287.29740853021957,424.46067397639905,39.06074316840079,14.741015252411522,SUCCESS,FAILURE,79.30977612825264,69.28308179395869,227.00454589356445,307.61725529432584,SUCCESS,SUCCESS
2148221,905,5,3,XHT,28-ft Shuttle,SUN,170.07095315500808,293.26434629394066,399.76930978938805,38.002775479797755,19.118916704009216,SUCCESS,FAILURE,85.44795805480331,81.22627283086334,267.5908297230314,350.28548855545677,SUCCESS,SUCCESS
2148222,905,3,3,XHT,28-ft Shuttle,SUN,253.94999963308717,399.9521289300625,578.6965462440571,19.08650196275488,-12.60577061064842,FAILURE,FAILURE,85.28750262937666,81.83427711448937,373.3736437597468,532.641869169777,SUCCESS,SUCCESS
2148223,905,1,3,XHT,28-ft Shuttle,SUN,287.45884352474224,453.9288277419678,653.9211394012159,9.516165293977348,-25.94346443283969,FAILURE,FAILURE,86.36171401507251,80.20538410211762,433.40889478697653,598.6795057371594,SUCCESS,SUCCESS
2148224,905,4,3,XHT,28-ft Shuttle,SUN,221.38131021809664,350.3897814178332,515.3922646674416,27.87415223088064,-1.381607210539291,SUCCESS,FAILURE,85.27465702671229,78.42374050343356,323.7388470484906,450.1021611068067,SUCCESS,SUCCESS
2148227,33,91,1,VTC,40-ft,MF,61.50780912523087,79.61128119814248,116.74012231061785,75.88452461025842,69.30139675343656,SUCCESS,SUCCESS,77.36049042650099,70.84982345200419,8.324447203607974,8.733126579921475,SUCCESS,SUCCESS
2148228,33,83,1,VTC,40-ft,MF,234.0887375485035,343.6823008546137,519.0903406212171,29.063421834288356,-2.0372944363860133,SUCCESS,FAILURE,54.351972259892946,25.775153388670418,142.62742440040984,156.86220573331832,SUCCESS,SUCCESS
2148229,33,92,1,VTC,40-ft,MF,77.17599489416249,105.87113012476605,157.71383453330375,71.22852302752375,62.03655416076176,SUCCESS,SUCCESS,74.90285142217708,66.00688680861303,20.723212145844798,22.392676133881253,SUCCESS,SUCCESS
2148230,33,90,1,VTC,40-ft,MF,77.17599489416249,105.87113012476605,157.71383453330375,71.22852302752375,62.03655416076176,SUCCESS,SUCCESS,74.90285142217708,66.00688680861303,20.723212145844798,22.392676133881253,SUCCESS,SUCCESS
2148231,33,82,1,VTC,40-ft,MF,305.0578327030316,449.631450737362,679.5970228288808,10.27811157138972,-30.495926033489496,FAILURE,FAILURE,64.49565858169113,28.70441243433958,305.7869651380999,333.889908958556,SUCCESS,SUCCESS
2148232,33,84,1,VTC,40-ft,MF,198.60418997123946,290.7077259132395,438.8369995173853,38.45607696573768,12.192021362165727,SUCCESS,FAILURE,66.3011897268041,46.542817122565424,157.0464359724146,193.73848808865426,SUCCESS,SUCCESS
2148233,33,94,1,VTC,40-ft,MF,182.93600420230786,264.44787698661594,397.8632872946994,43.112078548472354,19.45686395484054,SUCCESS,FAILURE,70.16572931084552,54.580063510539254,152.58259029978456,198.09484549414083,SUCCESS,SUCCESS
2148234,33,95,1,VTC,40-ft,MF,92.15054723944739,131.784001089117,198.0769762058899,66.63404236008564,54.879968757820954,SUCCESS,SUCCESS,74.96735306867993,66.224872344459,46.999872396471744,63.985256228638605,SUCCESS,SUCCESS
2148235,33,86,1,VTC,40-ft,MF,269.57328512576754,396.65687579598784,599.343681725049,19.67076670283904,-16.266610234937765,FAILURE,FAILURE,62.964122352865225,32.77035782790806,244.17452586614763,276.5684998744504,SUCCESS,SUCCESS
2148236,33,85,1,VTC,40-ft,MF,269.57328512576754,396.65687579598784,599.343681725049,19.67076670283904,-16.266610234937765,FAILURE,FAILURE,60.748692928098905,31.16692992686092,231.6795039104656,267.52516651254456,SUCCESS,SUCCESS
2148237,33,88,1,VTC,40-ft,MF,198.60418997123946,290.7077259132395,438.8369995173853,38.45607696573768,12.192021362165727,SUCCESS,FAILURE,64.26533361269009,43.55810196287638,145.56420748881146,176.9046945880081,SUCCESS,SUCCESS
2148239,33,87,1,VTC,40-ft,MF,183.62963762595456,264.7948549488886,398.4738578447992,43.050557633175785,19.348606765106524,SUCCESS,FAILURE,60.00894258025927,39.67415090726743,95.64529110155081,114.63606896178749,SUCCESS,SUCCESS
2148240,33,93,1,VTC,40-ft,MF,77.17599489416249,105.87113012476605,157.71383453330375,71.22852302752375,62.03655416076176,SUCCESS,SUCCESS,74.90285142217708,66.00688680861303,20.723212145844798,22.392676133881253,SUCCESS,SUCCESS
2148241,33,89,1,VTC,40-ft,MF,77.17599489416249,105.87113012476605,157.71383453330375,71.22852302752375,62.03655416076176,SUCCESS,SUCCESS,75.491392852321,66.64288103292974,24.042585811856497,25.979683559027478,SUCCESS,SUCCESS
2148242,33,81,1,VTC,40-ft,MF,253.90509935683593,370.39702686936425,558.3699695023631,24.32676828557372,-9.00176764226296,SUCCESS,FAILURE,63.46587789717666,40.21644171062909,220.74457820944053,277.59070075031116,SUCCESS,SUCCESS
2148243,33,6,2,VTC,40-ft,SAT,96.9923567024949,132.58585613951664,196.99346341444962,66.49186947880911,55.072080954884825,SUCCESS,SUCCESS,69.1395353240846,58.24468056500779,14.932835367353732,17.893461801093622,SUCCESS,SUCCESS
2148244,33,1,2,VTC,40-ft,SAT,305.0578327030316,449.631450737362,679.5970228288808,10.27811157138972,-30.495926033489496,FAILURE,FAILURE,57.40507655808481,22.98414292815199,265.79608252496024,301.627588943658,SUCCESS,SUCCESS
2148245,33,2,2,VTC,40-ft,SAT,269.57328512576754,396.65687579598784,599.343681725049,19.67076670283904,-16.266610234937765,FAILURE,FAILURE,60.92967618373477,32.74327333902043,232.70024947225187,276.4157433571242,SUCCESS,SUCCESS
2148246,33,4,2,VTC,40-ft,SAT,234.0887375485035,343.6823008546137,519.0903406212171,29.063421834288356,-2.0372944363860133,SUCCESS,FAILURE,61.33080753240725,36.269099046573736,181.9880553373905,216.04805924389302,SUCCESS,SUCCESS
2148247,33,3,2,VTC,40-ft,SAT,182.93600420230786,264.44787698661594,397.8632872946994,43.112078548472354,19.45686395484054,SUCCESS,FAILURE,65.93725840183757,48.77829847719118,128.7340143729798,165.37289070605766,SUCCESS,SUCCESS
2148248,33,5,2,VTC,40-ft,SAT,253.90509935683593,370.39702686936425,558.3699695023631,24.32676828557372,-9.00176764226296,SUCCESS,FAILURE,61.675692084018706,33.40614364163886,210.6479302232297,239.18061964120625,SUCCESS,SUCCESS
2148249,33,4,3,VTC,40-ft,SUN,289.38964693409997,423.3716018107384,638.6233106061949,14.934113154124399,-23.23108344081469,FAILURE,FAILURE,54.37637957688819,18.609070196940966,222.45438262438773,235.97846651694192,SUCCESS,FAILURE
2148250,33,1,3,VTC,40-ft,SUN,289.38964693409997,423.3716018107384,638.6233106061949,14.934113154124399,-23.23108344081469,FAILURE,FAILURE,53.24486067153067,18.209263897432958,216.07261599817133,233.72355898771673,SUCCESS,FAILURE
2148251,33,3,3,VTC,40-ft,SUN,269.57328512576754,396.65687579598784,599.343681725049,19.67076670283904,-16.266610234937765,FAILURE,FAILURE,57.22438677344973,25.618254709043995,211.80241719824426,236.2306382840571,SUCCESS,SUCCESS
2148252,33,2,3,VTC,40-ft,SUN,305.0578327030316,449.631450737362,679.5970228288808,10.27811157138972,-30.495926033489496,FAILURE,FAILURE,57.45923489992876,20.24262369340964,266.10153557296013,286.1654204597111,SUCCESS,FAILURE
2148253,41,66,1,VTC,40-ft,MF,279.27091641343713,496.195089902164,765.9802645075706,2.02214718046738,-45.81210363609408,FAILURE,FAILURE,69.69460050518734,43.382535366990346,381.6726367514206,503.05776397739623,SUCCESS,SUCCESS
2148254,41,65,1,VTC,40-ft,MF,319.6833370080545,569.6465472255795,877.0324589015818,-11.001160855599203,-65.50220902510316,FAILURE,FAILURE,65.57121301263075,28.6262214020132,431.8681886168169,530.8843476089367,SUCCESS,SUCCESS
2148255,41,62,1,VTC,40-ft,MF,204.96472022629834,362.8691718938767,560.2788153893748,25.661494345057328,-9.340215494569998,SUCCESS,FAILURE,66.47334942005004,43.015859012601666,230.1788626229589,295.28826022044825,SUCCESS,SUCCESS
2148256,41,67,1,VTC,40-ft,MF,115.25033412204442,201.52266368675322,309.6086319264304,54.269031261213975,35.10485249531376,SUCCESS,SUCCESS,74.94910686655665,63.713283069777304,116.63562641413273,161.3515484399744,SUCCESS,SUCCESS
2148257,41,63,1,VTC,40-ft,MF,245.37714082091574,436.3206292172922,671.331009783386,12.638186308990749,-29.03032088357907,FAILURE,FAILURE,64.19063163826479,34.38383036355779,290.75579165710553,357.65581303385216,SUCCESS,SUCCESS
2148258,41,61,1,VTC,40-ft,MF,328.8083805381963,585.0790352410221,903.1145639197011,-13.7374175959259,-70.12669573044346,FAILURE,FAILURE,69.66039534099215,35.51769997118422,470.36366496421795,595.8343917571804,SUCCESS,SUCCESS
2148259,41,60,1,VTC,40-ft,MF,270.14587288329534,480.7626018867213,739.8981594894512,4.758403920794097,-41.18761693075376,FAILURE,FAILURE,64.846918731317,29.354195268989425,338.8992235313492,397.8558208065517,SUCCESS,SUCCESS
2148260,41,64,1,VTC,40-ft,MF,229.9689509038006,408.3000390184561,626.3622754386377,17.60637606055743,-21.057141035219438,FAILURE,FAILURE,67.36910101753159,43.98658865563032,280.66176875733424,366.84663545639285,SUCCESS,SUCCESS
2148261,41,62,2,VTC,40-ft,SAT,270.14587288329534,480.7626018867213,739.8981594894512,4.758403920794097,-41.18761693075376,FAILURE,FAILURE,63.44116134042393,31.68520542475252,330.9707518467123,411.0027180850557,SUCCESS,SUCCESS
2148262,41,61,2,VTC,40-ft,SAT,353.57711260057584,629.5210079104512,971.6817136257664,-21.61719998412255,-82.28399177761816,FAILURE,FAILURE,62.814973823513796,18.318564376560285,476.1974602750691,567.3984167095668,SUCCESS,FAILURE
2148263,41,65,2,VTC,40-ft,SAT,254.50218435105754,451.7531172327349,697.4131148015053,9.901929568664029,-33.65480758891938,FAILURE,FAILURE,67.48556431892703,35.943269399625805,324.7716999914834,392.53315421539503,SUCCESS,SUCCESS
2148264,41,67,2,VTC,40-ft,SAT,195.83967669615654,347.436683878434,534.1967103712554,28.397751085384048,-4.7157287892296855,SUCCESS,FAILURE,67.16932704254056,45.09076926219976,218.67168839836273,280.90864901006205,SUCCESS,SUCCESS
2148265,41,64,2,VTC,40-ft,SAT,328.8083805381963,585.0790352410221,903.1145639197011,-13.7374175959259,-70.12669573044346,FAILURE,FAILURE,62.55460640876225,18.86770395023197,430.2870153864413,501.9284141990097,SUCCESS,FAILURE
2148266,41,63,2,VTC,40-ft,SAT,344.45206907043405,614.0885198950086,945.599608607647,-18.88094324379585,-77.65950507227785,FAILURE,FAILURE,60.42761634741921,17.14569656815632,447.30027609445295,534.7013372520491,SUCCESS,FAILURE
2148267,41,66,2,VTC,40-ft,SAT,229.9689509038006,408.3000390184561,626.3622754386377,17.60637606055743,-21.057141035219438,FAILURE,FAILURE,64.23773453736548,37.762804757694575,263.00086180919743,331.7444942720351,SUCCESS,SUCCESS
2148268,41,62,3,VTC,40-ft,SUN,353.57711260057584,629.5210079104512,971.6817136257664,-21.61719998412255,-82.28399177761816,FAILURE,FAILURE,69.51647742342485,34.49415100757431,513.9939405785674,658.628725308486,SUCCESS,SUCCESS
2148269,41,66,3,VTC,40-ft,SUN,214.3252623715628,379.2905543644697,583.8772307506918,22.749901708427362,-13.524331693385058,SUCCESS,FAILURE,67.63306191259595,47.84133512592963,253.14102355151084,346.10236086093494,SUCCESS,SUCCESS
2148270,41,67,3,VTC,40-ft,SUN,195.83967669615654,347.436683878434,534.1967103712554,28.397751085384048,-4.7157287892296855,SUCCESS,FAILURE,67.78908817899779,48.37339267096306,222.1671412079815,299.42264503548694,SUCCESS,SUCCESS
2148271,41,64,3,VTC,40-ft,SUN,270.14587288329534,480.7626018867213,739.8981594894512,4.758403920794097,-41.18761693075376,FAILURE,FAILURE,63.61340795081397,33.57268626802351,331.9422227293121,421.6481100411041,SUCCESS,SUCCESS
2148272,41,63,3,VTC,40-ft,SUN,245.37714082091574,436.3206292172922,671.331009783386,12.638186308990749,-29.03032088357907,FAILURE,FAILURE,68.41821837567153,42.67561596816545,314.59938085607956,404.42148384383916,SUCCESS,SUCCESS
2148273,41,65,3,VTC,40-ft,SUN,344.45206907043405,614.0885198950086,945.599608607647,-18.88094324379585,-77.65950507227785,FAILURE,FAILURE,64.81384235667561,25.507992482670407,472.03859078665903,581.8646862099085,SUCCESS,SUCCESS
2148274,41,61,3,VTC,40-ft,SUN,353.57711260057584,629.5210079104512,971.6817136257664,-21.61719998412255,-82.28399177761816,FAILURE,FAILURE,66.19415304203984,27.20749413373667,495.25603106755597,617.5319805400416,SUCCESS,SUCCESS
2148281,44,12,1,BTC,60-ft,MF,60.666465251159494,82.01746886529139,117.56318737473333,75.4578955912604,69.15546323143028,SUCCESS,SUCCESS,77.4808112765409,71.30795761495534,11.409244464982123,12.140068323081437,SUCCESS,SUCCESS
2148282,44,22,1,BTC,60-ft,MF,61.467248263070985,94.64177745260996,141.98961671853488,73.21954300485639,64.82453604281298,SUCCESS,SUCCESS,76.51157313732924,68.99541150894365,18.567049947146813,23.523737628977017,SUCCESS,SUCCESS
2148283,44,29,1,BTC,40-ft,MF,67.38711239507191,95.48534711305695,135.77459073901827,73.06997391612467,65.92649100372017,SUCCESS,SUCCESS,75.01298938632931,68.43900251726176,10.95860725195422,14.170564936374603,SUCCESS,SUCCESS
2148284,84,87,1,VTC,40-ft,MF,188.84223654265813,286.72410934791543,424.19459656702816,39.16239195958946,14.788192098044656,SUCCESS,FAILURE,59.436962969568086,39.37757185773502,114.34858049627934,138.68410184465364,SUCCESS,SUCCESS
2148285,44,21,1,BTC,40-ft,MF,102.82261314462096,158.35496820253843,236.847975754563,61.92287797827333,48.0056780577016,SUCCESS,SUCCESS,71.64426080349737,61.0144905492269,54.828599134263584,73.36970245220266,SUCCESS,SUCCESS
2148286,44,27,1,BTC,40-ft,MF,59.82716135831212,85.60469914830261,127.51257221819446,74.82186185313783,67.39138790457545,SUCCESS,SUCCESS,77.20428337566102,70.16577023890187,13.436857387030784,15.64751636560095,SUCCESS,SUCCESS
2148287,84,86,1,VTC,40-ft,MF,188.84223654265813,286.72410934791543,424.19459656702816,39.16239195958946,14.788192098044656,SUCCESS,FAILURE,65.35199908280094,48.231031088052376,147.7093841749127,188.61761190364354,SUCCESS,SUCCESS
2148288,44,26,1,BTC,40-ft,MF,84.41070455358746,121.53409331622395,173.9843830016467,68.45140189428653,59.151705141552,SUCCESS,SUCCESS,71.0653913642471,62.44759322369274,14.742900610577578,18.588808783273805,SUCCESS,SUCCESS
2148289,44,1,1,BTC,40-ft,MF,88.09144332361205,137.5617429158603,205.37136619700527,65.60962005037938,53.586637199112545,SUCCESS,SUCCESS,72.17842987227543,61.72168572401654,37.04808739549367,45.881673680458505,SUCCESS,SUCCESS
2148290,84,89,1,VTC,40-ft,MF,92.9508711187127,138.73244779503696,205.22988480457067,65.40204826329132,53.61172255238108,SUCCESS,SUCCESS,72.82516120963275,62.91577122277319,41.8663570173656,52.47483450101146,SUCCESS,SUCCESS
2148291,84,90,1,VTC,40-ft,MF,83.91176061722986,120.62046060451988,176.66944758446067,68.61339350983691,58.675629860911236,SUCCESS,SUCCESS,72.9346209586705,64.0733022495161,24.37172281142142,30.442872271731517,SUCCESS,SUCCESS
2148292,84,85,1,VTC,40-ft,MF,188.84223654265813,286.72410934791543,424.19459656702816,39.16239195958946,14.788192098044656,SUCCESS,FAILURE,70.19240317147778,54.650846352285,175.00926323505,224.8253699939155,SUCCESS,SUCCESS
2148293,44,23,1,BTC,60-ft,MF,64.11860196762568,100.56382752764067,150.6301882563909,72.16953412630485,63.292519812696646,SUCCESS,SUCCESS,76.16951067886441,68.42208602935649,22.55986775643595,28.9307534619615,SUCCESS,SUCCESS
2148295,44,24,1,BTC,60-ft,MF,88.09144332361205,137.5617429158603,205.37136619700527,65.60962005037938,53.586637199112545,SUCCESS,SUCCESS,71.73635034348656,61.7535822637565,34.5547588531245,46.0615701645919,SUCCESS,SUCCESS
2148296,44,28,1,BTC,60-ft,MF,61.467248263070985,94.64177745260996,141.98961671853488,73.21954300485639,64.82453604281298,SUCCESS,SUCCESS,78.12544877093475,70.73986524592047,27.669308520681852,33.36245670552631,SUCCESS,SUCCESS
2148297,84,91,1,VTC,40-ft,MF,68.97802976272635,101.73453240681734,150.4887068639563,71.9619623392168,63.317605165965205,SUCCESS,SUCCESS,75.54035284774518,67.62509053839955,20.182122468100147,24.294217500529783,SUCCESS,SUCCESS
2148298,44,13,1,BTC,40-ft,MF,64.11860196762568,100.56382752764067,150.6301882563909,72.16953412630485,63.292519812696646,SUCCESS,SUCCESS,75.0388344215124,66.74641787322267,16.182853664970594,19.479985061366676,SUCCESS,SUCCESS
2148299,84,88,1,VTC,40-ft,MF,92.9508711187127,138.73244779503696,205.22988480457067,65.40204826329132,53.61172255238108,SUCCESS,SUCCESS,72.46205351326238,62.74726471391659,39.818429609836755,51.524457791060286,SUCCESS,SUCCESS
2148307,430,33,1,RTC,40-ft,MF,108.12342144832384,144.59944138680027,209.57213052462703,64.36180117255314,52.841820828966846,SUCCESS,SUCCESS,71.36466656165479,61.95882307664877,39.49616079453318,51.419892676926054,SUCCESS,SUCCESS
2148315,430,37,1,RTC,40-ft,MF,259.1387044226885,386.80647391113405,574.5787880888096,21.41729185972801,-11.875671646952048,SUCCESS,FAILURE,63.71489276641111,44.44659140994538,238.5584691136927,317.65756364090157,SUCCESS,SUCCESS
2148323,430,32,1,RTC,40-ft,MF,253.33488782019737,374.3753839307147,555.2727567590188,23.62138582788747,-8.452616446634527,SUCCESS,FAILURE,64.47612506966527,46.11266761947921,230.42072932362674,307.74820213288154,SUCCESS,SUCCESS
2148331,430,54,1,RTC,40-ft,MF,301.8116686556146,453.3971948781481,673.9384839417191,9.610426440044662,-29.492638996758707,FAILURE,FAILURE,70.02939921228143,48.51446050765792,340.7630064354153,439.9600412049099,SUCCESS,SUCCESS
2148347,430,74,2,RTC,60-ft,SAT,177.32332217974712,247.9649173862221,362.867584740384,46.03458911591807,25.661775755251064,SUCCESS,SUCCESS,68.51781323350875,56.58987742717275,126.80538402321133,174.43449342963822,SUCCESS,SUCCESS
2148348,430,84,2,RTC,60-ft,SAT,323.27909067574643,479.31722363606536,710.8784381576768,5.0146766602721025,-36.04227626909162,FAILURE,FAILURE,68.04020536737129,48.72403399742037,355.46398190803933,478.0819899031275,SUCCESS,SUCCESS
2148349,430,77,2,RTC,40-ft,SAT,345.20097211365754,520.6935868108401,775.1013111420294,-2.321557945184409,-47.429310486175424,FAILURE,FAILURE,72.60911241010645,53.00373849513876,422.60898080384044,566.442396254612,SUCCESS,SUCCESS
2148350,430,71,2,RTC,60-ft,SAT,323.27909067574643,479.31722363606536,710.8784381576768,5.0146766602721025,-36.04227626909162,FAILURE,FAILURE,65.00267772240342,47.0748730118045,338.33232599042054,468.78072194425414,SUCCESS,SUCCESS
2148351,430,76,2,RTC,60-ft,SAT,382.42828935665096,575.2060532802739,856.0565413388485,-11.986888879481178,-61.7830747054696,FAILURE,FAILURE,64.4864836664565,41.51663212483822,431.3098211590883,582.6103465229363,SUCCESS,SUCCESS
2148353,430,82,2,RTC,40-ft,SAT,350.64661910359024,532.7718413084204,793.5057767981199,-4.463092430570997,-50.69251361668792,FAILURE,FAILURE,72.82809870929708,52.64390580814356,435.92231802885607,582.8174055560494,SUCCESS,SUCCESS
2148354,430,70,2,RTC,60-ft,SAT,167.27262012922836,240.48827103100865,354.7502337057989,47.36023563279989,27.101022392588852,SUCCESS,SUCCESS,71.66842022585497,60.719082056910764,137.09816110483058,189.60585650677564,SUCCESS,SUCCESS
2148355,430,85,2,RTC,60-ft,SAT,259.1387044226885,386.80647391113405,574.5787880888096,21.41729185972801,-11.875671646952048,SUCCESS,FAILURE,67.32044751766074,51.17982236889872,258.8937979107406,355.6329862493984,SUCCESS,SUCCESS
2148356,430,65,2,RTC,60-ft,SAT,237.21682298477737,345.4301107363593,510.3559151044569,28.75352646518452,-0.48863742986824527,SUCCESS,FAILURE,69.12160128166799,54.79033507689003,227.67594196496668,311.77340493811664,SUCCESS,SUCCESS
2148357,430,78,2,RTC,40-ft,SAT,253.33488782019737,374.3753839307147,555.2727567590188,23.62138582788747,-8.452616446634527,SUCCESS,FAILURE,70.3563645423585,55.62775447438775,263.58527994961656,361.4132919945658,SUCCESS,SUCCESS
2148358,430,67,2,RTC,40-ft,SAT,253.33488782019737,374.3753839307147,555.2727567590188,23.62138582788747,-8.452616446634527,SUCCESS,FAILURE,68.99853810231829,52.076208746535954,255.9271388277898,341.38257408948164,SUCCESS,SUCCESS
2148359,430,62,2,RTC,40-ft,SAT,285.3074713086273,423.2283934607029,627.6129807779565,14.95950470554914,-21.27889730105612,FAILURE,FAILURE,59.39143074041654,37.03990317436829,250.59606283665215,328.9180346813936,SUCCESS,SUCCESS
2148360,430,73,2,RTC,60-ft,SAT,253.33488782019737,374.3753839307147,555.2727567590188,23.62138582788747,-8.452616446634527,SUCCESS,FAILURE,67.80665939184138,50.48832082600928,249.20494290070002,332.42688621771117,SUCCESS,SUCCESS
2148361,430,83,2,RTC,60-ft,SAT,328.33860515411175,490.1719499105559,727.8742423045665,3.0900798030929306,-39.0557167206678,FAILURE,FAILURE,69.6807069076111,55.25221381188631,375.5711368694825,531.8967282036051,SUCCESS,SUCCESS
2148362,430,79,2,RTC,60-ft,SAT,301.8116686556146,453.3971948781481,673.9384839417191,9.610426440044662,-29.492638996758707,FAILURE,FAILURE,73.289769354022,58.784534951219506,359.1514940348321,497.88326106659724,SUCCESS,SUCCESS
2148363,430,72,3,RTC,60-ft,SUN,253.33488782019737,374.3753839307147,555.2727567590188,23.62138582788747,-8.452616446634527,SUCCESS,FAILURE,65.4335600349124,46.4925421365383,235.82066252762058,309.8906944090948,SUCCESS,SUCCESS
2148364,430,83,3,RTC,60-ft,SUN,167.27262012922836,240.48827103100865,354.7502337057989,47.36023563279989,27.101022392588852,SUCCESS,SUCCESS,66.99893798747566,53.45247273182553,110.76228128037127,148.62217991329493,SUCCESS,SUCCESS
2148365,430,73,3,RTC,60-ft,SUN,306.41672371620064,448.79558673578117,663.6513693202138,10.426314408549441,-27.668682503584,FAILURE,FAILURE,63.98441166424197,44.65269946109867,302.0676685221058,407.89259428081033,SUCCESS,SUCCESS
2148366,430,74,3,RTC,60-ft,SUN,388.2321059591421,587.6371432606932,875.3625726686394,-14.19098284764063,-65.20612990578711,FAILURE,FAILURE,58.814566982234105,31.047794685075758,411.75130104049344,542.8721346924666,SUCCESS,SUCCESS
2148367,430,80,3,RTC,60-ft,SUN,258.78053481013,386.4536384282951,573.6772224151092,21.479851342500872,-11.71581957714702,SUCCESS,FAILURE,61.525067183648,40.96351881227305,225.85501734406972,297.11146851632924,SUCCESS,SUCCESS
2148368,430,71,3,RTC,60-ft,SUN,345.20097211365754,520.6935868108401,775.1013111420294,-2.321557945184409,-47.429310486175424,FAILURE,FAILURE,65.27042833912644,39.6723589707728,381.2188026435132,491.253415737188,SUCCESS,SUCCESS
2148369,430,77,3,RTC,40-ft,SUN,307.6154852581057,465.8282848585675,693.24451527151,7.406332471885202,-32.91569419707623,FAILURE,FAILURE,61.570438088119104,32.887960402778276,305.4855556755592,371.1326119431794,SUCCESS,SUCCESS
2148370,430,78,3,RTC,40-ft,SUN,258.78053481013,386.4536384282951,573.6772224151092,21.479851342500872,-11.71581957714702,SUCCESS,FAILURE,66.57686276006424,50.64254275819494,254.3471443950574,351.7011635713288,SUCCESS,SUCCESS
2148371,430,84,3,RTC,60-ft,SUN,258.78053481013,386.4536384282951,573.6772224151092,21.479851342500872,-11.71581957714702,SUCCESS,FAILURE,63.42785511468081,41.057986912132975,236.58674127509477,297.6442685995392,SUCCESS,SUCCESS
2148372,430,79,3,RTC,60-ft,SUN,263.3855898707161,381.85203028592815,563.3901077936039,22.29573931100565,-9.891863083972314,SUCCESS,FAILURE,62.88725153422181,43.41068500108241,228.93612893893908,300.6263711997085,SUCCESS,SUCCESS
2148373,430,81,3,RTC,40-ft,SUN,215.7494009646455,319.5100819784421,473.4159608884992,33.34927624495708,6.06099984246468,SUCCESS,FAILURE,69.58362082488354,55.30047728440694,204.36170343078516,277.7106527725544,SUCCESS,SUCCESS
2148374,430,85,3,RTC,60-ft,SUN,253.33488782019737,374.3753839307147,555.2727567590188,23.62138582788747,-8.452616446634527,SUCCESS,FAILURE,65.79784550101482,45.961904760399264,237.87523255643816,306.89789960767064,SUCCESS,SUCCESS
2148375,430,82,3,RTC,40-ft,SUN,134.29218833426262,181.0213609363691,262.606323213774,57.90401401837428,43.438595174862776,SUCCESS,SUCCESS,71.53521404454224,61.15488551285059,76.87996814758725,99.91987750625128,SUCCESS,SUCCESS
2148376,430,76,3,RTC,60-ft,SUN,216.107570577204,319.86291746128103,474.31752656219965,33.28671676218422,5.901147772659641,SUCCESS,FAILURE,68.3436689696655,53.69201514840576,197.72121045019446,269.5404919992081,SUCCESS,SUCCESS
2148377,430,75,3,RTC,60-ft,SUN,220.35445602523163,314.90847383607513,463.12884626699395,34.165164213461864,7.884956335639376,SUCCESS,FAILURE,69.72187741779872,55.3020780154626,200.5398624724598,267.43256627420294,SUCCESS,SUCCESS
2148378,920,1,1,XHT,28-ft Shuttle,MF,352.0826659748479,431.25139164191194,628.5914794139164,13.536987297533349,-21.452389967006454,FAILURE,FAILURE,78.47198890819939,69.5735943925041,366.23340908415656,513.38655178764,SUCCESS,SUCCESS
2148379,920,2,1,XHT,28-ft Shuttle,MF,339.9235867697089,415.77187779413225,605.6643264251154,16.281581951394994,-17.387291919346698,FAILURE,FAILURE,74.63254394612932,64.82910055956263,329.0994256503018,463.70045358104886,SUCCESS,SUCCESS
2148380,920,3,1,XHT,28-ft Shuttle,MF,279.12819074401386,338.3743085552338,491.0285614811094,30.004555220703228,2.9381983189522343,SUCCESS,FAILURE,75.79058012507775,67.09096239594726,258.2331804606729,361.82158939425216,SUCCESS,SUCCESS
2148381,920,1,2,XHT,28-ft Shuttle,SAT,339.9235867697089,415.77187779413225,605.6643264251154,16.281581951394994,-17.387291919346698,FAILURE,FAILURE,72.74256275955491,64.21553113073635,318.4399317580222,460.23992200246863,SUCCESS,SUCCESS
2148382,920,2,2,XHT,28-ft Shuttle,SAT,303.4463491542919,369.3333362507932,536.8828674587119,24.515365912979934,-5.191997776367349,SUCCESS,FAILURE,73.4966271912026,65.07528259792277,276.254313609176,396.3074613109964,SUCCESS,SUCCESS
2148384,920,2,3,XHT,28-ft Shuttle,SUN,352.0826659748479,431.25139164191194,628.5914794139164,13.536987297533349,-21.452389967006454,FAILURE,FAILURE,81.36919812646059,71.0460128645507,382.5736690751499,521.6909919699827,SUCCESS,SUCCESS
2148385,920,1,3,XHT,28-ft Shuttle,SUN,242.65095312859688,291.93576701189477,422.24710251470583,38.238339182288165,15.133492461931594,SUCCESS,FAILURE,81.09073370884047,69.45155795727122,241.68750512975566,306.35388939371575,SUCCESS,SUCCESS
2148386,920,3,3,XHT,28-ft Shuttle,SUN,254.81003233373588,307.41528085967445,445.174255503507,35.49374452842652,11.068394414271808,SUCCESS,FAILURE,79.17278741899474,67.66980300457513,246.34980190280527,319.23194444931096,SUCCESS,SUCCESS
2148387,84,43,1,VTC,40-ft,MF,64.88309420394745,90.7692990365902,134.35432400781093,73.90615265308685,66.17831134613283,SUCCESS,SUCCESS,81.45157042687603,74.66615988639474,42.55615624417101,47.871465767077154,SUCCESS,SUCCESS
2148388,84,44,1,VTC,40-ft,MF,50.658523812268314,70.39465531482658,104.00736372765066,77.51867813566905,71.55897806247329,SUCCESS,SUCCESS,82.73739727880991,77.39578629681597,29.433575967314482,32.9195984416927,SUCCESS,SUCCESS
2148389,84,41,1,VTC,40-ft,MF,64.88309420394745,90.7692990365902,134.35432400781093,73.90615265308685,66.17831134613283,SUCCESS,SUCCESS,85.12545365298965,79.74776239722217,63.276857639451805,76.53170392814394,SUCCESS,SUCCESS
2148390,84,42,1,VTC,40-ft,MF,50.658523812268314,70.39465531482658,104.00736372765066,77.51867813566905,71.55897806247329,SUCCESS,SUCCESS,85.24427890965319,80.8651471257241,43.57238836527057,52.48679351673451,SUCCESS,SUCCESS
2148391,84,20,1,VTC,40-ft,MF,162.30961108844156,233.84466714924721,349.5109985805779,48.53817958346681,28.02996479067768,SUCCESS,SUCCESS,72.28387429021633,60.95387344343417,133.92571814606714,185.6908448015468,SUCCESS,SUCCESS
2148392,84,4,1,VTC,40-ft,MF,229.55859692609573,338.95255401760755,509.3977334331322,29.902029429502207,-0.3187470626120886,SUCCESS,FAILURE,70.66639483774676,57.52419804163947,229.9110209024991,326.234210387979,SUCCESS,SUCCESS
2148393,84,5,1,VTC,40-ft,MF,255.53025950745482,378.8220420846586,569.4253656371039,22.832971261585357,-10.961944261897857,SUCCESS,FAILURE,68.31127400652677,51.57805229803404,256.4976274814694,352.7255805980161,SUCCESS,SUCCESS
2148394,84,1,1,VTC,60-ft,MF,338.26050027791996,504.2932343072732,759.0075586275816,0.5863059738877303,-44.575808267301696,FAILURE,FAILURE,73.96598974628421,63.49326016580018,413.861416476316,609.5095459626948,SUCCESS,SUCCESS
2148395,84,2,1,VTC,60-ft,MF,337.056687021323,502.8275523019079,756.6327345329411,0.8461786698744947,-44.15474016541508,FAILURE,FAILURE,73.29442007526346,61.96278361121917,408.60808152639356,598.5028341002173,SUCCESS,SUCCESS
2148396,84,6,1,VTC,40-ft,MF,186.90186615532878,277.25407859093684,417.2998189965964,40.84147542713886,16.0106703906744,SUCCESS,FAILURE,72.26902480993562,60.84845108706571,177.25137851897347,252.8850831276472,SUCCESS,SUCCESS
2148397,84,21,1,VTC,40-ft,MF,148.03216941222757,214.94704380035822,322.19036453729507,51.88882202121309,32.87404884090513,SUCCESS,SUCCESS,71.68188910788169,60.36668684141409,111.63289836881086,155.05847832287066,SUCCESS,SUCCESS
2148398,84,3,1,VTC,60-ft,MF,268.4282936691969,401.2595888081861,604.5071878924334,18.854682835428,-17.182125512842802,FAILURE,FAILURE,69.97108058614138,55.26744986273353,288.29648331402325,408.6156051182508,SUCCESS,SUCCESS
2148399,84,7,1,VTC,40-ft,MF,80.78318357457343,109.83915693199788,162.30362968474086,70.52497217517768,61.22276069419489,SUCCESS,SUCCESS,80.03084332044979,71.9288002378403,53.61311325933457,60.38206302616027,SUCCESS,SUCCESS
2148400,84,8,1,VTC,40-ft,MF,65.3019286417625,89.47585157774358,132.6081715468174,74.13548730891073,66.48791284630897,SUCCESS,SUCCESS,79.57948145861447,72.41721771237853,30.70412700432911,33.441279444632414,SUCCESS,SUCCESS
2148401,84,5,2,VTC,40-ft,SAT,175.20764525018365,256.28221387277466,384.59282083590745,44.55989115730946,21.809783539732727,SUCCESS,SUCCESS,79.99927642302124,70.90988241105298,199.8781328986143,276.9245576342464,SUCCESS,SUCCESS
2148402,84,4,2,VTC,40-ft,SAT,216.66056276435364,316.5150072940801,474.31591117780266,33.88031785565956,5.901434188332866,SUCCESS,FAILURE,81.59659571218873,69.63503586380934,269.1198071108243,359.45751344968744,SUCCESS,SUCCESS
2148403,84,7,2,VTC,40-ft,SAT,174.0038319935867,254.81653186740937,382.21799674126686,44.819763853296216,22.230851641619356,SUCCESS,SUCCESS,80.01176889521555,68.65736012504001,198.4829084364249,261.8455078464927,SUCCESS,SUCCESS
2148404,84,3,2,VTC,60-ft,SAT,202.38312108813966,297.61738394519114,446.9952771345198,37.23096029340583,10.745518238560319,SUCCESS,FAILURE,81.66231522639701,70.27712847572737,250.59284182207006,335.7582817376223,SUCCESS,SUCCESS
2148405,84,6,2,VTC,40-ft,SAT,132.5509144794167,194.58373844610392,292.49490639937164,55.499337154946126,38.139200993019216,SUCCESS,SUCCESS,82.56178241494774,71.60561947118521,152.6321912664091,188.7506002168564,SUCCESS,SUCCESS
2148406,84,1,2,VTC,60-ft,SAT,202.38312108813966,297.61738394519114,446.9952771345198,37.23096029340583,10.745518238560319,SUCCESS,FAILURE,80.3974813597142,68.77828376617799,243.45917881397907,327.30479757576387,SUCCESS,SUCCESS
2148407,84,2,2,VTC,60-ft,SAT,268.4282936691969,401.2595888081861,604.5071878924334,18.854682835428,-17.182125512842802,FAILURE,FAILURE,81.19479185394668,70.38896564451032,351.5982148644452,493.90095412747195,SUCCESS,SUCCESS
2148408,84,2,3,VTC,60-ft,SUN,241.25281783124086,359.9244187357697,542.104731593821,26.18361369933162,-6.1178602116703935,SUCCESS,FAILURE,73.07044917562439,60.94672848837077,264.44175208629105,378.24428026823244,SUCCESS,SUCCESS
2148409,84,1,3,VTC,60-ft,SUN,243.83603860230969,357.8501773664965,536.718367476415,26.551386991755944,-5.162831112839532,SUCCESS,FAILURE,73.19618296165619,61.143999680120366,263.0766492702372,373.97052567229406,SUCCESS,SUCCESS
2148410,84,3,3,VTC,60-ft,SUN,243.83603860230969,357.8501773664965,536.718367476415,26.551386991755944,-5.162831112839532,SUCCESS,FAILURE,73.06247245132707,60.766728947443646,262.3225219919809,371.84271873999734,SUCCESS,SUCCESS
2148411,99,16,1,BTC,60-ft,MF,63.02567367225767,96.25408923983404,147.33528725353324,72.93367212059681,63.87672211816787,SUCCESS,SUCCESS,77.95298343491332,70.31624232443322,28.308915812745056,36.31889396333651,SUCCESS,SUCCESS
2148412,99,6,1,BTC,60-ft,MF,338.52159194076836,522.8672230729961,800.1982895431473,-2.706954445566685,-51.87912935162187,FAILURE,FAILURE,66.91841417160961,31.65970543639703,392.68707900087406,471.15902820442625,SUCCESS,SUCCESS
2148413,99,14,1,BTC,60-ft,MF,63.02567367225767,96.25408923983404,147.33528725353324,72.93367212059681,63.87672211816787,SUCCESS,SUCCESS,78.89623239248856,71.25656386742946,33.62883993346941,41.62230746583526,SUCCESS,SUCCESS
2148414,99,13,1,BTC,60-ft,MF,63.02567367225767,96.25408923983404,147.33528725353324,72.93367212059681,63.87672211816787,SUCCESS,SUCCESS,78.90755210742007,71.40171332275301,33.69268312568323,42.440950393860135,SUCCESS,SUCCESS
2148415,99,65,1,BTC,60-ft,MF,63.02567367225767,96.25408923983404,147.33528725353324,72.93367212059681,63.87672211816787,SUCCESS,SUCCESS,77.16190079139749,68.86916970056333,23.847209703315798,28.157404364710374,SUCCESS,SUCCESS
2148416,99,15,1,BTC,60-ft,MF,228.44912846214982,354.21123052507465,542.623340448005,27.196590332433573,-6.2098121361711,SUCCESS,FAILURE,68.05717277359099,45.20708662707271,230.45368496812756,289.99130902469506,SUCCESS,SUCCESS
2148417,99,27,1,BTC,60-ft,MF,296.58231126602914,455.75465948330753,695.2030176503724,9.19243626182491,-33.262946391910006,FAILURE,FAILURE,63.85601139981142,45.057056196603504,308.3025637782436,441.724814599216,SUCCESS,SUCCESS
2148418,99,26,1,BTC,60-ft,MF,62.98354673473718,95.31629468194146,147.33528725353324,73.09994775142881,63.87672211816787,SUCCESS,SUCCESS,77.32125275120771,68.86916970056333,23.80816019875283,28.157404364710374,SUCCESS,SUCCESS
2148419,99,7,1,BTC,60-ft,MF,90.59596488670327,139.42458098296996,213.21662945261193,65.2793296129486,52.195633075778034,SUCCESS,SUCCESS,74.44479009160074,64.81104375365177,51.693197099598024,71.15091622320779,SUCCESS,SUCCESS
2148420,99,17,1,BTC,60-ft,MF,392.11585611303786,617.9617132221483,945.8959033770625,-19.567679649317075,-77.71203960586213,FAILURE,FAILURE,62.942309047121036,34.411020811559226,465.3563362479107,632.3740607542563,SUCCESS,SUCCESS
2148421,99,5,1,BTC,60-ft,MF,200.83500280696518,311.168753397621,476.7419982489265,34.82823521318777,5.4712769062187085,SUCCESS,FAILURE,69.03905508153761,51.31310474569879,192.94902405749298,258.5479090146675,SUCCESS,SUCCESS
2148422,99,9,1,BTC,60-ft,MF,256.0194196765954,397.3817222682106,608.5046826470838,19.54224782478536,-17.89090117856095,FAILURE,FAILURE,66.53161502461602,40.867553902756114,265.0200310070447,331.3976866586281,SUCCESS,SUCCESS
2148423,99,23,1,BTC,60-ft,MF,62.98354673473718,95.31629468194146,147.33528725353324,73.09994775142881,63.87672211816787,SUCCESS,SUCCESS,77.62044278389904,69.15846594397742,25.49559198313193,29.789035177565836,SUCCESS,SUCCESS
2148424,99,25,1,BTC,60-ft,MF,118.16796360436747,181.52926355253098,279.0979716516906,57.81396036302642,40.5145440333882,SUCCESS,SUCCESS,73.22674810188406,62.41948660477986,86.92812284715694,123.54387610264882,SUCCESS,SUCCESS
2148425,99,8,1,BTC,60-ft,MF,200.8788372477042,311.0407387819387,476.7419982489265,34.85093284008179,5.4712769062187085,SUCCESS,FAILURE,65.15415878857269,46.08068650796512,170.9101943494885,229.03707015384958,SUCCESS,SUCCESS
2148426,99,1,1,BTC,60-ft,MF,246.6752472050233,386.06550777059056,591.7428582055927,21.548668835001678,-14.918946490353314,SUCCESS,FAILURE,62.896062274776774,35.75386462434297,233.19929900033134,285.7946546868868,SUCCESS,SUCCESS
2148427,99,69,1,BTC,60-ft,MF,63.02567367225767,96.25408923983404,147.33528725353324,72.93367212059681,63.87672211816787,SUCCESS,SUCCESS,78.80214194153467,70.80065075443832,33.098169790089514,39.05095750856532,SUCCESS,SUCCESS
2148428,99,66,1,BTC,60-ft,MF,361.91965512003117,565.0692057207775,866.208175912651,-10.189575482407358,-63.583009913590594,FAILURE,FAILURE,71.35770351693645,37.117953217530506,459.926653556299,567.9534320595225,SUCCESS,SUCCESS
2148429,99,36,1,BTC,60-ft,MF,62.98354673473718,95.31629468194146,147.33528725353324,73.09994775142881,63.87672211816787,SUCCESS,SUCCESS,80.03348640037876,72.47728773600898,39.105157980077536,48.5071900846238,SUCCESS,SUCCESS
2148430,99,35,1,BTC,60-ft,MF,62.98354673473718,95.31629468194146,147.33528725353324,73.09994775142881,63.87672211816787,SUCCESS,SUCCESS,77.03785404499988,68.71581091608168,22.20979149574066,27.292460820233828,SUCCESS,SUCCESS
2148432,99,34,1,BTC,60-ft,MF,62.98354673473718,95.31629468194146,147.33528725353324,73.09994775142881,63.87672211816787,SUCCESS,SUCCESS,76.33753980741602,67.85467073649927,18.26001919576771,22.43563020738901,SUCCESS,SUCCESS
2148433,99,33,1,BTC,60-ft,MF,62.98354673473718,95.31629468194146,147.33528725353324,73.09994775142881,63.87672211816787,SUCCESS,SUCCESS,76.33753980741602,67.85467073649927,18.26001919576771,22.43563020738901,SUCCESS,SUCCESS
2148434,99,32,1,BTC,60-ft,MF,62.98354673473718,95.31629468194146,147.33528725353324,73.09994775142881,63.87672211816787,SUCCESS,SUCCESS,76.33753980741602,67.85467073649927,18.26001919576771,22.43563020738901,SUCCESS,SUCCESS
2148435,99,4,1,BTC,60-ft,MF,200.83500280696518,311.168753397621,476.7419982489265,34.82823521318777,5.4712769062187085,SUCCESS,FAILURE,64.43806707177603,44.77475722479088,166.9994516824376,221.6716289967469,SUCCESS,SUCCESS
2148436,99,31,1,BTC,60-ft,MF,90.59767238992187,138.35877180939505,213.21662945261193,65.46830287067463,52.195633075778034,SUCCESS,SUCCESS,74.36189058287523,64.63952726757573,50.15983469681129,70.18356324173897,SUCCESS,SUCCESS
2148437,99,3,1,BTC,60-ft,MF,200.83500280696518,311.168753397621,476.7419982489265,34.82823521318777,5.4712769062187085,SUCCESS,FAILURE,64.4926709691297,44.91764380099571,167.3074176635123,222.47750928654216,SUCCESS,SUCCESS
2148438,99,74,1,BTC,60-ft,MF,200.8788372477042,311.0407387819387,476.7419982489265,34.85093284008179,5.4712769062187085,SUCCESS,FAILURE,63.36166079859671,42.09549562303726,160.80050568602388,206.56059356285647,SUCCESS,SUCCESS
2148439,99,28,1,BTC,60-ft,MF,62.98354673473718,95.31629468194146,147.33528725353324,73.09994775142881,63.87672211816787,SUCCESS,SUCCESS,76.33753980741602,67.85467073649927,18.26001919576771,22.43563020738901,SUCCESS,SUCCESS
2148440,99,2,1,BTC,60-ft,MF,228.44912846214982,354.2112305250746,542.623340448005,27.196590332433583,-6.2098121361711,SUCCESS,FAILURE,65.6954051039675,45.14975810452639,217.13331531145127,289.6679761575338,SUCCESS,SUCCESS
2148441,99,42,1,BTC,60-ft,MF,35.41240176868229,52.678707525592976,81.45394505445456,80.65980363021401,75.5578111605577,SUCCESS,SUCCESS,81.66303741893151,76.63919074507983,5.658238568366585,6.09898085670477,SUCCESS,SUCCESS
2148442,99,12,1,BTC,60-ft,MF,228.44912846214982,354.21123052507465,542.623340448005,27.196590332433573,-6.2098121361711,SUCCESS,FAILURE,63.963208627754575,40.172624995213006,207.3637271856103,261.59694542100635,SUCCESS,SUCCESS
2148443,99,41,1,BTC,60-ft,MF,35.41240176868229,52.678707525592976,81.45394505445456,80.65980363021401,75.5578111605577,SUCCESS,SUCCESS,81.66303741893151,76.63919074507983,5.658238568366585,6.09898085670477,SUCCESS,SUCCESS
2148444,99,11,1,BTC,60-ft,MF,90.59596488670327,139.42458098296996,213.21662945261193,65.2793296129486,52.195633075778034,SUCCESS,SUCCESS,76.3311191509869,66.92117317484461,62.33209299453597,83.05204615873544,SUCCESS,SUCCESS
2148445,99,10,1,BTC,60-ft,MF,200.8788372477042,311.0407387819387,476.7419982489265,34.85093284008179,5.4712769062187085,SUCCESS,FAILURE,67.74950358317837,49.92003469445574,185.54793899106454,250.6909939256567,SUCCESS,SUCCESS
2148446,99,30,1,BTC,60-ft,MF,62.98354673473718,95.31629468194146,147.33528725353324,73.09994775142881,63.87672211816787,SUCCESS,SUCCESS,76.94301865252137,68.45267894250586,21.67491988216193,25.808396489266215,SUCCESS,SUCCESS
2148447,99,29,1,BTC,60-ft,MF,288.76852858435143,448.1491572078464,683.443383443578,10.54092957307689,-31.17790486588262,FAILURE,FAILURE,60.15237020520531,38.36685808650159,279.80852516520406,392.23246305144676,SUCCESS,SUCCESS
2148448,99,24,1,BTC,60-ft,MF,281.1671309531421,431.9990465584437,657.4453635861423,13.40442436907027,-26.568326876975583,FAILURE,FAILURE,63.568832448370706,45.828786286113655,282.9272615672542,408.31971823982315,SUCCESS,SUCCESS
2148449,99,40,1,BTC,60-ft,MF,62.98354673473718,95.31629468194146,147.33528725353324,73.09994775142881,63.87672211816787,SUCCESS,SUCCESS,77.62044278389904,69.15846594397742,25.49559198313193,29.789035177565836,SUCCESS,SUCCESS
2148450,99,68,1,BTC,60-ft,MF,256.0194196765954,397.38172226821047,608.5046826470838,19.542247824785385,-17.89090117856095,FAILURE,FAILURE,64.71771600557605,38.92602172270786,254.78964053965933,320.4474451631559,SUCCESS,SUCCESS
2148451,99,77,1,BTC,60-ft,MF,63.02567367225767,96.25408923983404,147.33528725353324,72.93367212059681,63.87672211816787,SUCCESS,SUCCESS,78.8226964831504,70.82777091310567,33.21409740480226,39.20391520344913,SUCCESS,SUCCESS
2148452,99,67,1,BTC,60-ft,MF,63.02567367225767,96.25408923983404,147.33528725353324,72.93367212059681,63.87672211816787,SUCCESS,SUCCESS,77.20337108863305,69.0414894928648,24.081102179724326,29.12928799329069,SUCCESS,SUCCESS
2148453,99,73,1,BTC,60-ft,MF,63.02567367225767,96.25408923983404,147.33528725353324,72.93367212059681,63.87672211816787,SUCCESS,SUCCESS,78.81698624514458,71.04219729594706,33.181891662449345,40.41328000267458,SUCCESS,SUCCESS
2148454,99,63,1,BTC,60-ft,MF,81.25179241513112,128.10836648535,196.45480501112075,67.28575062316492,55.16758776398568,SUCCESS,SUCCESS,75.82472861355814,66.9054548220427,48.15983586581768,66.20157020744148,SUCCESS,SUCCESS
2148455,99,78,1,BTC,60-ft,MF,63.02567367225767,96.25408923983404,147.33528725353324,72.93367212059681,63.87672211816787,SUCCESS,SUCCESS,78.98565874740228,70.758897430302,34.13320457518273,38.815468760436374,SUCCESS,SUCCESS
2148456,99,62,1,BTC,60-ft,MF,90.59596488670327,139.42458098296996,213.21662945261193,65.2793296129486,52.195633075778034,SUCCESS,SUCCESS,75.8997292760816,66.93826812404843,59.899054100069975,83.14846167224493,SUCCESS,SUCCESS
2148457,99,76,1,BTC,60-ft,MF,35.455382457812064,53.083597496698125,81.45394505445456,80.58801462824502,75.5578111605577,SUCCESS,SUCCESS,81.5912484169625,76.63919074507983,5.658238568366585,6.09898085670477,SUCCESS,SUCCESS
2148458,99,64,1,BTC,60-ft,MF,90.59596488670327,139.42458098296996,213.21662945261193,65.2793296129486,52.195633075778034,SUCCESS,SUCCESS,75.73763493215198,66.52580270620415,58.98484200030697,80.82215671560317,SUCCESS,SUCCESS
2148459,99,72,1,BTC,60-ft,MF,63.02567367225767,96.25408923983404,147.33528725353324,72.93367212059681,63.87672211816787,SUCCESS,SUCCESS,78.58890044791515,70.87420548719513,31.895487766075405,39.46580620131368,SUCCESS,SUCCESS
2148460,99,70,1,BTC,60-ft,MF,173.26471159251957,267.99826165448513,410.8606560498479,42.48257772083598,17.152365948608537,SUCCESS,FAILURE,68.72541594988523,54.07827241568032,148.00960761183762,208.26211247428466,SUCCESS,SUCCESS
2148461,99,39,1,BTC,60-ft,MF,35.41240176868229,52.678707525592976,81.45394505445456,80.65980363021401,75.5578111605577,SUCCESS,SUCCESS,81.66303741893151,76.63919074507983,5.658238568366585,6.09898085670477,SUCCESS,SUCCESS
2148462,99,38,1,BTC,60-ft,MF,62.98354673473718,95.31629468194146,147.33528725353324,73.09994775142881,63.87672211816787,SUCCESS,SUCCESS,75.61126258530976,67.0800577467087,14.163815663088371,18.06681294497031,SUCCESS,SUCCESS
2148463,99,37,1,BTC,60-ft,MF,35.41240176868229,52.678707525592976,81.45394505445456,80.65980363021401,75.5578111605577,SUCCESS,SUCCESS,81.66303741893151,76.63919074507983,5.658238568366585,6.09898085670477,SUCCESS,SUCCESS
2148464,99,17,2,BTC,60-ft,SAT,118.16625610114887,182.59507272610588,279.0979716516906,57.624987105300384,40.5145440333882,SUCCESS,SUCCESS,72.54330766866926,61.17847326902933,84.13932797740028,116.54456088901583,SUCCESS,SUCCESS
2148465,99,13,2,BTC,60-ft,SAT,344.0603726084011,538.0322214459445,823.1535150675853,-5.395783944316399,-55.949204799217256,FAILURE,FAILURE,64.81245251757592,47.4015771074382,395.9744536450727,582.8984099535363,SUCCESS,SUCCESS
2148466,99,7,2,BTC,60-ft,SAT,200.87712974448567,312.1065479555136,476.7419982489265,34.66195958235575,5.4712769062187085,SUCCESS,FAILURE,68.91719895889644,50.951349471354604,193.1995500836892,256.50760926736626,SUCCESS,SUCCESS
2148467,99,2,2,BTC,60-ft,SAT,228.44742095893127,355.2770396986495,542.623340448005,27.00761707470754,-6.2098121361711,SUCCESS,FAILURE,71.13579002494697,52.139319611379165,248.88289543935025,329.08910305618343,SUCCESS,SUCCESS
2148468,99,8,2,BTC,60-ft,SAT,173.30683853004007,268.9360562123777,410.8606560498479,42.31630209000395,17.152365948608537,SUCCESS,FAILURE,68.76674661627636,52.082390795765285,149.1805071281762,197.0053401379639,SUCCESS,SUCCESS
2148469,99,10,2,BTC,60-ft,SAT,311.15829460226814,484.7885149280573,740.2673670452413,4.044589551762897,-41.253079263340645,FAILURE,FAILURE,74.34430238312682,54.982270737780624,396.49038036889226,542.7673740063235,SUCCESS,SUCCESS
2148470,99,6,2,BTC,60-ft,SAT,200.87712974448567,312.1065479555136,476.7419982489265,34.66195958235575,5.4712769062187085,SUCCESS,FAILURE,70.39717067093171,55.74546463876449,201.54659053956834,283.546418811558,SUCCESS,SUCCESS
2148471,130,18,2,BTC,40-ft,SAT,276.3001052588813,454.2914875964118,688.2308830005069,9.45186390134543,-32.02675230505441,FAILURE,FAILURE,78.11411704618186,65.01594379718468,387.25510773687773,547.3208060166282,SUCCESS,SUCCESS
2148472,99,14,2,BTC,60-ft,SAT,279.20707397347576,436.62353966494464,668.5641493154147,12.584478782811237,-28.539742786421048,FAILURE,FAILURE,72.63374570928049,57.709246246426936,338.67786546528646,486.44429814526245,SUCCESS,SUCCESS
2148473,99,16,2,BTC,60-ft,SAT,90.59596488670327,139.42458098296996,213.21662945261193,65.2793296129486,52.195633075778034,SUCCESS,SUCCESS,75.3136092144067,66.3894884601264,56.59333695222364,80.05334436772466,SUCCESS,SUCCESS
2148474,99,18,2,BTC,60-ft,SAT,90.59596488670327,139.42458098296996,213.21662945261193,65.2793296129486,52.195633075778034,SUCCESS,SUCCESS,76.63211622595861,67.39547389134492,64.02971649737646,85.72710219979717,SUCCESS,SUCCESS
2148475,99,1,2,BTC,60-ft,SAT,391.4465883077059,605.7468227045622,920.9707323824573,-17.40191891924861,-73.29268304653498,FAILURE,FAILURE,62.3588327658036,40.57286285770873,449.8506395036942,642.201678899934,SUCCESS,SUCCESS
2148476,99,5,2,BTC,60-ft,SAT,384.0723274354794,602.4238053988711,921.2555362836231,-16.81273145370054,-73.34318019213175,FAILURE,FAILURE,70.16480549465273,52.00005514366526,490.5533083887122,706.9358472938944,SUCCESS,SUCCESS
2148477,99,11,2,BTC,60-ft,SAT,348.44130202274783,543.0267049659212,828.9753905983331,-6.281330667716525,-56.981452233747,FAILURE,FAILURE,67.44311126320218,50.497906433372655,415.8058524903814,606.1835828825542,SUCCESS,SUCCESS
2148478,99,9,2,BTC,60-ft,SAT,173.30683853004007,268.9360562123777,410.8606560498479,42.31630209000395,17.152365948608537,SUCCESS,FAILURE,69.62460673808852,53.836531007240666,154.0188382151967,206.898690930685,SUCCESS,SUCCESS
2148479,99,3,2,BTC,60-ft,SAT,311.15829460226814,484.7885149280573,740.2673670452413,4.044589551762897,-41.253079263340645,FAILURE,FAILURE,70.83732207444052,47.611757033476906,376.7110114279017,501.1976767140506,SUCCESS,SUCCESS
2148480,99,15,2,BTC,60-ft,SAT,118.16625610114887,182.59507272610588,279.0979716516906,57.624987105300384,40.5145440333882,SUCCESS,SUCCESS,76.72319070591882,68.44601452630394,107.71386830748799,157.53349358004465,SUCCESS,SUCCESS
2148481,99,4,2,BTC,60-ft,SAT,434.4320598350386,672.6729273725621,1024.6097286457662,-29.26824953414221,-91.66839160385925,FAILURE,FAILURE,61.02664156640801,40.812190702881395,509.2631858071029,747.1904842100164,SUCCESS,SUCCESS
2148482,99,12,2,BTC,60-ft,SAT,228.44742095893127,355.2770396986495,542.623340448005,27.00761707470754,-6.2098121361711,SUCCESS,FAILURE,70.48378990157917,55.631691741653974,245.20561474355583,348.7860818709334,SUCCESS,SUCCESS
2148483,99,25,3,BTC,60-ft,SUN,390.3183347134497,612.0108210617474,937.0283156299928,-18.512556925841732,-76.13977227482141,FAILURE,FAILURE,64.24723393483964,44.18911694974815,466.7652204542427,678.6549352265718,SUCCESS,SUCCESS
2148484,99,32,3,BTC,60-ft,SUN,351.7211861917018,543.1614521431542,826.9657020485299,-6.305222011197545,-56.625124476689706,FAILURE,FAILURE,62.95979234469557,46.19159845053473,390.65468096723714,579.8863173095453,SUCCESS,SUCCESS
2148485,99,27,3,BTC,60-ft,SUN,173.30683853004007,268.9360562123777,410.8606560498479,42.31630209000395,17.152365948608537,SUCCESS,FAILURE,71.16752173674321,58.26924538509438,162.72087880760927,231.89920002178002,SUCCESS,SUCCESS
2148486,99,29,3,BTC,60-ft,SUN,145.73654731559446,225.7655644692418,344.97931385076924,49.97064459765217,28.833454990998362,SUCCESS,SUCCESS,73.02006635054785,60.8271877310713,129.9987386863316,180.44465265401118,SUCCESS,SUCCESS
2148487,99,30,3,BTC,60-ft,SUN,308.7357146643691,476.23534747515447,723.3267057852211,5.56110860369602,-38.24941591936543,FAILURE,FAILURE,62.60767804173083,41.546077034479836,321.7426516305162,450.046580259687,SUCCESS,SUCCESS
2148488,99,22,3,BTC,60-ft,SUN,361.9179476168126,566.1350148943525,866.208175912651,-10.378548740133414,-63.583009913590594,FAILURE,FAILURE,71.71716355764528,56.41444086121784,463.0198173594715,676.7856223699189,SUCCESS,SUCCESS
2148489,99,21,3,BTC,60-ft,SUN,228.44742095893127,355.2770396986495,542.623340448005,27.00761707470754,-6.2098121361711,SUCCESS,FAILURE,71.45292636824962,56.96512322606717,250.67154441557722,356.30663544302377,SUCCESS,SUCCESS
2148490,99,31,3,BTC,60-ft,SUN,373.58560645831415,581.0564742059676,879.7239481352547,-13.024197554249564,-65.97942342823664,FAILURE,FAILURE,58.95547372140456,30.449283853630792,405.9653459946893,543.8579090697322,SUCCESS,SUCCESS
2148491,99,23,3,BTC,60-ft,SUN,200.87712974448567,312.1065479555136,476.7419982489265,34.66195958235575,5.4712769062187085,SUCCESS,FAILURE,68.95919076404971,54.22917333712035,193.43638386475385,274.99453587028506,SUCCESS,SUCCESS
2148492,99,28,3,BTC,60-ft,SUN,308.7357146643691,476.23534747515447,723.3267057852211,5.56110860369602,-38.24941591936543,FAILURE,FAILURE,61.91922417242258,42.85563611750853,317.85977180761756,457.4324934879689,SUCCESS,SUCCESS
2148493,99,24,3,BTC,60-ft,SUN,228.44742095893127,355.2770396986495,542.623340448005,27.00761707470754,-6.2098121361711,SUCCESS,FAILURE,68.42247512170398,51.352746276861296,233.57979938505986,324.65282944950263,SUCCESS,SUCCESS
2148494,99,26,3,BTC,60-ft,SUN,200.87712974448567,312.1065479555136,476.7419982489265,34.66195958235575,5.4712769062187085,SUCCESS,FAILURE,68.82558414977431,52.91189203426344,192.68284256024054,267.5650693221721,SUCCESS,SUCCESS
2148495,100,4,1,HTC,40-ft,MF,359.57766795261944,547.6506200153339,815.8689162699088,-7.101173761584014,-54.65760926771432,FAILURE,FAILURE,78.34190121916208,70.51561201378678,481.8989428914078,705.9769680276664,SUCCESS,SUCCESS
2148496,100,20,1,HTC,40-ft,MF,66.41147359065992,89.59883164746016,129.06035229570023,74.11368233201063,67.11695881281912,SUCCESS,SUCCESS,80.2165353213266,73.67196466330837,34.42009085974223,36.97023299675948,SUCCESS,SUCCESS
2148497,100,1,1,HTC,40-ft,MF,358.35545553103384,544.9464990633285,812.3516911565035,-6.6217196920795125,-54.033987793706295,FAILURE,FAILURE,75.2247594342135,64.76294212006236,461.6141422722925,670.0146847136557,SUCCESS,SUCCESS
2148498,100,19,1,HTC,40-ft,MF,70.29831900402614,103.39750694769491,153.14837852572813,71.66710869721722,62.846032176289334,SUCCESS,SUCCESS,78.48633621016582,70.78173716147819,38.460443173030114,44.75737611646508,SUCCESS,SUCCESS
2148499,100,18,1,HTC,40-ft,MF,166.33393881723126,250.25436370937112,372.8996627456661,45.62865891677818,23.883038520271974,SUCCESS,SUCCESS,76.07995468906557,67.99537872792428,171.74530815570097,248.79359877115905,SUCCESS,SUCCESS
2148500,100,17,1,HTC,40-ft,MF,71.53710572981434,105.77548728949854,156.68245031547937,71.24548097703928,62.21942370292919,SUCCESS,SUCCESS,78.70438378519096,70.85427105022865,42.06821183797558,48.700539038768966,SUCCESS,SUCCESS
2148501,100,3,1,HTC,40-ft,MF,390.9722304115044,595.1032963652541,888.2604003161023,-15.514768859087603,-67.49297877945075,FAILURE,FAILURE,73.06922911010524,61.427774595254604,499.6137485462477,727.1130490333385,SUCCESS,SUCCESS
2148502,100,11,1,HTC,40-ft,MF,71.55921818761715,106.0697704509588,157.02972684131902,71.19330311153213,62.15784985082996,SUCCESS,SUCCESS,78.65440845922792,70.93263501701094,42.08063416100424,49.489788337260734,SUCCESS,SUCCESS
2148503,100,12,1,HTC,40-ft,MF,361.0270402056062,550.7100926557689,820.8951273898416,-7.643633449604412,-55.54878145209957,FAILURE,FAILURE,76.6027912767772,67.32792159442432,475.1498354567921,693.0246051823949,SUCCESS,SUCCESS
2148504,100,5,1,HTC,40-ft,MF,230.02416849697246,347.8983411804719,518.9457768642126,28.315896953817045,-2.011662564576694,SUCCESS,FAILURE,74.22889637212141,64.51591895968893,258.94931671923666,375.2155597968583,SUCCESS,SUCCESS
2148505,100,22,1,HTC,40-ft,MF,70.62688021662886,103.97754402704054,154.51774395190048,71.56426524343253,62.60323688796091,SUCCESS,SUCCESS,79.96083721767403,72.42770417413956,47.35666593472206,55.40999549404762,SUCCESS,SUCCESS
2148506,100,14,1,HTC,40-ft,MF,39.85075342094392,57.71679928455275,84.50086755586601,79.76652494954739,75.01757667449185,SUCCESS,SUCCESS,83.29762883568192,78.97516052244883,19.915425917798757,22.320772902477415,SUCCESS,SUCCESS
2148507,100,6,1,HTC,40-ft,MF,359.24165318702836,546.4560420373879,815.3842645048096,-6.889369155565222,-54.57167810368965,FAILURE,FAILURE,76.35451026135902,68.18636442430423,469.4954799114527,692.3553598578856,SUCCESS,SUCCESS
2148508,100,7,1,HTC,40-ft,MF,102.37403174530748,152.2986577447052,227.41072643953927,62.996691889236665,49.67894921284765,SUCCESS,SUCCESS,81.06889670801472,72.02029654552247,101.92723517790819,126.00519895628605,SUCCESS,SUCCESS
2148509,100,2,1,HTC,40-ft,MF,324.00472389941734,490.18941883020204,733.7433760115381,3.0869824769145353,-40.096343264457104,FAILURE,FAILURE,74.32068735143693,62.89858905671708,401.7580954923063,580.8914182914227,SUCCESS,SUCCESS
2148510,100,10,1,HTC,40-ft,MF,70.9554414292316,104.55758110638615,155.88710937807284,71.46142178964784,62.36044159963248,SUCCESS,SUCCESS,80.42998645943008,72.63037737075749,50.58270473757182,57.92243774914505,SUCCESS,SUCCESS
2148511,100,21,1,HTC,40-ft,MF,72.11877003039707,106.99339347261095,157.4777912528859,71.0295401644307,62.0784058062259,SUCCESS,SUCCESS,78.85443751967635,71.24235730694262,44.13242108358554,51.68468646404233,SUCCESS,SUCCESS
2148512,100,23,1,HTC,40-ft,MF,39.53876651254377,56.81062159500547,83.14834880603978,79.92719475265861,75.25738496346813,SUCCESS,SUCCESS,82.57737267150279,78.25446882928912,14.947003462281202,16.903553003230456,SUCCESS,SUCCESS
2148514,100,9,1,HTC,40-ft,MF,72.45286939660004,108.19385432361848,159.17758652855179,70.81669249581233,61.7770236651504,SUCCESS,SUCCESS,78.6839876746314,71.07378203486444,44.37154480853951,52.43371720518729,SUCCESS,SUCCESS
2148515,100,8,1,HTC,40-ft,MF,230.3140429475698,348.5102357085589,519.9510190881991,28.20740501621296,-2.1898970014537427,SUCCESS,FAILURE,73.25691842024672,62.72991428342392,254.07925559875042,366.1477356467102,SUCCESS,SUCCESS
2148516,100,13,1,HTC,40-ft,MF,38.957102211961036,55.592715411893074,82.35300786863324,80.14313556526719,75.39840286017142,SUCCESS,SUCCESS,83.87981771967583,79.63481608756598,21.074887350864742,23.8933706025054,SUCCESS,SUCCESS
2148517,100,8,2,HTC,40-ft,SAT,359.3024524068366,546.7184677501067,816.0956642328349,-6.935898537252956,-54.69781280724023,FAILURE,FAILURE,76.13789554054016,68.25008958320035,468.5361985987532,693.4261694820852,SUCCESS,SUCCESS
2148518,100,10,2,HTC,40-ft,SAT,227.96331226357745,338.31597617681507,499.5175932108361,30.01489784099024,1.4330508491425424,SUCCESS,FAILURE,76.2311735654603,67.22228706401616,260.6597950860111,371.05129225188733,SUCCESS,SUCCESS
2148519,100,5,2,HTC,40-ft,SAT,327.0142387389688,497.14170752752665,741.5563204994087,1.8543071759704564,-41.48161710982423,FAILURE,FAILURE,76.34196410046023,68.33214512788676,420.1103850541222,619.3496190206902,SUCCESS,SUCCESS
2148521,100,6,2,HTC,40-ft,SAT,357.80502443946824,543.0821945328745,812.8051870823562,-6.29116924341746,-54.114394872758176,FAILURE,FAILURE,75.52830270462725,65.63530659819766,461.4618217869721,675.3883162961911,SUCCESS,SUCCESS
2148522,100,1,2,HTC,40-ft,SAT,391.0109171735099,595.0714389165128,888.6245235182879,-15.509120375268214,-67.55753963090211,FAILURE,FAILURE,75.16307384945861,66.72908386099098,511.39117542745925,757.3765564942773,SUCCESS,SUCCESS
2148523,100,7,2,HTC,40-ft,SAT,199.28672846329295,301.6057389892427,449.29302367036394,36.5238051437513,10.338116370502853,SUCCESS,FAILURE,78.24638563654518,69.9449819116205,235.3153539793575,336.18272165190365,SUCCESS,SUCCESS
2148524,100,9,2,HTC,40-ft,SAT,102.37403174530748,152.2986577447052,227.41072643953927,62.996691889236665,49.67894921284765,SUCCESS,SUCCESS,79.37637621804173,70.26247818005722,92.38141961446053,116.09110337506206,SUCCESS,SUCCESS
2148525,100,2,2,HTC,40-ft,SAT,265.04668145860893,403.4952378351496,601.5248130484357,18.45829116398057,-16.653335646885758,FAILURE,FAILURE,74.10719058271155,64.40803812780167,313.85979272164263,457.1861480892372,SUCCESS,SUCCESS
2148526,100,4,2,HTC,40-ft,SAT,327.8598342335698,498.68899082338913,745.4399141560956,1.5799661660657605,-42.17019754540702,FAILURE,FAILURE,74.79852035880076,66.05485618939343,412.95264564702535,610.3893030642746,SUCCESS,SUCCESS
2148527,100,1,3,HTC,40-ft,SUN,294.9918716645073,447.88844154463493,668.8900859746961,10.587155754497356,-28.5975329742369,FAILURE,FAILURE,72.57240745030327,59.29514447862662,349.5968195643454,495.7147008341504,SUCCESS,SUCCESS
2148528,100,3,3,HTC,40-ft,SUN,263.88718365621963,401.04765972280154,597.5038441524893,18.892258914396894,-15.940397899377523,FAILURE,FAILURE,72.4768458730834,60.068871974371575,302.2170704469919,428.69228208794516,SUCCESS,SUCCESS
2148529,100,8,3,HTC,40-ft,SUN,198.6829517049074,300.0935496446701,448.1504062071177,36.79192382186701,10.540708119305371,SUCCESS,FAILURE,77.04628629976892,69.35911821680165,227.03460437536683,331.7358329498791,SUCCESS,SUCCESS
2148530,100,6,3,HTC,40-ft,SUN,359.59232685743405,547.3303622781938,817.1009064568217,-7.044390474857049,-54.87604724411732,FAILURE,FAILURE,73.39433453906035,61.96382050798817,453.674409078494,658.976854121875,SUCCESS,SUCCESS
2148531,100,5,3,HTC,40-ft,SUN,390.69701486572166,594.1711441000273,888.4871482790285,-15.349493634756605,-67.53318231897669,FAILURE,FAILURE,73.82530029710588,62.33804251977186,502.9458377757043,732.4737080905419,SUCCESS,SUCCESS
2148532,100,9,3,HTC,40-ft,SUN,262.99353244723676,398.92357585014184,595.3559844652565,19.268869530116696,-15.559571713697954,FAILURE,FAILURE,76.20478066581765,68.63714327851301,321.11853880535335,474.86947255607004,SUCCESS,SUCCESS
2148533,100,2,3,HTC,40-ft,SUN,360.48597806641686,549.4544461508534,819.2487661440543,-7.421001090576842,-55.25687342979686,FAILURE,FAILURE,75.50632142319628,63.96370609063617,467.7100989776804,672.4040684952427,SUCCESS,SUCCESS
2148534,100,4,3,HTC,40-ft,SUN,358.9885500990484,545.8181729336211,815.9582889935754,-6.776271796741326,-54.67345549531478,FAILURE,FAILURE,72.81360695175289,59.85712314172088,448.88691614150736,645.9524635128812,SUCCESS,SUCCESS
2148535,100,7,3,HTC,40-ft,SUN,231.28506768056351,350.57060468373584,522.8271251798035,27.84209136813195,-2.6998448900360756,SUCCESS,FAILURE,74.3053821242491,63.24988278417783,262.05295986450074,371.9564640825666,SUCCESS,SUCCESS
2148536,152,37,1,PCT,40-ft,MF,178.3856524561819,283.7549088167869,422.20143600971994,39.688845954470416,15.141589359978738,SUCCESS,FAILURE,82.23698613875573,71.69684366578666,239.97151063936894,318.97163428475676,SUCCESS,SUCCESS
2148537,152,2,1,PCT,40-ft,MF,378.2240055628023,587.8416005788116,884.6286112444695,-14.22723414517936,-66.84904454689176,FAILURE,FAILURE,72.39001941957648,60.14072919472009,488.52131010522305,716.2223239026907,SUCCESS,SUCCESS
2148538,152,35,1,PCT,40-ft,MF,209.8178462731326,304.2390341452352,448.12339298105957,36.056908839497304,10.545497698393698,SUCCESS,FAILURE,76.634914767891,69.46139783727438,228.8599534361406,332.28567678328704,SUCCESS,SUCCESS
2148539,152,8,1,PCT,40-ft,MF,323.1894188858312,499.4059542703441,745.0160331762993,1.4528449875276415,-42.09504134331547,FAILURE,FAILURE,82.19075212997359,72.28777426731307,455.36179628339505,645.1190800439451,SUCCESS,SUCCESS
2148540,152,31,1,PCT,40-ft,MF,113.38891374726913,172.55909312362886,255.61747830873048,59.40441611283177,44.67775207292013,SUCCESS,SUCCESS,81.1764995504397,71.12564873312171,122.79455058810856,149.16613716353675,SUCCESS,SUCCESS
2148541,152,12,1,PCT,40-ft,MF,257.95202034878497,404.735121886079,606.450650685104,18.238453566298052,-17.52671111438015,FAILURE,FAILURE,82.14340257787481,74.88363850045222,360.4239124252928,521.1943718276545,SUCCESS,SUCCESS
2148542,152,38,1,PCT,40-ft,MF,68.22997725395686,100.3207609370613,147.25896957750916,72.21263103952815,63.890253621009016,SUCCESS,SUCCESS,83.84353229684724,78.16373803231079,65.59828309127965,80.50245207974194,SUCCESS,SUCCESS
2148543,152,6,1,PCT,40-ft,MF,215.7745881724821,332.8374516777225,497.5053943119178,30.986267433027926,1.7898237035606734,SUCCESS,FAILURE,81.7326125283395,70.56003341156509,286.2093863375573,387.86398275314485,SUCCESS,SUCCESS
2148545,152,33,1,PCT,40-ft,MF,81.56245711386336,110.86549887789684,159.82812865735457,70.34299665285518,61.6616793160719,SUCCESS,SUCCESS,82.0284059635674,74.52033495744337,65.90570851241694,72.52281781733512,SUCCESS,SUCCESS
2148546,152,17,1,PCT,40-ft,MF,287.9398933855973,445.9068748345218,671.1849148654156,10.938497369765647,-29.004417529329007,FAILURE,FAILURE,74.27913598083072,61.828648240275065,357.24120176640713,512.298490940567,SUCCESS,SUCCESS
2148547,152,5,1,PCT,40-ft,MF,212.81528768541716,323.69363596921454,483.22656095327005,32.60751135297615,4.3215317458741085,SUCCESS,FAILURE,78.86834159093561,67.21336200061549,260.9110825420913,354.7099226367414,SUCCESS,SUCCESS
2148548,152,16,1,PCT,40-ft,MF,223.5046869509619,337.43970128945205,502.5851628001648,30.17026572882056,0.8891555318856735,SUCCESS,FAILURE,74.3443962050956,61.35124504183527,249.14209588619127,341.00618483611566,SUCCESS,SUCCESS
2148549,152,23,1,PCT,40-ft,MF,67.99912599593608,98.50209084605125,142.84582454832383,72.53509027552283,64.67272614391422,SUCCESS,SUCCESS,82.89593451709649,78.45847706136965,58.435161522475425,77.75163517444861,SUCCESS,SUCCESS
2148550,152,7,1,PCT,40-ft,MF,267.6114034344126,420.05780438829214,618.3877348786384,15.521665888600689,-19.6432154040139,FAILURE,FAILURE,75.13150477657395,65.73104829003616,336.1994913281693,481.51084723444234,SUCCESS,SUCCESS
2148551,152,14,2,PCT,40-ft,SAT,314.0641369823066,449.42088702052064,662.6765065221916,10.31544556373748,-27.495834489750287,FAILURE,FAILURE,84.12258918454341,78.53813805066675,416.27229002134516,598.0316051279522,SUCCESS,SUCCESS
2148552,152,15,2,PCT,40-ft,SAT,335.3352082783044,480.01291413332365,703.941880754019,4.891327281325599,-34.8123902046133,FAILURE,FAILURE,82.12502175407623,77.60892717238612,435.5980368263134,634.0562300062768,SUCCESS,SUCCESS
2148553,151,22,2,PCT,40-ft,SAT,302.15668511624096,476.4294759122272,709.8555732043675,5.526688668044828,-35.860917234816924,FAILURE,FAILURE,83.94455772105455,77.77661717865627,442.2767814589745,640.9156940919888,SUCCESS,SUCCESS
2148554,151,33,2,PCT,40-ft,SAT,212.8788022634376,327.4488015489535,485.89203693509023,31.941701853022437,3.848929621437906,SUCCESS,FAILURE,85.6831110623346,82.58498647884093,303.10154794052033,444.07136067575306,SUCCESS,SUCCESS
2148555,151,28,2,PCT,40-ft,SAT,262.60864270981284,396.0721948276029,584.7876563233956,19.774433541205163,-13.685754667268718,FAILURE,FAILURE,81.67404123661282,76.07158183603208,349.11378740209904,506.2313778786165,SUCCESS,SUCCESS
2148556,151,21,2,PCT,40-ft,SAT,262.60864270981284,396.0721948276029,584.7876563233956,19.774433541205163,-13.685754667268718,FAILURE,FAILURE,82.73622309438376,76.86640177173672,355.1044930799272,510.7141623159905,SUCCESS,SUCCESS
2148557,151,20,2,PCT,40-ft,SAT,233.04146336912237,363.7051182212738,538.5937188475273,25.513276911121675,-5.495340221192775,SUCCESS,FAILURE,85.96442944800998,82.0605080286552,340.9445003080498,493.81498412914254,SUCCESS,SUCCESS
2148558,151,29,2,PCT,40-ft,SAT,196.5351545803912,302.4941162706428,448.3106298006507,36.366291441375395,10.512299680735696,SUCCESS,FAILURE,84.1868526361385,80.18154939630074,269.7079651384637,392.9345683957868,SUCCESS,SUCCESS
2148559,151,24,2,PCT,40-ft,SAT,373.9321802739995,574.0226027692154,861.3073464876983,-11.777057228584283,-62.71406852618764,FAILURE,FAILURE,74.14645017563424,58.67232780816993,484.60858175979257,684.6192753257767,SUCCESS,SUCCESS
2148560,151,23,2,PCT,40-ft,SAT,306.06192044785985,469.6169578410847,705.1892026645642,6.734581943070096,-35.033546571731236,FAILURE,FAILURE,73.7440856205513,55.34284123633271,377.9336007409941,509.7228272374805,SUCCESS,SUCCESS
2148561,151,47,3,PCT,40-ft,SUN,239.61873484045626,363.69966153088313,539.0829092166291,25.514244409417884,-5.582076102239199,SUCCESS,FAILURE,78.22028044715795,67.41082716751896,297.2620432528539,411.6799744414359,SUCCESS,SUCCESS
2148562,151,46,3,PCT,40-ft,SUN,271.1414080604231,425.18440973388783,634.17171948516,14.61269330959436,-22.44179423495744,FAILURE,FAILURE,85.73884335930585,80.93765120720056,401.1514862803727,583.0600722937711,SUCCESS,SUCCESS
2148563,151,51,3,PCT,40-ft,SUN,409.41905281678896,639.6800441015353,959.8844359050753,-23.418447535733197,-80.1922758696942,FAILURE,FAILURE,44.973671671272825,15.46776112830208,385.7315523275138,539.5226086686988,SUCCESS,FAILURE
2148564,151,43,3,PCT,40-ft,SUN,379.2639718005088,534.874493447473,777.602005885166,-4.83590309352358,-47.87269607893015,FAILURE,FAILURE,80.82459795542235,72.96015252870343,483.125225916055,681.4972661470533,SUCCESS,SUCCESS
2148565,152,52,3,PCT,40-ft,SUN,328.93675381453704,466.50905555500697,681.2970106167833,7.285628447693804,-30.79734230794029,FAILURE,FAILURE,85.62458031298985,80.4726461732022,441.83168852026944,627.5627350336435,SUCCESS,SUCCESS
2148571,903,11,2,XHT,28-ft Shuttle,SAT,245.65202563526208,406.216184775704,635.2335524749566,17.975853763173056,-22.630062495559674,FAILURE,FAILURE,82.44532983174486,69.74577032093208,363.60784502674534,520.9996970850121,SUCCESS,SUCCESS
2148572,903,13,2,XHT,28-ft Shuttle,SAT,229.85685377380736,379.2440795833873,592.9942404494567,22.758141917839133,-15.140822774726361,SUCCESS,FAILURE,84.40097756412032,73.30671383976086,347.6655930450263,498.8441065057068,SUCCESS,SUCCESS
2148573,903,12,2,XHT,28-ft Shuttle,SAT,188.8520928191556,310.56186355449046,485.0859138824052,34.93583979530312,3.9918592407083056,SUCCESS,FAILURE,85.44769660856014,73.94163565601828,284.88687242676997,394.5167389823473,SUCCESS,SUCCESS
2148574,903,13,3,XHT,28-ft Shuttle,SUN,217.25205922720883,358.3890241650972,560.1597331786809,26.455846779238083,-9.319101627425685,SUCCESS,FAILURE,84.24399940220935,72.65889175611359,325.9251807935583,462.35588268316036,SUCCESS,SUCCESS
2148575,903,12,3,XHT,28-ft Shuttle,SUN,220.39019830445628,363.30169271318505,567.9696340173648,25.584806256527475,-10.703835818681698,SUCCESS,FAILURE,85.51268400492884,74.81296560366341,337.99323050098405,482.3147600220254,SUCCESS,SUCCESS
2148576,903,11,3,XHT,28-ft Shuttle,SUN,169.91878188045342,278.67708981408595,435.0367010182215,40.5891684726798,12.865833152797613,SUCCESS,FAILURE,85.5856655339774,76.39487130655203,253.78024342571882,358.303775187174,SUCCESS,SUCCESS
2148577,410,24,1,HTC,40-ft,MF,334.8061581342407,427.5931139427439,613.92249708224,14.185618095258176,-18.851506574865255,FAILURE,FAILURE,49.33378662477894,21.771224395433745,198.23567050649706,229.11220267248652,SUCCESS,SUCCESS
2148578,410,43,1,HTC,40-ft,MF,56.86078360078018,70.51558709882245,101.12769035962023,77.49723632999603,72.06955844687585,SUCCESS,SUCCESS,79.31941998516493,74.12793069346093,10.277115815152627,11.609219470739902,SUCCESS,SUCCESS
2148579,388,2,1,HTC,40-ft,MF,346.6160265211907,468.98691772185146,680.6667356857254,6.846291184068895,-30.685591433639246,FAILURE,FAILURE,46.73075364128748,14.75655073416437,224.94836825871272,256.2936818264126,SUCCESS,FAILURE
2148580,410,34,1,HTC,40-ft,MF,311.26483633214025,406.85173397809103,585.5962152495764,17.863167734381026,-13.829116179002904,FAILURE,FAILURE,52.019394012882124,27.08092444689053,192.64111621074602,230.73262913003916,SUCCESS,SUCCESS
2148581,410,40,1,HTC,40-ft,MF,388.7521358681789,541.2466383516951,789.6580038474575,-5.965716019804089,-50.01028437011657,FAILURE,FAILURE,49.67216704284261,15.265024113078532,313.79766047332737,368.1527398452205,SUCCESS,FAILURE
2148582,410,11,1,HTC,40-ft,MF,85.60750476525222,112.09317025371506,161.8678829580033,70.12532442310017,61.30002075212708,SUCCESS,SUCCESS,78.81645843729582,71.37360596889475,49.01799584006335,56.815020622569705,SUCCESS,SUCCESS
2148583,410,27,1,HTC,40-ft,MF,85.60750476525222,112.09317025371506,161.86788295800326,70.12532442310017,61.30002075212708,SUCCESS,SUCCESS,80.67264446628577,73.13558356029418,59.4868850435667,66.7525742380625,SUCCESS,SUCCESS
2148584,410,23,1,HTC,40-ft,MF,447.98211138911023,599.0262402297302,865.1510484826554,-16.210326281867054,-63.395575972102016,FAILURE,FAILURE,44.66975880487218,0.16564179656122563,343.36367988920927,358.48526821526053,SUCCESS,FAILURE
2148585,410,25,1,HTC,40-ft,MF,73.06951842676266,100.53917997104291,147.57123239851256,72.17390426045338,63.83488787260416,SUCCESS,SUCCESS,77.31788267894409,69.76110698063998,29.01203828028747,33.42387576932208,SUCCESS,SUCCESS
2148587,410,37,1,HTC,40-ft,MF,256.82747424499377,348.1674574673991,505.7287876233739,28.268181300106544,0.3317752440826502,SUCCESS,FAILURE,62.234896746110124,38.654227014898154,191.57227511546,216.13862798739947,SUCCESS,SUCCESS
2148588,410,10,1,HTC,40-ft,MF,98.09960823260613,137.7859294259728,201.25259139152087,65.56987066915377,54.31691641994312,SUCCESS,SUCCESS,71.89271407578288,62.23011930583906,35.66083681338813,44.6304642764531,SUCCESS,SUCCESS
2148589,410,35,1,HTC,40-ft,MF,273.694081530212,364.64815834940697,524.1790554876994,25.346071214644155,-2.939548845336774,SUCCESS,FAILURE,62.258057957605885,44.25457478595225,208.18360523030418,266.1748572804701,SUCCESS,SUCCESS
2148590,410,22,1,HTC,40-ft,MF,259.47556861207096,354.41946412484884,515.7080482100733,27.159669481409782,-1.43759720036761,SUCCESS,FAILURE,54.162281264680104,26.69984062269072,152.29473045764456,158.69514932204902,SUCCESS,SUCCESS
2148593,410,28,1,HTC,40-ft,MF,98.18594314874247,137.14243069991133,201.1330380631225,65.683966187959,54.3381138185953,SUCCESS,SUCCESS,69.15836678467377,59.09663949574231,19.595619365471464,26.8380848191091,SUCCESS,SUCCESS
2148594,410,17,1,HTC,40-ft,MF,110.31246462345369,135.24113540912793,194.51029464956727,66.02107528206952,55.512359104686645,SUCCESS,SUCCESS,76.94380256164494,69.37207544576583,61.60418185680544,78.16880016368668,SUCCESS,SUCCESS
2148596,410,51,1,HTC,40-ft,MF,95.3610402997299,129.0222528844279,188.85064071181677,67.12371402758372,56.515843845422566,SUCCESS,SUCCESS,73.52527320047993,64.9411765363009,36.10479373513465,47.51887637655392,SUCCESS,SUCCESS
2148598,410,5,1,HTC,40-ft,MF,98.94967656343795,140.44424129354698,206.79800714987485,65.09853877773992,53.33368667555411,SUCCESS,SUCCESS,69.93471148968203,59.856843634044345,27.276014095353673,36.790605245884876,SUCCESS,SUCCESS
2148602,410,7,1,HTC,40-ft,MF,299.61716400749265,417.0694514700658,608.500230390521,16.051515696796844,-17.890111771368964,FAILURE,FAILURE,39.720267849963044,8.381427494697515,133.49176214385733,148.17148146061484,SUCCESS,FAILURE
2148603,410,39,1,HTC,40-ft,MF,97.59075005647783,125.28421681259516,178.85705080309214,67.78648638074554,58.28775694980636,SUCCESS,SUCCESS,73.36729374817516,64.85947335922135,31.47575355230299,37.06448054910055,SUCCESS,SUCCESS
2148604,410,44,1,HTC,40-ft,MF,135.4592851563268,170.74978387037626,241.32228893497987,59.72521562581981,47.21236011791138,SUCCESS,SUCCESS,64.77232470103192,54.098543294112254,28.465695184196306,38.83807311377302,SUCCESS,SUCCESS
2148605,410,4,1,HTC,40-ft,MF,392.8260842651785,525.1811791218333,762.1532785973745,-3.117230340750588,-45.133560034995476,FAILURE,FAILURE,58.54282255682629,18.206201353538233,347.76269834233364,357.2362542313303,SUCCESS,FAILURE
2148606,410,8,2,HTC,40-ft,SAT,248.85982918010387,329.85474955807905,477.8341891285467,31.515115326581732,5.277626041037821,SUCCESS,FAILURE,66.0066316983345,49.51806120763353,194.53215233668533,249.51605433960015,SUCCESS,SUCCESS
2148608,106,7,2,HTC,40-ft,SAT,277.1031182988692,446.37417914971525,662.5409616035678,10.855641994731343,-27.47180170276024,FAILURE,FAILURE,86.13964846450867,79.07014257613201,424.6017964895441,600.8965657329525,SUCCESS,SUCCESS
2148609,410,9,2,HTC,40-ft,SAT,399.6956476588903,565.9873050550541,824.4676238581902,-10.35235905231455,-56.18220281173585,FAILURE,FAILURE,73.81481584759122,55.96106914334964,474.70286643546825,632.4880538266824,SUCCESS,SUCCESS
2148610,410,6,2,HTC,40-ft,SAT,355.0062741310653,479.81078217873,693.5292949476118,4.927166280367026,-32.9661870474489,FAILURE,FAILURE,37.46610139829997,0.41218021976784325,183.51959406514194,188.25399138710245,SUCCESS,FAILURE
2148611,410,3,2,HTC,40-ft,SAT,441.437221169154,598.1189727657047,863.563188620166,-16.04946325633062,-63.114040535490425,FAILURE,FAILURE,40.241120395229565,-3.3106757918931313,317.4788917947995,337.2909771538887,SUCCESS,FAILURE
2148612,410,1,3,HTC,40-ft,SUN,407.0563615540566,546.5896508731512,792.7096472837738,-6.913058665452334,-50.55135590137834,FAILURE,FAILURE,69.4894668576158,52.592332618394074,430.91024395010396,581.7304032515168,SUCCESS,SUCCESS
2148613,410,9,3,HTC,40-ft,SUN,431.0050315808393,579.1401387638543,840.2460547140732,-12.684421766640835,-58.97979693511937,FAILURE,FAILURE,73.66646193297017,60.53907977214874,487.0189840658057,674.0864646289926,SUCCESS,SUCCESS
2148614,903,2,1,XHT,28-ft Shuttle,MF,251.87558546327725,447.8555506938596,701.0472984609205,10.592987465627738,-34.299166393780226,FAILURE,FAILURE,77.98217717002078,65.19216715852278,380.0750299327767,561.131121234989,SUCCESS,SUCCESS
2148615,903,1,1,XHT,28-ft Shuttle,MF,265.9783597531158,473.4720701396561,741.260694289551,6.051051393677996,-41.42920111516861,FAILURE,FAILURE,79.0701375529007,67.64854897818628,411.827645938016,615.1985105265217,SUCCESS,SUCCESS
2148616,903,1,2,XHT,28-ft Shuttle,SAT,223.6700368836002,396.6225118022665,620.6205068036595,19.67685960952722,-20.039096951003454,FAILURE,FAILURE,76.16611244002488,64.61885294243255,318.5993859640067,477.4708373989792,SUCCESS,SUCCESS
2148617,903,2,2,XHT,28-ft Shuttle,SAT,223.6700368836002,396.6225118022665,620.6205068036595,19.67685960952722,-20.039096951003454,FAILURE,FAILURE,75.58695371377344,64.23337959277421,315.33293074794864,475.2967677069061,SUCCESS,SUCCESS
2148618,903,1,3,XHT,28-ft Shuttle,SUN,223.6700368836002,396.6225118022665,620.6205068036595,19.67685960952722,-20.039096951003454,FAILURE,FAILURE,70.75129552636523,55.01339471381621,288.05981857096634,423.29605298958296,SUCCESS,SUCCESS
2148619,903,2,3,XHT,28-ft Shuttle,SUN,223.6700368836002,396.6225118022665,620.6205068036595,19.67685960952722,-20.039096951003454,FAILURE,FAILURE,70.51842434056206,52.76372235252425,286.74642508303646,410.6079008718963,SUCCESS,SUCCESS
2148620,106,9,1,HTC,40-ft,MF,186.6993146466241,329.6941153691292,521.1069159521912,31.54359656575724,-2.394843253934611,SUCCESS,FAILURE,79.54565863812911,68.6508053414151,270.7316300881772,400.69745807777224,SUCCESS,SUCCESS
2148621,123,1,1,HTC,40-ft,MF,362.90554546913694,580.5956215100289,877.9021196655007,-12.94248608333845,-65.65640419601075,FAILURE,FAILURE,79.43266960583824,57.01854918733488,520.9958780869563,691.8867370820694,SUCCESS,SUCCESS
2148623,106,1,1,HTC,40-ft,MF,240.0912288441722,404.7020907787262,625.8915808653933,18.244310145615927,-20.97368455060164,FAILURE,FAILURE,72.45360036211017,56.576882023810846,305.7403968210273,437.3851954796862,SUCCESS,SUCCESS
2148626,123,38,1,HTC,40-ft,MF,49.699961815566155,80.51982683527737,125.57447050180507,75.72343495828416,67.73502296067286,SUCCESS,SUCCESS,86.19165485717375,80.59079538431936,59.0407602297372,72.50655646936627,SUCCESS,SUCCESS
2148629,106,2,1,HTC,40-ft,MF,224.74768306646794,355.09158753062223,539.0731144013585,27.040498664783296,-5.58033943286497,SUCCESS,FAILURE,75.56905343452203,58.08654428609499,273.70104890132643,359.08122417493416,SUCCESS,SUCCESS
2148630,106,13,1,HTC,40-ft,MF,24.790988573555623,35.215410738213365,53.659480419916676,83.75613284783452,80.48590772696514,SUCCESS,SUCCESS,86.510335090602,83.68370493415031,15.533700649208583,18.03557624852442,SUCCESS,SUCCESS
2148631,123,39,1,HTC,40-ft,MF,105.56085910937601,168.64770723933407,256.9060390852943,60.097924248345024,44.44928385012513,SUCCESS,SUCCESS,81.78896000627475,72.63105474991808,122.3374416747235,158.9451878748322,SUCCESS,SUCCESS
2148632,106,15,1,HTC,40-ft,MF,49.699961815566155,80.51982683527737,125.57447050180507,75.72343495828416,67.73502296067286,SUCCESS,SUCCESS,84.86372112605231,78.1744417202712,51.551213986212304,58.8783218041346,SUCCESS,SUCCESS
2148633,123,23,1,HTC,40-ft,MF,236.3728296813848,405.68313370705715,634.4891657688172,18.07036636399696,-22.498079037024326,FAILURE,FAILURE,80.43950509914922,72.101434148338,351.7619424662588,533.5412543654434,SUCCESS,SUCCESS
2148634,106,8,1,HTC,40-ft,MF,179.48718348150717,303.9278180813473,471.46970743673205,36.11208899266892,6.40608024171418,SUCCESS,FAILURE,80.78092597380201,72.77652770892543,251.93224057359043,374.3293237150714,SUCCESS,SUCCESS
2148635,123,5,1,HTC,40-ft,MF,178.47592321588323,299.03064810865374,456.6419830398973,36.98038154101885,9.035109390089136,SUCCESS,FAILURE,83.38029642645056,74.08512891647754,261.6955199538351,366.88211012883073,SUCCESS,SUCCESS
2148636,106,11,1,HTC,40-ft,MF,37.24547519456089,57.86761878674537,89.61697546086087,79.73978390305933,74.110465343819,SUCCESS,SUCCESS,85.86322450358523,81.17683562011919,34.53620498696591,39.85432835833308,SUCCESS,SUCCESS
2148637,106,6,1,HTC,40-ft,MF,228.7396876908707,379.01883869996243,581.6253973768316,22.798078244687517,-13.125070456885037,SUCCESS,FAILURE,83.9067826793924,75.26663847911615,344.6530930117355,498.52923839904656,SUCCESS,SUCCESS
2148638,123,6,1,HTC,40-ft,MF,276.9418685567118,475.6378358663788,732.0908768958927,5.667050378301637,-39.80334696735686,FAILURE,FAILURE,76.93637058270512,67.60543566349668,401.95896595283574,605.7855340380139,SUCCESS,SUCCESS
2148639,410,20,1,HTC,40-ft,MF,89.20030013541887,119.78679050227626,173.5768625949798,68.76120735775243,59.22396053280501,SUCCESS,SUCCESS,77.92105800744775,69.80236932540829,51.661557664281474,59.6622255902825,SUCCESS,SUCCESS
2148640,106,9,2,HTC,40-ft,SAT,111.9723949205925,193.78086707793733,305.361945706526,55.64169023440828,35.8578110449422,SUCCESS,SUCCESS,83.02837434728745,72.78032095842111,154.46089839663836,208.2429559120211,SUCCESS,SUCCESS
2148641,106,1,2,HTC,40-ft,SAT,309.8669706576817,519.1947944458915,805.2528709975453,-2.055814618065863,-52.77533173715342,FAILURE,FAILURE,79.73901372002258,71.16526207852931,461.32283182681886,699.0249491204505,SUCCESS,SUCCESS
2148643,106,2,2,HTC,40-ft,SAT,174.397177253766,306.70006818212045,480.3371367309474,35.62055528685808,4.833841005151173,SUCCESS,FAILURE,80.8723370512494,70.61338737100684,255.22004915116696,370.99664150342596,SUCCESS,SUCCESS
2148645,106,6,2,HTC,40-ft,SAT,211.6082878886346,374.9985314661931,593.0219060340796,23.510898676206896,-15.145728020226878,SUCCESS,FAILURE,84.87459614412909,74.8771563515966,346.091253719081,507.7290678570843,SUCCESS,SUCCESS
2148646,123,17,2,HTC,40-ft,SAT,312.5891429055752,484.53210238142134,710.9720998086817,4.09005276925154,-36.05888294480172,FAILURE,FAILURE,73.91178516088144,62.927758259239205,393.79457068879265,558.2846563907907,SUCCESS,SUCCESS
2148647,123,9,2,HTC,40-ft,SAT,332.04620896364634,523.6864933250008,791.197202989696,-2.8522151285462387,-50.28319201944965,FAILURE,FAILURE,80.23642780157563,72.27914091223036,468.61994612588774,691.2515577346751,SUCCESS,SUCCESS
2148650,106,18,3,HTC,40-ft,SUN,268.04290968496014,447.31475682852516,678.2166231779734,10.68887290274377,-30.2511743223357,FAILURE,FAILURE,58.78141712945223,19.68326213461694,271.24194943863563,281.6302216172129,SUCCESS,FAILURE
2148651,106,16,3,HTC,40-ft,SUN,146.43619792509872,258.28748084171434,393.672458641045,44.204347368490374,20.199918680665782,SUCCESS,SUCCESS,85.90281271067904,76.88961095393918,235.1793445299441,319.72986442126216,SUCCESS,SUCCESS
2148657,106,4,3,HTC,40-ft,SUN,386.8286679628334,601.046588746827,894.806799206648,-16.568544104047326,-68.65368780259715,FAILURE,FAILURE,87.41240130432257,83.17525734389025,586.4525321032062,856.3152506261888,SUCCESS,SUCCESS
2148662,181,8,1,XNE,28-ft Shuttle,MF,256.99176117643924,378.37061911680433,552.3691787077621,22.913010794892852,-7.937797643220226,SUCCESS,FAILURE,84.23194851624267,76.35735624900659,345.8388087484129,475.42466795215927,SUCCESS,SUCCESS
2148663,181,17,1,XNE,28-ft Shuttle,MF,139.5139487864218,212.79265691037625,325.84124856487114,52.270805512344644,32.22672897785973,SUCCESS,SUCCESS,85.3056602294614,80.58246573382809,186.3165806045385,272.72635530366176,SUCCESS,SUCCESS
2148664,181,2,1,XNE,28-ft Shuttle,MF,219.65822776493533,332.91530384520155,516.7860058387012,30.972463857233773,-1.6287244394860168,SUCCESS,FAILURE,85.07311627298671,78.70439458586827,305.12767962484645,453.0787913029984,SUCCESS,SUCCESS
2148665,181,10,1,XNE,28-ft Shuttle,MF,409.68597927497007,621.3279163843408,917.4695756030335,-20.16452418162071,-72.67191056791373,FAILURE,FAILURE,85.00631318123506,75.98756439201438,593.1635227265067,838.4394387739951,SUCCESS,SUCCESS
2148666,181,12,1,XNE,28-ft Shuttle,MF,261.17048684289534,399.6313666512889,593.8142979409861,19.143374707218285,-15.286223039181927,FAILURE,FAILURE,84.51673952142393,77.90518495497332,368.70577755211986,525.5995410870355,SUCCESS,SUCCESS
2148667,171,18,1,XNE,28-ft Shuttle,MF,250.795481678843,381.33347130450835,562.9442804182635,22.387682392817673,-9.812815676997067,SUCCESS,FAILURE,72.78720127372907,60.7562808596251,284.2532864883403,398.0097044665489,SUCCESS,SUCCESS
2148668,181,6,1,XNE,28-ft Shuttle,MF,434.74979192360723,657.7566958762028,959.2231497914833,-26.623527637624605,-80.07502655877362,FAILURE,FAILURE,82.63897886603512,75.29666542998238,616.2405366806406,876.2963428165833,SUCCESS,SUCCESS
2148669,181,1,2,XNE,28-ft Shuttle,SAT,334.51340362359076,519.6344041364457,777.4086981269011,-2.133759598660583,-47.83842165370586,FAILURE,FAILURE,79.49708972870002,69.6433832184881,460.39799020631375,662.5973794791739,SUCCESS,SUCCESS
2148670,181,16,3,XNE,28-ft Shuttle,SUN,202.155662422774,305.48210793768686,461.9714130607923,35.83650568480729,8.090174989221225,SUCCESS,FAILURE,85.07467703674443,75.85846292053245,277.7032864249254,382.21314393259524,SUCCESS,SUCCESS
2148671,181,2,3,XNE,28-ft Shuttle,SUN,269.4928978174849,413.92362916358604,649.1640856645083,16.60928560929326,-25.10001518874261,FAILURE,FAILURE,85.33450180244996,81.77574174635551,387.610219329404,602.7792691139532,SUCCESS,SUCCESS
2148672,183,8,1,PCT,40-ft,MF,320.0123835122341,512.5798119238917,765.4502542011365,-0.8829453765765429,-45.71813017750648,FAILURE,FAILURE,73.2357866807647,62.6307829783865,418.0296488034047,611.0878701992364,SUCCESS,SUCCESS
2148673,152,10,1,PCT,40-ft,MF,92.35346356924754,137.0856411681909,204.10422244666097,65.69403525386686,53.811308076833164,SUCCESS,SUCCESS,78.65823876126773,68.60567410551121,73.11810778174095,83.44022440174422,SUCCESS,SUCCESS
2148674,152,14,1,PCT,40-ft,MF,211.1421878198539,318.4216489887952,473.4661101093277,33.54226081758951,6.052108136644028,SUCCESS,FAILURE,80.35826505564604,70.88813644429756,264.042263902639,365.6751996551659,SUCCESS,SUCCESS
2148675,152,26,1,PCT,40-ft,MF,57.75207125530879,82.5452276535815,121.52393483603213,75.36432133801748,68.45320304325672,SUCCESS,SUCCESS,78.86741311219114,72.21677235187336,19.75743760633958,21.22653090059788,SUCCESS,SUCCESS
2148676,701,3,1,PCT,40-ft,MF,512.4273447953582,683.3347633392086,977.1825929192515,-31.158645982129187,-83.2593249856829,FAILURE,FAILURE,22.364273476202506,-27.351346258727837,301.8692657449908,315.32100002002613,SUCCESS,FAILURE
2148677,151,27,2,PCT,40-ft,SAT,398.0556665892901,610.7874830003451,918.1525993568501,-18.295653014245584,-72.7930140703635,FAILURE,FAILURE,75.06789755888231,61.43288326523667,526.5704252324415,757.034060972785,SUCCESS,SUCCESS
2148678,151,31,2,PCT,40-ft,SAT,265.3604251389412,409.787708741238,617.0056604998051,17.342604833113832,-19.398166755284592,FAILURE,FAILURE,74.67301806102326,59.32721637470459,323.34353060540934,444.011160853139,SUCCESS,SUCCESS
2148679,151,48,3,PCT,40-ft,SUN,363.4542742753514,556.2470694857357,835.5723117462213,-8.625366930094971,-58.15111910393994,FAILURE,FAILURE,79.77914744858003,70.42789104016688,498.6014610957272,725.1856172127625,SUCCESS,SUCCESS
2148680,151,45,3,PCT,40-ft,SUN,360.2453395961702,540.8219356249987,806.845576668593,-5.890414117907563,-53.05772635967961,FAILURE,FAILURE,77.90117588939898,67.98952215207707,472.58456764120905,682.7064816063078,SUCCESS,SUCCESS
2148681,151,50,3,PCT,40-ft,SUN,296.75288277369873,448.90298839511047,670.8592130328057,10.40727156115063,-28.94666897744781,FAILURE,FAILURE,77.97744850429427,69.5247725714619,381.0957979593303,555.3789303358508,SUCCESS,SUCCESS
2148682,151,53,3,PCT,40-ft,SUN,265.3604251389412,409.787708741238,617.0056604998051,17.342604833113832,-19.398166755284592,FAILURE,FAILURE,75.95455470048044,66.15060364016549,330.5713972519478,482.4950650303384,SUCCESS,SUCCESS
2148683,123,43,1,HTC,40-ft,MF,64.51349247482003,94.71019594768498,140.34471333098264,73.2074120660133,65.116185579613,SUCCESS,SUCCESS,82.22164305641954,75.22457413963167,50.84026278589124,57.011311478505206,SUCCESS,SUCCESS
2148684,123,17,1,HTC,40-ft,MF,214.55760644914207,295.2270845223424,434.5387842378784,37.654772247811636,12.954116269879718,SUCCESS,FAILURE,73.28227300459382,59.31324003687892,200.93910426825158,261.46545804587555,SUCCESS,SUCCESS
2148686,123,29,1,HTC,40-ft,MF,163.06355540758153,267.8201091398135,409.4780804856992,42.51416504613236,17.397503459982417,SUCCESS,FAILURE,70.61221252590184,56.45596061559186,158.47298778589976,220.28969835763718,SUCCESS,SUCCESS
2148687,410,12,1,HTC,40-ft,MF,256.6344061939934,369.18696770353927,540.4487401704245,24.541317783060418,-5.824244711068162,SUCCESS,FAILURE,65.49558514364087,41.961271480159034,230.98206791367375,269.51031131852125,SUCCESS,SUCCESS
2148688,410,42,1,HTC,40-ft,MF,105.58537145045854,135.3855543750166,195.4525319172124,65.99546908244388,55.3452957593595,SUCCESS,SUCCESS,72.48937524711866,64.29225746255784,36.62563076876586,50.46086400603866,SUCCESS,SUCCESS
2148689,123,4,1,HTC,40-ft,MF,57.119856642895215,84.38479710396423,126.79201506580459,75.03815654185033,67.51914626492827,SUCCESS,SUCCESS,82.97189272144655,76.28530140298766,44.74627205292285,49.44111497865492,SUCCESS,SUCCESS
2148690,410,19,1,HTC,40-ft,MF,205.21556777184313,309.7829252856602,453.110125103099,35.07394941743613,9.66132533632997,SUCCESS,FAILURE,70.77909629231277,56.83367545412773,201.3770283743042,266.0520546643795,SUCCESS,SUCCESS
2148691,410,1,1,HTC,40-ft,MF,273.6293694675271,420.07528295219026,618.8945803916199,15.51856685244854,-19.73308162971984,FAILURE,FAILURE,68.21792400017068,49.02486660186219,297.2243743131532,387.79482802612256,SUCCESS,SUCCESS
2148692,410,15,1,HTC,40-ft,MF,323.14212101402865,531.6319076843647,813.0397354358871,-4.260976539780972,-54.15598146026367,FAILURE,FAILURE,67.89595507918558,53.665322237147514,406.96509433097134,608.112152853399,SUCCESS,SUCCESS
2148693,123,25,1,HTC,40-ft,MF,55.89054888701986,82.88580504984364,125.6218160458821,75.30393527485043,67.7266283606592,SUCCESS,SUCCESS,80.57184718191144,74.03958770861641,29.711023155824137,35.60509072247862,SUCCESS,SUCCESS
2148694,410,6,1,HTC,40-ft,MF,256.12486223513366,446.8156851742512,680.011663588999,10.777360784707238,-30.569443898758685,FAILURE,FAILURE,86.47327887261031,81.85845496548104,426.92497801577326,634.0933495943121,SUCCESS,SUCCESS
2148698,123,25,2,HTC,40-ft,SAT,175.95472676279502,272.3702978426875,413.53309191768943,41.707393999523504,16.67852980182812,SUCCESS,FAILURE,78.30696227715934,69.10322693299932,206.42156508586652,295.67529181980535,SUCCESS,SUCCESS
2148704,123,14,2,HTC,40-ft,SAT,172.70216325690131,282.0451183657537,440.53313729562853,39.992000289759986,11.891287713541043,SUCCESS,FAILURE,87.14279041387583,85.03941669026342,265.930456300014,412.555447428714,SUCCESS,SUCCESS
2148706,410,5,2,HTC,40-ft,SAT,388.8235444794825,539.8485612398757,784.4265962804741,-5.717830007070159,-49.08272983696349,FAILURE,FAILURE,48.08973975666767,8.244005770463938,303.4746934674814,323.3227888258906,SUCCESS,FAILURE
2148707,123,21,2,HTC,40-ft,SAT,165.8340929990283,253.2510377518112,371.55791956010637,45.097333731948375,24.120936248208093,SUCCESS,SUCCESS,79.20868652200453,71.34174679705325,192.3880297359168,266.32537149548665,SUCCESS,SUCCESS
2148710,123,15,2,HTC,40-ft,SAT,249.43871972116176,411.40323314870597,626.8894990975459,17.056164335335826,-21.150620407366294,FAILURE,FAILURE,76.96776234988309,68.53019744196035,337.90141280204637,505.7998126702021,SUCCESS,SUCCESS
2148711,123,5,2,HTC,40-ft,SAT,295.2591383214086,488.97923787616827,745.8313680426857,3.301553568055275,-42.239604262887525,FAILURE,FAILURE,77.81847398033457,67.8066696986452,420.27543112525507,620.6609851430444,SUCCESS,SUCCESS
2148712,123,19,2,HTC,40-ft,SAT,225.96237901582725,371.60614484295843,565.8686165527332,24.112385666142128,-10.33131499161936,SUCCESS,FAILURE,75.93056204876048,66.37558990718753,292.2545147979673,432.62694362927067,SUCCESS,SUCCESS
2148714,106,14,1,HTC,40-ft,MF,111.59712296897843,168.22490774262863,247.01844572339334,60.1728886981155,46.202403240533094,SUCCESS,SUCCESS,78.50031345670826,71.18215498344628,103.36667563846305,140.88579983003035,SUCCESS,SUCCESS
2148719,123,37,1,HTC,40-ft,MF,173.19053679311324,279.72784754621716,419.52923514150683,40.40286391024519,15.615383840158367,SUCCESS,FAILURE,79.47151004327533,66.14278829488045,220.34716419029002,284.97456112463266,SUCCESS,SUCCESS
2148720,123,3,1,HTC,40-ft,MF,228.19458327206453,341.18537421488327,500.1819566681439,29.50613932360226,1.3152559099035632,SUCCESS,FAILURE,59.0134423990365,37.30765936390108,166.42118934544902,202.99715548054593,SUCCESS,SUCCESS
2148721,123,14,1,HTC,40-ft,MF,291.7371450849335,453.6700601903957,666.2830080578073,9.56204606553268,-28.135285116632485,FAILURE,FAILURE,77.22449132763569,58.7350900823569,381.6161912782611,489.94891612230015,SUCCESS,SUCCESS
2148722,410,16,1,HTC,40-ft,MF,77.01589319292154,104.46346455740265,150.30371673761184,71.47810912102791,63.35040483375678,SUCCESS,SUCCESS,80.27635689152065,73.2060591860985,49.622117425579006,55.58589054720733,SUCCESS,SUCCESS
2148723,123,15,1,HTC,40-ft,MF,69.77656814779914,99.78625270565371,145.71372126168652,72.30740200254367,64.16423381884991,SUCCESS,SUCCESS,81.2516179904701,74.14239012064947,50.445378171904906,56.27680154214954,SUCCESS,SUCCESS
2148725,410,50,1,HTC,40-ft,MF,157.71287870840948,234.42515526157746,343.42506263720725,48.43525615929478,29.109031447303686,SUCCESS,SUCCESS,73.80414629116933,64.30591129644586,143.0805403437725,198.51040234916178,SUCCESS,SUCCESS
2148726,123,22,1,HTC,40-ft,MF,346.4751010034349,535.5822793334587,786.1122190374878,-4.961397044939482,-49.38159912012194,FAILURE,FAILURE,68.34744859570017,47.093009731286514,413.4618894132077,544.1167939219438,SUCCESS,SUCCESS
2148729,410,26,1,HTC,40-ft,MF,387.85494654220145,588.8276167649045,859.2119546450665,-14.402059710089448,-62.342545149834486,FAILURE,FAILURE,66.01979262527824,34.47709610940935,453.57924717147387,546.062776702135,SUCCESS,SUCCESS
2148730,106,7,1,HTC,40-ft,MF,302.7024624199867,478.69588993071227,708.2564779053281,5.124842210866623,-35.57738969952625,FAILURE,FAILURE,64.52004569493393,39.052260689788156,334.9889476501396,420.91122819573326,SUCCESS,SUCCESS
2148731,410,33,1,HTC,40-ft,MF,48.8583730834566,66.65327056648191,95.88381472274153,78.18204422580108,72.99932363071959,SUCCESS,SUCCESS,84.78336890555637,80.16354958024621,37.23147119381974,40.406234355330184,SUCCESS,SUCCESS
2148732,410,9,1,HTC,40-ft,MF,79.55732390031017,108.87044141260425,157.10047327654902,70.69673024599216,62.14530615664026,SUCCESS,SUCCESS,80.58486451287607,73.90809212854302,55.76907726522518,66.3421128815317,SUCCESS,SUCCESS
2148733,410,29,1,HTC,40-ft,MF,242.10958194664883,365.8211429915112,533.2494452230072,25.138095214271072,-4.547773975710498,SUCCESS,FAILURE,66.6284676159801,45.55094528619574,234.00570034563913,282.556776637151,SUCCESS,SUCCESS
2148734,123,34,1,HTC,40-ft,MF,232.3878740332507,344.8050592449781,499.29202753943287,28.864351197698923,1.4730447625119074,SUCCESS,FAILURE,65.60751353672536,50.70505394380693,207.23143559210922,277.6685317825039,SUCCESS,SUCCESS
2148735,106,18,1,HTC,40-ft,MF,145.97015892234137,218.61475929515623,318.64871269245066,51.23851785546876,33.502001295664776,SUCCESS,SUCCESS,68.85309676753539,56.49922048947855,99.346225064056,129.70431625310965,SUCCESS,SUCCESS
2148737,106,3,2,HTC,40-ft,SAT,315.50792453585814,489.4305925745316,718.3476631883028,3.221526139267451,-37.36660694828064,FAILURE,FAILURE,67.39108186232825,47.812549204879254,361.9162942780631,480.4104407038217,SUCCESS,SUCCESS
2148738,106,21,3,HTC,40-ft,SUN,188.94013786887652,312.99891358063024,468.76632862427306,34.50373872683861,6.885402726192725,SUCCESS,FAILURE,78.34596887623587,67.68706616163574,247.2701780426006,342.9213817758988,SUCCESS,SUCCESS
2148739,106,1,3,HTC,40-ft,SUN,314.80257519475475,475.5070578519352,700.208365369993,5.69023796951504,-34.150419391842725,FAILURE,FAILURE,74.96846481407775,64.180790297434,390.7291994033336,554.5880226475206,SUCCESS,SUCCESS
2148740,106,20,3,HTC,40-ft,SUN,209.80220402179143,313.8820908551958,461.6426880234792,34.3471470114901,8.14845957030511,SUCCESS,FAILURE,74.58961638439494,65.19085350494895,226.96752726318311,321.71910179139127,SUCCESS,SUCCESS
2148741,123,7,1,HTC,40-ft,MF,274.2932105327095,395.4130614888524,571.7341570533177,19.891301154458795,-11.37130444207761,FAILURE,FAILURE,62.86993772161592,41.71694465917156,242.39951023876603,299.41772493104537,SUCCESS,SUCCESS
2148745,123,9,1,HTC,40-ft,MF,70.90005240189987,109.58610765757548,161.32519272919276,70.56983906780576,61.396242423902,SUCCESS,SUCCESS,81.05914576016093,74.19343990942998,59.159689744883224,72.17619381837778,SUCCESS,SUCCESS
2148746,106,4,2,HTC,40-ft,SAT,140.98348666645094,235.155460869144,353.8471860052483,48.305769349442556,27.261137233112002,SUCCESS,SUCCESS,86.06688132693316,74.89771777818183,212.97267155304695,268.67031427419386,SUCCESS,SUCCESS
2148748,106,10,2,HTC,40-ft,SAT,175.51110736598807,262.07021360966263,379.61668696169056,43.533650069208754,22.6920767798421,SUCCESS,SUCCESS,73.36436535210825,60.43002216688206,168.24523419555328,212.84201198290543,SUCCESS,SUCCESS
2148749,106,5,2,HTC,40-ft,SAT,274.09262199109133,423.13064041482255,619.7218053640114,14.97683680588253,-19.879752724115495,FAILURE,FAILURE,77.54582172695257,65.24836338101717,352.8890749548352,480.1225748329482,SUCCESS,SUCCESS
2148753,106,14,3,HTC,40-ft,SUN,325.3772595320322,505.4201411637528,741.0527952942385,0.38649979366085213,-41.39233959117704,FAILURE,FAILURE,75.88331907889746,64.60171087474956,425.80206076873463,597.8064446278261,SUCCESS,SUCCESS
2148754,123,2,1,HTC,40-ft,MF,223.65113071217968,369.7517407825021,573.4470579599116,24.441180712322325,-11.675010276580068,SUCCESS,FAILURE,82.13101591660259,74.06761625397716,325.3706705521407,483.5884136323424,SUCCESS,SUCCESS
2148755,106,17,1,HTC,40-ft,MF,100.36271017923042,169.467236514068,249.82613108029778,59.95261763934966,45.70458668789047,SUCCESS,SUCCESS,77.62451468200445,68.17418829204442,99.66949932057292,126.72855304742814,SUCCESS,SUCCESS
2148756,123,42,1,HTC,40-ft,MF,40.85111175115335,77.56005112025109,109.57940685441318,76.2482178864803,70.57102715347285,SUCCESS,SUCCESS,84.46585385700544,79.84144835836638,46.34746687376173,52.28517559559947,SUCCESS,SUCCESS
2148757,123,12,1,HTC,40-ft,MF,59.107959546160295,92.04499062131376,139.29937279841914,73.67996620189471,65.30152964567037,SUCCESS,SUCCESS,84.47241541909032,77.72812741139191,60.869413584983135,70.08601139866954,SUCCESS,SUCCESS
2148758,123,31,1,HTC,40-ft,MF,127.5889506159373,203.0503327151115,306.9228474352172,53.99816795831357,35.581055419287736,SUCCESS,SUCCESS,75.90551731608454,65.80384407542417,123.55745037782816,170.45652802060954,SUCCESS,SUCCESS
2148759,123,20,2,HTC,40-ft,SAT,153.0133223674984,251.23334384430402,383.38290297766986,45.4550808786695,22.024307982682654,SUCCESS,SUCCESS,76.24866220175132,66.56536003417102,173.6757986621812,251.21153357039458,SUCCESS,SUCCESS
2148760,123,26,2,HTC,40-ft,SAT,129.53698166216387,211.43625553855645,322.36202043285715,52.51130220947581,32.84361339842959,SUCCESS,SUCCESS,76.65939460371135,66.37758551280625,136.19524110348829,189.13160272508452,SUCCESS,SUCCESS
2148761,123,3,2,HTC,40-ft,SAT,288.3796759730005,470.78545472033846,715.9253713353579,6.527401645330063,-36.93712257719112,FAILURE,FAILURE,71.55225663157572,58.42824967215415,366.7401821224253,537.8606994863071,SUCCESS,SUCCESS
2148762,123,8,2,HTC,40-ft,SAT,277.72338578999234,444.49201891921587,672.7419736446445,11.189358347656766,-29.280491780965338,FAILURE,FAILURE,72.18182997250729,61.15551412258873,343.99753996415694,510.0590732960448,SUCCESS,SUCCESS
2148763,123,1,3,HTC,40-ft,SUN,350.17995799035174,571.8054246436665,868.1938404318719,-11.383940539657171,-63.93507809075742,FAILURE,FAILURE,63.38054903074924,45.94363067411207,421.67172117709197,619.7159174338638,SUCCESS,SUCCESS
2148764,123,5,3,HTC,40-ft,SUN,267.9836291243147,441.39246112206865,673.4435579326708,11.738925332966554,-29.40488615827497,FAILURE,FAILURE,73.11669790656998,61.07958742745754,346.17063731512314,510.33243102353134,SUCCESS,SUCCESS
2148765,123,16,3,HTC,40-ft,SUN,267.9836291243147,441.39246112206865,673.4435579326708,11.738925332966554,-29.40488615827497,FAILURE,FAILURE,79.86722810175702,70.96048761138914,384.243627615978,566.0607080609057,SUCCESS,SUCCESS
2148766,123,13,3,HTC,40-ft,SUN,291.92333555327883,481.62995085534425,734.0690252489062,4.604618642669464,-40.15408249094081,FAILURE,FAILURE,81.2837437926643,71.85567298263021,432.4702658459707,631.7350208709404,SUCCESS,SUCCESS
2148767,123,4,3,HTC,40-ft,SUN,267.31473203752216,439.81469066556394,669.9482465596078,12.018671867807814,-28.78515009922124,FAILURE,FAILURE,75.76042860417206,64.834546751493,359.50350799309416,528.015090238028,SUCCESS,SUCCESS
2148768,123,6,3,HTC,40-ft,SUN,327.08746397051755,532.9125197816841,809.8274965033326,-4.488035422284406,-53.58643555023627,FAILURE,FAILURE,83.04598345478927,77.30666957879032,493.69186646669533,738.2371129277096,SUCCESS,SUCCESS
2148769,151,26,1,PCT,40-ft,MF,111.17412121022645,164.45480846265386,246.17373673460753,60.84134601725996,46.35217433783555,SUCCESS,SUCCESS,81.75952977813203,71.57755264485513,117.97855641131827,142.27113365159056,SUCCESS,SUCCESS
2148770,151,17,1,PCT,40-ft,MF,75.94101489222196,97.78823887060898,137.19303786360408,72.66165977471472,65.67499328659501,SUCCESS,SUCCESS,84.87431391472074,79.92863319178352,68.87936934963386,80.3905290652632,SUCCESS,SUCCESS
2148771,151,16,1,PCT,40-ft,MF,229.12837249943246,359.9036708534581,529.286833938021,26.187292401869133,-3.8451833223441456,SUCCESS,FAILURE,71.14569026188272,59.79913315654376,253.56536393047668,358.95394494092756,SUCCESS,SUCCESS
2148772,151,18,1,PCT,40-ft,MF,195.16805717673165,298.6826034309933,442.12924831019944,37.04209159024941,11.608289306702229,SUCCESS,FAILURE,81.19332458275952,71.48472650075996,249.01295407775655,337.7031057744857,SUCCESS,SUCCESS
2148773,151,20,1,PCT,40-ft,MF,50.93668319157676,63.55850426365884,88.38650534100876,78.73076165537964,74.3286338047857,SUCCESS,SUCCESS,82.98481749368284,78.94882084229508,23.992874928030005,26.057854891553006,SUCCESS,SUCCESS
2148774,151,25,1,PCT,40-ft,MF,108.1610723319656,160.9683913885531,234.97201193853883,61.45950507295159,48.33829575557823,SUCCESS,SUCCESS,83.43566758274467,74.48039169876336,123.94555655523277,147.44142111956415,SUCCESS,SUCCESS
2148775,151,28,1,PCT,40-ft,MF,152.58250546400203,236.25735354466556,349.67501042210097,48.110398307683425,28.000884676932458,SUCCESS,SUCCESS,85.89263676478772,80.66905743568941,213.09182489806784,297.0484943593893,SUCCESS,SUCCESS
2148776,151,7,1,PCT,40-ft,MF,180.88296936740093,280.27862791871735,414.54947017836935,40.305207815830265,16.49832089036005,SUCCESS,FAILURE,83.16711212572093,75.06814281266283,241.74114030778293,330.3337956417877,SUCCESS,SUCCESS
2148777,151,5,1,PCT,40-ft,MF,179.14648416235747,276.67852875214663,407.6462886627667,40.943523270895994,17.7222892441903,SUCCESS,FAILURE,81.35148388382363,69.33087575751806,227.90089785691146,291.07242793516843,SUCCESS,SUCCESS
2148778,151,21,1,PCT,40-ft,MF,51.67639744681124,68.23831938484173,96.16074035444021,77.9010072012692,72.95022334141132,SUCCESS,SUCCESS,84.21649443158248,81.62374197410966,35.6193479789668,48.91864508841866,SUCCESS,SUCCESS
2148779,151,2,1,PCT,40-ft,MF,291.5407286056907,452.19719700527185,671.1159552914798,9.823192020341875,-28.992190654517703,FAILURE,FAILURE,72.54267591392998,61.53963057422035,353.73788915983704,510.59947173008254,SUCCESS,SUCCESS
2148780,151,54,3,PCT,40-ft,SUN,223.18475918157685,354.40666361547494,524.9141345762832,27.161939075270404,-3.069882017071491,SUCCESS,FAILURE,85.96186241407702,80.22061075818281,331.6315676308688,469.7583792524344,SUCCESS,SUCCESS
2148781,151,55,3,PCT,40-ft,SUN,208.8168597640793,327.78119790523283,484.14158583787054,31.88276632885943,4.15929329115771,SUCCESS,FAILURE,84.24483409333348,73.07074729141887,295.3220621916331,388.6606005614728,SUCCESS,SUCCESS
2148782,152,55,3,PCT,40-ft,SUN,319.2631535565696,460.064024061376,677.832730274978,8.428364528124824,-30.18310820478332,FAILURE,FAILURE,84.25045409826866,76.15733826417834,427.63658517561106,599.7601180849438,SUCCESS,SUCCESS
2148791,130,61,1,BTC,40-ft,MF,39.84379255135272,59.621715184406966,87.95507286725392,79.42877390347395,74.40512892424576,SUCCESS,SUCCESS,84.25338993828036,79.72091044818507,27.210834436308232,29.981007795017717,SUCCESS,SUCCESS
2148792,130,32,1,BTC,40-ft,MF,49.37476138754878,85.23465746693698,128.28571151346827,74.88747208033033,67.2543064692432,SUCCESS,SUCCESS,84.16791314160315,77.58835925558729,52.341687585578825,58.28405771498046,SUCCESS,SUCCESS
2148793,130,4,1,BTC,40-ft,MF,177.27705680076193,296.7234965740474,444.724307859553,37.38945096204834,11.148172365327486,SUCCESS,FAILURE,80.80110671416026,72.24039301090382,244.84173844191133,344.56012444105045,SUCCESS,SUCCESS
2148794,130,59,1,BTC,40-ft,MF,16.63894309187464,28.33193381894839,42.14575226339299,84.97660747890986,82.52734888946934,SUCCESS,SUCCESS,86.68793575728209,84.51405041862677,9.651891490019409,11.204996624447915,SUCCESS,SUCCESS
2148795,210,21,1,BTC,40-ft,MF,346.12384830911606,544.9250211084465,812.9155038564674,-6.617911544050786,-54.13395458448002,FAILURE,FAILURE,47.645902549675405,15.599780686297498,306.0479114886154,393.2982669271854,SUCCESS,FAILURE
2148796,130,28,1,BTC,40-ft,MF,103.02058025413326,151.8437365157819,223.50874465827718,63.077351681598955,50.370789954206174,SUCCESS,SUCCESS,73.28147951510623,64.17118987881068,57.55128098098112,77.83425557476949,SUCCESS,SUCCESS
2148797,130,21,1,BTC,40-ft,MF,95.69256162127459,144.16676231184437,213.11564931054647,64.43851732059498,52.21353735628609,SUCCESS,SUCCESS,73.87559638332897,64.6317522146534,53.22512591381985,70.0387318011916,SUCCESS,SUCCESS
2148798,130,10,1,BTC,40-ft,MF,323.6414340488957,538.2192629348907,814.3313307027971,-5.428947328881327,-54.3849877132619,FAILURE,FAILURE,67.34557410331648,52.178630345844425,410.4483008775959,601.0188058533595,SUCCESS,SUCCESS
2148801,130,31,1,BTC,40-ft,MF,48.79397804367974,72.76138908175602,106.17678114814672,77.09904448905036,71.17432958366194,SUCCESS,SUCCESS,81.10873679711558,75.75918160508445,22.614664617487904,25.858565400822954,SUCCESS,SUCCESS
2148802,130,33,1,BTC,40-ft,MF,85.27527162214336,133.61019175804088,197.6417805336794,66.31024968829064,54.95713111104976,SUCCESS,SUCCESS,81.64019363634695,72.85508654069011,86.46088386703781,100.94446862317159,SUCCESS,SUCCESS
2148805,210,24,1,BTC,40-ft,MF,299.1475961842412,495.7246460269131,744.9009743260759,2.105559215086335,-42.07464083795672,FAILURE,FAILURE,56.969706518649865,23.504721121077708,309.4337907920984,369.867601448954,SUCCESS,SUCCESS
2148806,130,55,1,BTC,40-ft,MF,49.99514922773666,77.60160108933478,115.14033946342806,76.24085087068534,69.58504619442766,SUCCESS,SUCCESS,82.94147139608499,78.94411366078766,37.79149976325414,52.78514051027048,SUCCESS,SUCCESS
2148807,130,12,1,BTC,40-ft,MF,167.79150354647442,278.77195595933625,421.3075260332517,40.572348234160245,15.300084036657505,SUCCESS,FAILURE,72.73246433462847,61.605894311299934,181.38305480664093,261.1647699489833,SUCCESS,SUCCESS
2148808,130,1,1,BTC,40-ft,MF,200.092898825397,325.32749145130373,489.85835530620625,32.31782066466246,3.1456816832967687,SUCCESS,FAILURE,74.53267750636704,64.22345537296414,238.09179258721406,344.4786436097239,SUCCESS,SUCCESS
2148809,130,7,1,BTC,40-ft,MF,369.48426426678543,600.8709235204885,908.3293431517096,-16.537397787320657,-71.05130197725347,FAILURE,FAILURE,66.07219919054727,48.380927675254796,465.91812695517507,673.5977752401463,SUCCESS,SUCCESS
2148810,130,25,1,BTC,40-ft,MF,70.40328398327827,99.49237859888817,145.13800147151315,72.35950734062267,64.26631179583102,SUCCESS,SUCCESS,79.768440090479,72.7128346679642,41.7863807091897,47.63838899883126,SUCCESS,SUCCESS
2148811,210,17,1,BTC,40-ft,MF,250.49710234166483,371.32208074160786,551.3901555017218,24.162751641558895,-7.764211968390382,SUCCESS,FAILURE,58.99770864297362,37.9318974638905,196.4691574879791,257.7260571980642,SUCCESS,SUCCESS
2148812,130,51,1,BTC,40-ft,MF,76.35860758095403,116.4381748052727,171.82027291895912,69.35493354516441,59.535412603021435,SUCCESS,SUCCESS,78.55018562909154,70.11598716163738,51.86122175334907,59.674440510594025,SUCCESS,SUCCESS
2148813,130,56,1,BTC,40-ft,MF,47.182075916936284,69.22336360686013,101.83684992312354,77.72635397041488,71.9438209356164,SUCCESS,SUCCESS,82.37789797710084,77.12587019024112,26.23470819770887,29.22675779608346,SUCCESS,SUCCESS
2148815,130,60,1,BTC,40-ft,MF,57.04193125808073,83.77589577076986,125.44607594666388,75.1461177711401,67.75778795271917,SUCCESS,SUCCESS,78.08629960655395,71.11288859761842,16.582625551734054,18.9227676372318,SUCCESS,SUCCESS
2148816,130,57,1,BTC,40-ft,MF,46.6761836022619,66.53892221663466,97.18152093602112,78.20231875591584,72.76923387659201,SUCCESS,SUCCESS,82.10996408602591,77.15339465604917,22.039119661820735,24.726666796138545,SUCCESS,SUCCESS
2148817,130,26,1,BTC,40-ft,MF,69.88345309020673,100.207639784792,146.47952324802085,72.23268798141986,64.028453324819,SUCCESS,SUCCESS,78.68659701349202,71.50670580382773,36.40004694088691,42.17734398160934,SUCCESS,SUCCESS
2148818,130,58,1,BTC,40-ft,MF,23.468914114317077,32.87020464847732,47.883518624021356,84.17194953041182,81.51001442836503,SUCCESS,SUCCESS,85.61116549891852,83.2053192476471,8.117178062377718,9.56151918075102,SUCCESS,SUCCESS
2148819,130,6,1,BTC,40-ft,MF,255.1888390909412,396.5557986154355,591.6180813086754,19.688688188752575,-14.896822927070104,FAILURE,FAILURE,74.27407729242194,62.27283895014077,307.8615945446954,435.2368929874694,SUCCESS,SUCCESS
2148820,210,25,1,BTC,40-ft,MF,389.65657453645883,613.2258326831303,914.3199605294209,-18.727984518285513,-72.11346817897532,FAILURE,FAILURE,48.07046259431721,2.7890826562517197,376.7432417150792,422.45038671068085,SUCCESS,FAILURE
2148821,130,17,2,BTC,40-ft,SAT,203.69261854910278,324.5647799886117,485.84610978567923,32.453053193508566,3.857072733035601,SUCCESS,FAILURE,78.05570893128679,69.23013796402351,257.1989783610693,368.70408790277185,SUCCESS,SUCCESS
2148823,130,13,2,BTC,40-ft,SAT,297.5411079910815,498.3488411744607,753.8353254975656,1.6402763875069744,-43.65874565559673,FAILURE,FAILURE,81.0646738182333,71.63682685609058,447.95360150929685,650.2670289659163,SUCCESS,SUCCESS
2148824,130,14,2,BTC,40-ft,SAT,243.73702779313314,392.9069107467848,589.5553806429218,20.335654122910505,-14.531095858674078,SUCCESS,FAILURE,80.17388419292675,72.15969781711108,337.48761759489173,488.93607633142835,SUCCESS,SUCCESS
2148825,130,12,2,BTC,40-ft,SAT,208.4272129814991,338.73607876580996,510.7414741239683,29.940411566345755,-0.5569989581504067,SUCCESS,FAILURE,78.43536693809952,67.94660557677756,273.5115482966915,386.36032957699376,SUCCESS,SUCCESS
2148827,130,20,2,BTC,40-ft,SAT,143.97436306546703,231.88501843190073,348.77064263944453,48.88563502980484,28.161233574566573,SUCCESS,SUCCESS,81.88611907653029,73.3055888153977,186.12273002353191,254.6141635582875,SUCCESS,SUCCESS
2148828,130,16,2,BTC,40-ft,SAT,142.40609193434804,223.10953169314425,334.74632609951345,50.441572394832576,30.647814521362864,SUCCESS,SUCCESS,79.11082913857113,69.63641630053503,161.69460803468564,219.895714034531,SUCCESS,SUCCESS
2148829,130,31,3,BTC,40-ft,SUN,320.6472157638764,541.5180641961449,819.7546633508814,-6.013841169529234,-55.34657151611372,FAILURE,FAILURE,79.39405501090563,71.01768795563888,481.70053445765285,712.6944234206845,SUCCESS,SUCCESS
2148830,130,34,3,BTC,40-ft,SUN,224.7881528401376,368.8872918778689,556.809879130811,24.5944517947041,-8.725155874257275,SUCCESS,FAILURE,79.32182743654477,67.06576223953236,308.6623986199816,427.4607781617735,SUCCESS,SUCCESS
2148831,130,33,3,BTC,40-ft,SUN,246.17837980780064,397.98471085560465,599.8057336643986,19.43533495468003,-16.34853433765933,FAILURE,FAILURE,75.56954954388421,62.1365543962322,316.5969702831118,442.6559004591483,SUCCESS,SUCCESS
2148832,130,32,3,BTC,40-ft,SUN,236.88512234289038,375.8641191607972,565.4876431186465,23.35742568070972,-10.263766510398307,SUCCESS,FAILURE,79.55838178622756,67.23224736916897,316.97339243512096,437.0775182807594,SUCCESS,SUCCESS
2148833,130,37,3,BTC,40-ft,SUN,257.4966987470511,430.0067104162876,650.1260546403229,13.75767545810504,-25.27057706388703,FAILURE,FAILURE,77.76621978744093,69.0829632169906,361.00819001745475,532.1539671841499,SUCCESS,SUCCESS
2148834,130,38,3,BTC,40-ft,SUN,189.7730307051318,299.49136698537257,450.0280578003134,36.898693796919765,10.207791170157208,SUCCESS,FAILURE,78.11644589616769,66.36683817660153,232.46812183975857,316.73702511634605,SUCCESS,SUCCESS
2148835,130,40,3,BTC,40-ft,SUN,103.94328763180006,162.72589535942686,243.88200628637543,61.14789089371864,46.758509523692304,SUCCESS,SUCCESS,85.29845703705273,76.88363744923112,136.20919304840453,169.9057215000389,SUCCESS,SUCCESS
2148836,901,3,1,XHT,28-ft Shuttle,MF,98.97774511138877,160.48084057485022,234.38844499599318,61.54595025268613,48.441765071632425,SUCCESS,SUCCESS,68.81008914458005,57.89046613434825,40.96974335028142,53.290673993717235,SUCCESS,SUCCESS
2148837,901,2,1,XHT,28-ft Shuttle,MF,291.9984569256358,525.3396430114141,781.4483195366653,-3.145326775073412,-48.55466658451512,FAILURE,FAILURE,67.22226375270239,40.78476498669474,396.87321057665497,503.874394061623,SUCCESS,SUCCESS
2148838,901,1,1,XHT,28-ft Shuttle,MF,82.89268579353487,130.07594037180317,188.80012211760388,66.93689000499944,56.524801042978034,SUCCESS,SUCCESS,76.4952426502073,67.48319809958377,53.90910891897215,61.805359399256304,SUCCESS,SUCCESS
2148839,901,1,2,XHT,28-ft Shuttle,SAT,275.9133976077819,494.9347428083671,735.8599966582759,2.2456129772398787,-40.47163061316949,FAILURE,FAILURE,61.331138748144284,30.311501152808656,333.2423653479004,399.2168631601163,SUCCESS,SUCCESS
2148840,901,1,3,XHT,28-ft Shuttle,SUN,259.828338289928,464.52984260532014,690.2716737798866,7.63655272955317,-32.38859464182385,FAILURE,FAILURE,73.81177665745307,64.08808906607402,373.2282629533549,544.1284961125436,SUCCESS,SUCCESS
2148841,135,4,1,BTC,40-ft,MF,346.2418929211566,543.5811868878702,790.7096478475447,-6.379643065225212,-50.1967460722597,FAILURE,FAILURE,67.11931360583591,50.557657494543264,414.53411562478465,568.2548361167683,SUCCESS,SUCCESS
2148842,135,5,1,BTC,40-ft,MF,278.57552986588,430.9222962705039,624.5465842434788,13.5953375406908,-20.73520997224802,FAILURE,FAILURE,69.29332682342273,56.28625683220332,314.1366595546082,434.4010727771054,SUCCESS,SUCCESS
2148843,135,6,1,BTC,40-ft,MF,305.65074827153626,478.666057889762,695.5774025826008,5.130131579829439,-33.329326699042696,FAILURE,FAILURE,66.94236302584252,47.45157029849878,348.6209853555138,455.6042590661339,SUCCESS,SUCCESS
2148844,135,2,1,BTC,40-ft,MF,228.80010925751378,356.84777847480916,519.5354615858448,26.729117291700504,-2.116216593234892,SUCCESS,FAILURE,67.48665005944623,53.63275452131838,229.872484810086,314.42419708608065,SUCCESS,SUCCESS
2148845,135,1,1,BTC,40-ft,MF,365.98173909257054,577.0099190245625,839.9211213589243,-12.306723231305398,-58.92218463810715,FAILURE,FAILURE,70.84369709437907,47.422894212569254,468.9683706368604,599.7862447178147,SUCCESS,SUCCESS
2148846,135,11,1,BTC,40-ft,MF,148.5499521549873,226.87211266907647,327.95215387580635,49.774448108319774,31.852454986559163,SUCCESS,SUCCESS,79.8977246584618,73.16481797997653,169.89527974280105,233.00172728287401,SUCCESS,SUCCESS
2148847,135,3,1,BTC,40-ft,MF,302.89217737807184,470.9208319643553,683.1485384953994,6.503398587880274,-31.12562739280131,FAILURE,FAILURE,71.85829465960539,56.634294915168084,368.6016138445297,494.96596181694724,SUCCESS,SUCCESS
2148848,181,6,2,XNE,28-ft Shuttle,SAT,232.82060572937203,358.62632264610266,526.8137556760512,26.413772580478255,-3.406694268803398,SUCCESS,FAILURE,76.62796284839732,67.25543845948127,283.2080331110637,398.5344285875254,SUCCESS,SUCCESS
2148849,181,13,2,XNE,28-ft Shuttle,SAT,311.3209635014911,469.81767986428895,686.6581709926579,6.698992931863666,-31.747902658272675,FAILURE,FAILURE,77.17618104223205,68.57445972524644,397.49134094247756,565.8181238430475,SUCCESS,SUCCESS
2148850,181,10,2,XNE,28-ft Shuttle,SAT,322.90531793260556,500.95388058062184,727.4493903572281,1.1783899679748548,-38.98038836121066,FAILURE,FAILURE,75.06517022847665,66.38126634659488,416.72144066923016,594.2397325520232,SUCCESS,SUCCESS
2148851,181,7,2,XNE,28-ft Shuttle,SAT,245.0979855293973,375.9496847444229,550.6239999314867,23.34225447793921,-7.628368782178479,SUCCESS,FAILURE,67.92376726266845,52.41459256091328,251.43973210587308,338.6423019750376,SUCCESS,SUCCESS
2148852,181,11,2,XNE,28-ft Shuttle,SAT,330.63684833923503,500.65107032919445,723.9967858027038,1.2320797288662355,-38.36822443310351,FAILURE,FAILURE,71.48587465131342,62.11542450798622,396.2314033626022,566.727780027746,SUCCESS,SUCCESS
2148853,181,4,2,XNE,28-ft Shuttle,SAT,320.896876725666,486.76360772385704,702.5172528626579,3.6943957936423737,-34.55979660685423,FAILURE,FAILURE,76.3648656296693,67.5240664216289,409.86144987519185,575.7529874806446,SUCCESS,SUCCESS
2148854,181,16,2,XNE,28-ft Shuttle,SAT,234.49679707361219,355.2533869933453,513.3461770166199,27.01181081678275,-1.018825712166643,SUCCESS,FAILURE,76.01356620722355,67.26605974577747,276.36990040208616,385.1267539828047,SUCCESS,SUCCESS
2148855,181,3,2,XNE,28-ft Shuttle,SAT,382.3822099153731,584.6713459983504,847.8019229416516,-13.665132269211055,-60.31948988327155,FAILURE,FAILURE,77.85586175832903,69.89246939600461,516.1784063153261,734.3954503351171,SUCCESS,SUCCESS
2148856,181,2,2,XNE,28-ft Shuttle,SAT,290.57489192710386,453.8360559745523,660.551438668113,9.532614188909166,-27.11904940923988,FAILURE,FAILURE,77.47018926293251,69.68130552805724,383.16792341749164,545.954001846356,SUCCESS,SUCCESS
2148857,181,9,2,XNE,28-ft Shuttle,SAT,261.0433079740001,404.36356050812225,594.6938851638807,18.304333243240738,-15.442178220546227,FAILURE,FAILURE,75.77664444074874,67.32753136034009,324.14383515394513,466.8211620361989,SUCCESS,SUCCESS
2148858,181,15,2,XNE,28-ft Shuttle,SAT,246.04776198990825,379.93096548385853,573.4966652216107,22.63635363761374,-11.683805890356497,SUCCESS,FAILURE,85.13167242549001,75.91508912111357,352.47359796362224,494.05776786469096,SUCCESS,SUCCESS
2148859,181,5,3,XNE,28-ft Shuttle,SUN,340.89139715165066,521.2745712898746,754.8033228670624,-2.424569377637344,-43.83037639486922,FAILURE,FAILURE,80.8530393100569,73.12640548302718,469.6857129985957,659.6362497913356,SUCCESS,SUCCESS
2148860,181,8,3,XNE,28-ft Shuttle,SUN,356.7777966378087,547.7840717937919,791.7308431487538,-7.124835424431184,-50.37780906892798,FAILURE,FAILURE,76.65237506976423,66.59657341488244,472.50346718726206,659.7355172086907,SUCCESS,SUCCESS
2148861,181,9,3,XNE,28-ft Shuttle,SUN,285.11952013658237,443.0215972881994,642.3270390368401,11.450071402801527,-23.887772878872358,FAILURE,FAILURE,72.03857773376122,59.42308376076346,341.71917570661276,469.87323144754606,SUCCESS,SUCCESS
2148862,181,1,3,XNE,28-ft Shuttle,SUN,236.1397503552178,366.7438882169481,532.1618377519578,24.97448790479644,-4.3549357716237225,SUCCESS,FAILURE,75.2357170578683,66.3478409833841,283.4733324233254,398.76366089824415,SUCCESS,SUCCESS
2148863,181,4,3,XNE,28-ft Shuttle,SUN,319.2463429378945,490.27613107180446,708.8651376374053,3.0716079659921216,-35.68530809173852,FAILURE,FAILURE,66.44741152637391,50.0544426648471,357.4395320805533,483.57219426714283,SUCCESS,SUCCESS
2148864,181,10,3,XNE,28-ft Shuttle,SUN,321.1980086793417,497.8404563202915,723.5301669486877,1.7304155460476138,-38.28549059373895,FAILURE,FAILURE,76.48644203072391,64.7386841324975,421.6239893735743,581.0563454559733,SUCCESS,SUCCESS
2148865,181,6,3,XNE,28-ft Shuttle,SUN,230.76744047641714,355.1929490261703,513.9951954439081,27.02252676840952,-1.1338999014021367,SUCCESS,FAILURE,76.81147884367108,69.50872933816757,280.80968970447526,398.4244289111732,SUCCESS,SUCCESS
2148866,181,11,3,XNE,28-ft Shuttle,SUN,322.47866670474616,492.72756223573055,712.8910349539349,2.6369570504023896,-36.39911967268348,FAILURE,FAILURE,75.20394415096273,65.7733782252132,409.2778072471603,576.2528881441372,SUCCESS,SUCCESS
2148867,181,12,3,XNE,28-ft Shuttle,SUN,405.2884385132073,583.1572156386951,837.258664351149,-13.396669439484942,-58.45011779275692,FAILURE,FAILURE,73.35168718030118,53.26693441726024,489.2607313355937,630.0841744644965,SUCCESS,SUCCESS
2148868,181,7,3,XNE,28-ft Shuttle,SUN,267.6160474340157,421.9398831117555,624.0426790015783,15.187963987277401,-20.645865071201825,FAILURE,FAILURE,76.84949377076555,64.72661457299743,347.7710279788732,481.5007851932838,SUCCESS,SUCCESS
2148869,181,14,3,XNE,28-ft Shuttle,SUN,268.497643986447,404.51086294424346,591.7237276079373,18.27821579002776,-14.91555454041442,FAILURE,FAILURE,76.83790072113266,66.96040686904642,330.27662301143164,461.78042234935924,SUCCESS,SUCCESS
2148870,181,15,3,XNE,28-ft Shuttle,SUN,209.3538787407332,314.1562390161004,458.708773205215,34.29853918154248,8.668657233117916,SUCCESS,FAILURE,78.41765375914758,67.92583283540151,248.83180621769276,334.2104703968793,SUCCESS,SUCCESS
2148871,181,3,3,XNE,28-ft Shuttle,SUN,358.7708061915779,545.9579582796022,802.366192896732,-6.801056432553572,-52.26350937885318,FAILURE,FAILURE,75.89112486311113,67.47707566363287,466.38390250754895,675.3368996396214,SUCCESS,SUCCESS
2148874,410,48,1,HTC,40-ft,MF,76.45871973379903,102.5983593905727,143.70484700146724,71.80880152649422,64.52041719832143,SUCCESS,SUCCESS,77.24443174923815,70.2991035939385,30.656954456275855,32.591791271280385,SUCCESS,SUCCESS
2148875,106,16,1,HTC,40-ft,MF,48.15633648943157,62.37414854288379,87.03805674832877,78.94075380445324,74.56772043469348,SUCCESS,SUCCESS,80.65339994268172,76.32402049052946,9.659324219608663,9.905532314914979,SUCCESS,SUCCESS
2148877,123,33,1,HTC,40-ft,MF,96.57730797860509,142.61116990658343,207.8063195960721,64.71433157684692,53.15490787303687,SUCCESS,SUCCESS,73.93720033541422,63.98512250255217,52.01697979831971,61.082410510466275,SUCCESS,SUCCESS
2148878,106,8,2,HTC,40-ft,SAT,279.739019711312,418.9921274188398,606.7633807246815,15.710615705879471,-17.582159702957707,FAILURE,FAILURE,72.90057557974836,57.785513011944865,322.5513736886206,425.07367411205064,SUCCESS,SUCCESS
2148879,106,12,3,HTC,40-ft,SUN,336.163816992575,511.19623911147767,745.1088199056808,-0.637631048134334,-42.11149289107814,FAILURE,FAILURE,75.85491583532844,62.75694830689867,431.4179644227302,591.4580083565892,SUCCESS,SUCCESS
2148880,106,15,3,HTC,40-ft,SUN,318.33613358162535,478.4284572314991,693.3842680540737,5.172259356117181,-32.940473059232914,FAILURE,FAILURE,75.93809512650935,63.21612181978795,399.1193137450119,542.3231951176778,SUCCESS,SUCCESS
2148881,106,10,3,HTC,40-ft,SUN,289.56287733017206,439.79281896988005,640.9107562430328,12.022549828035457,-23.636658908339143,FAILURE,FAILURE,70.54890461643505,54.77832111551658,330.0886410065739,442.2604873345462,SUCCESS,SUCCESS
2148889,130,33,2,BTC,40-ft,SAT,264.53584356873597,357.37539707539713,487.2316124946881,26.635567894433137,3.6114162243460894,SUCCESS,FAILURE,69.87065352854252,58.59490879858205,243.84588297637708,310.10689811869076,SUCCESS,SUCCESS
2148890,130,31,2,BTC,40-ft,SAT,449.50098227363003,603.2066188347935,822.4790040266513,-16.951528162197427,-55.82961064302327,FAILURE,FAILURE,70.19137691334775,56.39373786697593,491.485984626075,632.9396855963951,SUCCESS,SUCCESS
2148891,130,32,2,BTC,40-ft,SAT,273.5383696041239,367.14034136515767,500.3304511609069,24.904194793411765,1.2889270991299906,SUCCESS,FAILURE,75.00639571942146,68.69916325198527,282.57641322269484,380.19373190210365,SUCCESS,SUCCESS
2148892,130,62,3,BTC,60-ft,SUN,377.64664383153456,503.6310138620707,686.2327328404796,0.7037209464413714,-31.672470361787152,FAILURE,FAILURE,79.28032705183247,74.11302495957544,443.1720584344059,596.6301936124846,SUCCESS,SUCCESS
2148893,130,61,3,BTC,40-ft,SUN,248.36447067323928,335.50728722290046,457.36259052421,30.512892336365173,8.907342105636525,SUCCESS,FAILURE,75.4323467422505,69.1522482754497,253.34572284919335,339.7812707977462,SUCCESS,SUCCESS
2148894,130,63,3,BTC,60-ft,SUN,313.04996225522603,422.97972663288715,576.8386784061223,15.003594568637036,-12.27636141952523,FAILURE,FAILURE,76.3050219608815,69.8241179537532,345.74005049225894,463.0467036652902,SUCCESS,SUCCESS
2148895,905,15,1,XHT,28-ft Shuttle,MF,74.56054748475125,119.01469498285122,171.62156989140365,68.89810372644483,59.57064363627595,SUCCESS,SUCCESS,81.63615613615949,73.89129746304364,71.84261559079079,80.76848758296967,SUCCESS,SUCCESS
2148898,905,9,1,XHT,28-ft Shuttle,MF,205.48478517779475,324.4812956618032,476.89006282558313,32.46785537911291,5.445024321705123,SUCCESS,FAILURE,86.09125376804997,78.94672055775533,302.4359669136049,414.5495667713231,SUCCESS,SUCCESS
2148899,905,7,1,XHT,28-ft Shuttle,MF,189.88026891395018,334.8226073698711,457.30733593332707,30.634289473427117,8.917139018913645,SUCCESS,FAILURE,82.40450919797007,74.50291292288527,291.98403924642247,369.90376481839945,SUCCESS,SUCCESS
2148900,905,4,1,XHT,28-ft Shuttle,MF,289.4283723684382,467.2991234628515,668.86773737993,7.145545485310017,-28.593570457434385,FAILURE,FAILURE,86.16440940751238,79.7788379755103,445.66639252122116,611.2203835618078,SUCCESS,SUCCESS
2148901,905,2,1,XHT,28-ft Shuttle,MF,66.26612969994285,99.71217215004958,144.20840056101275,72.32053685282808,64.43113465230272,SUCCESS,SUCCESS,85.8422527307313,83.3015617471861,76.26247755137422,106.42920881514226,SUCCESS,SUCCESS
2148902,905,13,1,XHT,28-ft Shuttle,MF,38.79954763923829,53.66444451590425,74.8413889319657,80.48502756810208,76.7302501893678,SUCCESS,SUCCESS,85.81276264924749,83.00260631341942,30.048425857660106,35.37608853965111,SUCCESS,SUCCESS
2148903,905,18,1,XHT,28-ft Shuttle,MF,161.82120091747888,249.16730032464636,361.57416780535823,45.82140065165845,25.891104999049965,SUCCESS,SUCCESS,79.57445499343717,70.78807964203972,190.36722648763197,253.2189369864622,SUCCESS,SUCCESS
2148904,905,3,1,XHT,28-ft Shuttle,MF,363.1627777033573,560.5116137236705,791.8764057004582,-9.381491794977036,-50.40361803199613,FAILURE,FAILURE,78.24496446291657,71.25756263647393,494.21321329451933,686.169058970172,SUCCESS,SUCCESS
2148905,905,1,1,XHT,28-ft Shuttle,MF,215.27679510211547,340.9305675278683,499.00278961890996,29.551317814207756,1.5243280817535576,SUCCESS,FAILURE,85.39542190168608,77.2414763731462,314.96074705337764,427.0447163634545,SUCCESS,SUCCESS
2148916,152,45,1,PCT,40-ft,MF,36.2755351732573,44.1800040313562,61.56323700032118,82.16666595188721,79.08453244675157,SUCCESS,SUCCESS,83.55460069406502,80.53012872956205,7.827951945882887,8.153163035051136,SUCCESS,SUCCESS
2148917,152,18,1,PCT,40-ft,MF,269.6634431452652,397.1595049206376,583.7803224023578,19.58164806371675,-13.507149362120172,FAILURE,FAILURE,67.46747429452925,51.66974524732203,270.07605994178243,367.59768559725416,SUCCESS,SUCCESS
2148918,151,8,1,PCT,40-ft,MF,342.54050135862076,542.2323065327,796.2881876839928,-6.1404798816843975,-51.18584888014056,FAILURE,FAILURE,86.95987698227353,81.2670529527841,525.0860127127225,747.0343663376952,SUCCESS,SUCCESS
2148919,152,9,1,PCT,40-ft,MF,371.3775252426162,562.8985202008562,834.4558896430538,-9.804702163272369,-57.95317192252726,FAILURE,FAILURE,86.95313542305134,80.51652195282654,545.7142039868656,780.9690734569956,SUCCESS,SUCCESS
2148920,183,22,1,PCT,40-ft,MF,254.99350751393857,410.69781625514014,612.4496874121679,17.18123825263473,-18.59037010854041,FAILURE,FAILURE,60.74062244496774,41.31317881490277,245.6749268447582,337.85601592821945,SUCCESS,SUCCESS
2148921,183,26,1,PCT,40-ft,MF,128.4329111170273,185.91019971219677,271.85607038828704,57.037198632589224,41.79856908009095,SUCCESS,SUCCESS,73.47419757117997,63.485191019628516,92.70467401365181,122.31254773899178,SUCCESS,SUCCESS
2148922,183,12,1,PCT,40-ft,MF,274.3601672800264,408.8701057725166,605.9194601917717,17.505300394943873,-17.432528402796397,FAILURE,FAILURE,76.23372222731918,65.85884562275905,331.22829913459657,469.76334950413275,SUCCESS,SUCCESS
2148923,151,30,1,PCT,40-ft,MF,25.078654369058825,36.630026164914305,53.9723415080352,83.50531450976698,80.43043590283064,SUCCESS,SUCCESS,85.98017276059183,83.30394266080114,13.958200534652121,16.206578114953572,SUCCESS,SUCCESS
2148924,151,6,1,PCT,40-ft,MF,255.82317764188534,421.3873768908244,618.02185887185,15.28592608318717,-19.578343771604604,FAILURE,FAILURE,74.1889879278482,63.81883200562516,332.21326880388824,470.3600713835761,SUCCESS,SUCCESS
2148925,151,3,1,PCT,40-ft,MF,320.41290300987487,481.0167607261761,710.8984548308691,4.713340296777296,-36.045825324622186,FAILURE,FAILURE,70.57511519922932,60.56837884499626,371.4604104498295,544.9041115166481,SUCCESS,SUCCESS
2148926,152,22,1,PCT,40-ft,MF,70.87539745402943,110.42868902466337,162.3711995403834,70.42044520839302,61.21078022333628,SUCCESS,SUCCESS,78.32385627124351,70.37326478848289,44.5752383944768,51.6764129474268,SUCCESS,SUCCESS
2148927,152,13,2,PCT,40-ft,SAT,415.243255446321,619.7457606619736,922.0187240649317,-19.884000117371198,-73.47849717463328,FAILURE,FAILURE,68.15721009700883,49.6908295577952,496.5524256091031,694.6750027708965,SUCCESS,SUCCESS
2148928,151,30,2,PCT,40-ft,SAT,371.66749550421906,592.0053585934959,884.9662224621424,-14.965489112321961,-66.90890469186921,FAILURE,FAILURE,86.87991496130472,78.9234318726543,574.4080789752545,822.4943782239128,SUCCESS,SUCCESS
2148929,151,26,2,PCT,40-ft,SAT,301.41637879133924,479.1646702561478,715.9956226194079,5.041725131888689,-36.94957847861841,FAILURE,FAILURE,75.9650233363422,65.01283009791278,400.00740187311794,575.0679843716359,SUCCESS,SUCCESS
2148930,151,25,2,PCT,40-ft,SAT,301.2720400198145,467.9362461537945,695.664918283646,7.0325804691853735,-33.344843667313114,FAILURE,FAILURE,77.87914788956816,67.96009349516255,399.5746402509591,571.3598455963629,SUCCESS,SUCCESS
2148931,151,32,2,PCT,40-ft,SAT,170.80084512953135,269.9467510185924,402.99745677167834,42.1371008832283,18.546550217787534,SUCCESS,FAILURE,80.9940462217705,69.82059729759025,219.15317170937823,289.1856255300873,SUCCESS,SUCCESS
2148932,151,41,3,PCT,40-ft,SUN,444.474872520379,707.8476253312529,1064.8085899441714,-35.504898108378164,-98.79584928088146,FAILURE,FAILURE,69.06059598106769,53.43600728196991,589.7493866644746,858.5876710144819,SUCCESS,SUCCESS
2148933,151,44,3,PCT,40-ft,SUN,253.65583827722273,402.7613848306361,601.719131741562,18.588406944922685,-16.687789315879787,FAILURE,FAILURE,86.28059741577793,77.82973415418466,381.7839542556237,533.0788323711635,SUCCESS,SUCCESS
2148934,151,49,3,PCT,40-ft,SUN,251.2774805048302,398.6725078177772,595.6037207701154,19.313385138691988,-15.603496590445987,FAILURE,FAILURE,84.58561603582518,77.6878042167848,368.13538225983143,526.1629365527817,SUCCESS,SUCCESS
2148935,151,52,3,PCT,40-ft,SUN,357.7757357185109,569.5093270615229,854.3795607765018,-10.9768310392771,-61.48573772633009,FAILURE,FAILURE,69.46092032227284,53.99503567598924,453.6689176791419,651.3115619890809,SUCCESS,SUCCESS
2148936,151,11,1,PCT,40-ft,MF,360.73089459785865,584.5776855603091,866.6275484874741,-13.648525808565434,-63.657366753098245,FAILURE,FAILURE,67.11571783965023,51.11129276668285,455.5103341759365,647.2952396915647,SUCCESS,SUCCESS
2148937,152,3,1,PCT,40-ft,MF,308.32710499021186,478.85355462434336,702.9639132557903,5.096887477953309,-34.63899171201955,FAILURE,FAILURE,65.63253764049755,51.026372308665046,341.4210669167496,483.1526530766611,SUCCESS,SUCCESS
2148938,183,24,1,PCT,40-ft,MF,80.05248287895047,126.19607258947164,185.46047505182725,67.62480982456177,57.11693704754837,SUCCESS,SUCCESS,77.63644563626693,69.78724296904798,56.4656259780171,71.46052539725787,SUCCESS,SUCCESS
2148940,152,1,1,PCT,40-ft,MF,497.56076382253497,728.6402053488406,1075.9187216204125,-39.19152577107102,-100.76573078376107,FAILURE,FAILURE,47.76141832787058,16.201652435664677,490.4146047180303,659.6960413575612,SUCCESS,FAILURE
2148941,152,39,1,PCT,40-ft,MF,53.40917777378903,82.10479205846764,120.76958873970145,75.44241275559085,68.58695235111676,SUCCESS,SUCCESS,79.99978497246815,73.59957078706982,25.70357930318795,28.27116797877528,SUCCESS,SUCCESS
2148942,152,44,1,PCT,40-ft,MF,128.9524089078212,190.14228134762305,276.2539301297558,56.286829548293795,41.018806714582304,SUCCESS,SUCCESS,79.62814974274657,68.94662044944201,131.64504589671367,157.51286946460874,SUCCESS,SUCCESS
2148943,183,27,1,PCT,40-ft,MF,59.15352237689263,94.72122214426517,139.38242492892655,73.20545706661964,65.28680409061587,SUCCESS,SUCCESS,81.91193663080925,75.59338342016741,49.104544742029304,58.1291074186708,SUCCESS,SUCCESS
2148944,183,4,1,PCT,40-ft,MF,295.4753036756498,453.0156113872223,671.9635067322442,9.678083087371938,-29.142465732667418,FAILURE,FAILURE,75.01687323702268,48.532126609752794,368.5107764440302,438.0847008112498,SUCCESS,SUCCESS
2148945,701,23,1,PCT,40-ft,MF,114.29605449247977,170.99787917508363,248.42238020817854,59.681227096616375,45.95347868649317,SUCCESS,SUCCESS,79.1113279443048,69.89164400908362,109.58576878096267,135.0112524194102,SUCCESS,SUCCESS
2148946,151,27,1,PCT,40-ft,MF,145.92848946843085,237.09562991094015,350.8193833556993,47.96176774628721,27.797981674521406,SUCCESS,SUCCESS,76.74853508777929,68.60496491559992,162.35736780601525,230.1513854796828,SUCCESS,SUCCESS
2148947,183,29,1,PCT,40-ft,MF,100.60230631572439,163.3674266903633,241.2997233876599,61.034144203836306,47.216361101478746,SUCCESS,SUCCESS,78.0780996493362,69.13257166842703,96.12790871261939,123.6074275975883,SUCCESS,SUCCESS
2148948,152,15,1,PCT,40-ft,MF,74.98115566753899,114.18956578434383,167.12832440277398,69.75362308788232,60.36731836830249,SUCCESS,SUCCESS,78.57383915983964,70.45990316174164,49.7460186458394,56.92217823499675,SUCCESS,SUCCESS
2148949,152,41,1,PCT,40-ft,MF,133.89612233543227,211.87527068304055,310.70532044747114,52.43346264485097,34.9104041759803,SUCCESS,SUCCESS,84.37868285916471,79.14586946273653,180.17104200872956,249.48802421730517,SUCCESS,SUCCESS
2148950,152,30,1,PCT,40-ft,MF,122.58909472735644,188.36777618729107,272.4972836958229,56.60145812282074,41.68487877733637,SUCCESS,SUCCESS,81.81897736291852,71.92257808122126,142.22680851415134,170.54062407391075,SUCCESS,SUCCESS
2148952,152,20,1,PCT,40-ft,MF,55.117111644468615,88.1076051833234,128.62493301284502,74.378084187354,67.19416081332535,SUCCESS,SUCCESS,80.68949313226072,74.77584036174443,35.59634644927388,42.76067265308359,SUCCESS,SUCCESS
2148953,151,1,1,PCT,40-ft,MF,322.2379496798787,520.4887963797161,772.4802038906744,-2.2852475850560356,-46.96457515792098,FAILURE,FAILURE,74.59243609372675,65.07732439363411,433.59013594833493,631.9163134707705,SUCCESS,SUCCESS
2148954,183,13,1,PCT,40-ft,MF,66.69547822362713,102.80673866623233,151.23732270836436,71.77185484641271,63.1848718602191,SUCCESS,SUCCESS,84.27891888024993,81.52910276243631,70.53984115084194,103.461462288505,SUCCESS,SUCCESS
2148955,152,27,2,PCT,40-ft,SAT,398.74548333151705,651.1868790579704,972.7132333114084,-25.45866649964013,-82.4668853389022,FAILURE,FAILURE,62.700497374310736,44.05552162140093,497.2176842490831,713.5863752561095,SUCCESS,SUCCESS
2148956,152,22,2,PCT,40-ft,SAT,453.2530489030108,741.3759933357998,1108.0501562968536,-41.449644208475135,-106.4627936696549,FAILURE,FAILURE,56.06618566945251,31.306582872584794,549.9892805115121,777.0192836982316,SUCCESS,SUCCESS
2148957,152,21,2,PCT,40-ft,SAT,349.65518967033205,567.5234026813897,841.8115090876496,-10.624716787480441,-59.25735976731376,FAILURE,FAILURE,74.1113852486921,61.850235117939235,477.91161548401334,683.0468351528268,SUCCESS,SUCCESS
2148958,152,12,2,PCT,40-ft,SAT,289.6291470130317,472.99925524572956,702.5436259832725,6.134883821679161,-34.564472692069586,FAILURE,FAILURE,69.65794695996291,48.81009428781118,358.27007609992046,470.2325577665274,SUCCESS,SUCCESS
2148959,152,17,2,PCT,40-ft,SAT,280.51353237306677,456.24486400783434,676.3683253955414,9.105520565986822,-29.92346194956408,FAILURE,FAILURE,69.17537654873,51.18968853573958,338.7939877426717,457.47816873711264,SUCCESS,SUCCESS
2148960,152,11,2,PCT,40-ft,SAT,344.7646320221313,561.54049917482,839.2280586864007,-9.56391829340779,-58.79930118553204,FAILURE,FAILURE,66.25319160941274,45.65800026932095,427.60849985190794,589.1391802053704,SUCCESS,SUCCESS
2148961,152,56,3,PCT,40-ft,SUN,332.446347133056,538.3576527111442,811.0191448254773,-5.453484523252508,-53.79772071373709,FAILURE,FAILURE,83.63152387050819,75.95689792013789,502.4394473408102,731.8160490950547,SUCCESS,SUCCESS
2148962,152,51,3,PCT,40-ft,SUN,301.54466883253775,484.95135114454683,732.7708480012697,4.0157178821725505,-39.92390922008327,FAILURE,FAILURE,84.90792894209301,74.85523656133562,456.2320703779513,647.3543822072024,SUCCESS,SUCCESS
2148963,152,57,3,PCT,40-ft,SUN,316.68512765698694,512.651837172239,773.3674253214476,-0.8957158106806645,-47.12188392224249,FAILURE,FAILURE,84.87173234961233,77.55708208306945,483.72840762405247,703.189368269959,SUCCESS,SUCCESS
2148964,152,58,3,PCT,40-ft,SUN,232.5224864718402,374.93565536334006,564.665690651276,23.52204692139361,-10.118030257318438,SUCCESS,FAILURE,84.9132967642119,73.92360473199683,346.24664911349515,473.994821339738,SUCCESS,SUCCESS
2148965,152,53,3,PCT,40-ft,SUN,360.75822541872407,581.9810429998946,880.4045510922375,-13.188128191470671,-66.10009771138962,FAILURE,FAILURE,83.2450999392695,74.5800307217808,543.8834066573745,793.435924363081,SUCCESS,SUCCESS
2148966,152,59,3,PCT,40-ft,SUN,316.6316131302157,514.358126451652,775.4516375848456,-1.1982493708602742,-47.49142510369602,FAILURE,FAILURE,85.66303093936838,77.79507146924777,489.8976209496896,706.6158406714028,SUCCESS,SUCCESS
2148967,151,9,1,PCT,40-ft,MF,279.0482990033699,413.0672740532151,598.5408313203885,16.761121621770375,-16.12426087240931,FAILURE,FAILURE,70.17760340847806,58.06217111999386,301.26895727703135,418.411476437154,SUCCESS,SUCCESS
2148968,701,10,1,PCT,40-ft,MF,444.9687201954382,644.2521847507608,936.2121578028343,-24.229110771411477,-75.99506344021884,FAILURE,FAILURE,47.331796566326375,14.438941816178405,403.60351738484155,510.0477896460802,SUCCESS,FAILURE
2148969,151,12,1,PCT,40-ft,MF,81.89406747839396,125.7860689127776,182.1650969431468,67.69750551191888,57.701223946250565,SUCCESS,SUCCESS,79.61627933341087,71.89336539591402,67.22188435321493,80.04367777610184,SUCCESS,SUCCESS
2148970,701,22,1,PCT,40-ft,MF,107.55293008693324,133.09197354248525,186.64723759604144,66.40213235062319,56.90651815673024,SUCCESS,SUCCESS,75.4309320236802,68.54214330970242,50.922430156041514,65.62492586276312,SUCCESS,SUCCESS
2148971,152,24,1,PCT,40-ft,MF,111.47492903540477,152.46805995224358,220.07851933312716,62.96665603683624,50.978985933842715,SUCCESS,SUCCESS,78.03619810899175,68.05678070000229,84.99221728695704,96.3187624811402,SUCCESS,SUCCESS
2148972,152,21,1,PCT,40-ft,MF,214.0655695265325,312.27332763424425,464.56467112566503,34.63238871733259,7.630377459988474,SUCCESS,FAILURE,75.74220200784448,66.18231727056776,231.85934695848692,330.2329405316673,SUCCESS,SUCCESS
2148973,151,29,1,PCT,40-ft,MF,130.68952353018847,197.57929130577267,289.1979608356975,54.96821076138782,38.7237658092735,SUCCESS,SUCCESS,79.9011226023738,69.6310523978607,140.6216227831609,174.3170963596317,SUCCESS,SUCCESS
2148975,152,43,1,PCT,40-ft,MF,95.66379174496298,140.1341220720691,203.30792352694928,65.1535244553069,53.9524958285551,SUCCESS,SUCCESS,75.94895868508544,66.43986791822374,60.886249055951,70.4287785857311,SUCCESS,SUCCESS
2148976,151,23,1,PCT,40-ft,MF,39.57323492976842,61.34317837620079,89.9311360099947,79.12354993329774,74.05476311879528,SUCCESS,SUCCESS,83.62307551820716,79.22254947898561,25.377324298889107,29.146315071473566,SUCCESS,SUCCESS
2148977,152,32,1,PCT,40-ft,MF,61.27500892104076,93.02069375981681,134.53527452318295,73.50696919152185,66.14622792142147,SUCCESS,SUCCESS,80.06799472194398,73.73528057026019,37.00418399158076,42.80225693945033,SUCCESS,SUCCESS
2148978,152,28,1,PCT,40-ft,MF,84.5785140458921,124.41606978953584,179.321346950399,67.94041315788371,58.205434937872525,SUCCESS,SUCCESS,81.06350571579436,73.5840183960328,74.01424202661599,86.73521070402398,SUCCESS,SUCCESS
2148979,701,21,1,PCT,40-ft,MF,253.15698139486284,338.13058619158164,480.7838662294622,30.047768405747938,4.754633647258479,SUCCESS,FAILURE,72.49887855066964,63.312702468552814,239.42426121735843,330.26750815210005,SUCCESS,SUCCESS
2148980,701,25,1,PCT,40-ft,MF,76.65157520785557,105.47223586200994,151.40372766766566,71.29924896063655,63.15536743481106,SUCCESS,SUCCESS,73.67508909763328,65.68810143461565,13.399738372661545,14.284619758897804,SUCCESS,SUCCESS
2148981,152,11,1,PCT,40-ft,MF,96.11802016357483,137.55491846776926,202.33580493994899,65.61083005890616,54.1248572801509,SUCCESS,SUCCESS,82.70764323037486,74.22546733509424,96.42602628708335,113.36744070988044,SUCCESS,SUCCESS
2148982,701,6,1,PCT,40-ft,MF,405.16498379634083,548.9964247017778,787.613595808953,-7.339791613790378,-49.64780067534628,FAILURE,FAILURE,31.93060576600982,-5.120780612177947,221.48504122207322,251.13239315626933,SUCCESS,FAILURE
2148983,153,3,2,XNE,28-ft Shuttle,SAT,329.52543340454656,551.7908065919299,801.2975650922697,-7.835249395732253,-52.074036363877596,FAILURE,FAILURE,69.40598632557034,58.38214112598259,435.6405694681467,622.9728410428113,SUCCESS,SUCCESS
2148984,153,7,2,XNE,28-ft Shuttle,SAT,317.6060994680544,531.4339491370622,772.2402791185301,-4.225877506571308,-46.92203530470392,FAILURE,FAILURE,80.57578836354169,73.55081322553734,478.2813955074374,679.4668657105609,SUCCESS,SUCCESS
2148985,153,4,2,XNE,28-ft Shuttle,SAT,361.9016583978222,602.9159743938189,876.8481014046193,-16.89999545989697,-65.46952152564172,FAILURE,FAILURE,78.62560502250929,71.50973201561322,538.7643867207713,772.5629899726782,SUCCESS,SUCCESS
2148986,153,5,2,XNE,28-ft Shuttle,SAT,335.6596595187012,565.3339124037324,821.1990412598016,-10.236509291441905,-55.602666890035735,FAILURE,FAILURE,79.28244758062209,72.46667013130816,504.88691675844103,722.3110608003799,SUCCESS,SUCCESS
2148987,153,4,3,XNE,28-ft Shuttle,SUN,264.66445660404855,431.8581326293559,628.7933402814954,13.429409108270232,-21.488180900974356,FAILURE,FAILURE,75.86270396920949,69.2773230117809,352.1237830156974,511.91744206793953,SUCCESS,SUCCESS
2148988,171,3,3,XNE,28-ft Shuttle,SUN,281.00555472200074,451.78834070135247,657.8847938071959,9.89568427280985,-26.646240036736863,FAILURE,FAILURE,77.88542007146519,71.05814215557074,383.4621099044161,551.0527155646148,SUCCESS,SUCCESS
2148989,153,8,3,XNE,28-ft Shuttle,SUN,355.64921145036516,559.4548159531997,815.9590651417234,-9.194116303758813,-54.67359311023464,FAILURE,FAILURE,73.00204402759944,58.658958337141556,463.58634426886056,639.195590163202,SUCCESS,SUCCESS
2148990,153,7,3,XNE,28-ft Shuttle,SUN,288.65231437830886,459.4103508141384,675.6725056160539,8.54426404004639,-29.800089648236494,FAILURE,FAILURE,75.60603886124193,66.9698988625106,378.2284099915428,545.7827352006138,SUCCESS,SUCCESS
2148991,171,5,3,XNE,28-ft Shuttle,SUN,263.06493707620604,430.66771071495526,625.9513849805014,13.640476823589495,-20.984288117110175,FAILURE,FAILURE,79.54577268360097,72.78953488667328,371.7058686504647,528.8843617413388,SUCCESS,SUCCESS
2148992,153,10,3,XNE,28-ft Shuttle,SUN,336.8413396390238,563.3172920481596,819.5046502736778,-9.878952490808441,-55.302242956325856,FAILURE,FAILURE,84.6338988374649,75.77667856097639,533.0524814914615,739.2851173575848,SUCCESS,SUCCESS
2148993,153,5,3,XNE,28-ft Shuttle,SUN,360.39758503161636,566.9631991560972,826.5336717924152,-10.525389921293822,-56.54852336744951,FAILURE,FAILURE,71.46681784952729,52.29124257234622,462.43605182743113,613.8562799004483,SUCCESS,SUCCESS
2148994,152,13,1,PCT,40-ft,MF,78.67385177377487,113.89788625204369,167.64619049693297,69.80533931701353,60.27549813884168,SUCCESS,SUCCESS,81.77332097529597,74.70480670459774,67.49941655271289,81.38130031086416,SUCCESS,SUCCESS
2148995,701,19,1,PCT,40-ft,MF,79.26507581802771,114.60810095279523,168.6283780831624,69.67941472468169,60.101351403694615,SUCCESS,SUCCESS,79.09863060504806,70.80775420129886,53.12437756526623,60.38411177848798,SUCCESS,SUCCESS
2148996,701,9,1,PCT,40-ft,MF,378.0374768597043,496.83405715614964,709.8857611814176,1.9088551141578691,-35.8662697130173,FAILURE,FAILURE,68.97507157395253,57.563440066470186,378.2534608332419,526.9435631563096,SUCCESS,SUCCESS
2148997,152,25,1,PCT,40-ft,MF,310.81457307164766,428.9361500742082,626.257743530198,13.947491121594298,-21.038607008900353,FAILURE,FAILURE,60.3885028752014,42.87025853988854,261.92730629034395,360.44600169516923,SUCCESS,SUCCESS
2148998,152,36,1,PCT,40-ft,MF,275.54116305457035,434.7043125974245,657.0557267997887,12.924767269960197,-26.499242340388058,FAILURE,FAILURE,67.00026704973651,49.606482008954394,304.9858187579382,429.2362853302914,SUCCESS,SUCCESS
2148999,152,23,2,PCT,40-ft,SAT,349.6842113254756,488.9929594126748,710.912524016504,3.2991206715115657,-36.04831986108226,FAILURE,FAILURE,81.4317097299222,72.54525740858412,440.6678022894357,612.4677758009183,SUCCESS,SUCCESS
2149000,152,18,2,PCT,40-ft,SAT,344.1030197532398,482.53968040653825,701.8630946084977,4.443319076854923,-34.44381110079746,FAILURE,FAILURE,85.05037517676382,76.45333764919636,454.62379640348587,625.459918949965,SUCCESS,SUCCESS
2149001,152,54,3,PCT,40-ft,SUN,257.93215871812095,358.9181192119398,522.4278469857857,26.362035600719892,-2.629050884004546,SUCCESS,FAILURE,85.05699706924884,81.71172330204946,331.039582682503,475.6819664093446,SUCCESS,SUCCESS
2149002,152,61,3,PCT,40-ft,SUN,276.37194567109736,391.40134132480426,572.1616315797768,20.602599055885772,-11.44709779783276,SUCCESS,FAILURE,83.74215024022816,79.20323806767162,356.10706867969077,511.2678942814446,SUCCESS,SUCCESS
2149003,152,63,3,PCT,40-ft,SUN,210.65283886126238,293.20166656813285,428.07402994992117,38.013888906359426,14.10034929965937,SUCCESS,FAILURE,85.06822559719069,82.32979765402216,265.3864589362881,384.8140887186062,SUCCESS,SUCCESS
2149004,151,22,1,PCT,40-ft,MF,252.4537173182036,372.1760287178802,542.6123985873548,24.011342425907774,-6.2078720899565285,SUCCESS,FAILURE,68.82298543524203,54.0430484667768,252.73766657264514,339.815191939976,SUCCESS,SUCCESS
2149005,152,60,3,PCT,40-ft,SUN,298.25173613964824,465.4142483052051,687.522908719252,7.4797432082969735,-31.90122495022198,FAILURE,FAILURE,81.20266797930545,72.81175005497286,415.7972957084878,590.5811790292987,SUCCESS,SUCCESS
2149006,152,62,3,PCT,40-ft,SUN,313.1902860351499,493.26000082209487,729.5091578614789,2.542553045727865,-39.34559536551044,FAILURE,FAILURE,75.07558199325167,63.53161631922555,409.0862832640343,580.2274739019106,SUCCESS,SUCCESS
2149007,151,13,1,PCT,40-ft,MF,286.8259104042186,450.25970470902973,655.056178078919,10.166719023221681,-26.144712425340234,FAILURE,FAILURE,82.84506294290553,76.22670354198435,409.9058597070168,577.3747860557107,SUCCESS,SUCCESS
2149008,181,17,2,XNE,28-ft Shuttle,SAT,89.90289907160519,134.4862414674158,194.63510246839394,66.1549217256355,55.49023005879541,SUCCESS,SUCCESS,81.5610030427245,73.01858363048585,86.89029862838186,98.85991414433408,SUCCESS,SUCCESS
2149009,181,17,3,XNE,28-ft Shuttle,SUN,124.50937516181355,189.2615346819972,279.55469184371765,56.44299030461043,40.43356527593659,SUCCESS,SUCCESS,84.35913398871439,80.48001533730388,157.44705037834638,225.86197834611136,SUCCESS,SUCCESS
2149010,152,40,1,PCT,40-ft,MF,86.81051203955512,120.62660111916882,174.56494798384344,68.61230476610483,59.04876808797101,SUCCESS,SUCCESS,78.6442167224406,71.77292263184835,56.57998343373373,71.76423162746806,SUCCESS,SUCCESS
2149011,701,13,1,PCT,40-ft,MF,68.76334142034739,93.71756787150608,135.30098427205104,73.38340995186063,66.01046378155124,SUCCESS,SUCCESS,76.47885191927823,70.33998357741359,17.458292696235276,24.418491648663576,SUCCESS,SUCCESS
2149012,152,42,1,PCT,40-ft,MF,16.920747620822308,24.06439596854326,36.39790540709964,85.73326312614482,83.54647067250008,SUCCESS,SUCCESS,86.45165253688877,84.53682102569937,4.051716276595926,5.585575992044085,SUCCESS,SUCCESS
2149014,183,21,1,PCT,40-ft,MF,60.3460936835947,82.3213649539602,119.34049619372934,75.40401330603544,68.8403375543033,SUCCESS,SUCCESS,82.36293918087327,78.57425195237559,39.24834193408543,54.89927720512759,SUCCESS,SUCCESS
2149015,152,28,2,PCT,40-ft,SAT,366.6150710465098,533.0421090673775,788.1698082193687,-4.511012245988916,-49.74641989705119,FAILURE,FAILURE,85.40064742375232,77.03570758184614,507.1017605373405,715.0511989809808,SUCCESS,SUCCESS
2149016,152,19,2,PCT,40-ft,SAT,399.02364200404793,580.7793246189656,857.0622616020758,-12.975057556554177,-61.96139390107726,FAILURE,FAILURE,81.323924202315,72.02538265470585,531.846257120022,755.6854197746167,SUCCESS,SUCCESS
2149017,152,25,2,PCT,40-ft,SAT,389.25303678275935,562.1026029010878,831.1677676015852,-9.663582074660958,-57.37017156056474,FAILURE,FAILURE,78.43527277964328,67.3508010719272,496.87754137827574,703.4262856472542,SUCCESS,SUCCESS
2149018,152,26,2,PCT,40-ft,SAT,314.54436447684117,466.1088100158736,693.624391239012,7.356593968816743,-32.983048092023395,FAILURE,FAILURE,83.23920593683576,75.82447022338872,427.977931499627,613.6744032989241,SUCCESS,SUCCESS
2149019,152,16,2,PCT,40-ft,SAT,383.002345371123,576.7786442129509,863.6242277255916,-12.265717059033843,-63.124863071913396,FAILURE,FAILURE,85.228114645066,75.25053807746313,549.8652108111228,780.4372624824832,SUCCESS,SUCCESS
2149020,152,24,2,PCT,40-ft,SAT,281.1095668293395,401.9685594053533,591.2803327966625,18.728978828838073,-14.83693843912455,FAILURE,FAILURE,75.09609000486722,65.72323755785294,317.9105070328042,454.35939262295295,SUCCESS,SUCCESS
2149021,152,20,2,PCT,40-ft,SAT,261.69025490311105,382.98906089526497,567.0752797134445,22.09413813913742,-10.545262360539802,SUCCESS,FAILURE,74.14217994287182,64.29830716720494,293.55095577306184,422.11773213648024,SUCCESS,SUCCESS
2149022,151,56,3,PCT,40-ft,SUN,153.90657047821438,210.1455239900827,302.74549532877035,52.740155320907334,36.32172068638824,SUCCESS,SUCCESS,79.99601707150211,70.61822721991695,153.72306027335452,193.43229684910193,SUCCESS,SUCCESS
2149023,151,57,3,PCT,40-ft,SUN,152.41155147361007,208.91214428479623,301.4545148885575,52.95883966581627,36.55061792756072,SUCCESS,SUCCESS,78.08999748272205,68.88905963266335,141.7397300873485,182.38881121677872,SUCCESS,SUCCESS
2149024,151,42,3,PCT,40-ft,SUN,457.1007469684638,654.2517679555374,956.9785977199111,-26.00208651693925,-79.67705633331758,FAILURE,FAILURE,61.26779104015291,43.552128080982264,492.20210942199975,695.0126000966507,SUCCESS,SUCCESS
2149025,160,1,1,PCT,40-ft,MF,377.2200299221459,575.9835629590984,854.6445921228784,-12.124745205513902,-61.53272909980113,FAILURE,FAILURE,72.15542866651386,47.917189946012655,475.34018063823646,617.2975434183895,SUCCESS,SUCCESS
2149026,183,3,1,PCT,40-ft,MF,408.4312130569688,642.6006693985379,966.5966955659583,-23.936288900449977,-81.38239283084367,FAILURE,FAILURE,74.80459099933944,64.556145529661,556.8985626348122,823.0933563532458,SUCCESS,SUCCESS
2149027,183,10,1,PCT,40-ft,MF,443.91984410139185,680.4145742202444,1007.0493256445687,-30.64088195394404,-88.55484497244126,FAILURE,FAILURE,64.85116170107875,31.753823269735047,538.5751262143283,678.5408888858747,SUCCESS,SUCCESS
2149028,183,20,1,PCT,40-ft,MF,304.7310191534572,463.07546246693295,690.5666089162448,7.894421548416148,-32.440888105717164,FAILURE,FAILURE,59.23510057438841,38.4391295814889,289.56142970648347,399.76329975584224,SUCCESS,SUCCESS
2149029,151,10,1,PCT,40-ft,MF,48.64772782367106,78.35427960229681,114.09907479344928,76.10739723363533,69.76966758981395,SUCCESS,SUCCESS,82.20197491633274,77.39380418502869,34.37341813041343,43.00013039701105,SUCCESS,SUCCESS
2149030,160,8,1,PCT,40-ft,MF,321.3560987132809,488.5766802472239,723.0445145470043,3.37292903418016,-38.19938201188018,FAILURE,FAILURE,66.20179120231924,42.71563013504107,354.35478262830446,456.3606685086359,SUCCESS,SUCCESS
2149031,160,12,1,PCT,40-ft,MF,397.26796323661165,607.4039421976738,902.0890587871332,-17.695734432211665,-69.94486857927895,FAILURE,FAILURE,49.01018760989716,18.42005115192264,376.2214003174938,498.37814728397694,SUCCESS,FAILURE
2149032,160,5,1,PCT,40-ft,MF,321.3865995803951,489.36312693269844,723.2486357674928,3.2334881325002813,-38.23557371764057,FAILURE,FAILURE,66.84259695672834,40.956331952457305,358.7553737686462,446.6423479793521,SUCCESS,SUCCESS
2149034,160,4,1,PCT,40-ft,MF,321.3280011350135,489.392651155755,723.2456000325018,3.228253341178195,-38.235035466755626,FAILURE,FAILURE,61.03550894499566,31.633448443096263,326.03292160553053,394.0582492515647,SUCCESS,SUCCESS
2149035,160,2,1,PCT,40-ft,MF,321.3560987132809,488.5766802472239,723.0445145470043,3.37292903418016,-38.19938201188018,FAILURE,FAILURE,59.88103431423062,32.75933962997294,318.7057137794846,400.20719006005174,SUCCESS,SUCCESS
2149036,160,6,1,PCT,40-ft,MF,267.968921357757,407.2425872040603,602.8057633577163,17.793867517010582,-16.88045449604898,FAILURE,FAILURE,68.61952814029414,50.78098115115446,286.65672591531927,381.61049705022737,SUCCESS,SUCCESS
2149037,183,1,1,PCT,40-ft,MF,247.76895738794994,385.6900592020954,579.9862201110994,21.615237730124928,-12.834436189911244,SUCCESS,FAILURE,70.24901221173168,56.571297833505994,274.29448807626187,391.4483398920731,SUCCESS,SUCCESS
2149038,160,3,1,PCT,40-ft,MF,262.3742325571134,403.0423854701208,597.4796529931552,18.53858413650341,-15.93610868672965,FAILURE,FAILURE,69.97309697404768,51.01951002700504,290.09065240374963,377.62968954546363,SUCCESS,SUCCESS
2149039,160,11,1,PCT,40-ft,MF,54.39211435739382,82.72218593993706,122.05184408606152,75.33294575533031,68.35960211240044,SUCCESS,SUCCESS,77.84047819620771,71.10267750944868,14.14248296654847,15.470945239352034,SUCCESS,SUCCESS
2149040,160,9,1,PCT,40-ft,MF,54.39211435739382,82.72218593993706,122.05184408606152,75.33294575533031,68.35960211240044,SUCCESS,SUCCESS,79.67907738972566,73.0832016347154,24.512182417989777,26.641101305856296,SUCCESS,SUCCESS
2149041,160,24,2,PCT,40-ft,SAT,500.8221657750659,763.5612866984462,1132.3792631436734,-45.383206861426636,-110.77646509639598,FAILURE,FAILURE,43.86957204799156,-12.229787343263736,503.3856730491185,555.803262527666,SUCCESS,FAILURE
2149042,160,28,2,PCT,40-ft,SAT,428.10235584606136,652.0608372420824,963.7231024110778,-25.613623624482685,-80.87289049841803,FAILURE,FAILURE,45.51930451242278,-3.716384350432351,401.18971469214665,435.1626946746394,SUCCESS,FAILURE
2149043,160,27,2,PCT,40-ft,SAT,321.3280011350135,489.392651155755,723.2456000325018,3.228253341178195,-38.235035466755626,FAILURE,FAILURE,61.81010796903734,31.95186398343487,330.4016601011256,395.8541128990745,SUCCESS,SUCCESS
2149044,160,21,2,PCT,40-ft,SAT,504.0086318925088,769.7562239630361,1142.597323298952,-46.4815999934461,-112.58817788988512,FAILURE,FAILURE,58.8069399867321,8.422906824680672,593.8273654882048,682.5025177901509,SUCCESS,FAILURE
2149045,160,31,2,PCT,40-ft,SAT,321.3280011350135,489.392651155755,723.2456000325018,3.228253341178195,-38.235035466755626,FAILURE,FAILURE,57.851175043265066,26.444170992960274,308.07327839976995,364.7907244327977,SUCCESS,SUCCESS
2149046,160,22,2,PCT,40-ft,SAT,343.847099825937,525.7539448335451,781.8810697310877,-3.2187845449548043,-48.63139534239143,FAILURE,FAILURE,60.132012365530585,18.46543446012241,357.2984945751375,378.4261200861781,SUCCESS,FAILURE
2149047,160,23,2,PCT,40-ft,SAT,321.3280011350135,489.392651155755,723.2456000325018,3.228253341178195,-38.235035466755626,FAILURE,FAILURE,59.19928512017554,27.278595854948218,315.676619233545,369.49688065440967,SUCCESS,SUCCESS
2149048,160,29,2,PCT,40-ft,SAT,267.94082377948956,408.0585581125914,603.0068488432138,17.64919182400862,-16.916107950924427,FAILURE,FAILURE,63.13395119261026,38.69110038200677,256.53404283891325,313.6246549977319,SUCCESS,SUCCESS
2149049,160,25,2,PCT,40-ft,SAT,321.3280011350135,489.392651155755,723.2456000325018,3.228253341178195,-38.235035466755626,FAILURE,FAILURE,68.08778091641024,47.34957432223518,365.8077355243088,482.69719920990815,SUCCESS,SUCCESS
2149050,160,30,2,PCT,40-ft,SAT,214.55364642396563,326.7244650694278,482.7680976539257,32.07013030683905,4.402819564906799,SUCCESS,FAILURE,67.09896451251176,49.74558367455708,197.56262491999405,255.73318957842758,SUCCESS,SUCCESS
2149051,160,26,2,PCT,40-ft,SAT,214.55364642396563,326.7244650694278,482.7680976539257,32.07013030683905,4.402819564906799,SUCCESS,FAILURE,65.84191514403838,49.55393636332186,190.47286648180432,254.65229874306095,SUCCESS,SUCCESS
2149052,160,60,3,PCT,40-ft,SUN,374.7151784905374,570.7267441989187,843.4843512217898,-11.19268514165225,-59.55396298258684,FAILURE,FAILURE,65.3539465727969,33.18129268891312,431.7230028694931,523.0268419872598,SUCCESS,SUCCESS
2149053,160,51,3,PCT,40-ft,SUN,450.62145453698486,688.4221309198724,1022.3585721096637,-32.060661510615674,-91.26925037405384,FAILURE,FAILURE,60.061111599412,2.914970846041465,519.5668003405559,531.1990076813377,SUCCESS,FAILURE
2149054,160,58,3,PCT,40-ft,SUN,374.7151784905374,570.7267441989187,843.4843512217898,-11.19268514165225,-59.55396298258684,FAILURE,FAILURE,53.67633287242347,11.70583589979052,365.8612615993869,401.90526569660835,SUCCESS,FAILURE
2149055,160,54,3,PCT,40-ft,SUN,426.82877798157836,635.3380232014832,932.9576263761413,-22.648585674021845,-75.41801886101797,FAILURE,FAILURE,64.98341450117255,35.71368201191079,494.2444809880963,626.7827929233181,SUCCESS,SUCCESS
2149056,160,56,3,PCT,40-ft,SUN,321.3280011350135,489.392651155755,723.2456000325018,3.228253341178195,-38.235035466755626,FAILURE,FAILURE,58.36307078314569,26.871922289466717,310.9603703726967,367.20324174509403,SUCCESS,SUCCESS
2149057,160,52,3,PCT,40-ft,SUN,321.3280011350135,489.392651155755,723.2456000325018,3.228253341178195,-38.235035466755626,FAILURE,FAILURE,63.96479404517885,31.52997880697912,342.5540895705637,393.474680503864,SUCCESS,SUCCESS
2149058,160,59,3,PCT,40-ft,SUN,267.94082377948956,408.0585581125914,603.0068488432138,17.64919182400862,-16.916107950924427,FAILURE,FAILURE,62.86745636015723,34.84011295365087,255.03101198387816,291.9050859018047,SUCCESS,SUCCESS
2149059,160,57,3,PCT,40-ft,SUN,267.94082377948956,408.0585581125914,603.0068488432138,17.64919182400862,-16.916107950924427,FAILURE,FAILURE,61.98655181025732,35.827442502621054,250.06271032244268,297.47362455799646,SUCCESS,SUCCESS
2149060,160,53,3,PCT,40-ft,SUN,321.3280011350135,489.392651155755,723.2456000325018,3.228253341178195,-38.235035466755626,FAILURE,FAILURE,68.33821219682903,43.152411740361025,367.2201679458708,459.02520224813793,SUCCESS,SUCCESS
2149061,160,55,3,PCT,40-ft,SUN,267.94082377948956,408.0585581125914,603.0068488432138,17.64919182400862,-16.916107950924427,FAILURE,FAILURE,63.28590447302113,39.32944293547041,257.39105934043056,317.2249069992668,SUCCESS,SUCCESS
2149062,171,6,1,XNE,28-ft Shuttle,MF,237.45054664707067,371.695439164191,545.6784742782207,24.09655333968245,-6.751502531599416,SUCCESS,FAILURE,78.58418773682774,68.95743831025804,307.3102579998995,426.9984263480761,SUCCESS,SUCCESS
2149063,171,9,1,XNE,28-ft Shuttle,MF,256.95721914068037,397.46655651191884,578.8200614939017,19.527206292212977,-12.627670477642136,FAILURE,FAILURE,73.63749998073561,63.253174733340515,305.1820564032676,427.9679669899421,SUCCESS,SUCCESS
2149064,171,20,1,XNE,28-ft Shuttle,MF,239.88820256761952,365.52751676391864,529.8502616356235,25.19015660214209,-3.94508185028785,SUCCESS,FAILURE,80.18797207059838,72.65432230437743,310.18767924209334,432.02063943231235,SUCCESS,SUCCESS
2149065,171,17,1,XNE,28-ft Shuttle,MF,219.16594774771622,331.83546206817806,483.7856883273189,31.16392516521666,4.22239568664559,SUCCESS,FAILURE,76.40373095129155,64.70045187219343,255.15250463346223,341.09623688648975,SUCCESS,SUCCESS
2149066,171,16,1,XNE,28-ft Shuttle,MF,353.53224688771996,546.274042924514,797.3249292011404,-6.857099809310988,-51.369668298074544,FAILURE,FAILURE,85.08365812708772,77.8173349146585,518.5458747612886,728.6146981198145,SUCCESS,SUCCESS
2149067,171,34,1,XNE,28-ft Shuttle,MF,171.99679790965428,265.2962464411525,389.3738938532628,42.961658432419775,20.96207555793213,SUCCESS,SUCCESS,78.88153727413626,69.66139841708551,202.58811666728104,274.6641809256251,SUCCESS,SUCCESS
2149068,171,35,1,XNE,28-ft Shuttle,MF,191.85329421857156,277.1190506185036,399.00415031964644,40.865416557002916,19.254583276658437,SUCCESS,FAILURE,83.0896501266814,74.49438311279334,238.14467733298653,311.5524710758007,SUCCESS,SUCCESS
2149069,171,15,1,XNE,28-ft Shuttle,MF,368.61422743723597,536.1246350968241,775.6902047114215,-5.057559414330517,-47.53372423961375,FAILURE,FAILURE,74.85139527419537,62.672924299796776,450.68650444328597,621.5654977622751,SUCCESS,SUCCESS
2149070,171,29,1,XNE,28-ft Shuttle,MF,158.08978811447068,231.58849720209844,336.5901371540479,48.93820971594,30.320897667722008,SUCCESS,SUCCESS,77.14771930343882,68.47741237120768,159.10163407349336,215.20274292765924,SUCCESS,SUCCESS
2149071,181,13,1,XNE,28-ft Shuttle,MF,249.0767704296481,355.91748086135664,520.6481879814918,26.894063677064427,-2.313508507356696,SUCCESS,FAILURE,80.720339659216,72.59294582952963,303.5801965393348,422.4724024600384,SUCCESS,SUCCESS
2149072,171,19,1,XNE,28-ft Shuttle,MF,372.78379257385865,568.3490080484585,828.34511440001,-10.771100717811782,-56.869701134753534,FAILURE,FAILURE,61.98434430641006,42.67031839860085,410.3407099366111,561.405710168118,SUCCESS,SUCCESS
2149073,171,33,1,XNE,28-ft Shuttle,MF,190.38316308955055,287.8096435154102,418.4901781602771,38.96992136251593,15.799613801369317,SUCCESS,FAILURE,81.86167545064284,73.08764570006619,241.90949305703566,323.10449990865027,SUCCESS,SUCCESS
2149074,171,14,1,XNE,28-ft Shuttle,MF,291.4751397425301,432.98086669313267,635.8681060776031,13.230342784905561,-22.742571999575016,FAILURE,FAILURE,72.6224275763157,63.05434894949352,334.9713582235533,483.89463415274645,SUCCESS,SUCCESS
2149075,171,28,1,XNE,28-ft Shuttle,MF,106.70807585181463,160.51849782533063,232.6646051244486,61.53927343522506,48.74741043892756,SUCCESS,SUCCESS,80.53091273543237,71.79986240204359,107.11284565316907,130.01582907197428,SUCCESS,SUCCESS
2149076,171,22,1,XNE,28-ft Shuttle,MF,229.61586240761355,341.16902908099155,498.9754833317684,29.50903739698732,1.5291696220268882,SUCCESS,FAILURE,75.40640271241173,66.08062269562416,258.8611403789938,364.07019533508856,SUCCESS,SUCCESS
2149077,171,10,1,XNE,28-ft Shuttle,MF,73.32921504569875,101.19360809023014,144.8186027015107,72.05787090598757,64.32294278342009,SUCCESS,SUCCESS,79.3744697383053,72.620374678811,41.26561741427196,46.79751589000472,SUCCESS,SUCCESS
2149078,181,14,1,XNE,28-ft Shuttle,MF,316.654592281422,473.02771743799053,686.5383817886704,6.1298373336896255,-31.726663437707526,FAILURE,FAILURE,84.97401925463599,76.88298395884269,444.6811860341373,612.5584113165432,SUCCESS,SUCCESS
2149079,171,21,1,XNE,28-ft Shuttle,MF,244.76061026233523,368.7541518503986,541.5784835940176,24.61805818255344,-6.02455382872652,SUCCESS,FAILURE,73.39196063714216,61.51756256745136,275.0848098438804,380.93753647444316,SUCCESS,SUCCESS
2149080,171,23,1,XNE,28-ft Shuttle,MF,246.32020440666858,366.6692865911301,535.4064695619215,24.98771514341665,-4.930225099631475,SUCCESS,FAILURE,68.19735220274255,49.51190090392604,243.7023530145982,307.05359066006434,SUCCESS,SUCCESS
2149081,171,2,1,XNE,28-ft Shuttle,MF,85.7003241438743,126.80475556637916,182.98376022160156,67.51688731092568,57.55607088269477,SUCCESS,SUCCESS,77.77685688487237,69.94036692194344,57.866228397059274,69.84742966136253,SUCCESS,SUCCESS
2149082,170,2,1,XNE,28-ft Shuttle,MF,305.13967191997153,505.8790283636505,753.0899969925638,0.3051368149555907,-43.52659521144748,FAILURE,FAILURE,81.3616380048095,74.770198219203,457.1586667107761,667.1939149488691,SUCCESS,SUCCESS
2149083,170,3,1,XNE,28-ft Shuttle,MF,55.075458255711034,88.92823316532491,132.06016857169172,74.23258277210552,66.5850764943809,SUCCESS,SUCCESS,82.87738668187198,76.3543821196956,48.75669405108283,55.09888372677506,SUCCESS,SUCCESS
2149084,170,1,1,XNE,28-ft Shuttle,MF,71.02861171161621,115.94514071370634,172.4542642896149,69.44235093728611,59.42300278552928,SUCCESS,SUCCESS,81.02511511897576,72.92699803468203,65.32678998472966,76.16253320522185,SUCCESS,SUCCESS
2149085,170,1,2,XNE,28-ft Shuttle,SAT,305.13967191997153,505.8790283636505,753.0899969925638,0.3051368149555907,-43.52659521144748,FAILURE,FAILURE,77.35091826600775,69.40614346439588,434.5382073839342,636.9406461317571,SUCCESS,SUCCESS
2149086,170,1,3,XNE,28-ft Shuttle,SUN,288.41745333366043,478.0266078172259,711.6160160852103,5.243509252264914,-36.173052497377704,FAILURE,FAILURE,80.53543476803688,73.12175856919974,424.64645990895383,616.4227344154972,SUCCESS,SUCCESS
2149087,171,8,1,XNE,28-ft Shuttle,MF,328.88732070120517,496.4738509635487,729.9174225372899,1.9727214603637047,-39.41798271937763,FAILURE,FAILURE,85.35490709853366,82.86047028945917,470.27552699927855,689.6504749698397,SUCCESS,SUCCESS
2149088,171,12,1,XNE,28-ft Shuttle,MF,80.93354131826997,121.33652672961728,176.9971642880085,68.48643143091893,58.61752406240984,SUCCESS,SUCCESS,81.39697165934564,74.8327990771451,72.81544688832673,91.45415108310686,SUCCESS,SUCCESS
2149089,181,7,1,XNE,28-ft Shuttle,MF,256.1104660802437,383.7301983451806,555.0651900498142,21.9627307898616,-8.415813838619533,SUCCESS,FAILURE,69.15036719978552,54.56645406112391,266.1382693519709,355.219990954553,SUCCESS,SUCCESS
2149090,171,1,1,XNE,28-ft Shuttle,MF,93.76137094648766,142.1349630752619,208.4226012844998,64.7987654121876,53.04563807012415,SUCCESS,SUCCESS,79.90515668052944,71.81827796784874,85.20004675344796,105.87768902316657,SUCCESS,SUCCESS
2149091,171,11,1,XNE,28-ft Shuttle,MF,249.68091324376138,378.5997354184245,554.6496329842752,22.872387337158788,-8.342133507850203,SUCCESS,FAILURE,73.13360280691207,59.60653145836975,283.4732552494085,383.23047040948046,SUCCESS,SUCCESS
2149092,171,4,1,XNE,28-ft Shuttle,MF,359.8518676578518,545.9164764063016,799.4617496695777,-6.793701490479008,-51.74853717545703,FAILURE,FAILURE,78.59124991978236,70.78513662226253,481.5711259538744,691.089920219138,SUCCESS,SUCCESS
2149093,171,30,1,XNE,28-ft Shuttle,MF,190.0038508172955,290.7294232054914,426.3380990288936,38.452229928104366,14.408138470054327,SUCCESS,FAILURE,70.62086523767027,59.526076249907064,181.43110314595174,254.46516907836946,SUCCESS,SUCCESS
2149094,171,31,1,XNE,28-ft Shuttle,MF,166.21630150111105,248.54260963071533,363.4981018210391,45.932161412993736,25.54998194662428,SUCCESS,SUCCESS,72.12744562141403,61.86622455168892,147.74140293549044,204.82360829256447,SUCCESS,SUCCESS
2149095,171,32,1,XNE,28-ft Shuttle,MF,152.99811546070492,232.646321103002,341.4680940883817,48.750652286701765,29.456011686457153,SUCCESS,SUCCESS,74.98576385726976,64.43528030974083,147.9660292580034,197.2830750353197,SUCCESS,SUCCESS
2149096,171,26,1,XNE,28-ft Shuttle,MF,207.3984771525848,327.343097407672,479.5623696538505,31.960443722043973,4.971211054281829,SUCCESS,FAILURE,82.41028938160785,75.0956265172201,284.53712951994027,395.501703210972,SUCCESS,SUCCESS
2149097,171,5,1,XNE,28-ft Shuttle,MF,85.97746395747569,123.22140957256127,180.49520296341993,68.15223234529057,57.99730443910994,SUCCESS,SUCCESS,75.44400671514796,67.42437228323729,41.125607445995854,53.1686626408781,SUCCESS,SUCCESS
2149098,171,13,1,XNE,28-ft Shuttle,MF,76.46353310519156,112.78972857425872,165.34946072190587,70.00182117477682,60.68271973015854,SUCCESS,SUCCESS,78.16958892866283,70.62353458965549,46.06621013191722,56.06619580756279,SUCCESS,SUCCESS
2149101,171,5,2,XNE,28-ft Shuttle,SAT,244.5318655906829,348.407023940221,513.0136317819574,28.22570497513813,-0.9598637911271998,SUCCESS,FAILURE,78.41524997814307,68.99365531438958,283.0690338169479,394.53784775511457,SUCCESS,SUCCESS
2149102,171,9,2,XNE,28-ft Shuttle,SAT,266.1623708310673,405.19624394493235,591.663728473937,18.156694336004904,-14.904916396088117,FAILURE,FAILURE,79.00331320607215,71.69688904105865,343.1749304271792,488.43418266550793,SUCCESS,SUCCESS
2149103,171,2,2,XNE,28-ft Shuttle,SAT,228.31766786740621,341.3438189713595,499.7013516873694,29.478046281673855,1.4004695589770566,SUCCESS,FAILURE,75.37603959001412,66.63748121026819,258.8646822590391,367.936745713282,SUCCESS,SUCCESS
2149104,153,1,2,XNE,28-ft Shuttle,SAT,368.6689830299036,593.2085778751951,872.035225517446,-15.178825864396298,-64.61617473713581,FAILURE,FAILURE,73.41918934499098,61.5338908307554,499.6928057809442,711.4863698029058,SUCCESS,SUCCESS
2149105,171,7,2,XNE,28-ft Shuttle,SAT,330.0116093562683,474.3107562091934,698.42094648201,5.902348189859328,-33.833501149292545,FAILURE,FAILURE,74.26766891018632,65.09779756803378,385.58040886264433,557.97252476572,SUCCESS,SUCCESS
2149106,171,4,2,XNE,28-ft Shuttle,SAT,343.8422405016199,527.8425858171782,772.4476389730643,-3.589110960492593,-46.95880123635891,FAILURE,FAILURE,78.76837055962733,71.3798694705315,464.49619577347636,667.430102786862,SUCCESS,SUCCESS
2149107,171,6,2,XNE,28-ft Shuttle,SAT,225.54160414191722,341.5528908127984,499.40794684798703,29.44097680624142,1.4524916936193242,SUCCESS,FAILURE,75.96943010956471,67.72286895887315,262.4204766307433,373.7649277760315,SUCCESS,SUCCESS
2149108,171,8,2,XNE,28-ft Shuttle,SAT,328.7963242440805,503.2581019301315,735.8249020364399,0.7698400833100238,-40.46540816248934,FAILURE,FAILURE,79.22853741473949,72.31708306696464,442.5070529492625,636.0932505341202,SUCCESS,SUCCESS
2149109,171,1,2,XNE,28-ft Shuttle,SAT,277.3592750986194,414.3416022821644,605.7839319001399,16.535176900325467,-17.40849856385459,FAILURE,FAILURE,69.9141986146811,58.816497403506574,301.057682468966,429.9089772559168,SUCCESS,SUCCESS
2149110,153,14,2,XNE,28-ft Shuttle,SAT,159.01589560539,253.25170205063247,372.35903860772567,45.09721594846942,23.97889386387843,SUCCESS,SUCCESS,80.22582785340533,70.54604463409464,198.1253711438386,262.6387303440193,SUCCESS,SUCCESS
2149111,153,10,2,XNE,28-ft Shuttle,SAT,306.93137908221075,494.5804275565595,730.1130517381654,2.3084348303972506,-39.45266874790166,FAILURE,FAILURE,78.42636619841355,69.15879189447702,429.3051329156119,612.5686380230161,SUCCESS,SUCCESS
2149112,171,9,3,XNE,28-ft Shuttle,SUN,131.26968077778304,185.53177150809813,272.71736984907926,57.1042958318975,41.645856409737725,SUCCESS,SUCCESS,80.58644120765794,70.63305282464948,132.43929991928917,163.48778778010217,SUCCESS,SUCCESS
2149113,171,8,3,XNE,28-ft Shuttle,SUN,153.3770663039333,224.52347127724755,329.08989199332376,50.190873887012856,31.650728369978058,SUCCESS,SUCCESS,78.50564499028995,69.11726757293165,159.69530902248283,211.31128110465806,SUCCESS,SUCCESS
2149114,171,1,3,XNE,28-ft Shuttle,SUN,238.73213552992516,352.2004596359617,516.6287670939982,27.55310999362382,-1.6008452294323097,SUCCESS,FAILURE,69.73722630147788,54.78030350455765,237.91841597629696,317.98967885970325,SUCCESS,SUCCESS
2149115,171,7,3,XNE,28-ft Shuttle,SUN,275.5354709294877,405.39191539263953,593.8717901209461,18.12200081690789,-15.296416688111009,FAILURE,FAILURE,76.1568484532599,67.27646923239693,327.31654066902564,465.71107659166466,SUCCESS,SUCCESS
2149116,171,2,3,XNE,28-ft Shuttle,SUN,342.8103987363519,508.46723318706756,744.5980395514728,-0.15376474948006041,-42.020928998488074,FAILURE,FAILURE,75.13158014355874,61.683771686288836,424.6093451967392,584.8945118621411,SUCCESS,SUCCESS
2149117,171,3,2,XNE,28-ft Shuttle,SAT,252.96277206642728,387.6007765291514,566.7759336443195,21.2764580622072,-10.492186816368697,SUCCESS,FAILURE,70.33105455909201,59.2192540709306,276.6679242424303,393.1725266043679,SUCCESS,SUCCESS
2149118,171,10,2,XNE,28-ft Shuttle,SAT,132.41331446832675,202.9013470077226,295.6186701116733,54.02458386387897,37.58534217878134,SUCCESS,SUCCESS,78.38065630286819,69.70021870616324,137.36824855589913,181.1279036144341,SUCCESS,SUCCESS
2149119,153,8,2,XNE,28-ft Shuttle,SAT,370.1143863030644,601.3415309142837,889.0317839130952,-16.620838814589302,-67.62974892076156,FAILURE,FAILURE,79.73425490710036,72.85634598229358,543.4427285903295,792.341575253231,SUCCESS,SUCCESS
2149120,171,4,3,XNE,28-ft Shuttle,SUN,207.61690002077592,317.5148412191725,463.59260885261114,33.703042337026154,7.802728926842001,SUCCESS,FAILURE,62.11098012681248,44.2254712051811,160.2207691343948,205.4242664498325,SUCCESS,SUCCESS
2149121,171,6,3,XNE,28-ft Shuttle,SUN,154.88204151620812,243.10284580467788,356.82200133393155,46.89665854526988,26.73368770674973,SUCCESS,SUCCESS,75.52696504796094,67.90081000972279,161.47492867517752,232.18256978876815,SUCCESS,SUCCESS
2149122,153,1,3,XNE,28-ft Shuttle,SUN,245.95480990740626,398.72732632142277,585.7510021107419,19.303665545847032,-13.85656065793295,FAILURE,FAILURE,75.46076784911907,65.1436294177953,316.72605699045425,445.56107202710734,SUCCESS,SUCCESS
2149124,171,7,1,XNE,28-ft Shuttle,MF,254.2565259708815,368.2711506244121,545.2244812093498,24.70369669779928,-6.671007306622309,SUCCESS,FAILURE,76.88281569864685,66.50565768090952,294.2902311647803,412.71639052967936,SUCCESS,SUCCESS
2149131,183,18,1,PCT,40-ft,MF,201.66614692664817,318.21860650345843,471.41328343442217,33.578261258252056,6.416084497442882,SUCCESS,FAILURE,77.51672674906483,67.89506535964098,247.81294536818416,346.7414520627973,SUCCESS,SUCCESS
2149132,183,5,1,PCT,40-ft,MF,72.46426318079838,110.44151126614375,163.2417818396192,70.41817176132203,61.05642165964199,SUCCESS,SUCCESS,84.92773112320899,78.31072024260861,81.83391480104234,97.31424400793162,SUCCESS,SUCCESS
2149133,152,19,1,PCT,40-ft,MF,67.65526024847176,100.8337375986035,148.08033262225817,72.12167773074405,63.74462187548614,SUCCESS,SUCCESS,85.16175779605183,80.1749935842055,73.54605156833577,92.66729643717707,SUCCESS,SUCCESS
2149134,183,23,1,PCT,40-ft,MF,74.87930310531195,113.35375933083651,165.76270811076915,69.90181572148289,60.6094489165303,SUCCESS,SUCCESS,80.3851225354552,72.52657855538382,59.125850430803666,67.21261116313389,SUCCESS,SUCCESS
2149135,183,19,1,PCT,40-ft,MF,106.3039530865014,163.44622359753996,241.51327770609984,61.02017312100355,47.1784968606206,SUCCESS,SUCCESS,78.43624179168037,70.41637847550084,98.2266273026172,131.06165230792442,SUCCESS,SUCCESS
2149136,183,25,1,PCT,40-ft,MF,72.46426318079838,110.44151126614375,163.2417818396192,70.41817176132203,61.05642165964199,SUCCESS,SUCCESS,79.75481665492322,71.88102785752231,52.658677199910585,61.050778956044724,SUCCESS,SUCCESS
2149137,183,9,1,PCT,40-ft,MF,237.47190844704144,369.59831555617075,551.9733743960431,24.468383766636396,-7.86761957376651,SUCCESS,FAILURE,73.93735815510819,63.33760142943369,279.0050155509807,401.5974464580491,SUCCESS,SUCCESS
2149138,183,17,1,PCT,40-ft,MF,47.18515712160144,69.05792687446092,100.78236206718368,77.75568672438636,72.13078686752064,SUCCESS,SUCCESS,82.62469811167075,78.68209423144143,27.46122422428391,36.949373532513164,SUCCESS,SUCCESS
2149139,181,5,1,XNE,28-ft Shuttle,MF,380.19276872193603,579.3067086509355,838.693931636922,-12.713955434563037,-58.70459780796489,FAILURE,FAILURE,83.82467986995765,74.69978876985451,544.4779031174965,752.400740298902,SUCCESS,SUCCESS
2149140,181,8,2,XNE,28-ft Shuttle,SAT,416.123202960149,612.0908840643277,889.7594306883982,-18.526752493675126,-67.75876430645357,FAILURE,FAILURE,74.06975270435373,40.81143874114816,522.2442893168827,612.3359451884735,SUCCESS,SUCCESS
2149141,181,14,2,XNE,28-ft Shuttle,SAT,228.16940839179,358.74630290797376,544.7475594464219,26.39249948440182,-6.586446710358482,SUCCESS,FAILURE,79.48357328874208,67.89688069418952,299.4336562564791,420.0859665616506,SUCCESS,SUCCESS
2149142,181,5,2,XNE,28-ft Shuttle,SAT,378.48748103708004,570.7369985998071,835.9949746582496,-11.194503297838128,-58.22605933656907,FAILURE,FAILURE,66.46786147139397,51.41534307159085,438.01573729846905,618.3775095820217,SUCCESS,SUCCESS
2149143,181,12,2,XNE,28-ft Shuttle,SAT,368.34566001577326,520.1710634547353,747.295576641458,-2.228911960059447,-42.49921571657055,FAILURE,FAILURE,54.802689078499675,21.12304393060057,321.6582298574734,358.82954441004483,SUCCESS,SUCCESS
2149144,181,11,1,XNE,28-ft Shuttle,MF,452.6539517057067,652.612197963783,930.5049842148153,-25.711382617692024,-74.98315322957717,FAILURE,FAILURE,61.579266430017675,44.63439825273679,492.3192606290828,674.6429903602509,SUCCESS,SUCCESS
2149145,181,9,1,XNE,28-ft Shuttle,MF,93.10764003139485,125.82009097039787,180.78010541847527,67.69147323219896,57.94678981941929,SUCCESS,SUCCESS,74.38796201628705,65.63894713954554,37.76819674225675,43.38376728551191,SUCCESS,SUCCESS
2149146,181,16,1,XNE,28-ft Shuttle,MF,88.85379416308686,126.53225333117021,181.61982637845668,67.56520331007621,57.79790312438712,SUCCESS,SUCCESS,77.99596255424782,71.60922951652307,58.82948213712791,77.89588085164678,SUCCESS,SUCCESS
2149151,181,13,3,XNE,28-ft Shuttle,SUN,279.63014383022386,391.3690570768162,559.7649928850385,20.608323213330465,-9.249112213659307,SUCCESS,FAILURE,54.90666633705958,31.009791608816496,193.44265521783205,227.06021755876347,SUCCESS,SUCCESS
2149152,181,1,1,XNE,28-ft Shuttle,MF,273.2592069503888,419.6893633055772,609.531959535014,15.586992321706173,-18.073042470747165,FAILURE,FAILURE,82.93656310127156,75.80264604489606,379.8515791967486,529.4588832282279,SUCCESS,SUCCESS
2149153,181,15,1,XNE,28-ft Shuttle,MF,88.14596363822328,131.76430142956625,188.89188251119955,66.63753520752373,56.508531469645476,SUCCESS,SUCCESS,79.34105629162183,72.78719935827914,71.6478589143133,91.811686891894,SUCCESS,SUCCESS
2149154,701,17,1,PCT,40-ft,MF,79.63129185680444,115.35709245826959,166.29702093132175,69.54661481236356,60.514712600829476,SUCCESS,SUCCESS,78.44936431923266,71.31065025499883,50.21150721874176,60.88908836951509,SUCCESS,SUCCESS
2149155,183,6,1,PCT,40-ft,MF,269.80593578255474,431.3127373741992,642.2561392894844,13.52611039464554,-23.875202001681625,FAILURE,FAILURE,72.63587232143179,60.81873941513227,333.3790572670745,477.6738295908303,SUCCESS,SUCCESS
2149156,183,7,1,PCT,40-ft,MF,285.8639079497658,457.9298884811622,683.6274817906378,8.806757361496066,-31.210546416779756,FAILURE,FAILURE,71.46068289272324,55.765755921489735,353.3681399961212,490.5463451878396,SUCCESS,SUCCESS
2149157,183,2,1,PCT,40-ft,MF,247.70127085430096,394.6238211304843,593.6523730764283,20.031237388212006,-15.257512956813517,SUCCESS,FAILURE,77.60556599057232,68.72474280392912,324.7192133173121,473.65992249058843,SUCCESS,SUCCESS
2149158,701,1,1,PCT,40-ft,MF,315.59340246769665,472.6203392212352,703.9945804481179,6.202067513965392,-34.82173412200671,FAILURE,FAILURE,65.6844589025549,38.31882444905392,335.4806874316447,412.51275034078174,SUCCESS,SUCCESS
2149159,183,11,1,PCT,40-ft,MF,75.97894161839999,120.51928769387146,177.1488029912813,68.63133196917174,58.59063776750332,SUCCESS,SUCCESS,76.75491634058153,68.36719857126133,45.817015854751276,55.13980293319514,SUCCESS,SUCCESS
2149160,183,28,1,PCT,40-ft,MF,16.634793162763984,23.170858386092842,34.432143044585814,85.89169177551545,83.8950100984777,SUCCESS,SUCCESS,86.71832370702111,85.06745035225556,4.662204093691855,6.612563031307161,SUCCESS,SUCCESS
2149161,152,29,1,PCT,40-ft,MF,213.80501749143372,336.9055033041771,508.94053966083965,30.264981683656544,-0.23768433702830222,SUCCESS,FAILURE,75.56733809528231,65.94744515206355,255.50529016156912,373.28413031847805,SUCCESS,SUCCESS
2149162,183,14,1,PCT,40-ft,MF,74.09230273365384,116.14697156376467,173.11607968961945,69.40656532557364,59.3056596295001,SUCCESS,SUCCESS,80.89174575160338,72.95269794985518,64.77641760280767,76.96929612680259,SUCCESS,SUCCESS
2149163,183,16,1,PCT,40-ft,MF,49.04139703240195,77.16029715114051,113.61365216635444,76.31909624979778,69.85573543149745,SUCCESS,SUCCESS,79.39948169028116,73.25179532947693,17.37337388432627,19.153777824604276,SUCCESS,SUCCESS
2149164,181,4,1,XNE,28-ft Shuttle,MF,65.98733368975229,105.0529218173694,152.97506061540477,71.37359542245224,62.87676230223319,SUCCESS,SUCCESS,83.55896536826185,76.82337862709832,68.72548649436624,78.65891607223938,SUCCESS,SUCCESS
2149165,153,2,2,XNE,28-ft Shuttle,SAT,264.59325824150557,429.4307470809871,631.7620739938612,13.859796616846264,-22.01455212657114,FAILURE,FAILURE,71.61769789438482,55.122243100045196,325.7545632053174,435.0515250781161,SUCCESS,SUCCESS
2149166,153,6,2,XNE,28-ft Shuttle,SAT,375.10688237076096,613.9158311968012,902.2836416670805,-18.85032468028389,-69.97936908990788,FAILURE,FAILURE,79.33382000145099,71.48363706766064,553.7585760049845,797.8513547286861,SUCCESS,SUCCESS
2149167,153,2,3,XNE,28-ft Shuttle,SUN,371.1346179077946,604.9781791242355,890.1660185641291,-17.265634596495644,-67.83085435534204,FAILURE,FAILURE,83.81334034345352,75.4400912640261,570.085418661313,808.0481332932359,SUCCESS,SUCCESS
2149168,153,3,3,XNE,28-ft Shuttle,SUN,301.21548382848675,491.19275419593885,724.4789656195189,2.90908613547184,-38.45371730842534,FAILURE,FAILURE,76.97968603834833,68.83094919010044,417.7581834522233,605.0855190516857,SUCCESS,SUCCESS
2149169,153,11,3,XNE,28-ft Shuttle,SUN,303.14262383439626,493.82931822756075,728.0963688354321,2.4416102433402966,-39.09510085734612,FAILURE,FAILURE,78.17536978783791,70.44891373743683,427.1384038309665,617.8282423145756,SUCCESS,SUCCESS
2149170,153,6,3,XNE,28-ft Shuttle,SUN,342.35530537101255,557.7423666269108,822.6638836237552,-8.890490536686304,-55.862390713431765,FAILURE,FAILURE,82.38114691827002,73.74149021430055,514.7720352459535,730.96588843241,SUCCESS,SUCCESS
2149171,153,12,2,XNE,28-ft Shuttle,SAT,221.5644131423253,359.14092534276244,531.0489047472281,26.322530967595313,-4.15760722468583,SUCCESS,FAILURE,82.31867388906032,74.66040625140654,315.81824607706267,444.5335960051611,SUCCESS,SUCCESS
2149172,153,9,2,XNE,28-ft Shuttle,SAT,289.73205563130074,472.35404577368155,696.5090569624656,6.249282664240864,-33.494513645827226,FAILURE,FAILURE,85.20696222355373,75.55157721022867,445.32131271452454,615.0199524281555,SUCCESS,SUCCESS
2149173,153,11,2,XNE,28-ft Shuttle,SAT,197.57159077460238,318.2518104777672,470.3858213849135,33.572374028764685,6.598258619696187,SUCCESS,FAILURE,79.36198444401559,72.0323519877699,258.25340274201506,369.0482865959358,SUCCESS,SUCCESS
2149174,153,13,2,XNE,28-ft Shuttle,SAT,116.76272649954798,188.52541479099457,277.7927556083406,56.573508015781115,40.74596531767011,SUCCESS,SUCCESS,81.83572674317894,73.02705948862838,142.4789136225238,182.06537112420455,SUCCESS,SUCCESS
2149175,153,9,3,XNE,28-ft Shuttle,SUN,278.17149131767314,450.73255696754876,666.1334609812097,10.082879970292776,-28.10876967751945,FAILURE,FAILURE,77.0706091413725,69.26594151249795,377.8107925248896,549.1933711116985,SUCCESS,SUCCESS
2149176,153,12,3,XNE,28-ft Shuttle,SUN,209.19028306693946,338.63676480883674,502.31487155317564,29.95802042396512,0.9370795118482957,SUCCESS,FAILURE,76.52722616091275,67.18669349302293,262.65032035638455,373.64782285382506,SUCCESS,SUCCESS
2149177,153,13,3,XNE,28-ft Shuttle,SUN,85.28565573483671,135.63130539523564,199.40698730623194,65.95189620651851,54.64415118683831,SUCCESS,SUCCESS,84.04598945693469,75.59140718307606,102.05068593234728,118.14252381878089,SUCCESS,SUCCESS
2149178,151,31,1,PCT,40-ft,MF,72.89387242105815,123.1976441891943,178.0774641144497,68.15644606574568,58.42598153999119,SUCCESS,SUCCESS,77.87704652738431,70.5504659294472,54.824186603641806,68.38209195653184,SUCCESS,SUCCESS
2149179,151,24,1,PCT,40-ft,MF,82.44422607378168,140.10412252630186,204.03374847862636,65.15884352370534,53.823803461236466,SUCCESS,SUCCESS,75.82673050928054,67.76531217073375,60.166882598644065,78.6301091215646,SUCCESS,SUCCESS
2149180,151,14,1,PCT,40-ft,MF,72.89387242105815,123.1976441891943,178.0774641144497,68.15644606574568,58.42598153999119,SUCCESS,SUCCESS,79.36408574352116,71.42186613852203,63.211087782653635,73.29678913571394,SUCCESS,SUCCESS
2149181,151,15,1,PCT,40-ft,MF,59.776271855707584,100.21692078818751,144.74235120214507,72.23104241344194,64.33646255281116,SUCCESS,SUCCESS,81.32964312298006,74.67443668824878,51.31610800179499,58.30617412386806,SUCCESS,SUCCESS
2149182,183,15,1,PCT,40-ft,MF,50.43241434118812,78.68615872237574,118.9224407922896,76.04855341801849,68.91446085243092,SUCCESS,SUCCESS,82.31212804678472,76.01531009812217,35.32656090624147,40.04878974569857,SUCCESS,SUCCESS
2149183,701,27,1,PCT,40-ft,MF,159.53639960711166,245.8031107607584,362.6989450454974,46.4178881629861,25.691676410372803,SUCCESS,SUCCESS,73.56344759995218,64.49628004869233,153.10095522448864,218.85796452012204,SUCCESS,SUCCESS
2149184,210,22,1,BTC,40-ft,MF,352.59000175946323,546.8474567768819,815.7733555480239,-6.958768932071259,-54.6406658773092,FAILURE,FAILURE,39.41292100525088,-1.5708102917715108,261.5363312464968,299.31398550243273,SUCCESS,FAILURE
2149185,210,68,1,BTC,40-ft,MF,149.09549300642942,230.59268166776678,345.18722494647733,49.11477275394206,28.79659132154658,SUCCESS,SUCCESS,64.60197753385108,47.8571332304429,87.34783495868692,107.50145636617532,SUCCESS,SUCCESS
2149186,210,13,1,BTC,40-ft,MF,322.9299022290224,520.9542519549002,781.5407965087788,-2.3677751693085423,-48.57106321077639,FAILURE,FAILURE,48.187473981630596,9.03091710420035,285.13160521129674,324.8751689764688,SUCCESS,FAILURE
2149187,210,52,1,BTC,40-ft,MF,228.74788978726963,337.87148598061043,500.02954937513164,30.093708159466242,1.3422784795865932,SUCCESS,FAILURE,74.47577583135535,64.6633147050572,250.31486166945456,357.13064431165424,SUCCESS,SUCCESS
2149189,210,44,2,BTC,40-ft,SAT,350.0265622050137,562.7301345613566,825.2098129618389,-9.774846553432024,-56.31379662443952,FAILURE,FAILURE,53.48515445787469,14.316828608276122,356.7864057037701,398.35672631251623,SUCCESS,FAILURE
2149190,210,41,2,BTC,40-ft,SAT,293.0388359886804,451.5040756303371,684.4057610580977,9.946085881145903,-31.348539194698173,FAILURE,FAILURE,50.44218173452112,8.280015197311275,228.397980613036,223.50504677093318,SUCCESS,FAILURE
2149191,240,55,2,BTC,40-ft,SAT,311.4292098622592,483.03871961609883,728.895882915317,4.354836947500211,-39.236858672928534,FAILURE,FAILURE,46.25557081894746,1.9068102999099648,236.32013903496244,232.0502930068089,SUCCESS,FAILURE
2149192,210,35,2,BTC,40-ft,SAT,282.3788052289591,439.27808261188693,653.7819941453416,12.113815139736364,-25.918793288181135,FAILURE,FAILURE,48.87717077508238,16.69486655541852,207.34532578335154,240.34104151790189,SUCCESS,FAILURE
2149193,210,59,2,BTC,40-ft,SAT,231.01589202162538,349.16638912261106,522.272196455044,28.091065758402294,-2.6014532721709123,SUCCESS,FAILURE,57.29227263172927,30.520034604050505,164.69480676556407,186.8051916218888,SUCCESS,SUCCESS
2149194,210,56,3,BTC,40-ft,SUN,293.93155143512286,478.049483868385,714.5714696174261,5.239453214825362,-36.69706908110392,FAILURE,FAILURE,49.28438589627135,12.593232023809762,248.4134203233557,277.9972982317132,SUCCESS,FAILURE
2149195,210,43,3,BTC,40-ft,SUN,370.8344160366236,601.5404440295881,903.8266147835981,-16.656107097444696,-70.25294588361668,FAILURE,FAILURE,35.39493007433325,-15.075851703058804,293.56784964882763,311.1988111783465,SUCCESS,FAILURE
2149196,210,45,3,BTC,40-ft,SUN,293.99295546198704,479.2714240573783,723.526658363691,5.022797152947117,-38.28486850420053,FAILURE,FAILURE,47.14501309092782,12.707040672494294,237.56929789021115,287.59436775655854,SUCCESS,FAILURE
2149197,240,42,3,BTC,40-ft,SUN,412.86000878516126,641.7391518482984,966.4970228109437,-23.78353756175504,-81.3647203565503,FAILURE,FAILURE,36.53465375918212,-22.67756855830814,340.19459905008523,330.9955361420858,SUCCESS,FAILURE
2149198,210,61,1,BTC,40-ft,MF,54.82911079306858,80.68897038833202,119.88004871336658,75.6934449666078,68.7446722139421,SUCCESS,SUCCESS,78.85633328174043,72.2795586346062,17.838690097348035,19.936759412545484,SUCCESS,SUCCESS
2149199,210,8,1,BTC,40-ft,MF,274.5783750327156,419.0076252853335,627.1705786257947,15.707867857210372,-21.200457203155093,FAILURE,FAILURE,43.616962521641504,10.416629746373479,157.40729390739165,178.32037039534123,SUCCESS,FAILURE
2149200,210,74,1,BTC,40-ft,MF,93.34054993834256,138.20622398967598,205.4991930625004,65.49535035644043,53.563972861258804,SUCCESS,SUCCESS,71.09077324693101,60.09055505867094,31.558185102366792,36.80992359340445,SUCCESS,SUCCESS
2149201,210,83,1,BTC,40-ft,MF,81.19944903580932,121.17715447472393,181.76984215259546,68.5146889229213,57.77130458287315,SUCCESS,SUCCESS,70.64895710103875,60.414604633720955,12.037272524582477,14.90821228678169,SUCCESS,SUCCESS
2149202,210,2,1,BTC,40-ft,MF,303.9902254581451,516.7006526254672,785.6608854413806,-1.6135908910402847,-49.3015754328689,FAILURE,FAILURE,68.29967871769182,44.901408516971344,394.3108405932493,531.3048294770987,SUCCESS,SUCCESS
2149203,210,20,1,BTC,40-ft,MF,243.86902449903724,369.2656824374859,543.2992151324302,24.52736126994931,-6.329648073125911,SUCCESS,FAILURE,61.79298870177084,45.52063646303751,210.1781387154732,292.4356047839617,SUCCESS,SUCCESS
2149204,240,29,1,BTC,40-ft,MF,215.90511317957424,327.4435819139963,487.7873511993597,31.94262732021343,3.5128809930213327,SUCCESS,FAILURE,51.598535730116204,27.722709154933682,110.85932343185164,136.5434308331856,SUCCESS,SUCCESS
2149205,210,82,1,BTC,40-ft,MF,78.4496174455663,113.4067206654697,168.6165067776597,69.8924254139238,60.1034562450958,SUCCESS,SUCCESS,71.32394497969253,61.6735029717592,8.073770350935547,8.855063538381557,SUCCESS,SUCCESS
2149206,210,75,1,BTC,40-ft,MF,83.95593654005285,127.18019755696929,191.04952106285646,67.45031958209765,56.125971442755954,SUCCESS,SUCCESS,70.21781100428724,60.11418243176389,15.608651621149363,22.493509978004795,SUCCESS,SUCCESS
2149207,210,78,1,BTC,40-ft,MF,38.397635985261076,52.38705302410149,76.85624060857604,80.71151542125861,76.37300698429503,SUCCESS,SUCCESS,82.10014377170734,77.86827009929465,7.83186389653082,8.433283968597777,SUCCESS,SUCCESS
2149208,210,15,1,BTC,40-ft,MF,309.1724455069335,459.24561914068465,681.2380462581121,8.573471783566555,-30.78688763441704,FAILURE,FAILURE,64.2570138724339,33.86388397954045,314.0551773812118,364.63035190272024,SUCCESS,SUCCESS
2149209,210,23,1,BTC,40-ft,MF,235.35495081459553,373.2287503762942,560.9179310396732,23.82468964959323,-9.453533872282486,SUCCESS,FAILURE,58.24244442911901,32.13004320697303,194.1161369565255,234.5313747270011,SUCCESS,SUCCESS
2149210,210,19,1,BTC,40-ft,MF,185.52181621196883,311.07773845532563,468.62578849616716,34.84437261430397,6.910321188622848,SUCCESS,FAILURE,65.799281160822,52.784487730138416,174.5856842023618,258.7302992941476,SUCCESS,SUCCESS
2149211,210,91,1,BTC,40-ft,MF,103.58930325754433,146.87285418844186,217.01064308749966,63.958713796375555,51.52293562278375,SUCCESS,SUCCESS,71.50949105797058,61.396447050544964,42.5863837553959,55.68660445257319,SUCCESS,SUCCESS
2149212,210,51,1,BTC,40-ft,MF,74.78565917772787,108.53503596508654,161.19218423889794,70.75619929697048,61.41982548955711,SUCCESS,SUCCESS,73.30965341506517,64.55105887499265,14.401481226054045,17.66015629385646,SUCCESS,SUCCESS
2149213,210,46,1,BTC,40-ft,MF,82.85393253721651,127.64849344636625,187.54711852276066,67.36728839603435,56.74696480092896,SUCCESS,SUCCESS,74.17312285189168,65.44250843196869,38.38490633103527,49.04286607906403,SUCCESS,SUCCESS
2149214,210,10,1,BTC,40-ft,MF,232.46243749100708,373.8036520208239,559.718365600728,23.722756733896475,-9.240844964668085,SUCCESS,FAILURE,57.80366957306524,36.1902749053743,192.21634841291177,256.231516067039,SUCCESS,SUCCESS
2149215,210,79,1,BTC,40-ft,MF,97.7262806195464,142.7074693261911,209.0840847930465,64.69725721166824,52.92835376009815,SUCCESS,SUCCESS,68.7921159609922,58.33849812795232,23.09500334618707,30.513214234697557,SUCCESS,SUCCESS
2149216,210,18,1,BTC,40-ft,MF,220.7344310387491,359.3163063353334,535.1590973798243,26.291435046926704,-4.886364783656784,SUCCESS,FAILURE,64.57095659125237,43.27649350631043,215.89650150999688,271.63852075541485,SUCCESS,SUCCESS
2149217,210,9,1,BTC,40-ft,MF,357.56530717344197,573.8894971464792,862.3569956500471,-11.75345694086511,-62.900176533696296,FAILURE,FAILURE,47.31170099526921,5.391385033275524,333.1274907597975,385.1644072377209,SUCCESS,FAILURE
2149218,210,43,1,BTC,40-ft,MF,86.45611327974707,138.44561011513778,204.877658017977,65.4529060079543,53.674174110287765,SUCCESS,SUCCESS,73.87326875068749,64.3413352774938,47.490845869015175,60.162788983041935,SUCCESS,SUCCESS
2149221,210,60,2,BTC,40-ft,SAT,142.19518499249122,218.28510364136298,319.9126507532926,51.29696743947465,33.277898802607695,SUCCESS,SUCCESS,68.64943939069767,56.84723236343201,97.86794180489767,132.93104128304913,SUCCESS,SUCCESS
2149222,210,33,2,BTC,40-ft,SAT,264.97485821560593,386.45129372369604,573.166698882401,21.480267070266663,-11.625301220283855,SUCCESS,FAILURE,39.95632086100361,10.08555599582421,104.20494337975634,122.44923469884952,SUCCESS,FAILURE
2149223,210,36,2,BTC,40-ft,SAT,298.2550151301063,451.7242651622206,672.9190883067481,9.907045184003444,-29.31189508984895,FAILURE,FAILURE,60.776114229596445,27.76312953792248,286.9015494171445,321.903138900631,SUCCESS,SUCCESS
2149225,210,45,2,BTC,40-ft,SAT,253.4280662176103,382.6535661511207,572.8048227726681,22.153623022850947,-11.561138789480156,SUCCESS,FAILURE,36.18483848514727,4.471797760390601,79.13605520735126,90.42576214127106,SUCCESS,FAILURE
2149226,210,64,2,BTC,40-ft,SAT,126.79619607324067,192.90748084550938,290.21232828704944,55.79654594937777,38.54391342428202,SUCCESS,SUCCESS,64.40530016211764,49.75469807854819,48.55337375985283,63.22882545006121,SUCCESS,SUCCESS
2149227,210,43,2,BTC,40-ft,SAT,416.43722106692724,645.7299142850843,972.2394237729761,-24.491119554092958,-82.38287655549222,FAILURE,FAILURE,38.31194205772735,-16.598756293594683,354.20926749066626,371.0224382771021,SUCCESS,FAILURE
2149228,210,40,2,BTC,40-ft,SAT,386.7157421253936,598.3814294849251,897.019707499095,-16.09599813562501,-69.04604742891756,FAILURE,FAILURE,34.91319790459585,-16.619485017062793,287.6918656668454,295.6858120028607,SUCCESS,FAILURE
2149231,210,41,3,BTC,40-ft,SUN,304.1585370069312,442.28258053017686,654.2492964147948,11.581102742876448,-26.00164830049553,FAILURE,FAILURE,42.32095588681913,7.980637097456857,173.37277173183676,191.66008964445152,SUCCESS,FAILURE
2149232,210,59,3,BTC,40-ft,SUN,197.05546048358207,295.68084752362773,441.88738349464705,37.57431781495962,11.65117313924698,SUCCESS,FAILURE,54.18790015535582,31.792766613165764,93.7006043998345,113.59858719290196,SUCCESS,SUCCESS
2149233,210,50,3,BTC,40-ft,SUN,232.29170956010302,362.20144832868067,542.9841783941247,25.779885048106266,-6.2737904954121735,SUCCESS,FAILURE,44.148091688421616,16.534459879995527,103.59668545137862,128.6385321172995,SUCCESS,FAILURE
2149234,210,68,3,BTC,40-ft,SUN,203.73867142514538,318.06306565508396,474.24605677470595,33.60583942285746,5.9138197207968215,SUCCESS,FAILURE,50.652627437079666,24.521546880926678,96.14388440021327,104.94758118313234,SUCCESS,SUCCESS
2149235,210,49,3,BTC,40-ft,SUN,264.67252321364134,442.86120969271485,667.2813839610504,11.478508919731413,-28.312302120753618,FAILURE,FAILURE,66.73922536671962,39.113952658034506,311.6704407610136,380.2840769523649,SUCCESS,SUCCESS
2149236,210,48,3,BTC,40-ft,SUN,369.7968360608031,610.6541032634564,921.7862486368643,-18.2720041247263,-73.4372781271036,FAILURE,FAILURE,30.155154347727613,-16.51695908538834,273.12917378464016,321.03059939527395,SUCCESS,FAILURE
2149237,210,57,3,BTC,40-ft,SUN,190.60436572684446,313.8319734378889,468.3286038557779,34.3560330783885,6.963013500748606,SUCCESS,FAILURE,60.49455564230284,38.02116753098591,147.421267260477,175.1679887305383,SUCCESS,SUCCESS
2149238,210,46,3,BTC,40-ft,SUN,249.63059078388906,387.11959030867007,581.2038566870048,21.361774767966306,-13.050329199823535,SUCCESS,FAILURE,47.22690859519155,18.36234981600665,145.87935478555033,177.1675096492822,SUCCESS,FAILURE
2149239,210,52,3,BTC,40-ft,SUN,205.3443581228223,322.12945406945227,482.66507438878915,32.88484856924605,4.421086101278523,SUCCESS,FAILURE,51.043529709285686,24.904409079791066,102.4149616298235,115.52594159881073,SUCCESS,SUCCESS
2149240,210,70,3,BTC,40-ft,SUN,174.97556852363235,290.46765025689996,435.9394361502087,38.49864357147164,12.705773732232508,SUCCESS,FAILURE,66.44141473634093,46.65188617467585,157.59722936986293,191.45607417538037,SUCCESS,SUCCESS
2149241,240,43,3,BTC,40-ft,SUN,309.91755744907783,494.8728952050068,751.562688848597,2.2565788643605034,-43.255795895141304,FAILURE,FAILURE,39.41641503242271,-6.904082289576433,209.58147598787082,205.02366473538547,SUCCESS,FAILURE
2149242,210,64,3,BTC,40-ft,SUN,242.06703121055864,390.80640615648423,578.6073092148586,20.708084014807763,-12.589948442350805,SUCCESS,FAILURE,50.215740918192566,22.075901485475015,166.4231849350905,195.51539359293753,SUCCESS,SUCCESS
2149243,210,60,1,BTC,40-ft,MF,42.06159425309952,57.25873772448465,84.28056314733782,79.84774153821195,75.05663773983372,SUCCESS,SUCCESS,79.84774153821195,75.05663773983372,0.0,0.0,SUCCESS,SUCCESS
2149244,210,95,1,BTC,40-ft,MF,58.21187208872598,83.8859126204931,124.53191240284842,75.12661123750122,67.91987368743823,SUCCESS,SUCCESS,78.77062529580166,71.89466304320105,20.552239288814462,22.41781196650237,SUCCESS,SUCCESS
2149245,210,11,1,BTC,40-ft,MF,286.3900221951531,452.84727216279987,667.9460969897927,9.70793046758868,-28.43015904074339,FAILURE,FAILURE,74.06417762140973,52.31028967908058,362.9692339475507,455.37613077980734,SUCCESS,SUCCESS
2149246,210,76,1,BTC,40-ft,MF,79.3496805192301,112.07902342333534,165.46774472474044,70.12783272635899,60.66174738923043,SUCCESS,SUCCESS,76.05198306893114,67.3930311651855,33.412207932106924,37.964440496386715,SUCCESS,SUCCESS
2149247,210,92,1,BTC,40-ft,MF,56.83439648086085,82.14824761052385,121.61710298658859,75.4347078704745,68.43668386762614,SUCCESS,SUCCESS,78.63695919453481,72.12725916053799,18.06069746770015,20.814844652022884,SUCCESS,SUCCESS
2149248,210,50,1,BTC,40-ft,MF,77.46217895230633,114.55713305750741,169.99863698307394,69.68845158554832,59.85839769803653,SUCCESS,SUCCESS,73.03648250753523,64.30641210993325,18.882894400006023,25.086801283097543,SUCCESS,SUCCESS
2149249,210,55,1,BTC,40-ft,MF,69.10293155541618,98.43415054360113,142.751455175222,72.54713642843952,64.6894583022656,SUCCESS,SUCCESS,77.34420358036063,70.03598124740584,27.055458736834964,30.15438941059091,SUCCESS,SUCCESS
2149250,210,67,1,BTC,40-ft,MF,68.71281077201051,96.2213132256568,140.04709139750065,72.93948347062823,65.16895542597506,SUCCESS,SUCCESS,74.73591584040541,67.16793159288898,10.131878565543275,11.274225581394546,SUCCESS,SUCCESS
2149251,210,47,1,BTC,40-ft,MF,27.958296658257474,35.06908469013835,48.66712566734324,83.78207718259958,81.3710770093363,SUCCESS,SUCCESS,83.7820771825996,81.37107700933632,0.0,0.0,SUCCESS,SUCCESS
2149252,210,54,1,BTC,40-ft,MF,57.07426253663496,73.91855048182813,104.80716878637539,76.89387402804466,71.41716865489799,SUCCESS,SUCCESS,77.57221581064022,72.39418577265782,3.8258476538389345,5.510376544165467,SUCCESS,SUCCESS
2149254,210,3,1,BTC,40-ft,MF,299.4361718112472,496.78569507499935,747.2098770669145,1.9174299512412536,-42.484020756545114,FAILURE,FAILURE,45.708724995218475,9.703648481263626,246.98290404803146,294.3384545012414,SUCCESS,FAILURE
2149255,210,62,1,BTC,40-ft,MF,119.9539503842229,177.60910806485438,259.5451260456288,58.50902339275632,43.98136063020766,SUCCESS,SUCCESS,79.01824643148237,71.191702288918,115.6720179384148,153.46632695512642,SUCCESS,SUCCESS
2149256,210,81,1,BTC,40-ft,MF,75.43790870812832,105.50177083651293,155.0926894266383,71.29401226302963,62.50129620095066,SUCCESS,SUCCESS,72.62220011173318,63.90978639451272,7.4909794666880885,7.943884691690016,SUCCESS,SUCCESS
2149257,210,48,2,BTC,40-ft,SAT,334.98251014499937,510.1915792030978,763.2041011909571,-0.45949985870527504,-45.31987609768742,FAILURE,FAILURE,64.61621848788565,24.841869869257604,367.0270514747727,395.7122472535699,SUCCESS,SUCCESS
2149258,210,55,2,BTC,40-ft,SAT,149.0065116842671,237.21083421343465,347.60186756657845,47.94134145151869,28.368463197415174,SUCCESS,SUCCESS,70.7269961460376,56.6864865678428,128.5110924770869,159.71365180921185,SUCCESS,SUCCESS
2149259,210,50,2,BTC,40-ft,SAT,286.56488998191094,462.922800133911,689.2236322355395,7.921489337959049,-32.202771672968,FAILURE,FAILURE,56.777242868784796,25.194651874715568,275.54644991385715,323.72146880893547,SUCCESS,SUCCESS
2149260,240,54,2,BTC,40-ft,SAT,238.9767355073662,367.18889632492767,555.6591553532209,24.895585757991554,-8.521126835677451,SUCCESS,FAILURE,31.780739700417588,-1.8058600080829843,38.83226823528287,37.87410490763277,SUCCESS,FAILURE
2149261,210,69,2,BTC,40-ft,SAT,203.36080714274397,318.9216777992013,471.1065268695661,33.453603227091975,6.470473959296795,SUCCESS,FAILURE,69.75902554204036,54.230188223084255,204.76258185630888,269.36478844776127,SUCCESS,SUCCESS
2149262,210,61,2,BTC,40-ft,SAT,248.67465039587512,383.79591832992986,569.1935391491947,21.951078310296126,-10.920840274679916,SUCCESS,FAILURE,73.83177596816735,60.94577818039312,292.60713479039356,405.3277280866119,SUCCESS,SUCCESS
2149264,210,61,3,BTC,40-ft,SUN,359.036950972854,536.9697151895829,795.4759934717265,-5.207396310209725,-51.0418428141359,FAILURE,FAILURE,59.33131374796358,14.65940670822152,363.99832472809726,370.55504730609596,SUCCESS,FAILURE
2149265,210,63,3,BTC,40-ft,SUN,258.3470716334978,384.47668030353816,571.5549406537169,21.830375832706004,-11.33952848470158,SUCCESS,FAILURE,48.16485418032837,17.350202765581678,148.52645788059016,161.81008425159754,SUCCESS,FAILURE
2149266,210,47,3,BTC,40-ft,SUN,312.5950257611761,429.9802949374729,622.2084926231195,13.762359053639564,-20.320654720411248,FAILURE,FAILURE,74.1013782285087,60.43308683617084,340.3120681462617,455.45110237912303,SUCCESS,SUCCESS
2149268,210,48,1,BTC,40-ft,MF,63.6916442403531,86.71458012130985,124.49909774195797,74.62507444657628,67.92569188972377,SUCCESS,SUCCESS,77.74198961607462,71.40869835112554,17.579401555970605,19.644156442306098,SUCCESS,SUCCESS
2149269,210,14,1,BTC,40-ft,MF,242.42284205238727,359.8857850763991,526.3916206654927,26.190463638936336,-3.3318476357256563,SUCCESS,FAILURE,70.43356492705158,55.474454993384825,249.53109126496992,331.66754682818305,SUCCESS,SUCCESS
2149270,210,86,1,BTC,40-ft,MF,52.22005829276954,72.673922601004,104.71600300849349,77.11455273031844,71.4333327999125,SUCCESS,SUCCESS,77.11455273031844,71.43333279991249,0.0,0.0,SUCCESS,SUCCESS
2149271,210,12,1,BTC,40-ft,MF,311.772242901954,521.773534068067,786.8196051352204,-2.513037955331018,-49.507022187095814,FAILURE,FAILURE,50.454983216483065,8.607706087441734,298.7396394090315,327.7670674683916,SUCCESS,FAILURE
2149272,210,27,1,BTC,40-ft,MF,350.1012470908597,553.7365540316672,827.5758342298678,-8.180240076536734,-56.73330394146593,FAILURE,FAILURE,55.85907397181563,12.430826084692244,361.18173123270725,390.0856933475321,SUCCESS,FAILURE
2149273,210,67,2,BTC,40-ft,SAT,111.57686718163285,175.2569059978301,256.3061784398969,58.92608049683863,44.55564212058567,SUCCESS,SUCCESS,74.61499235335643,65.77746811712899,88.48546287076033,119.69109862050425,SUCCESS,SUCCESS
2149274,210,52,2,BTC,40-ft,SAT,214.3667343271766,350.47970896785887,515.9314032911979,27.85820762981226,-1.4771991651059981,SUCCESS,FAILURE,69.55701801593248,51.86336940324322,235.18129057771813,300.84080672548964,SUCCESS,SUCCESS
2149275,210,53,2,BTC,40-ft,SAT,182.8335256671596,286.9132524130509,424.77328110225585,39.12885595513282,14.685588457046839,SUCCESS,FAILURE,69.9701894579801,54.27926571631466,173.94512095605847,223.30833974227045,SUCCESS,SUCCESS
2149276,210,54,2,BTC,40-ft,SAT,194.80968850461423,311.86047898395174,463.2829686215053,34.70558883263267,7.857629677038074,SUCCESS,FAILURE,54.70341618894188,32.77812453847628,112.78774628958405,140.55159101851143,SUCCESS,SUCCESS
2149277,912,9,1,XWV,28-ft Shuttle,MF,242.34721102662456,364.1282672006985,534.4942691009408,25.438250496330063,-4.768487429244811,SUCCESS,FAILURE,82.86312200748422,71.80034296058176,323.8762753229098,431.8482033986221,SUCCESS,SUCCESS
2149278,912,8,1,XWV,28-ft Shuttle,MF,290.85409704423637,438.09755805216435,640.7389422374437,12.323128004935404,-23.60619543217086,FAILURE,FAILURE,84.06946429895261,79.36458312919119,404.6493366982573,580.7551910860822,SUCCESS,SUCCESS
2149279,912,1,1,XWV,28-ft Shuttle,MF,228.96104664804633,343.83982832068887,505.0718155350964,29.03549143250198,0.44825965689780706,SUCCESS,FAILURE,81.97446661039606,72.0718509345263,298.57582000332286,403.9570548058248,SUCCESS,SUCCESS
2149280,912,3,1,XWV,28-ft Shuttle,MF,274.1105752692904,420.3039445527841,617.4426636825667,15.478024015463813,-19.47564958910757,FAILURE,FAILURE,81.73987953284067,77.8459361822351,373.7168651180059,548.893743750373,SUCCESS,SUCCESS
2149283,240,58,1,BTC,40-ft,MF,53.8192942041226,75.61383718851293,110.93016017703997,76.59329127863246,70.33153188350354,SUCCESS,SUCCESS,78.40690894687525,72.43036000701213,10.228803648889311,11.837390616588436,SUCCESS,SUCCESS
2149284,240,55,1,BTC,40-ft,MF,69.5886054577253,101.06430452048112,150.80113772808477,72.0807970708367,63.26220962268001,SUCCESS,SUCCESS,73.89441473907947,65.3610377461886,10.228803648889311,11.837390616588436,SUCCESS,SUCCESS
2149285,912,20,2,XWV,28-ft Shuttle,SAT,307.0674374911864,467.5586686052651,687.1310999949666,7.099526843038108,-31.831755318256484,FAILURE,FAILURE,71.39730447149341,56.80654009633142,362.6394658244882,499.9199861382759,SUCCESS,SUCCESS
2149286,912,21,2,XWV,28-ft Shuttle,SAT,298.85377588392134,452.31309449548814,663.9709106903658,9.802642819948915,-27.725338774887554,FAILURE,FAILURE,70.57918451342852,52.754247877145296,342.77969515122544,453.90486871746543,SUCCESS,SUCCESS
2149287,912,25,2,XWV,28-ft Shuttle,SAT,337.7348516766315,511.1824445471909,750.0681790276984,-0.6351852034026424,-42.990811884343685,FAILURE,FAILURE,76.84786408665528,66.46437129201944,437.00439799592704,617.3272331146884,SUCCESS,SUCCESS
2149288,912,22,2,XWV,28-ft Shuttle,SAT,340.81911940269106,516.7372348287926,758.5722561685519,-1.6200770973036425,-44.4986269802397,FAILURE,FAILURE,82.34211496818527,76.88596186982114,473.54676324935775,684.6090811143433,SUCCESS,SUCCESS
2149294,130,27,1,BTC,40-ft,MF,126.19815732485078,187.35021277167058,276.4942815215748,56.78187716814351,40.976191219578936,SUCCESS,SUCCESS,77.86863572430778,70.12091895526696,118.92931825676646,164.37626442928047,SUCCESS,SUCCESS
2149295,130,29,1,BTC,40-ft,MF,55.62394906612217,77.29965991128496,111.91454750877507,76.29438654055232,70.15699512255762,SUCCESS,SUCCESS,81.2192196076612,75.71036065998278,27.776058498494137,31.320981631077984,SUCCESS,SUCCESS
2149296,130,11,1,BTC,40-ft,MF,222.64475114911812,335.4792611868215,496.2476227284259,30.517861491698323,2.0128328495698833,SUCCESS,FAILURE,73.67933661251539,63.919332170932584,243.43071968140828,349.15265617248565,SUCCESS,SUCCESS
2149297,130,35,1,BTC,40-ft,MF,46.93258668475928,63.74562437414961,91.97153482479285,78.69758433082454,73.69299027929205,SUCCESS,SUCCESS,82.32071763552877,77.5797898734567,20.434471838531806,21.921549711088687,SUCCESS,SUCCESS
2149298,130,34,1,BTC,40-ft,MF,46.93258668475928,63.74562437414961,91.97153482479285,78.69758433082454,73.69299027929205,SUCCESS,SUCCESS,82.0469776067311,77.27346167712838,18.89057807611306,20.193858683796975,SUCCESS,SUCCESS
2149299,130,30,1,BTC,40-ft,MF,62.33069497673921,86.17935154029557,124.09243037324724,74.71997313115327,67.9977960331122,SUCCESS,SUCCESS,77.92774376846016,71.6582206562077,18.091826394410816,20.644794874258707,SUCCESS,SUCCESS
2149303,210,41,1,BTC,40-ft,MF,126.54518352593054,198.01013375203374,290.51657167247885,54.891820256731606,38.48996956161723,SUCCESS,SUCCESS,66.32938378125468,54.02375700068362,64.50785827831021,87.61056115633437,SUCCESS,SUCCESS
2149304,210,42,1,BTC,40-ft,MF,208.0847088294757,351.2169629605259,528.5926380434396,27.72748883678619,-3.7220989438722643,SUCCESS,FAILURE,59.36119923833193,37.015639763288654,178.4141266647183,229.76084630838744,SUCCESS,SUCCESS
2149305,210,6,1,BTC,40-ft,MF,242.2919847816955,394.2088091792163,587.944574889902,20.104821067514845,-14.245492001755672,SUCCESS,FAILURE,59.34917187949947,33.94080172635506,221.33813857959336,271.7706966265446,SUCCESS,SUCCESS
2149306,210,45,1,BTC,40-ft,MF,68.30576104282272,109.62345049821647,165.1588996314816,70.56321799677013,60.71650715753872,SUCCESS,SUCCESS,78.82696784681534,70.61462685852669,46.60754915425497,55.82539511357197,SUCCESS,SUCCESS
2149307,210,87,1,BTC,40-ft,MF,28.446717140328623,37.27702394429213,52.58402417163346,83.39059859143757,80.67659145893023,SUCCESS,SUCCESS,84.71953341168074,82.08752203294661,7.495192386171539,7.957648437452292,SUCCESS,SUCCESS
2149308,210,53,1,BTC,40-ft,MF,30.31827593306211,42.95963392816207,63.2814895308676,82.3830436297585,78.77987774275398,SUCCESS,SUCCESS,83.70095220730249,80.18223602609868,7.433004377348141,7.90930071806406,SUCCESS,SUCCESS
2149309,210,88,1,BTC,40-ft,MF,45.61249039518775,67.78234489911935,98.3442904491687,77.98185374129089,72.56306906929633,SUCCESS,SUCCESS,79.54614558777381,74.25635140562594,8.822606014163568,9.55011237689888,SUCCESS,SUCCESS
2149310,210,47,2,BTC,40-ft,SAT,241.93714618892162,393.14373169647297,587.6358275053223,20.293664592823944,-14.190749557681245,SUCCESS,FAILURE,69.25058297340715,48.13078472926127,276.1170196664894,351.4934533783558,SUCCESS,SUCCESS
2149311,210,32,2,BTC,40-ft,SAT,302.54045169688266,496.80348117219984,757.2380130449042,1.9142763879078342,-44.26205905051492,FAILURE,FAILURE,75.57662797124198,43.28164983655513,415.45566293000445,493.746518123075,SUCCESS,FAILURE
2149312,210,51,2,BTC,40-ft,SAT,170.49693105579985,280.4324700383932,426.59677398433104,40.277930844256524,14.362274116253365,SUCCESS,FAILURE,60.700763126615485,41.558925035383425,115.18477407250464,153.38911118389336,SUCCESS,SUCCESS
2149313,210,37,2,BTC,40-ft,SAT,280.34379291870073,449.8933343295605,677.7174111255257,10.231678310361616,-30.162661547079022,FAILURE,FAILURE,43.95968710491368,17.187502847707805,190.22596960127368,267.0549271865976,SUCCESS,FAILURE
2149314,210,34,2,BTC,40-ft,SAT,316.5704522206548,534.5100249790137,805.23632229279,-4.771281024647811,-52.7723975696436,FAILURE,FAILURE,60.004822627274656,37.62549905468286,365.3372245968431,509.8441369612011,SUCCESS,SUCCESS
2149315,210,42,2,BTC,40-ft,SAT,202.6350551851496,338.35522539810415,508.1174886939469,30.007938759201398,-0.09175331452958498,SUCCESS,FAILURE,71.2564815804471,59.67840357297894,232.64178151182585,337.10368484554783,SUCCESS,SUCCESS
2149316,210,63,2,BTC,40-ft,SAT,122.11864654284773,191.492275634208,275.2944143234287,56.04746885918298,41.188933630597745,SUCCESS,SUCCESS,66.85156595237297,54.73309414423115,60.93510760559167,76.38906529689234,SUCCESS,SUCCESS
2149317,210,66,2,BTC,40-ft,SAT,95.1575250146596,148.4125819267527,222.563433422333,63.685712424334625,50.53839832937359,SUCCESS,SUCCESS,74.59327447112446,65.14421098164082,61.51864994389456,82.37678335878718,SUCCESS,SUCCESS
2149318,210,38,2,BTC,40-ft,SAT,281.91707834541324,471.5317691654154,723.0077710772509,6.395076389110745,-38.19286721227853,FAILURE,FAILURE,75.68955464912891,55.271057090125076,390.82085738650244,527.1365330655557,SUCCESS,SUCCESS
2149319,210,31,2,BTC,40-ft,SAT,270.49376646971405,446.87193153362995,678.3079092917203,10.76738802595214,-30.2673598034965,FAILURE,FAILURE,66.84846047270283,33.10448146096136,316.29724859967394,357.4171847315423,SUCCESS,SUCCESS
2149320,210,57,2,BTC,40-ft,SAT,160.73217411009125,242.17965288901132,365.22466289623463,47.0603452324448,25.243854096412306,SUCCESS,SUCCESS,49.72694946745238,28.10766284713016,15.039647885442719,16.151881354048612,SUCCESS,SUCCESS
2149321,210,39,2,BTC,40-ft,SAT,334.7946956244152,544.463814970537,829.2500231525866,-6.536137406123575,-57.03014594904017,FAILURE,FAILURE,11.166977823589528,-33.778679032737735,99.84556989558183,131.13827340794555,FAILURE,FAILURE
2149322,210,65,2,BTC,40-ft,SAT,200.32166619370872,322.19396305703293,485.01192816404546,32.87341080549062,4.00497727587847,SUCCESS,FAILURE,54.1857924258356,28.70559113641336,120.20183233874576,139.31146217341674,SUCCESS,SUCCESS
2149323,210,49,2,BTC,40-ft,SAT,253.88045079516056,403.86992118964685,604.8296556267453,18.39185794509808,-17.239300643039947,FAILURE,FAILURE,42.33148862373932,12.15509117962025,135.01951702753672,165.78436987980342,SUCCESS,FAILURE
2149324,210,56,2,BTC,40-ft,SAT,160.1711919083994,250.0706739223306,359.77204384233,45.66122802795557,26.210630524409577,SUCCESS,SUCCESS,66.15656829778031,52.981885833401,115.59371912181183,150.98987994271158,SUCCESS,SUCCESS
2149325,210,54,3,BTC,40-ft,SUN,293.61010834392,496.25283572776374,746.1660704776127,2.0119085589071424,-42.29894866624338,FAILURE,FAILURE,35.903767861482955,-6.238385047059421,191.15008646652745,203.3815788121979,SUCCESS,FAILURE
2149326,210,55,3,BTC,40-ft,SUN,223.26788517216576,355.4601697053594,524.8365555349136,26.97514721536181,-3.0561268678924782,SUCCESS,FAILURE,44.23892564285459,17.051871994499482,97.36771033105936,113.40911358389053,SUCCESS,FAILURE
2149327,210,67,3,BTC,40-ft,SUN,134.6259214339124,226.91580730722677,340.1853686545097,49.766700832051995,29.6834452740231,SUCCESS,SUCCESS,70.81948974293518,58.805115153738605,118.73772945738136,164.24621812159523,SUCCESS,SUCCESS
2149328,210,57,1,BTC,40-ft,MF,48.88918925981872,77.88798377958304,116.46077326311234,76.19007379794628,69.35092672639853,SUCCESS,SUCCESS,80.52622178895422,74.08715669946791,24.45587466928481,26.712337048111237,SUCCESS,SUCCESS
2149329,210,66,1,BTC,40-ft,MF,48.29944963668716,73.93340295341271,109.95660621858087,76.89124061109703,70.50414783358495,SUCCESS,SUCCESS,77.95381562401619,71.66420663407564,5.992923072864016,6.542731634767449,SUCCESS,SUCCESS
2149331,210,16,1,BTC,40-ft,MF,263.4328628778826,418.86592242014757,627.3865712457588,15.732992478697245,-21.2387537669785,FAILURE,FAILURE,66.06732993039593,38.065168457322635,283.8856632275806,334.4741213450585,SUCCESS,SUCCESS
2149332,210,90,1,BTC,40-ft,MF,47.83156943740501,72.06244762925186,108.51678105325364,77.22297027850145,70.75943598346566,SUCCESS,SUCCESS,80.1283827575496,73.90821336048401,16.38652638183163,17.759104406383415,SUCCESS,SUCCESS
2149333,210,56,1,BTC,40-ft,MF,72.1443791414909,109.32188422208907,157.0728536367757,70.61668719466506,62.150203255890844,SUCCESS,SUCCESS,80.34773641830681,72.98754216490396,54.88311762133952,61.12259144683395,SUCCESS,SUCCESS
2149334,210,26,1,BTC,40-ft,MF,210.3929940438415,319.82150729659054,467.92466552749994,33.29405898996622,7.034633771719872,SUCCESS,FAILURE,63.28223649460806,44.99361103740322,169.13332112617996,214.08863177845404,SUCCESS,SUCCESS
2149335,210,44,1,BTC,40-ft,MF,57.862457981314705,93.98894600178306,140.04290016440956,73.3352932620952,65.16969855240966,SUCCESS,SUCCESS,79.10717649668359,71.53911463684483,32.55342144307849,35.92350671621426,SUCCESS,SUCCESS
2149336,210,85,1,BTC,40-ft,MF,44.81625792883341,64.28559350089614,95.19337996619673,78.60184512395459,73.12174114074527,SUCCESS,SUCCESS,81.7048883398605,77.07549195782046,17.501163737709362,22.299154608304093,SUCCESS,SUCCESS
2149337,210,89,1,BTC,40-ft,MF,42.86902742953936,63.438230766326576,93.25926220990303,78.75208674355912,73.46466982093919,SUCCESS,SUCCESS,80.84368749941818,75.73477011274649,11.79662826304508,12.803365645793178,SUCCESS,SUCCESS
2149338,210,94,1,BTC,40-ft,MF,42.86902742953936,63.438230766326576,93.25926220990303,78.75208674355912,73.46466982093919,SUCCESS,SUCCESS,80.28255508664783,75.11572085679614,8.631841455020322,9.311927842233217,SUCCESS,SUCCESS
2149339,240,53,2,BTC,40-ft,SAT,248.24139187838685,391.32696602784927,596.3173101445814,20.615786165274958,-15.73001952918109,SUCCESS,FAILURE,29.18865057975271,-4.97066942763749,48.350955297654366,60.682734572705726,SUCCESS,FAILURE
2149340,240,61,2,BTC,40-ft,SAT,131.85749371966256,198.40007681115918,302.03267986583467,54.82268141646114,36.448106406766904,SUCCESS,SUCCESS,55.75910956137001,37.45646752473499,5.281454737285856,5.68715670533993,SUCCESS,SUCCESS
2149341,240,51,2,BTC,40-ft,SAT,348.9719757847398,559.2550421815923,852.1677895784493,-9.15869542226814,-61.09357971249101,FAILURE,FAILURE,55.700458804418865,8.903122820735355,365.8056298385145,394.78140228739676,SUCCESS,FAILURE
2149342,240,41,3,BTC,40-ft,SUN,313.4930867093773,506.8842444603485,768.3046345509748,0.12690701057651152,-46.22422598421539,FAILURE,FAILURE,53.8582841995153,6.804333627064543,303.0449673456147,299.08107620761893,SUCCESS,FAILURE
2149343,210,53,3,BTC,40-ft,SUN,295.5681543430104,491.47216488627816,736.2320613909509,2.8595452329294075,-40.537599537402635,FAILURE,FAILURE,54.64936870356482,15.817067029907284,292.09460437438395,317.84031943962776,SUCCESS,FAILURE
2149344,210,62,3,BTC,40-ft,SUN,180.42048670698085,308.259954911313,463.4264126998964,35.34397962565372,7.832196329805609,SUCCESS,FAILURE,61.9033113631812,39.320352886809964,149.79463099965506,177.59320298150465,SUCCESS,SUCCESS
2149345,210,58,3,BTC,40-ft,SUN,359.46385575790407,575.2146984588893,874.5533082624216,-11.988421712569021,-65.06264330894001,FAILURE,FAILURE,4.8821295475076205,-46.427009668660716,95.14990910683241,105.10497373117514,FAILURE,FAILURE
2149346,210,42,3,BTC,40-ft,SUN,336.70506761389464,555.15785616078,831.905297689682,-8.432244000138304,-57.50093930668121,FAILURE,FAILURE,26.894227147372916,-20.345585333272954,199.2412972719634,209.5561964100229,SUCCESS,FAILURE
2149347,210,4,1,BTC,40-ft,MF,185.0071836293398,320.48766690973343,487.4815940893789,33.1759455833806,3.567093246564026,SUCCESS,FAILURE,68.47208143523056,51.73728385331228,199.0702062044337,271.67987502206,SUCCESS,SUCCESS
2149348,210,63,1,BTC,40-ft,MF,45.58640612153502,68.11939908200432,99.16362340160633,77.92209236134676,72.41779726921874,SUCCESS,SUCCESS,79.66185963194974,74.30690236223512,9.812287406200824,10.654552724612472,SUCCESS,SUCCESS
2149349,210,62,2,BTC,40-ft,SAT,149.79187030988032,233.98357072690425,348.93275120785586,48.51355128955599,28.13249092059294,SUCCESS,SUCCESS,68.64086506522622,55.11949440256758,113.51804969478019,152.20669963833694,SUCCESS,SUCCESS
2149350,210,65,3,BTC,40-ft,SUN,158.00643826182664,249.64656810949143,372.20458306063284,45.7364240940618,24.00627959917858,SUCCESS,SUCCESS,56.05628336671592,36.227856514277754,58.2040062977693,68.92969380115915,SUCCESS,SUCCESS
2149351,240,46,3,BTC,40-ft,SUN,245.6114134944638,386.6344220171045,586.0038747416478,21.44779751469779,-13.901396230788613,SUCCESS,FAILURE,47.52588217552672,11.348996257935422,147.0803974870751,142.41221363640352,SUCCESS,FAILURE
2149352,210,64,1,BTC,40-ft,MF,53.16638169885675,77.20316364529174,111.27925156710543,76.3114958075724,70.26963624696711,SUCCESS,SUCCESS,77.63968365627595,71.67812644052918,7.4909794666880885,7.943884691690016,SUCCESS,SUCCESS
2149353,240,39,1,BTC,40-ft,MF,43.914346693627664,62.38828073578872,92.0296351972893,78.93824809649136,73.68268879480688,SUCCESS,SUCCESS,80.70694345957392,75.6334369638196,9.975441847785646,11.002219673231934,SUCCESS,SUCCESS
2149354,210,84,1,BTC,40-ft,MF,195.03470035702654,307.03424586152977,455.9274724904903,35.56130392526068,9.161795657714492,SUCCESS,FAILURE,62.273253799686486,42.782048958842196,150.65539729176157,189.61822861836015,SUCCESS,SUCCESS
2149355,240,40,1,BTC,40-ft,MF,42.44288830267722,63.93192828725381,92.61680281110716,78.66455172211812,73.57858106186043,SUCCESS,SUCCESS,78.66455172211812,73.57858106186043,0.0,0.0,SUCCESS,SUCCESS
2149356,210,69,3,BTC,40-ft,SUN,217.7759214841201,360.2118500972698,538.4379548821753,26.132650691973442,-5.4677224968395866,SUCCESS,FAILURE,46.1402835590134,15.543685334084373,112.84304937010518,118.50434016641114,SUCCESS,FAILURE
2149357,240,37,1,BTC,40-ft,MF,82.62514574838018,121.2282489657538,176.774122802853,68.5056296160011,58.65707042502607,SUCCESS,SUCCESS,70.28401820139415,61.27178093306077,10.030111621616868,14.746967265315789,SUCCESS,SUCCESS
2149358,210,93,1,BTC,40-ft,MF,54.61083775179989,75.79091600897769,106.23339221248533,76.56189432464936,71.16429216090687,SUCCESS,SUCCESS,77.59540546685028,72.23897277472149,5.829002842013267,6.061198661914489,SUCCESS,SUCCESS
2149359,210,60,3,BTC,40-ft,SUN,285.3294341485367,439.71169271790427,653.6087187386111,12.036933915265205,-25.88807069833529,FAILURE,FAILURE,29.006907094768682,-7.243935444113387,95.7106487323997,105.15292283381172,SUCCESS,FAILURE
2149360,240,21,1,BTC,40-ft,MF,324.90620986294243,490.3743505430001,744.672513094089,3.0541931661347372,-42.03413352732074,FAILURE,FAILURE,3.0541931661347466,-42.03413352732073,0.0,0.0,FAILURE,FAILURE
2149361,240,51,1,BTC,40-ft,MF,76.16169538297036,108.47837144009449,160.71131349822178,70.76624619856482,61.505086259180544,SUCCESS,SUCCESS,70.76624619856482,61.50508625918055,0.0,0.0,SUCCESS,SUCCESS
2149362,240,26,1,BTC,40-ft,MF,295.54106098883267,444.39936962414095,676.3982878397682,11.205785527634589,-29.9287744396752,FAILURE,FAILURE,11.205785527634596,-29.928774439675188,0.0,0.0,FAILURE,FAILURE
2149363,240,27,1,BTC,40-ft,MF,192.76332570919257,288.835410564083,441.58764968685205,38.78804777232571,11.704317431409216,SUCCESS,FAILURE,38.78804777232574,11.704317431409212,0.0,0.0,SUCCESS,FAILURE
2149364,240,24,1,BTC,40-ft,MF,302.9269376229993,456.0345999482047,687.6770407439415,9.142801427623287,-31.92855332339387,FAILURE,FAILURE,12.114169988009815,-28.80398684365298,16.758518680580096,17.622554945738557,FAILURE,FAILURE
2149365,240,53,1,BTC,40-ft,MF,62.16656962061295,90.60302719521556,134.15210250405076,73.93563347602561,66.21416622268605,SUCCESS,SUCCESS,73.93563347602561,66.21416622268605,0.0,0.0,SUCCESS,SUCCESS
2149366,240,57,1,BTC,40-ft,MF,62.16656962061295,90.60302719521556,134.15210250405076,73.93563347602561,66.21416622268605,SUCCESS,SUCCESS,73.93563347602561,66.21416622268605,0.0,0.0,SUCCESS,SUCCESS
2149367,240,52,1,BTC,40-ft,MF,75.29254740093629,111.3744385134082,169.04174726728613,70.25275912882833,60.028058995162034,SUCCESS,SUCCESS,70.25275912882834,60.02805899516205,0.0,0.0,SUCCESS,SUCCESS
2149368,240,22,1,BTC,40-ft,MF,222.13102028625664,333.2006535767517,509.7241252917435,30.921869933200064,-0.3766179595289887,SUCCESS,FAILURE,30.92186993320008,-0.3766179595289969,0.0,0.0,SUCCESS,FAILURE
2149369,240,35,1,BTC,40-ft,MF,76.16169538297036,108.47837144009449,160.71131349822178,70.76624619856482,61.505086259180544,SUCCESS,SUCCESS,70.76624619856482,61.50508625918055,0.0,0.0,SUCCESS,SUCCESS
2149370,240,25,1,BTC,40-ft,MF,244.05338369943473,369.17651642296374,562.5375183024374,24.54317084699225,-9.740694734474719,SUCCESS,FAILURE,45.0812982525336,10.361246792172844,115.83503856725304,113.37495021029211,SUCCESS,FAILURE
2149371,240,28,1,BTC,40-ft,MF,280.1659464711717,419.51920876254167,634.958772878477,15.617161566925242,-22.581342708949823,FAILURE,FAILURE,15.617161566925269,-22.58134270894982,0.0,0.0,FAILURE,FAILURE
2149373,240,23,1,BTC,40-ft,MF,280.92850129598,418.51355969995956,636.4185042322289,15.795468138305047,-22.840160324863273,FAILURE,FAILURE,15.795468138305061,-22.840160324863263,0.0,0.0,FAILURE,FAILURE
2149374,240,32,1,BTC,40-ft,MF,133.33256499175994,194.47351788681726,294.00089555516075,55.518879807301914,37.8721816391559,SUCCESS,SUCCESS,55.51887980730192,37.87218163915592,0.0,0.0,SUCCESS,SUCCESS
2149375,240,38,1,BTC,40-ft,MF,30.55228400916556,40.51929673294971,59.32800705167416,82.81572752961884,79.48084981353296,SUCCESS,SUCCESS,82.81572752961884,79.48084981353296,0.0,0.0,SUCCESS,SUCCESS
2149376,240,34,1,BTC,40-ft,MF,103.96487041469587,150.10827487414855,225.86441995026925,63.38505764642757,49.9531170300941,SUCCESS,SUCCESS,63.385057646427576,49.95311703009411,0.0,0.0,SUCCESS,SUCCESS
2149377,240,33,1,BTC,40-ft,MF,85.9204567048577,119.20891800537282,173.36251141438171,68.86366702032397,59.261966061279836,SUCCESS,SUCCESS,68.86366702032399,59.26196606127985,0.0,0.0,SUCCESS,SUCCESS
2149378,240,59,1,BTC,40-ft,MF,45.92485282387221,67.00919550073948,100.90527166239463,78.118936967954,72.10899438610025,SUCCESS,SUCCESS,78.11893696795399,72.10899438610025,0.0,0.0,SUCCESS,SUCCESS
2149379,240,36,1,BTC,40-ft,MF,87.95511546877324,129.21023131318748,190.5606364129252,67.0903845189384,56.21265311827568,SUCCESS,SUCCESS,69.31651246851573,59.0371040923225,12.555361635616066,15.929903493624067,SUCCESS,SUCCESS
2149380,240,62,2,BTC,40-ft,SAT,192.06540844293377,284.81374181834514,430.4115964143732,39.5011096066764,13.685887160572129,SUCCESS,FAILURE,39.50110960667643,13.685887160572152,0.0,0.0,SUCCESS,FAILURE
2149381,240,63,2,BTC,40-ft,SAT,186.66953662686763,284.9156811860281,426.05642895750674,39.48303525070424,14.458079972073277,SUCCESS,FAILURE,41.55253333470172,16.699559453432283,11.671969193745781,12.641944274864727,SUCCESS,FAILURE
2149382,240,52,2,BTC,40-ft,SAT,302.924391920045,457.6443378543952,687.8147903933707,8.857386905249085,-31.95297702010118,FAILURE,FAILURE,10.891553941115271,-29.812329263253474,11.472702082285252,12.073253348621165,FAILURE,FAILURE
2149383,240,44,3,BTC,40-ft,SUN,274.3643196028016,415.3889438462165,635.3543211045431,16.349478041450983,-22.651475373145942,FAILURE,FAILURE,16.34947804145096,-22.651475373145946,0.0,0.0,FAILURE,FAILURE
2149384,240,47,3,BTC,40-ft,SUN,250.80079759706192,373.5442278436825,566.6845476241562,23.76875392842509,-10.475983621304279,SUCCESS,FAILURE,23.76875392842512,-10.47598362130427,0.0,0.0,SUCCESS,FAILURE
2149385,240,48,3,BTC,40-ft,SUN,192.80889664182547,290.0457471824013,441.71504785001747,38.57344908113452,11.681729104606836,SUCCESS,FAILURE,38.573449081134555,11.681729104606843,0.0,0.0,SUCCESS,FAILURE
2149386,240,45,3,BTC,40-ft,SUN,222.13102028625664,333.2006535767517,509.7241252917435,30.921869933200064,-0.3766179595289887,SUCCESS,FAILURE,30.92186993320008,-0.3766179595289969,0.0,0.0,SUCCESS,FAILURE
2149387,240,31,1,BTC,40-ft,MF,76.50530744716512,109.29235580439693,162.11526893743712,70.62192272971686,61.25615798981612,SUCCESS,SUCCESS,70.62192272971687,61.25615798981612,0.0,0.0,SUCCESS,SUCCESS
2149388,240,60,1,BTC,40-ft,MF,34.59216260383072,49.696940714095156,74.40869440378216,81.18848568899023,76.8069690773436,SUCCESS,SUCCESS,81.18848568899023,76.8069690773436,0.0,0.0,SUCCESS,SUCCESS
2149389,240,61,1,BTC,40-ft,MF,32.76932118052368,44.087510965601744,63.63864130885432,82.18306543163091,78.716552959423,SUCCESS,SUCCESS,82.1830654316309,78.716552959423,0.0,0.0,SUCCESS,SUCCESS
2149397,802,51,2,BTC,40-ft,SAT,317.03463989686406,552.5926081243748,734.4253066031259,-7.977412788009714,-40.21725294381665,FAILURE,FAILURE,87.71563500089333,80.2915434960911,539.7087895294131,679.66961192108,SUCCESS,SUCCESS
2149398,802,51,3,BTC,40-ft,SUN,293.35128709359475,510.85708847202744,678.9436914289613,-0.5774979560332304,-30.380087132794554,FAILURE,FAILURE,87.89689814737409,81.75034290728732,498.99559402321734,632.415625426062,SUCCESS,SUCCESS
2149400,210,58,1,BTC,40-ft,MF,35.990495480106176,50.602098349268374,73.79865592598749,81.02799674658363,76.91513192801641,SUCCESS,SUCCESS,81.02799674658363,76.9151319280164,0.0,0.0,SUCCESS,SUCCESS
2149401,240,54,1,BTC,40-ft,MF,67.91513028877048,89.91713516005265,124.00700784148955,74.05724553899775,68.01294187207633,SUCCESS,SUCCESS,78.52789227633991,73.90139672749466,25.214447598609638,33.210885384559504,SUCCESS,SUCCESS
2149402,210,80,1,BTC,40-ft,MF,53.37231894790985,78.08263916199294,112.12550447426308,76.15556043227076,70.1195914052725,SUCCESS,SUCCESS,79.42750933350248,73.56031087712007,18.453791802946967,19.405657821220302,SUCCESS,SUCCESS
2149468,912,10,1,XWV,28-ft Shuttle,MF,122.99478947088413,201.65242821657108,296.8616904946506,54.2460233658562,37.36494849385628,SUCCESS,SUCCESS,72.57356160115151,62.44375289862011,103.36731564706542,141.44445684286785,SUCCESS,SUCCESS
2149469,912,5,1,XWV,28-ft Shuttle,MF,314.8738546207873,473.1099865839901,692.1185247172042,6.115250605675515,-32.71605048177379,FAILURE,FAILURE,79.57837952970245,75.12673232089199,414.3320471315121,608.2332950070352,SUCCESS,SUCCESS
2149470,912,13,1,XWV,28-ft Shuttle,MF,157.64101126943694,272.36119925541175,398.05050284600543,41.70900722421778,19.42366970815507,SUCCESS,FAILURE,78.60171743411712,70.98463263058511,208.07488558383176,290.8038308825055,SUCCESS,SUCCESS
2149476,912,24,2,XWV,28-ft Shuttle,SAT,290.43831422201663,505.46569950745265,739.695003288301,0.3784220731466964,-41.15159632771294,FAILURE,FAILURE,71.0188519442953,54.743862402667354,398.4120244732777,540.8503872393451,SUCCESS,SUCCESS
2149501,240,2,1,BTC,60-ft,MF,500.6213896336486,608.2766073381097,820.5753249818742,-17.85046229399107,-55.49207889749543,FAILURE,FAILURE,-17.850462293991065,-55.49207889749537,0.0,0.0,FAILURE,FAILURE
2149503,240,4,1,BTC,60-ft,MF,500.6213896336486,608.2766073381097,820.5753249818742,-17.85046229399107,-55.49207889749543,FAILURE,FAILURE,-17.850462293991065,-55.49207889749537,0.0,0.0,FAILURE,FAILURE
2149504,240,5,1,BTC,60-ft,MF,368.65022015077517,448.3930281189706,605.6445895407434,10.497690049827908,-17.383792471763005,FAILURE,FAILURE,10.497690049827902,-17.38379247176298,0.0,0.0,FAILURE,FAILURE
2149505,240,3,1,BTC,60-ft,MF,368.65022015077517,448.3930281189706,605.6445895407434,10.497690049827908,-17.383792471763005,FAILURE,FAILURE,10.497690049827902,-17.38379247176298,0.0,0.0,FAILURE,FAILURE
2149506,240,1,1,BTC,60-ft,MF,456.63099980602414,554.98208093173,748.9317465014973,-8.401078179384752,-42.78931675558462,FAILURE,FAILURE,-8.401078179384742,-42.78931675558458,0.0,0.0,FAILURE,FAILURE
2149518,240,23,3,BTC,40-ft,SUN,368.65022015077517,448.3930281189706,605.6445895407434,10.497690049827908,-17.383792471763005,FAILURE,FAILURE,10.497690049827902,-17.38379247176298,0.0,0.0,FAILURE,FAILURE
2149519,240,26,3,BTC,40-ft,SUN,236.67905066790172,288.5094488998315,390.7138540996126,38.845842393646905,20.7244939539694,SUCCESS,SUCCESS,38.84584239364686,20.72449395396941,0.0,0.0,SUCCESS,SUCCESS
2149520,240,22,3,BTC,40-ft,SUN,456.63099980602414,554.98208093173,748.9317465014973,-8.401078179384752,-42.78931675558462,FAILURE,FAILURE,-8.401078179384742,-42.78931675558458,0.0,0.0,FAILURE,FAILURE
2149522,240,21,3,BTC,40-ft,SUN,368.65022015077517,448.3930281189706,605.6445895407434,10.497690049827908,-17.383792471763005,FAILURE,FAILURE,10.497690049827902,-17.38379247176298,0.0,0.0,FAILURE,FAILURE
2149523,240,25,3,BTC,40-ft,SUN,412.64060997839965,501.6875545253503,677.2881680211203,1.0483059352215782,-30.086554613673812,FAILURE,FAILURE,1.0483059352215798,-30.086554613673776,0.0,0.0,FAILURE,FAILURE
2149525,240,24,3,BTC,40-ft,SUN,324.6598303231507,395.0985017125909,534.0010110603664,19.947074164434238,-4.681030329852196,FAILURE,FAILURE,19.94707416443422,-4.681030329852183,0.0,0.0,FAILURE,FAILURE
2149529,912,14,1,XWV,28-ft Shuttle,MF,72.15016242456267,117.23066514231311,172.62903243305857,69.21442107405797,59.392015526053456,SUCCESS,SUCCESS,77.69422732902204,68.88343969633554,47.82610727799732,53.531632320391,SUCCESS,SUCCESS
2149579,301,8,1,RTC,44-ft Double Deck,MF,124.5119035320402,139.4449938746524,190.7005039229511,65.27571030591271,56.18785391437038,SUCCESS,SUCCESS,70.23608877467066,61.96732748626816,27.97653456379487,32.596230945503464,SUCCESS,SUCCESS
2149580,301,5,1,RTC,44-ft Double Deck,MF,464.72297844136347,536.205884488059,740.3764767525543,-5.071965334762237,-41.272424956126635,FAILURE,FAILURE,64.21361380972652,52.17163193238592,390.7706663749165,527.0244808512105,SUCCESS,SUCCESS
2149581,301,2,1,RTC,44-ft Double Deck,MF,534.9647622485379,622.0769189365847,862.3517552407669,-20.29732605258593,-62.8992473831147,FAILURE,FAILURE,76.22844321498324,67.00131849311039,544.40533866909,732.639191541909,SUCCESS,SUCCESS
2149582,301,11,1,RTC,44-ft Double Deck,MF,135.9446118203319,156.27267941191624,216.48517523173138,62.292078118454576,51.61610368231714,SUCCESS,SUCCESS,73.66542460676993,65.29637096288018,64.14567419409855,77.1567074623755,SUCCESS,SUCCESS
2149583,301,12,1,RTC,44-ft Double Deck,MF,135.9446118203319,156.27267941191624,216.48517523173138,62.292078118454576,51.61610368231714,SUCCESS,SUCCESS,76.34624617429566,69.60233502046094,79.26550783494366,101.44234474713102,SUCCESS,SUCCESS
2149584,301,3,1,RTC,44-ft Double Deck,MF,405.91390292248064,467.1625355767973,644.1858695731219,7.169763195603315,-24.217352761191815,FAILURE,FAILURE,69.74613936705428,59.96887185082258,352.9307616069834,474.810306811761,SUCCESS,SUCCESS
2149585,301,4,1,RTC,44-ft Double Deck,MF,358.53753569188956,414.94687220279945,573.7799337024697,16.427859538510738,-11.734030798310236,FAILURE,FAILURE,72.53116149821032,64.39328253673399,316.42262305270555,429.35804720964927,SUCCESS,SUCCESS
2149586,301,15,1,RTC,44-ft Double Deck,MF,124.5119035320402,139.4449938746524,190.7005039229511,65.27571030591271,56.18785391437038,SUCCESS,SUCCESS,72.1838593973655,64.04614387307748,38.96196087579381,44.32075536710806,SUCCESS,SUCCESS
2149587,301,6,1,RTC,44-ft Double Deck,MF,170.67760084694933,190.98913993175046,259.4234408553924,56.13667731706553,44.00293601854745,SUCCESS,SUCCESS,63.515642057878786,53.044505427195446,41.61736113818671,50.994451464774556,SUCCESS,SUCCESS
2149588,301,7,1,RTC,44-ft Double Deck,MF,123.30123361635823,138.77347655775256,189.01750498474027,65.39477365997296,56.486257981429034,SUCCESS,SUCCESS,72.51053728495597,64.88198608976657,40.13290684490414,47.351906531023644,SUCCESS,SUCCESS
2149589,301,14,1,RTC,44-ft Double Deck,MF,194.7536873392147,225.31602832317796,312.67578241116377,50.05034958808901,34.561031487382316,SUCCESS,SUCCESS,68.94926464223317,58.74034932468953,106.58988090537304,136.37135260241257,SUCCESS,SUCCESS
2149590,301,1,1,RTC,44-ft Double Deck,MF,582.3411294791291,674.2925823105826,932.757691111419,-29.555422395493363,-75.38256934599627,FAILURE,FAILURE,60.29913342968418,43.08569608087082,506.7796948540012,668.1610170075301,SUCCESS,SUCCESS
2149591,301,13,1,RTC,44-ft Double Deck,MF,123.30123361635823,138.77347655775256,189.01750498474027,65.39477365997296,56.486257981429034,SUCCESS,SUCCESS,74.280849061141,66.7126643756967,50.1174652625877,57.67693206366965,SUCCESS,SUCCESS
2149592,301,1,2,RTC,44-ft Double Deck,SAT,417.3466112107724,483.99022111406117,669.9705408819021,4.186131008145186,-28.78910299324506,FAILURE,FAILURE,70.3799646132103,57.22798967157193,373.33322153256717,485.1364026295676,SUCCESS,SUCCESS
2149593,301,2,2,RTC,44-ft Double Deck,SAT,534.9647622485379,622.0769189365847,862.3517552407669,-20.29732605258593,-62.8992473831147,FAILURE,FAILURE,61.496023859577654,38.62279347645129,461.31449350460247,572.5843104479519,SUCCESS,SUCCESS
2149594,301,3,2,RTC,44-ft Double Deck,SAT,464.72297844136347,536.205884488059,740.3764767525543,-5.071965334762237,-41.272424956126635,FAILURE,FAILURE,65.23362412510872,47.87797288525481,396.52352455367213,502.8082438253911,SUCCESS,SUCCESS
2149595,301,4,2,RTC,44-ft Double Deck,SAT,405.91390292248064,467.1625355767973,644.1858695731219,7.169763195603315,-24.217352761191815,FAILURE,FAILURE,72.12248382947818,61.59400215494097,366.33334437505425,483.9760417269887,SUCCESS,SUCCESS
2149596,301,5,2,RTC,44-ft Double Deck,SAT,300.93913008868867,346.5750406084376,479.27232546124816,28.55052471481604,5.022637329565933,SUCCESS,FAILURE,65.91552307393394,54.88362183192481,210.73859074542491,281.21595259330394,SUCCESS,SUCCESS
2149597,620,44,3,RTC,40-ft,SUN,466.0190689090117,493.8830729228561,648.5298539294326,2.4320792689971467,-24.9875627534455,FAILURE,FAILURE,79.47978964781872,76.29267842344251,434.5490865365536,571.2205602376483,SUCCESS,SUCCESS
2149598,620,43,3,RTC,40-ft,SUN,469.6766262196208,484.7612795135258,625.6762751504375,4.04941852597061,-20.935509778446363,FAILURE,FAILURE,81.58372737544641,77.04110149988472,437.29350191104356,552.5880876097873,SUCCESS,SUCCESS
2149599,301,1,3,RTC,44-ft Double Deck,SUN,523.5320539602462,605.2492333993208,836.5670839319866,-17.3136938651278,-58.32749715106146,FAILURE,FAILURE,51.16818518947388,24.3261636443962,386.23779786795336,466.16664688638093,SUCCESS,SUCCESS
2149600,301,2,3,RTC,44-ft Double Deck,SUN,582.3411294791291,674.2925823105826,932.757691111419,-29.555422395493363,-75.38256934599627,FAILURE,FAILURE,47.112174782959606,11.735365200833511,432.40524808647456,491.34515084411976,SUCCESS,FAILURE
2149601,301,3,3,RTC,44-ft Double Deck,SUN,464.72297844136347,536.205884488059,740.3764767525543,-5.071965334762237,-41.272424956126635,FAILURE,FAILURE,51.99233245114987,28.26986789252105,321.8426395125442,392.2185316663727,SUCCESS,SUCCESS
2149602,301,4,3,RTC,44-ft Double Deck,SUN,534.9647622485379,622.0769189365847,862.3517552407669,-20.29732605258593,-62.8992473831147,FAILURE,FAILURE,54.10718127292328,21.284400738776817,419.6414213158718,474.795775407468,SUCCESS,SUCCESS
2149603,975,8,1,XHT,28-ft Shuttle,MF,114.28893616120452,142.58559936440133,197.5281583160829,64.71886536092175,54.977276894311544,SUCCESS,SUCCESS,68.4730132819893,59.515142397581485,21.17339427482085,25.59356143844252,SUCCESS,SUCCESS
2149604,301,46,1,RTC,40-ft,MF,216.12638069384093,267.9112425550341,372.4642880994665,42.49800663917836,23.960232606477575,SUCCESS,SUCCESS,68.34374510559726,57.130484637323434,145.76996495060274,187.0802214539707,SUCCESS,SUCCESS
2149605,301,42,1,RTC,40-ft,MF,428.42008875980997,547.1358412073444,768.9981494995991,-7.0099009232880025,-46.347189627588484,FAILURE,FAILURE,51.623959087266854,23.896825451296742,330.69497045952943,396.1762450449126,SUCCESS,SUCCESS
2149606,301,47,1,RTC,40-ft,MF,173.66763908064715,212.0663228245721,293.15751581944,52.399588151671615,38.021717053290786,SUCCESS,SUCCESS,65.5991227053883,55.120747548529266,74.44537488296208,96.43853199314509,SUCCESS,SUCCESS
2149607,301,44,1,RTC,40-ft,MF,173.66763908064715,212.0663228245721,293.15751581944,52.399588151671615,38.021717053290786,SUCCESS,SUCCESS,69.70469402688903,60.198489166151084,97.60079713622622,125.07699471653211,SUCCESS,SUCCESS
2149608,301,41,1,RTC,40-ft,MF,343.50260553342235,435.4460017464202,610.3846049395461,12.793262101698547,-18.224220733962067,FAILURE,FAILURE,62.44631602754494,43.47951877030719,280.0432241417737,348.00909080407865,SUCCESS,SUCCESS
2149609,301,48,1,RTC,40-ft,MF,173.66763908064715,212.0663228245721,293.15751581944,52.399588151671615,38.021717053290786,SUCCESS,SUCCESS,70.02586744838443,60.943049032273066,99.41221523346024,129.2763123614601,SUCCESS,SUCCESS
2149610,301,43,1,RTC,40-ft,MF,343.50260553342235,435.4460017464202,610.3846049395461,12.793262101698547,-18.224220733962067,FAILURE,FAILURE,69.22008466863689,57.275078264802524,318.2472792775323,425.8160463530323,SUCCESS,SUCCESS
2149611,301,45,1,RTC,40-ft,MF,88.7501558542596,100.37648336364805,134.54397125938704,72.20275117665815,66.14468594691719,SUCCESS,SUCCESS,73.80294525726558,67.8139060227118,9.025094614625857,9.41440122748162,SUCCESS,SUCCESS
2149612,990,1,1,XHT,28-ft Shuttle,MF,329.9444580380934,427.73349432699194,613.9633578487523,14.160727956207106,-18.858751391622736,FAILURE,FAILURE,77.3006454327902,67.30135749314556,356.10913456792883,485.9430141100931,SUCCESS,SUCCESS
2149613,984,3,1,XHT,28-ft Shuttle,MF,393.7107369601089,527.9816589381556,761.4957819010045,-3.61376931527582,-45.016982606561086,FAILURE,FAILURE,52.766281843595365,14.874550422829296,317.9834885360334,337.7882462857618,SUCCESS,FAILURE
2149614,975,7,2,XHT,28-ft Shuttle,SAT,269.9498759539547,365.4171101613673,526.3816851712519,25.209732240892325,-3.330086023271607,SUCCESS,FAILURE,65.65893839313905,47.452657804986785,228.1335226986714,286.4146751913773,SUCCESS,SUCCESS
2149615,975,3,2,XHT,28-ft Shuttle,SAT,69.99670456244124,84.77589783203118,115.80141489105239,74.96881244112922,69.4678342391751,SUCCESS,SUCCESS,76.421871788706,70.97031474784795,8.195254720332969,8.473990068914873,SUCCESS,SUCCESS
2149616,320,28,2,STC,40-ft,SAT,265.22174923983954,394.8910784840901,583.8130998659828,19.983851332608143,-13.51296096914589,FAILURE,FAILURE,67.73128223058448,53.07927399275771,269.2955102645865,375.5802051851363,SUCCESS,SUCCESS
2149617,312,51,2,STC,40-ft,SAT,445.8362850593835,592.181170679113,846.4803308984555,-14.99666146792784,-60.08516505291763,FAILURE,FAILURE,25.0429066842148,-16.4354375733621,225.82316437808453,246.18446298469297,SUCCESS,FAILURE
2149618,312,53,2,STC,40-ft,SAT,374.67994262655344,537.382080006091,787.8980748535489,-5.280510639377828,-49.698240222260445,FAILURE,FAILURE,69.1789315721618,32.37774697052866,419.9512540730835,462.9085677673309,SUCCESS,SUCCESS
2149619,312,58,2,STC,40-ft,SAT,432.701355904519,575.7664734200836,821.4311756256866,-12.086254152497084,-55.64382546554726,FAILURE,FAILURE,39.217768713948466,-1.372995341416378,289.35468896675286,306.087481900098,SUCCESS,FAILURE
2149620,975,51,3,XHT,28-ft Shuttle,SUN,274.68836329166413,381.25335846450946,555.2131762890131,22.401886797072795,-8.44205253351295,SUCCESS,FAILURE,76.0594709250561,67.17390863354589,302.6287744818259,426.47402098221187,SUCCESS,SUCCESS
2149621,975,57,3,XHT,28-ft Shuttle,SUN,187.01929032909078,254.4029013949803,367.01263532797816,44.89310258954251,24.926837707805294,SUCCESS,SUCCESS,77.5318429139581,69.77911253907561,184.0824954297039,252.9668300483646,SUCCESS,SUCCESS
2149622,975,53,3,XHT,28-ft Shuttle,SUN,362.35743625423754,508.10381553403874,743.413717250048,-0.08932899539693653,-41.8109427748312,FAILURE,FAILURE,79.08132534004858,71.73236039601889,446.52249045191263,640.3842298835945,SUCCESS,SUCCESS
2149623,312,8,3,STC,40-ft,SUN,430.9880597121428,572.6719312344447,814.845484064398,-11.537576460007928,-54.47614965680815,FAILURE,FAILURE,49.50914395850233,9.821513803018215,344.30350316039767,362.63882191342054,SUCCESS,FAILURE
2149624,312,5,3,STC,40-ft,SUN,389.7558248546862,511.384312138211,726.1417066370522,-0.6709773294700292,-38.74852954557662,FAILURE,FAILURE,33.09378009596682,-0.4778975909342782,190.4332318794638,215.84636422418262,SUCCESS,FAILURE
2149625,312,9,3,STC,40-ft,SUN,383.43015903944683,504.0475787075733,715.2492031968703,0.6298619312813374,-36.81723460937417,FAILURE,FAILURE,42.26508279240007,8.136271274492483,234.82264565670968,253.5377731850078,SUCCESS,FAILURE
2149626,312,4,3,STC,40-ft,SUN,449.59117843723226,583.6029079136755,835.3558238723258,-13.47569289249565,-58.112734729135774,FAILURE,FAILURE,68.9356823453445,54.01668611396923,464.8001563414186,632.4099335551122,SUCCESS,SUCCESS
2149627,350,26,1,RTC,44-ft Double Deck,MF,847.377762103371,921.3715123666751,1208.0121430196366,-73.36374332742466,-124.18655018078664,FAILURE,FAILURE,-4.23810955966975,-53.86340076073731,389.8685744501376,396.6225627290778,FAILURE,FAILURE
2149628,350,14,1,RTC,44-ft Double Deck,MF,114.55023749526039,118.02716991572777,149.4892986731166,69.07319682345253,63.49480519980203,SUCCESS,SUCCESS,72.69703278191663,67.70228739655596,20.43843480573753,23.73019958969212,SUCCESS,SUCCESS
2149629,350,13,1,RTC,44-ft Double Deck,MF,114.55023749526039,118.02716991572777,149.4892986731166,69.07319682345253,63.49480519980203,SUCCESS,SUCCESS,72.69703278191663,67.70228739655596,20.43843480573753,23.73019958969212,SUCCESS,SUCCESS
2149630,350,12,1,RTC,44-ft Double Deck,MF,114.55023749526039,118.02716991572777,149.4892986731166,69.07319682345253,63.49480519980203,SUCCESS,SUCCESS,72.69703278191663,67.70228739655596,20.43843480573753,23.73019958969212,SUCCESS,SUCCESS
2149631,350,11,1,RTC,40-ft,MF,130.46717753031783,133.4806654587484,170.6421588040895,66.33321534419355,59.7442980843813,SUCCESS,SUCCESS,69.020545937887,63.034769838032524,15.156544548430986,18.558260690592817,SUCCESS,SUCCESS
2149632,350,22,1,RTC,44-ft Double Deck,MF,622.6907427611469,677.3725461037653,889.1188911868743,-30.101515266625057,-67.64519347285005,FAILURE,FAILURE,28.43532026542887,-7.542859961018333,330.14775240078404,338.97716100673074,SUCCESS,FAILURE
2149633,350,24,1,RTC,44-ft Double Deck,MF,897.3856146574728,982.8692338765637,1296.7338197307947,-84.2675946589652,-139.91734392389975,FAILURE,FAILURE,1.351357694710748,-54.21167170271139,482.8908912747323,483.3799913275021,FAILURE,FAILURE
2149634,350,17,1,RTC,44-ft Double Deck,MF,115.13167709295143,119.97891018491163,154.05487140675962,68.72714358423553,62.68530648816319,SUCCESS,SUCCESS,71.93890954232131,66.18999730430383,18.11436000360385,19.766456203033044,SUCCESS,SUCCESS
2149635,350,15,1,RTC,44-ft Double Deck,MF,167.37695781646457,174.84643121508302,224.48032720059723,58.99885971363776,50.1985235459934,SUCCESS,SUCCESS,65.06741513745612,57.141602965761365,34.22665259033556,39.15896792749112,SUCCESS,SUCCESS
2149636,350,18,1,RTC,44-ft Double Deck,MF,115.13167709295143,119.97891018491163,154.05487140675962,68.72714358423553,62.68530648816319,SUCCESS,SUCCESS,71.93890954232131,66.18999730430383,18.11436000360385,19.766456203033044,SUCCESS,SUCCESS
2149637,350,16,1,RTC,44-ft Double Deck,MF,167.37695781646457,174.84643121508302,224.48032720059723,58.99885971363776,50.1985235459934,SUCCESS,SUCCESS,65.06741513745612,57.141602965761365,34.22665259033556,39.15896792749112,SUCCESS,SUCCESS
2149638,350,27,1,RTC,44-ft Double Deck,MF,584.5159101162449,631.0897071153314,829.0036091788559,-21.8953381410162,-56.986455528165926,FAILURE,FAILURE,26.458145792234962,-7.697305351355352,272.71364938353645,277.99080699721134,SUCCESS,FAILURE
2149640,312,3,1,STC,40-ft,MF,341.42254918404603,499.5275834700094,734.4096621543272,1.4312795265940814,-40.21447910537715,FAILURE,FAILURE,66.00619539707166,49.92029074481065,364.2025255094935,508.36010195505924,SUCCESS,SUCCESS
2149641,319,9,1,STC,40-ft,MF,337.53791908091966,532.80042692602,793.9154755840038,-4.468160802485813,-50.765155245390744,FAILURE,FAILURE,77.25627401367503,68.4666285539613,460.9258123631473,672.4672606283455,SUCCESS,SUCCESS
2149642,801,22,1,STC,40-ft,MF,48.528937157307226,68.35190426652045,98.15303987814892,77.88086803785099,72.59697874500907,SUCCESS,SUCCESS,82.70061552396888,79.00444211728711,27.183375821704885,36.13809341964816,SUCCESS,SUCCESS
2149643,312,1,1,STC,40-ft,MF,350.5805358002513,525.8863125361755,784.1465403804579,-3.2422539957757976,-49.03307453554217,FAILURE,FAILURE,81.39786378840685,70.58162761952394,477.37026430279013,674.6269201545723,SUCCESS,SUCCESS
2149644,321,7,1,STC,40-ft,MF,411.47581543871985,622.1211074190852,910.1965639695271,-20.30516088990872,-71.3823694981431,FAILURE,FAILURE,18.167231687792007,-29.509961471863132,216.984294138232,236.16038126821886,FAILURE,FAILURE
2149646,312,2,1,STC,40-ft,MF,225.76399811763685,336.21765076239234,499.83107055447687,30.38694135418576,1.3774697598445313,SUCCESS,FAILURE,73.03631979083211,63.33855208818101,240.54249438268533,349.46050433181773,SUCCESS,SUCCESS
2149647,503,14,1,STC,40-ft,MF,268.8334070515636,391.60300684948595,570.4793357780394,20.566842757183345,-11.148818400361591,SUCCESS,FAILURE,70.6821460103491,57.671532485482935,282.6503103478548,388.14677899616294,SUCCESS,SUCCESS
2149649,801,60,1,STC,40-ft,MF,48.864711948106375,70.43767035803857,102.89647183582386,77.5110513549577,71.75594470996032,SUCCESS,SUCCESS,82.3385045773252,77.38418158036247,27.226836174152652,31.7432559490681,SUCCESS,SUCCESS
2149651,801,44,1,STC,40-ft,MF,68.70004703320899,97.01871680828188,140.39438785428888,72.79809985668761,65.1073780400197,SUCCESS,SUCCESS,80.31771637824143,74.83044791859537,42.41063718156346,54.83811411516666,SUCCESS,SUCCESS
2149652,319,2,1,STC,40-ft,MF,226.08553854788633,352.78099003269773,527.2213276297787,27.45017907221672,-3.478958799606143,SUCCESS,FAILURE,81.13834929702399,73.00016427943272,302.80128006791307,431.3422541657791,SUCCESS,SUCCESS
2149654,502,87,1,STC,40-ft,MF,55.961029091799155,83.22808397577097,125.04827979936034,75.24324752202642,67.82831918451059,SUCCESS,SUCCESS,81.20422694634551,74.59171948091114,33.61992395315963,38.145577671699186,SUCCESS,SUCCESS
2149655,502,86,1,STC,40-ft,MF,47.804121749210005,67.11802754787658,98.74030673886568,78.09964050569565,72.49285341509474,SUCCESS,SUCCESS,83.28746827944336,78.4786854367899,29.259348643937074,33.76009260236066,SUCCESS,SUCCESS
2149657,319,6,1,STC,40-ft,MF,257.6045939991016,396.92387468476124,586.7144362856636,19.623426474333115,-14.02738232015312,FAILURE,FAILURE,78.27261500631258,70.5383812584674,330.78142332036424,476.95090658341957,SUCCESS,SUCCESS
2149658,801,20,1,STC,40-ft,MF,73.15522783929754,107.6867194938944,157.88695057408052,70.90661001881304,62.005859827290685,SUCCESS,SUCCESS,79.26724479509424,72.0108503816233,47.153980138225904,56.42814672643584,SUCCESS,SUCCESS
2149659,503,15,1,STC,40-ft,MF,389.0952077798043,543.5629061021849,769.8606757864427,-6.376401791167534,-46.50011982029125,FAILURE,FAILURE,48.36573366964354,15.2743981258241,308.74564399897434,348.40828121609053,SUCCESS,FAILURE
2149660,320,26,2,STC,40-ft,SAT,352.7784985455771,517.2149615816322,764.677606214453,-1.704780422275213,-45.58113585362642,FAILURE,FAILURE,76.814972067133,65.43212585512458,442.8514040402622,626.1147960373561,SUCCESS,SUCCESS
2149661,312,56,2,STC,40-ft,SAT,565.4544168601298,700.6665825052684,987.2742684393496,-34.23166356476389,-85.04862915591305,FAILURE,FAILURE,66.28582302063066,23.526940010716384,566.9186243416256,612.3662100997899,SUCCESS,FAILURE
2149662,312,61,2,STC,40-ft,SAT,285.762053781782,420.0034086347474,626.1085446413108,15.531310525754009,-21.012153305196946,FAILURE,FAILURE,74.15466357660063,59.87552265135412,330.63571120677494,456.2064923949478,SUCCESS,SUCCESS
2149663,312,60,2,STC,40-ft,SAT,262.3768177651042,372.5469427762044,548.7300869306226,23.94557752194958,-7.29256860472032,SUCCESS,FAILURE,64.99875279539118,46.80035859639746,231.5399085422107,305.08410941430424,SUCCESS,SUCCESS
2149664,320,49,2,STC,40-ft,SAT,326.47925411551955,494.4793222491562,736.3805099907343,2.326361303341101,-40.56392021112309,FAILURE,FAILURE,73.94117797757353,60.35251381310197,403.9075660426709,569.168687896629,SUCCESS,SUCCESS
2149665,312,50,2,STC,40-ft,SAT,547.674693359067,676.6472912201403,952.0558110464832,-29.972923975202185,-78.80422181675235,FAILURE,FAILURE,54.438238635381786,13.99269416777841,476.07895712369395,523.3746061527536,SUCCESS,FAILURE
2149666,312,59,2,STC,40-ft,SAT,310.77557125671296,453.58611288845384,674.5941255138001,9.576930338926628,-29.608887502446823,FAILURE,FAILURE,79.57077132733737,67.7864829634702,394.76526317463663,549.3098894277719,SUCCESS,SUCCESS
2149667,312,6,3,STC,40-ft,SUN,446.4214701837681,581.6192076899698,832.4844975900884,-13.123972994675496,-57.60363432448376,FAILURE,FAILURE,63.22633365141708,47.286287252842484,430.6157294839622,591.5791576961198,SUCCESS,SUCCESS
2149668,312,1,3,STC,40-ft,SUN,442.04717609128414,595.9066904269602,861.2743804708152,-15.657214614709241,-62.70822348773319,FAILURE,FAILURE,72.09663823881792,60.994084475910206,494.9317300938934,697.6810169149485,SUCCESS,SUCCESS
2149669,312,2,3,STC,40-ft,SUN,400.37802268779205,515.4127016728708,736.8766666321504,-1.385230793062186,-40.651891246835184,FAILURE,FAILURE,67.13161795603659,51.685306806504826,386.4350269449171,520.7817970208375,SUCCESS,SUCCESS
2149670,312,3,3,STC,40-ft,SUN,433.20282290214834,578.2958928878179,837.7800872981747,-12.534732781527994,-58.542568669889135,FAILURE,FAILURE,70.33626379153297,56.390677477826046,467.392420672064,648.2235082731132,SUCCESS,SUCCESS
2149671,312,7,3,STC,40-ft,SUN,377.0810599453287,492.78400783372604,708.4034777010492,2.626948965651416,-35.60345349309382,FAILURE,FAILURE,70.21836686443852,59.96274361571883,381.2155969491593,538.9933516937033,SUCCESS,SUCCESS
2149672,320,47,1,STC,40-ft,MF,137.60771095743655,216.82854812598546,322.2612952841245,51.55522196347776,32.86147246735381,SUCCESS,SUCCESS,84.59424304060083,77.66578645992064,186.3400788749742,252.69633091807697,SUCCESS,SUCCESS
2149675,319,10,1,STC,40-ft,MF,235.66685770830856,357.6563795733795,528.8282787039099,26.58574830259229,-3.763879202820893,SUCCESS,FAILURE,63.124586900988035,45.020552441753104,206.07904969495206,275.14419447539734,SUCCESS,SUCCESS
2149676,319,3,1,STC,40-ft,MF,312.65368544720525,470.2791950304457,694.840420518064,6.61716400169403,-33.19865612022411,FAILURE,FAILURE,68.58539533241095,47.647381728061255,349.5008247052434,455.97165346432973,SUCCESS,SUCCESS
2149678,503,1,1,STC,40-ft,MF,302.7805808454653,443.4353877008253,644.0720563041154,11.376704308364314,-24.197173103566566,FAILURE,FAILURE,68.9256968845585,53.67213579376692,324.5763181297353,439.1829021809608,SUCCESS,SUCCESS
2149679,320,17,1,STC,40-ft,MF,363.3807693379781,548.0523398822683,812.5419067410859,-7.172400688345432,-54.06771396118544,FAILURE,FAILURE,72.26162215862993,59.886951855093216,448.00788885694107,642.7043152038118,SUCCESS,SUCCESS
2149680,319,8,1,STC,40-ft,MF,344.7907425299875,528.9031209235394,784.7276112298703,-3.77714909991833,-49.13610128189189,FAILURE,FAILURE,58.01286746064318,39.30859104891978,348.4956934015669,498.82806474577774,SUCCESS,SUCCESS
2149681,320,15,1,STC,40-ft,MF,265.5135538336078,390.930405533703,574.4455214317724,20.686098309627134,-11.852042807051834,SUCCESS,FAILURE,72.52931704043907,56.46420768587058,292.3957536417794,385.3036527800823,SUCCESS,SUCCESS
2149682,502,91,1,STC,40-ft,MF,92.97655023939396,123.75352239449897,179.88210555776845,68.05788610026615,58.10600965287793,SUCCESS,SUCCESS,72.79835987101025,63.94258506946636,26.73627206699672,32.91828534955863,SUCCESS,SUCCESS
2149684,503,6,1,STC,40-ft,MF,296.13036309819006,429.1738401551932,623.7288649022405,13.905347490213977,-20.590224273446893,FAILURE,FAILURE,66.15038620745386,50.94921223775876,294.662018365233,403.4824219231996,SUCCESS,SUCCESS
2149685,320,44,1,STC,40-ft,MF,279.8762981866775,423.2147152108793,631.6085379597545,14.961929927149061,-21.987329425488376,FAILURE,FAILURE,72.51659480588367,55.07520131046353,324.60830991606315,434.63267335076875,SUCCESS,SUCCESS
2149686,801,46,1,STC,40-ft,MF,57.04481027877287,86.30923280917595,128.46622669449837,74.69694453738015,67.22230023147193,SUCCESS,SUCCESS,79.19324756887931,72.51466673360184,25.35914909765529,29.848947072012777,SUCCESS,SUCCESS
2149687,320,56,1,STC,40-ft,MF,155.0629758775031,240.16093250350607,357.52347297185116,47.418274378810985,26.609313302863274,SUCCESS,SUCCESS,70.19425136329251,58.01112104100154,128.45651019247578,177.10619564309974,SUCCESS,SUCCESS
2149688,502,12,1,STC,40-ft,MF,294.7660187047138,428.01457903600897,623.8899237314595,14.110890241842386,-20.618780803450257,FAILURE,FAILURE,85.70599711483754,79.0026204385923,403.7964027636926,561.8647030051202,SUCCESS,SUCCESS
2149689,502,57,1,STC,40-ft,MF,76.79948333700489,114.69903984806561,169.24691693431572,69.66329080708059,59.99168139462488,SUCCESS,SUCCESS,78.61784770658903,71.34485996118786,50.50370091322765,64.03192711541527,SUCCESS,SUCCESS
2149690,320,27,2,STC,40-ft,SAT,346.5056185706766,515.7403097521591,759.0632727857318,-1.443317331943095,-44.58568666413684,FAILURE,FAILURE,66.48088649994087,49.942323522990876,383.0925096118256,533.1379774554002,SUCCESS,SUCCESS
2149691,320,58,2,STC,40-ft,SAT,217.95489483015353,340.2668647132639,504.0056688905302,29.668995618215625,0.6372927499059939,SUCCESS,FAILURE,72.10630213301665,61.53283269379492,239.34640874347792,343.4508452835334,SUCCESS,SUCCESS
2149692,320,51,2,STC,40-ft,SAT,178.5388944591122,283.12962421738604,423.58520877087795,39.799712018193965,14.896239579631573,SUCCESS,FAILURE,75.18526323396149,64.86107588864992,199.5745088569289,281.80167678286335,SUCCESS,SUCCESS
2149693,320,25,3,STC,40-ft,SUN,309.3608503178435,463.9776577100271,683.3301119594198,7.734457852832083,-31.15782126940067,FAILURE,FAILURE,79.44753866189636,71.91817025072552,404.4617757631225,581.3485921735119,SUCCESS,SUCCESS
2149694,320,44,3,STC,40-ft,SUN,180.15628596640465,289.33869574570997,430.5656558725114,38.698812811044334,13.65857165381004,SUCCESS,FAILURE,81.0581264470316,71.04217905147512,238.90652890696816,323.643545722831,SUCCESS,SUCCESS
2149695,502,2,3,STC,40-ft,SUN,382.5857784567518,560.8487910287715,815.660898483505,-9.44127500510133,-54.62072668147251,FAILURE,FAILURE,76.30234143776757,60.88688040961213,483.5939967377806,651.4629039937173,SUCCESS,SUCCESS
2149696,321,11,3,STC,40-ft,SUN,245.94788293061282,379.67110272982916,569.3526892235308,22.682428594001927,-10.949058372966446,SUCCESS,FAILURE,73.94587161380213,60.210452195036666,289.12581863167316,401.3396396035376,SUCCESS,SUCCESS
2149697,321,14,3,STC,40-ft,SUN,175.4819330240979,269.13834571910564,400.5797039550949,42.28043515618695,18.975229795195947,SUCCESS,FAILURE,74.023222190469,63.57085906677759,179.02931887335075,251.51934909172053,SUCCESS,SUCCESS
2149698,320,7,3,STC,40-ft,SUN,375.3688273361733,551.0325723219255,803.0022122082189,-7.700810695376857,-52.37627876032249,FAILURE,FAILURE,75.34812813652059,63.49639523183881,468.3960150119017,653.5218813157896,SUCCESS,SUCCESS
2149699,321,9,3,STC,40-ft,SUN,348.36738850235713,533.1292755247296,779.0554370537109,-4.526467291618713,-48.130396640728875,FAILURE,FAILURE,39.528040344485596,-3.7590344761462333,248.46742306762832,250.254482608246,SUCCESS,FAILURE
2149700,321,22,3,STC,40-ft,SUN,282.5454913279736,433.8072463915943,635.7608197750529,13.083821561774068,-22.723549605505834,FAILURE,FAILURE,53.42084012926931,20.413797789427093,227.5007847206731,243.2946393074218,SUCCESS,SUCCESS
2149701,320,3,3,STC,40-ft,SUN,183.29224372825388,281.0072543044456,423.98506750444614,40.17601874034653,14.825342641055652,SUCCESS,FAILURE,72.69808738602318,61.3636131330264,183.42446716161618,262.47584557471504,SUCCESS,SUCCESS
2149702,321,5,3,STC,40-ft,SUN,278.1644222094485,428.32268090210346,628.5243831307752,14.056262251400101,-21.440493462903394,FAILURE,FAILURE,47.01070270254487,13.594502716179466,185.86304414445647,197.59737845002724,SUCCESS,FAILURE
2149703,503,8,1,STC,40-ft,MF,310.88002019590573,432.5220358756323,616.1300312301157,13.311695766731866,-19.242913338672995,FAILURE,FAILURE,53.624297577768985,31.04358377703027,227.3630742142493,283.6158437325664,SUCCESS,SUCCESS
2149704,320,16,1,STC,40-ft,MF,309.40413045698625,471.81593237218715,703.0332327955316,6.344692841810794,-34.65128241055525,FAILURE,FAILURE,70.39826438727592,56.00562573262009,361.2621435164233,511.30496192750894,SUCCESS,SUCCESS
2149705,801,21,1,STC,40-ft,MF,86.94791246197981,114.80159037152298,164.31218096452483,69.6451080901555,60.86663458075802,SUCCESS,SUCCESS,82.40625412323296,76.2985553821108,71.97286362655677,87.03603331962972,SUCCESS,SUCCESS
2149706,502,68,1,STC,40-ft,MF,69.15367480185284,96.59416865479872,141.36924093372394,72.87337435198604,64.93453174933973,SUCCESS,SUCCESS,76.62133608649036,69.32984341127182,21.138504182604322,24.78955777329702,SUCCESS,SUCCESS
2149708,320,10,1,STC,40-ft,MF,324.45033916647964,491.8882377175801,739.150892933716,2.785773454329769,-41.05512286058794,FAILURE,FAILURE,81.70914360203312,74.14337946049291,445.1278076330468,649.7195530908955,SUCCESS,SUCCESS
2149709,320,14,1,STC,40-ft,MF,247.116741947418,362.2057202082741,532.6515680865302,25.779127622646442,-4.44176739122876,SUCCESS,FAILURE,81.07688322573969,73.39075650635702,311.87934160144596,438.9754347823837,SUCCESS,SUCCESS
2149711,320,6,1,STC,40-ft,MF,292.09968054802397,440.0096022946796,652.0998956037677,11.984113068319221,-25.62054886591625,FAILURE,FAILURE,77.8088367438955,67.9776711723068,371.25144153025025,527.893961015578,SUCCESS,SUCCESS
2149712,320,28,1,STC,40-ft,MF,253.27054977187666,381.19201908689604,558.1876095932513,22.412762573245388,-8.969434325044553,SUCCESS,FAILURE,71.29381196675253,58.07483712580617,275.6891185793803,378.1296909827981,SUCCESS,SUCCESS
2149714,320,11,2,STC,40-ft,SAT,346.4603788578423,516.167347883711,766.1875969336429,-1.5190333127147202,-45.848864704546614,FAILURE,FAILURE,71.23592817121602,51.640392346679285,410.3379827693693,549.8394097689138,SUCCESS,SUCCESS
2149715,320,33,2,STC,40-ft,SAT,407.5920292734652,597.6915556666783,875.0878974253585,-15.973680082744368,-65.15742862151747,FAILURE,FAILURE,61.81907633692606,32.56745793511623,438.7511462069412,551.1683601794138,SUCCESS,SUCCESS
2149716,312,52,2,STC,40-ft,SAT,350.68237660757,503.1773753063228,741.9117301405336,0.7841533144817768,-41.5446330036407,FAILURE,FAILURE,77.11043061579741,63.990851316299434,430.4802039794201,595.2201315644619,SUCCESS,SUCCESS
2149717,312,57,2,STC,40-ft,SAT,188.78285868587704,289.3931443263422,434.54486900870205,38.689158807386136,12.953037409804605,SUCCESS,FAILURE,79.3932502147821,69.69795819323669,229.57107553771306,320.041353218557,SUCCESS,SUCCESS
2149718,312,54,2,STC,40-ft,SAT,303.15184897742375,429.7763019143306,633.6251829659085,13.798528029374014,-22.344890596792283,FAILURE,FAILURE,62.88179864475394,45.462974796167956,276.82964627074256,382.4363608162957,SUCCESS,SUCCESS
2149719,503,5,2,STC,40-ft,SAT,305.0880109536512,423.8249035839913,599.256213615478,14.85374049929233,-16.25110170487199,FAILURE,FAILURE,56.726631390907045,28.55610301419732,236.163104628707,252.71263461555094,SUCCESS,SUCCESS
2149720,320,35,3,STC,40-ft,SUN,307.40880009358693,457.78112847146923,680.7129541773022,8.833133249739502,-30.693786201649324,FAILURE,FAILURE,76.39861892619675,66.23958468813964,381.0693392152188,546.7042118184098,SUCCESS,SUCCESS
2149721,320,19,3,STC,40-ft,SUN,312.79080408808306,482.2736366117394,721.6096038911649,4.490489962457559,-37.94496522892993,FAILURE,FAILURE,71.66437225108048,59.40247677372008,378.8606961078332,549.0395728949461,SUCCESS,SUCCESS
2149722,320,24,3,STC,40-ft,SUN,228.55081879806164,341.839440465762,512.2309977727989,29.39017013018405,-0.8210988958863259,SUCCESS,FAILURE,71.8092399431573,59.66986741611186,239.24355374516904,341.1690499996698,SUCCESS,SUCCESS
2149723,320,20,3,STC,40-ft,SUN,279.3271182535538,431.39602057682913,650.1287248241636,13.51134386935654,-25.271050500738212,FAILURE,FAILURE,71.84604984185984,56.96249632354349,329.0077416849185,463.79720408894894,SUCCESS,SUCCESS
2149725,319,5,1,STC,40-ft,MF,238.28995946527573,369.88166403044477,549.9796196337664,24.41814467545306,-7.514116956341564,SUCCESS,FAILURE,79.73061891307887,71.8364209128523,311.9623547002096,447.5370335822533,SUCCESS,SUCCESS
2149726,319,7,1,STC,40-ft,MF,315.6069536513052,497.1961693773538,740.9844215644001,1.8446508196181277,-41.38021658943264,FAILURE,FAILURE,78.9812085555015,71.83262545276456,435.0501856303822,638.5204291179919,SUCCESS,SUCCESS
2149728,319,11,1,STC,40-ft,MF,169.99156975307955,265.2740601069676,394.8210904950449,42.965592179615676,19.996260550523953,SUCCESS,FAILURE,83.39937094802602,74.07578130612119,228.04651225383446,305.0084970615683,SUCCESS,SUCCESS
2149729,321,2,1,STC,40-ft,MF,325.03174740568545,489.90239479002526,714.8835074838305,3.137873264179923,-36.752394943941574,FAILURE,FAILURE,32.54840534256143,-3.7138032804082908,165.87540092207175,186.3376569823277,SUCCESS,FAILURE
2149730,319,12,1,STC,40-ft,MF,185.48491153281174,288.9420310630386,428.997607569835,38.76914342853926,13.93659440251153,SUCCESS,FAILURE,77.72744724746123,67.45285061525418,219.72483353871985,301.8316850398686,SUCCESS,SUCCESS
2149731,319,1,1,STC,40-ft,MF,302.5149483408273,466.09877234543416,691.2612332999311,7.358373697618062,-32.56404845743458,FAILURE,FAILURE,74.25782756601002,64.37013954977154,377.3129198177308,546.7088203606424,SUCCESS,SUCCESS
2149732,319,4,1,STC,40-ft,MF,321.38707719876027,509.837835552795,761.2945632746084,-0.39677935333244513,-44.981305545143336,FAILURE,FAILURE,83.13539800947473,74.41975604057247,471.12148032623253,673.421987343437,SUCCESS,SUCCESS
2149733,502,88,1,STC,40-ft,MF,48.69281340503911,71.71581957223248,105.96717902786628,77.28442915385949,71.21149308016555,SUCCESS,SUCCESS,83.19459154841384,77.9864617658583,33.333315905286554,38.21082338730696,SUCCESS,SUCCESS
2149734,502,77,1,STC,40-ft,MF,48.32494980997376,70.47781104881419,103.6529245807568,77.50393421120316,71.62182188284454,SUCCESS,SUCCESS,84.8107833879286,80.75581024848142,41.21062935673143,51.51569438219195,SUCCESS,SUCCESS
2149735,502,2,1,STC,40-ft,MF,411.15753985537486,610.4468153816391,895.1045842537912,-18.23525095419133,-68.70648656982114,FAILURE,FAILURE,36.26242390153944,-4.7556817647655025,307.3668861863215,360.68253910051385,SUCCESS,FAILURE
2149737,801,8,1,STC,40-ft,MF,80.62663901616959,119.60478969641038,173.96442297757406,68.79347700418256,59.15524415291241,SUCCESS,SUCCESS,71.56902794117948,63.46648130043011,15.654107284662643,24.315377511999884,SUCCESS,SUCCESS
2149739,503,9,1,STC,40-ft,MF,271.55986566982114,396.01894795476795,576.5865340154585,19.783874476104977,-12.23165496727987,FAILURE,FAILURE,67.54406719139854,54.39028155216435,269.36748691425566,375.74772196966535,SUCCESS,SUCCESS
2149740,319,5,2,STC,40-ft,SAT,321.9637029015184,511.4714300477028,763.0928036158732,-0.6864237673231919,-45.3001424850839,FAILURE,FAILURE,79.25170951020478,72.24120807446742,450.85107168525775,662.9332171558692,SUCCESS,SUCCESS
2149741,319,4,2,STC,40-ft,SAT,336.4681971597771,536.0275223438313,800.0763348706969,-5.040340841104831,-51.85750618274767,FAILURE,FAILURE,76.7190306715504,68.99554544267203,461.12285533137555,681.611211167367,SUCCESS,SUCCESS
2149742,319,2,2,STC,40-ft,SAT,315.22014342246996,497.45964392885907,740.8051856158067,1.7979354736065527,-41.34843716592318,FAILURE,FAILURE,76.18755992858436,68.76549523880988,419.5574819260749,621.0425787626943,SUCCESS,SUCCESS
2149743,319,1,2,STC,40-ft,SAT,321.4819849357217,510.78637007600156,762.1040654709441,-0.564959233333606,-45.124834303358874,FAILURE,FAILURE,79.79113320641224,73.2519512875115,453.2083613601667,667.6450707325087,SUCCESS,SUCCESS
2149744,319,7,2,STC,40-ft,SAT,212.73094874484065,330.05569014542044,490.0525133717081,31.47948756286872,3.111256494378005,SUCCESS,FAILURE,80.08422860674422,72.77522489378929,274.13073948745796,392.9047817726796,SUCCESS,SUCCESS
2149745,319,3,2,STC,40-ft,SAT,341.2549825377262,538.3107767707005,802.1827809838826,-5.445173186294411,-52.230989536149394,FAILURE,FAILURE,80.49418628279723,73.30837699125979,484.6979874056771,708.0420272145875,SUCCESS,SUCCESS
2149746,320,23,2,STC,40-ft,SAT,318.690395213917,445.483944303024,642.9946534616528,11.013485052655328,-24.006144230789495,FAILURE,FAILURE,67.60450053558904,47.38349588509017,319.17332732374615,402.63757025356136,SUCCESS,SUCCESS
2149747,319,6,2,STC,40-ft,SAT,200.1832285876812,317.2281295412663,473.25015400376526,33.75387774091024,6.090398226282759,SUCCESS,FAILURE,76.57216939825629,68.1085314739611,241.49516494743182,349.78227151690584,SUCCESS,SUCCESS
2149748,319,4,3,STC,40-ft,SUN,321.4819849357217,510.78637007600156,762.1040654709441,-0.564959233333606,-45.124834303358874,FAILURE,FAILURE,74.37306123919976,65.4123330608996,422.6504354650882,623.4296239344177,SUCCESS,SUCCESS
2149749,319,2,3,STC,40-ft,SUN,200.1832285876812,317.2281295412663,473.25015400376526,33.75387774091024,6.090398226282759,SUCCESS,FAILURE,79.36233317082949,69.97860923355577,257.23168862474466,360.3295100810198,SUCCESS,SUCCESS
2149750,319,1,3,STC,40-ft,SUN,321.4819849357217,510.78637007600156,762.1040654709441,-0.564959233333606,-45.124834303358874,FAILURE,FAILURE,76.64446658034217,68.30841099308394,435.4611615891314,639.7635034719374,SUCCESS,SUCCESS
2149751,319,6,3,STC,40-ft,SUN,297.2222336661136,472.0747219690545,704.3332831775083,6.298808161515162,-34.88178779743055,FAILURE,FAILURE,75.30088087173826,66.98362875199689,389.17169008565827,574.5209493387706,SUCCESS,SUCCESS
2149752,319,5,3,STC,40-ft,SUN,306.2280216502822,474.20693919885474,702.074080803893,5.920755461195972,-34.48122000069025,FAILURE,FAILURE,66.76840528290894,54.09378989272561,343.18074499446124,499.56305579886543,SUCCESS,SUCCESS
2149753,319,3,3,STC,40-ft,SUN,316.9952312681181,499.59912866375356,744.4119986904468,1.4185942085543373,-41.98794303022106,FAILURE,FAILURE,75.40359501066554,67.11551470866976,417.2754045239073,615.343501647344,SUCCESS,SUCCESS
2149754,320,30,1,STC,40-ft,MF,266.1009450624196,384.85000780386594,560.9171979988671,21.764183013498954,-9.453403900508347,SUCCESS,FAILURE,68.12794432549013,56.494407572329116,261.4916137996303,371.9456567068032,SUCCESS,SUCCESS
2149755,502,48,1,STC,40-ft,MF,112.940100607385,170.27990821898658,250.42237615437182,59.8085269115272,45.59886947617521,SUCCESS,SUCCESS,74.08532981455856,65.44793885996404,80.52116837309677,111.94875132456889,SUCCESS,SUCCESS
2149756,320,27,1,STC,40-ft,MF,291.5312864066112,413.5181956769954,605.0919114839626,16.68117097925614,-17.285799908504,FAILURE,FAILURE,66.20154885011243,52.0740991172207,279.29493119162936,391.1898305050873,SUCCESS,SUCCESS
2149759,320,4,1,STC,40-ft,MF,293.9471511507474,429.8786910613921,628.5646888479797,13.780373925285094,-21.447639866663064,FAILURE,FAILURE,65.24781619265727,44.609655932598,290.27637438797905,372.56314830783253,SUCCESS,SUCCESS
2149760,502,62,1,STC,40-ft,MF,70.66275358985884,103.84304919756028,150.6761008252214,71.58811184440421,63.284379286308265,SUCCESS,SUCCESS,77.64637398633168,70.1870177898509,34.16859848047096,38.93088115998046,SUCCESS,SUCCESS
2149764,502,19,1,STC,40-ft,MF,298.97934699848554,431.86937569262125,626.9496467919291,13.427415657336661,-21.16128489218601,FAILURE,FAILURE,66.4821771647716,47.63085759391308,299.228854901933,387.98768362159876,SUCCESS,SUCCESS
2149765,502,7,1,STC,40-ft,MF,390.08543854040204,579.7309140925262,836.6001372653603,-12.789169165341516,-58.33335767116318,FAILURE,FAILURE,69.902187090237,53.15525146912006,466.37924928146293,628.7957555511969,SUCCESS,SUCCESS
2149766,502,8,1,STC,40-ft,MF,309.74759405051884,465.00264719659015,675.3955182364649,7.552722128264162,-29.750978410720723,FAILURE,FAILURE,68.49050851614896,51.817612578193774,343.6891152276703,460.0468531774776,SUCCESS,SUCCESS
2149767,320,7,1,STC,40-ft,MF,266.21594313247243,381.96175777625683,554.2460168723936,22.27628408222397,-8.270570367445675,SUCCESS,FAILURE,69.88817519846098,58.86850354304662,268.5310658955767,378.66437685517644,SUCCESS,SUCCESS
2149769,320,32,1,STC,40-ft,MF,240.98776517153732,369.43289192559206,540.5733677906351,24.497714197590064,-5.8463418068501865,SUCCESS,FAILURE,74.11973795625852,63.694301382345216,279.86821399889,392.20922758706223,SUCCESS,SUCCESS
2149770,320,1,1,STC,40-ft,MF,311.34758384285965,465.2111435803739,674.3365534995228,7.5157546843308705,-29.56321870558914,FAILURE,FAILURE,78.3336335928518,71.26164941161186,399.412837044058,568.6522561810135,SUCCESS,SUCCESS
2149771,320,39,1,STC,40-ft,MF,224.71854283771768,337.8290761959038,498.84156232893815,30.101227624839762,1.5529144806847286,SUCCESS,FAILURE,65.47979917960025,47.39510330164977,199.5351435688491,258.54994495024283,SUCCESS,SUCCESS
2149772,502,66,1,STC,40-ft,MF,111.9133659598985,164.78256929114934,239.49747737442496,60.783232395186296,47.535908266945924,SUCCESS,SUCCESS,72.40071495616353,62.023534178470086,65.52260164391163,81.7102101409962,SUCCESS,SUCCESS
2149774,321,3,1,STC,40-ft,MF,433.56955061808725,637.0546024217748,932.6623193788593,-22.95294369180404,-75.36565946433674,FAILURE,FAILURE,59.32446298350127,10.695283402353693,464.04457364872206,485.3837177681338,SUCCESS,FAILURE
2149775,503,4,1,STC,40-ft,MF,513.6833794516241,711.567457765408,1004.2764752669628,-36.16444286620709,-88.06320483456787,FAILURE,FAILURE,29.519750571533994,-11.878899083050392,370.4588509888596,429.6794844385585,SUCCESS,FAILURE
2149778,320,33,1,STC,40-ft,MF,315.6963291377537,450.5234409066603,651.2590300086465,10.11995728605314,-25.471459221391218,FAILURE,FAILURE,57.92686697065758,40.168624796664645,269.63097062116896,370.2100738618351,SUCCESS,SUCCESS
2149779,502,63,1,STC,40-ft,MF,141.7390567503407,181.36619597534033,257.2423090159735,57.84287305401767,44.38966152199052,SUCCESS,SUCCESS,71.64637596782254,62.48459657246473,77.8517564338594,102.05543368467454,SUCCESS,SUCCESS
2149780,502,47,1,STC,40-ft,MF,64.61436215386628,92.09104702919745,132.806714141932,73.67180017212812,66.4527102585227,SUCCESS,SUCCESS,76.8385093664707,69.9468711055226,17.860239856092164,19.70706717707941,SUCCESS,SUCCESS
2149781,503,2,1,STC,40-ft,MF,388.23758935072914,564.3373292042758,819.395355591632,-10.059810142602082,-55.28286446660141,FAILURE,FAILURE,72.67741689789369,56.89060956392456,466.6379605083961,632.6583935321665,SUCCESS,SUCCESS
2149782,320,41,1,STC,40-ft,MF,276.4577896002237,428.66557032119545,637.6623008502314,13.995466255107194,-23.060691640111948,FAILURE,FAILURE,72.06938164153598,56.5023146401902,327.5368827794585,448.73535542090434,SUCCESS,SUCCESS
2149784,320,2,1,STC,40-ft,MF,275.60596428935264,410.60600067985314,599.827697781808,17.19751760995512,-16.35242868471772,FAILURE,FAILURE,70.38992613582147,50.07099948243601,300.0051840858861,374.62813486274695,SUCCESS,SUCCESS
2149785,502,56,1,STC,40-ft,MF,108.38871583594855,141.1041202328766,199.65123427666234,64.98153896580202,54.600844986407395,SUCCESS,SUCCESS,71.95069466396835,62.94728260100917,39.30603813765805,47.07390814635403,SUCCESS,SUCCESS
2149786,502,18,1,STC,40-ft,MF,326.2288564743057,479.6304276273885,694.1685998208733,4.959144037697081,-33.07953897533214,FAILURE,FAILURE,61.41344115844617,44.86613521959569,318.40223576102477,439.6136024593929,SUCCESS,SUCCESS
2149787,502,11,1,STC,40-ft,MF,345.4840867964462,501.9997430562159,724.7932274477204,0.9929533588269738,-38.509437490730555,FAILURE,FAILURE,67.80742339796167,52.31014236889199,376.8336110207197,512.2224304082708,SUCCESS,SUCCESS
2149788,320,20,1,STC,40-ft,MF,270.78129940224113,384.64158088978354,562.7076384440994,21.801138140109305,-9.770857880159467,SUCCESS,FAILURE,78.44025898323866,67.21536455559381,319.44464155524963,434.20229453764847,SUCCESS,SUCCESS
2149789,502,74,1,STC,40-ft,MF,89.51786803257876,118.42768609121492,167.37512781026047,69.00218331716049,60.32355889888999,SUCCESS,SUCCESS,74.28096550901277,66.24842970998988,29.77233156204693,33.416271374603355,SUCCESS,SUCCESS
2149791,801,11,1,STC,40-ft,MF,76.48495569736353,108.34136947004626,157.29801655317507,70.79053732800598,62.11028075298314,SUCCESS,SUCCESS,75.96703789250006,68.30834169893768,29.195463183746597,34.95706373518357,SUCCESS,SUCCESS
2149793,320,41,2,STC,40-ft,SAT,341.5229731661644,514.171879261644,752.2357591745557,-1.1652268194404205,-43.37513460541768,FAILURE,FAILURE,64.62470137119631,46.94217073067334,371.05519499519124,509.3896020955531,SUCCESS,SUCCESS
2149794,320,17,2,STC,40-ft,SAT,304.52626280722035,437.8946602205776,640.680565307819,12.359102797769937,-23.59584491273387,FAILURE,FAILURE,56.28632646444339,33.85895346443949,247.7495414800382,324.04506284725767,SUCCESS,SUCCESS
2149795,320,36,2,STC,40-ft,SAT,259.1607055232308,382.7407911783053,562.5021063195953,22.138157592499063,-9.734416014112643,SUCCESS,FAILURE,74.68556808996212,60.76144028785445,296.36739520569165,397.59662954309437,SUCCESS,SUCCESS
2149796,320,57,2,STC,40-ft,SAT,228.49037533862494,340.4596973681409,500.5972547897276,29.634805431180695,1.2416214911830588,SUCCESS,FAILURE,74.65633820871354,62.91671432944739,253.92144486528525,347.8475236078108,SUCCESS,SUCCESS
2149797,320,32,2,STC,40-ft,SAT,333.19361783093194,506.73323970965373,747.8989073167397,0.1536809025436688,-42.60618924055669,FAILURE,FAILURE,70.43495474623107,43.56837194702844,396.386384478397,486.02452509797996,SUCCESS,SUCCESS
2149798,320,14,2,STC,40-ft,SAT,390.2459251999569,587.9342000698493,868.9445326554444,-14.243652494654135,-64.06817954883766,FAILURE,FAILURE,74.55834660099652,58.62503690904782,500.8432748994696,691.9897408224742,SUCCESS,SUCCESS
2149799,320,4,2,STC,40-ft,SAT,261.9180835053794,365.3681284712324,532.9451975735798,25.218416937724754,-4.493829357017686,SUCCESS,FAILURE,70.81990824037541,55.14363991831945,257.1924109469498,336.35532671290144,SUCCESS,SUCCESS
2149800,320,3,2,STC,40-ft,SAT,349.2378636921772,502.5556517964989,738.1390545709651,0.894387979344167,-40.87571889556118,FAILURE,FAILURE,67.4323915144777,46.30195586927168,375.27433993815305,491.68208567365724,SUCCESS,SUCCESS
2149801,320,10,2,STC,40-ft,SAT,406.22363668515897,566.3705309920527,810.6122411377954,-10.420306913484525,-53.725574669821874,FAILURE,FAILURE,63.608238430593765,37.916587968146224,417.52099574060145,516.8617972781401,SUCCESS,SUCCESS
2149802,502,14,2,STC,40-ft,SAT,295.20770489521044,455.87867944646945,676.1816003263257,9.170446906654357,-29.890354667788237,FAILURE,FAILURE,69.69054526552867,40.95129138240171,341.33335474405106,399.5468837230716,SUCCESS,SUCCESS
2149803,320,56,2,STC,40-ft,SAT,204.90689255779424,294.2830874236716,429.988137214991,37.82214761991639,13.760968578902308,SUCCESS,FAILURE,71.78260192015522,57.642620732843376,191.53696225334699,247.49251814822765,SUCCESS,SUCCESS
2149804,320,55,2,STC,40-ft,SAT,209.68525010597708,320.7389475473051,471.3322172505356,33.13139227884662,6.430457934302199,SUCCESS,FAILURE,56.60127406678783,34.36089419175194,132.37013328398848,157.52766049201654,SUCCESS,SUCCESS
2149805,312,63,2,STC,40-ft,SAT,222.6153336453463,310.9633210612983,450.34634468126103,34.86465938629463,10.151357326017552,SUCCESS,FAILURE,71.02143779616685,54.13301205697697,203.92423023167936,248.05653268261113,SUCCESS,SUCCESS
2149806,320,2,2,STC,40-ft,SAT,450.90207606551206,654.3741179142256,944.7628449072873,-26.02377977202582,-77.51114271405804,FAILURE,FAILURE,72.66947425626373,59.48873256210273,556.6299527195529,772.6792965575471,SUCCESS,SUCCESS
2149807,320,1,2,STC,40-ft,SAT,288.17092506355317,438.38728450360446,649.6747340344945,12.271758066736801,-25.190555679874898,FAILURE,FAILURE,69.046909807647,55.23459643077704,320.2118558187335,453.59785790407716,SUCCESS,SUCCESS
2149808,503,8,2,STC,40-ft,SAT,346.83545801716775,487.203359237205,690.462104823565,3.6164256671622366,-32.42235901127039,FAILURE,FAILURE,70.64463162755513,46.8301184692851,378.0390816166159,446.98397299033303,SUCCESS,SUCCESS
2149809,320,16,2,STC,40-ft,SAT,344.92100054841904,488.9663702065927,699.7492378022225,3.3038350697530667,-34.069013794720306,FAILURE,FAILURE,60.249967347089374,35.77788604391945,321.17618604417675,393.93651508992815,SUCCESS,SUCCESS
2149810,320,8,3,STC,40-ft,SUN,316.49007956785556,467.4805675527502,686.6771141402903,7.113374547384723,-31.751261372391898,FAILURE,FAILURE,71.7168406386487,56.467545123423804,364.3635487547289,497.5540686364005,SUCCESS,SUCCESS
2149812,320,23,3,STC,40-ft,SUN,267.9483065045158,408.72657772007324,601.414648061553,17.53074863119269,-16.63380284779307,FAILURE,FAILURE,72.49422098179159,61.09421111475224,309.99398405737776,438.3859987487556,SUCCESS,SUCCESS
2149813,320,45,3,STC,40-ft,SUN,152.30157156362577,228.33264293061774,335.7235779887743,49.515488842089056,30.47454290979179,SUCCESS,SUCCESS,74.6114231958274,64.02019670143537,141.5410697550842,189.1974873848697,SUCCESS,SUCCESS
2149814,320,11,3,STC,40-ft,SUN,229.39928560932123,336.7569785371748,497.02159873129386,30.291315862203056,1.8756030618273332,SUCCESS,FAILURE,75.35464428184281,64.86479078182282,254.15717228676817,355.2590187407746,SUCCESS,SUCCESS
2149815,320,30,3,STC,40-ft,SUN,352.3443681704807,505.557332705057,732.5917410228554,0.36217505229486596,-39.892152663626845,FAILURE,FAILURE,67.75805650680272,57.116236574523704,380.1127714034243,547.1273153031689,SUCCESS,SUCCESS
2149816,320,33,3,STC,40-ft,SUN,233.7414440548561,349.7434700954747,513.6910110083578,27.988746436972573,-1.0799664908435784,SUCCESS,FAILURE,72.97840461657337,61.63381670546939,253.74167213294862,353.7057372272052,SUCCESS,SUCCESS
2149817,320,9,3,STC,40-ft,SUN,299.3867642679536,444.8174823722314,655.1971408286029,11.131652061661107,-26.169705820674267,FAILURE,FAILURE,76.74116544946799,62.918963920299284,370.0376555072308,502.46009733909057,SUCCESS,SUCCESS
2149818,320,42,3,STC,40-ft,SUN,217.5079660927499,313.1113825764222,458.8616960609173,34.48379741552798,8.641543251610408,SUCCESS,FAILURE,71.61557157096145,61.395889661116435,209.42320623664483,297.53451374961406,SUCCESS,SUCCESS
2149819,320,32,3,STC,40-ft,SUN,245.00823923217746,362.6463074839799,532.6868051059606,25.701009311351086,-4.448015089709325,SUCCESS,FAILURE,76.40298886565489,66.90043529225376,285.9591646862735,402.40526015427173,SUCCESS,SUCCESS
2149820,503,4,3,STC,40-ft,SUN,545.617982204589,753.5694898672692,1062.2057644040642,-43.61161167859383,-98.33435539079153,FAILURE,FAILURE,17.346321674535307,-35.7240111455711,343.80274411164817,353.12234154304326,FAILURE,FAILURE
2149821,320,17,3,STC,40-ft,SUN,355.0869156503342,503.62866282051374,726.2506271972783,0.704137797781256,-38.767841701645075,FAILURE,FAILURE,63.7750262445269,44.656933671114615,355.7198108396454,470.5157331023647,SUCCESS,SUCCESS
2149822,320,29,3,STC,40-ft,SUN,259.59481161368694,375.8584784558788,539.351329583559,23.35842580569525,-5.629668365879261,SUCCESS,FAILURE,70.57566702392147,59.28990990524514,266.3052404707957,366.14642144914166,SUCCESS,SUCCESS
2149823,320,18,3,STC,40-ft,SUN,297.5654028247809,426.70958014834383,621.3505998298227,14.342273023343296,-20.1685460691175,FAILURE,FAILURE,70.00355911162879,55.11460946850752,313.9296535379302,424.596997232205,SUCCESS,SUCCESS
2149824,320,5,3,STC,40-ft,SUN,366.9770986016836,529.9713539372395,772.5741442771695,-3.9665521165318296,-46.98123125481728,FAILURE,FAILURE,66.24116676595904,53.395800309494554,395.9715344972487,566.1264580227186,SUCCESS,SUCCESS
2149825,320,6,3,STC,40-ft,SUN,333.09551023821643,488.99233568540416,714.2401797029122,3.299231261453168,-36.638329734558894,FAILURE,FAILURE,60.58855163726825,43.72696984261279,323.11176691959713,453.2602896152483,SUCCESS,SUCCESS
2149826,320,13,3,STC,40-ft,SUN,309.0452414193219,445.29552445346917,646.5382850588625,11.046892827399088,-24.634447705472066,FAILURE,FAILURE,75.76974666840583,64.33692033767208,365.036895663278,501.79851576333294,SUCCESS,SUCCESS
2149827,320,37,3,STC,40-ft,SUN,141.757629236051,212.29445031704245,312.50452205440604,52.35914001470879,34.59139679886418,SUCCESS,SUCCESS,75.0170437874304,65.19919228741806,127.7905772781499,172.6279665554439,SUCCESS,SUCCESS
2149828,503,10,3,STC,40-ft,SUN,230.52534161219162,327.15561361014005,475.6807450631145,31.993685530117016,5.659442364696014,SUCCESS,FAILURE,66.80645213777379,52.60801382649733,196.3440036671842,264.78994304455944,SUCCESS,SUCCESS
2149829,321,6,3,STC,40-ft,SUN,363.5167696494638,561.3950731892867,822.9934776542875,-9.538133544199761,-55.92082937132757,FAILURE,FAILURE,63.16216315248715,24.88121750852052,410.0296733693142,455.7235444023431,SUCCESS,SUCCESS
2149830,320,47,3,STC,40-ft,SUN,363.3705122136667,511.85663124842586,741.3474904771326,-0.7547218525577719,-41.44459051012989,FAILURE,FAILURE,62.6194160543578,43.483948094302896,357.4301377950039,478.99695772900094,SUCCESS,SUCCESS
2149831,321,10,3,STC,40-ft,SUN,264.0898467722747,408.4205501807624,610.0964795191119,17.58500883319816,-18.173134666509196,FAILURE,FAILURE,73.68263636641468,62.18125494339448,316.39061928734117,453.1987573998569,SUCCESS,SUCCESS
2149832,321,9,1,STC,40-ft,MF,297.0721504129392,450.6984647614622,658.9352568876774,10.088924687684008,-26.832492355971166,FAILURE,FAILURE,38.32574774147626,3.2549782018858906,159.25568202338826,169.6933339463137,SUCCESS,FAILURE
2149834,321,1,1,STC,40-ft,MF,421.33543148607095,648.928349656606,952.0726789221684,-25.058218024220913,-78.80721257485254,FAILURE,FAILURE,33.319648900224614,-20.185546786118554,329.25116945387276,330.6261950484595,SUCCESS,FAILURE
2149836,321,27,1,STC,40-ft,MF,368.8966765057713,561.9402078939763,820.8663463394438,-9.63478863368374,-55.54367842897939,FAILURE,FAILURE,38.32321847095702,-6.526026857951009,270.4831600701739,276.4595548606,SUCCESS,FAILURE
2149837,321,20,1,STC,40-ft,MF,459.36945310535464,703.5316701181057,1028.9866287050877,-34.73965782235916,-92.44443771366802,FAILURE,FAILURE,11.932263015038929,-42.924191289836244,263.2296335229252,279.2941898304111,FAILURE,FAILURE
2149838,321,17,1,STC,40-ft,MF,328.65682896806527,502.8001406460379,740.4823116424602,0.851038892546475,-41.29119000752841,FAILURE,FAILURE,61.4246481458256,22.0321957071792,341.63515618849425,357.1438954309508,SUCCESS,FAILURE
2149839,321,18,1,STC,40-ft,MF,353.94210140059766,539.7551152420442,790.1136193444645,-5.701261567738332,-50.09106725965682,FAILURE,FAILURE,58.91123481432526,17.267917673859777,364.41447959483867,379.9046750250336,SUCCESS,FAILURE
2149840,321,5,1,STC,40-ft,MF,297.0721504129392,450.6984647614622,658.9352568876774,10.088924687684008,-26.832492355971166,FAILURE,FAILURE,42.602471170568556,8.143245219712657,183.3764021634688,197.26315992685667,SUCCESS,FAILURE
2149841,321,10,1,STC,40-ft,MF,287.70607544131946,424.55230473797815,617.22187078061,14.724768663479058,-19.43650191145566,FAILURE,FAILURE,45.21284259410015,13.816653718451807,171.95273696870296,187.54779775267806,SUCCESS,FAILURE
2149842,321,23,1,STC,40-ft,MF,358.43556312150355,553.2822180241271,817.4426541803821,-8.099684046831047,-54.93664081212448,FAILURE,FAILURE,49.35027254937061,9.12426073908182,324.01775520257735,361.3034847488037,SUCCESS,FAILURE
2149843,503,3,1,STC,40-ft,MF,366.5431744077448,504.0315559671346,710.4837099676456,0.6327028427066389,-35.9722890013556,FAILURE,FAILURE,42.71750906100632,13.045905985050673,237.3583070712101,276.4626197233314,SUCCESS,FAILURE
2149844,502,43,1,STC,40-ft,MF,97.32037780720978,141.9602463321063,205.82545920632947,64.82974355813718,53.506124254196905,SUCCESS,SUCCESS,68.28051051183105,58.45365426413268,19.462325618833347,27.904069256037758,SUCCESS,SUCCESS
2149845,321,4,1,STC,40-ft,MF,377.4060808290822,575.6043983075244,846.0462724193668,-12.05751743041213,-60.00820432967496,FAILURE,FAILURE,45.227966975659186,4.067509293247791,323.0901320502421,361.3870248332845,SUCCESS,FAILURE
2149846,502,70,1,STC,40-ft,MF,76.16261055139995,112.41639516442491,164.7941026521601,70.06801504176863,60.78118747302127,SUCCESS,SUCCESS,74.13960730463714,66.61624666359948,22.963780362578348,32.90973383486113,SUCCESS,SUCCESS
2149848,503,22,1,STC,40-ft,MF,244.7260179479996,347.1091714475339,494.2760911066213,28.455820665330865,2.362395193861472,SUCCESS,FAILURE,50.78556605496903,29.8635810656578,125.93976399755923,155.10668831693135,SUCCESS,SUCCESS
2149849,503,18,1,STC,40-ft,MF,444.51748718592825,625.3776634871369,887.3684103238205,-20.88256444807392,-67.3348245255001,FAILURE,FAILURE,26.87124613813552,-12.845500589742473,269.3314917062212,307.3197869976728,SUCCESS,FAILURE
2149853,321,4,2,STC,40-ft,SAT,415.83421188140886,643.3284923202987,943.1199893690525,-24.06533551778345,-77.2198562711086,FAILURE,FAILURE,27.560457484394302,-23.072510646358623,291.1694725322826,305.3910293235897,SUCCESS,FAILURE
2149854,321,6,2,STC,40-ft,SAT,368.3080358244767,570.4603361708891,837.8169320550976,-11.145449675689562,-58.54910142820879,FAILURE,FAILURE,27.80361547506885,-18.30773803874603,219.67272745027742,226.96128951656993,SUCCESS,FAILURE
2149855,321,8,2,STC,40-ft,SAT,393.6037768021488,603.9250066367943,883.1155782365328,-17.078901885956423,-66.58077628307318,FAILURE,FAILURE,32.1914010351864,-16.903591352412164,277.8845084752455,280.179323008928,SUCCESS,FAILURE
2149856,321,12,2,STC,40-ft,SAT,93.1173740294107,141.03956027639913,212.44001934204098,64.99298576659591,52.33332990389346,SUCCESS,SUCCESS,78.62253369614164,70.4757808279889,76.87065032263791,102.32342321189833,SUCCESS,SUCCESS
2149857,321,13,2,STC,40-ft,SAT,366.7482122260312,564.0340422448584,826.0775537242231,-10.006035859017437,-56.46765136954309,FAILURE,FAILURE,29.282327735423436,-16.702042436058907,221.5863706726466,224.2780343848507,SUCCESS,FAILURE
2149858,321,2,2,STC,40-ft,SAT,255.56081249699136,386.1897634683288,562.0468215693176,21.52663768292043,-9.65369176760949,SUCCESS,FAILURE,72.34220778304152,57.19352693439669,286.5998153646829,377.01831347931505,SUCCESS,SUCCESS
2149859,321,3,2,STC,40-ft,SAT,348.36738850235713,533.1292755247296,779.0554370537109,-4.526467291618713,-48.130396640728875,FAILURE,FAILURE,39.525435692076584,-2.736370890206819,248.45273282804146,256.0223052329443,SUCCESS,FAILURE
2149860,321,1,2,STC,40-ft,SAT,340.03074885069026,523.6313932786454,767.04294523918,-2.8424456167810983,-46.00052220552836,FAILURE,FAILURE,37.19006362271061,-3.9785394383659667,225.78335211073323,237.00398280679582,SUCCESS,FAILURE
2149861,321,11,2,STC,40-ft,SAT,287.1832598554965,447.56128639835225,659.4283261475758,10.64516198610776,-26.91991598361273,FAILURE,FAILURE,53.03898099856317,17.927949950274247,239.10113923024852,252.94196386712244,SUCCESS,FAILURE
2149862,321,15,2,STC,40-ft,SAT,275.1695844090694,418.7647220946837,611.7505262505395,15.750935798814952,-18.46640536357082,FAILURE,FAILURE,47.682502825899334,17.733083577427212,180.09403803275586,204.16511762722894,SUCCESS,FAILURE
2149863,321,10,2,STC,40-ft,SAT,366.7482122260312,564.0340422448585,826.0775537242231,-10.006035859017457,-56.46765136954309,FAILURE,FAILURE,27.981075756531272,-17.44622821507941,214.2473095116948,220.08082659117503,SUCCESS,FAILURE
2149864,321,5,2,STC,40-ft,SAT,366.8863134268078,563.5223576705813,824.0809697514896,-9.915311643720084,-56.11364711905844,FAILURE,FAILURE,30.481588970494133,-14.064708256053688,227.83851946416817,237.15601518734675,SUCCESS,FAILURE
2149865,321,9,2,STC,40-ft,SAT,400.85615894642575,618.4196191118333,904.9538605864393,-19.648868636849873,-70.45281216071618,FAILURE,FAILURE,20.639834841781575,-28.656013984158392,227.2282876194814,235.73394171578596,SUCCESS,FAILURE
2149866,321,7,2,STC,40-ft,SAT,250.05278922410162,386.45892591801373,567.0336505737397,21.47891384432381,-10.537881307400651,SUCCESS,FAILURE,64.36704230760962,34.74608815855582,241.88904453293202,255.40158778799446,SUCCESS,SUCCESS
2149867,321,14,2,STC,40-ft,SAT,359.8373907065065,552.9710915284721,808.7572744897587,-8.044519774551793,-53.3966798740707,FAILURE,FAILURE,35.16370989631889,-9.546446362064625,243.69441534371072,247.315317007714,SUCCESS,FAILURE
2149868,320,9,2,STC,40-ft,SAT,245.49138815854863,372.04868270439005,554.5186218919827,24.033921506313828,-8.318904590777064,SUCCESS,FAILURE,85.70969547510936,77.35166525220775,347.85136518400674,483.1820139144343,SUCCESS,SUCCESS
2149869,502,13,2,STC,40-ft,SAT,327.0220548682711,458.1892616470505,662.8315159516602,8.760769211515873,-27.523318431145423,FAILURE,FAILURE,72.73832759459205,53.79499188536494,360.83342928054975,458.6352701851183,SUCCESS,SUCCESS
2149870,502,8,2,STC,40-ft,SAT,299.9757113600762,443.15052684787673,637.6013839875985,11.42721155179491,-23.049890777943,FAILURE,FAILURE,67.70041760384247,51.06818250017072,317.38088213354825,418.02593328856113,SUCCESS,SUCCESS
2149872,321,25,3,STC,40-ft,SUN,179.01308818586415,272.09850536632825,401.1747868442993,41.755584154906344,18.869718644627785,SUCCESS,FAILURE,73.11935671175439,61.11744286781309,176.89167722062308,238.27716461876508,SUCCESS,SUCCESS
2149873,321,7,3,STC,40-ft,SUN,260.1724577069039,403.39577891030183,591.7951359725455,18.475925725123794,-14.928215597969055,FAILURE,FAILURE,46.99781374219822,15.780006251281224,160.86344841629972,173.19437122977152,SUCCESS,FAILURE
2149874,321,4,3,STC,40-ft,SUN,383.99731939933434,588.3405527229583,860.6975714758289,-14.315700837403941,-62.605952389331364,FAILURE,FAILURE,62.35240973989901,18.287785649323713,432.4081436559887,456.24068253801477,SUCCESS,FAILURE
2149875,321,20,3,STC,40-ft,SUN,276.2754356264479,422.44258002072905,617.9572713585793,15.098833329657973,-19.56689208485448,FAILURE,FAILURE,46.05991899881825,13.319002164337046,174.62052317406398,185.47644356544026,SUCCESS,FAILURE
2149876,321,3,3,STC,40-ft,SUN,271.7222195091924,418.51863919737843,617.9507350869562,15.794567518195318,-19.565733171446137,FAILURE,FAILURE,74.21443926951355,53.12941858136894,329.4880766774349,410.000655885877,SUCCESS,SUCCESS
2149877,321,16,3,STC,40-ft,SUN,221.44856882588485,337.68428191054073,500.6587194274639,30.126900370471503,1.2307235057688173,SUCCESS,FAILURE,65.89078970668666,48.95042590172255,201.70833585625354,269.13912151317896,SUCCESS,SUCCESS
2149878,502,3,3,STC,40-ft,SUN,351.44192515180896,524.6304698487977,757.7741594521056,-3.019586852623702,-44.35712047023148,FAILURE,FAILURE,56.38503580517587,31.928013872862763,335.0420717899896,430.2481576950513,SUCCESS,SUCCESS
2149879,320,26,3,STC,40-ft,SUN,363.5983518605246,548.2129135491499,807.8058214146423,-7.200871196657781,-53.22798252032664,FAILURE,FAILURE,51.34340147965446,14.157388449602742,330.189697894401,380.05349227040176,SUCCESS,FAILURE
2149880,321,8,3,STC,40-ft,SUN,406.53347320501643,626.9619107478641,918.2031482990068,-21.163459352458165,-72.80197664876007,FAILURE,FAILURE,25.584478609682098,-23.166558957043996,263.658370106471,279.9437557812786,SUCCESS,FAILURE
2149881,321,18,3,STC,40-ft,SUN,128.96470423610063,194.2299826402015,286.11381058454026,55.56205981556711,39.2706009601879,SUCCESS,SUCCESS,64.2502600963671,49.84985121464405,49.00144958371186,59.666971435132666,SUCCESS,SUCCESS
2149882,321,24,3,STC,40-ft,SUN,209.53299161014434,311.2082898377757,452.4372817170132,34.82122520606815,9.780623809040216,SUCCESS,FAILURE,73.80683100327713,61.58144356947758,219.87881669625864,292.1566234488668,SUCCESS,SUCCESS
2149883,321,1,3,STC,40-ft,SUN,399.42534901974045,612.66113859763,903.2030034651734,-18.6278614534805,-70.14237650091727,FAILURE,FAILURE,65.08656680166308,15.218403442366224,472.14937535900975,481.43479888011905,SUCCESS,FAILURE
2149884,975,1,1,XHT,28-ft Shuttle,MF,293.43502282138104,412.76800506689557,607.144645131104,16.814183498777385,-17.64975977501843,FAILURE,FAILURE,80.35771474273767,68.85187335277901,358.38551621593604,487.8692108407777,SUCCESS,SUCCESS
2149885,975,2,1,XHT,28-ft Shuttle,MF,264.2119985005232,370.4845193770525,544.4111314774257,24.311255429600624,-6.526796361245682,SUCCESS,FAILURE,81.57971416935995,69.7634692872221,322.9941072922425,430.2770982573585,SUCCESS,SUCCESS
2149886,975,5,1,XHT,28-ft Shuttle,MF,351.88107146309665,497.3349764465817,732.6116724384606,1.8200396371309047,-39.89568660256393,FAILURE,FAILURE,80.93163170635643,69.55968560461349,446.1893792704319,617.3282992484808,SUCCESS,SUCCESS
2149887,975,3,1,XHT,28-ft Shuttle,MF,351.88107146309665,497.3349764465817,732.6116724384606,1.8200396371309047,-39.89568660256393,FAILURE,FAILURE,80.49973758450939,69.47041208304245,443.75349642321464,616.8247965868202,SUCCESS,SUCCESS
2149888,975,7,1,XHT,28-ft Shuttle,MF,334.83820763220126,473.690899633427,697.370801061886,6.012251838044858,-33.64730515281667,FAILURE,FAILURE,81.6047806209704,70.91617646004885,426.34186233570006,589.7380362965615,SUCCESS,SUCCESS
2149889,975,11,1,XHT,28-ft Shuttle,MF,82.33045437248472,109.71180220495091,157.1886454903617,70.54755280054063,62.12967278539687,SUCCESS,SUCCESS,83.30648122886625,77.2045026250502,71.9603563357565,85.02204029564479,SUCCESS,SUCCESS
2149890,975,6,1,XHT,28-ft Shuttle,MF,264.2119985005232,370.4845193770525,544.4111314774257,24.311255429600624,-6.526796361245682,SUCCESS,FAILURE,83.36667791936236,73.02014350485047,333.0725828422561,448.6447408447821,SUCCESS,SUCCESS
2149891,975,4,1,XHT,28-ft Shuttle,MF,257.6686002976314,363.41271634400937,533.5897274124316,25.565121215601177,-4.6081076972396335,SUCCESS,FAILURE,83.37261077399738,73.02030212382125,326.0342411093546,437.82423139078367,SUCCESS,SUCCESS
2149892,975,10,1,XHT,28-ft Shuttle,MF,128.59634252423785,175.63936470794866,255.1630305206146,58.85826866880344,44.75832792187685,SUCCESS,SUCCESS,80.46940474964825,70.98031529930732,121.88680749596483,147.89200880870789,SUCCESS,SUCCESS
2149893,975,12,1,XHT,28-ft Shuttle,MF,167.97600261838548,239.24662448873872,349.50682422475205,47.58038572894704,28.03070492468936,SUCCESS,SUCCESS,69.26257566220843,55.03374878464656,122.28755122359428,152.2971673701586,SUCCESS,SUCCESS
2149894,975,9,1,XHT,28-ft Shuttle,MF,111.5534786933425,151.995287894794,219.92215914404,63.05048086971738,51.00670937162411,SUCCESS,SUCCESS,82.30370038688216,73.1056759789028,108.58815807680935,124.63817166505174,SUCCESS,SUCCESS
2149895,975,1,2,XHT,28-ft Shuttle,SAT,374.5606975810626,532.5466591033817,784.5237820271448,-4.423166507691781,-49.09996135233063,FAILURE,FAILURE,74.48201468019157,62.402207441909056,445.0252218996621,628.8722319995118,SUCCESS,SUCCESS
2149896,975,2,2,XHT,28-ft Shuttle,SAT,351.88107146309665,497.3349764465817,732.6116724384606,1.8200396371309047,-39.89568660256393,FAILURE,FAILURE,74.33798417904727,63.03401357505211,409.00120721640826,580.5235090017545,SUCCESS,SUCCESS
2149897,975,4,2,XHT,28-ft Shuttle,SAT,334.83820763220126,473.690899633427,697.370801061886,6.012251838044858,-33.64730515281667,FAILURE,FAILURE,74.38258128038953,63.12547460645806,385.60865805482393,545.7984778423095,SUCCESS,SUCCESS
2149898,975,8,2,XHT,28-ft Shuttle,SAT,228.44557597677363,321.1292306541663,470.85621375875326,33.06219314642442,6.5148557165331145,SUCCESS,FAILURE,72.47573797902459,60.13667381110726,222.292392855865,302.427054053398,SUCCESS,SUCCESS
2149899,975,6,2,XHT,28-ft Shuttle,SAT,235.63182903059655,329.20352529885025,482.8304436150212,31.630580620771237,4.3917653164856105,SUCCESS,FAILURE,66.98079894106057,51.35240223880717,199.3752313264318,264.85799224189367,SUCCESS,SUCCESS
2149900,975,5,2,XHT,28-ft Shuttle,SAT,322.65804714223884,455.05149075673864,669.8781587847823,9.317111567954145,-28.772723188791176,FAILURE,FAILURE,70.26619215356953,55.84669096849223,343.7528145028708,477.25349584707845,SUCCESS,SUCCESS
2149901,975,55,3,XHT,28-ft Shuttle,SUN,234.98897417966543,328.2010336872094,481.67761782374737,31.808327360423867,4.596167052527067,SUCCESS,FAILURE,74.81098359557032,66.19375804676247,242.53498116622603,347.4104132074877,SUCCESS,SUCCESS
2149902,975,54,3,XHT,28-ft Shuttle,SUN,264.2119985005232,370.4845193770525,544.4111314774257,24.311255429600624,-6.526796361245682,SUCCESS,FAILURE,76.61008044992697,67.44553139698279,294.96537311464056,417.20392855640847,SUCCESS,SUCCESS
2149903,975,52,3,XHT,28-ft Shuttle,SUN,351.88107146309665,497.3349764465817,732.6116724384606,1.8200396371309047,-39.89568660256393,FAILURE,FAILURE,77.10011199328692,68.82228568176234,424.5796080887199,613.1693636836001,SUCCESS,SUCCESS
2149904,975,56,3,XHT,28-ft Shuttle,SUN,234.98897417966543,328.2010336872094,481.67761782374737,31.808327360423867,4.596167052527067,SUCCESS,FAILURE,72.89270746363266,63.16435746700697,231.7159037820976,330.3245939376668,SUCCESS,SUCCESS
2149923,801,54,2,STC,40-ft,SAT,332.16196692309677,526.6166196731785,801.1014413628401,-3.371741076804703,-52.039262652985826,FAILURE,FAILURE,65.27117805661608,45.40058572646461,387.14606391249316,549.5607448601007,SUCCESS,SUCCESS
2149924,801,56,2,STC,40-ft,SAT,264.8043754986461,419.0637755984089,636.6934488968816,15.69791212794169,-22.88890937887971,FAILURE,FAILURE,64.20909400800234,43.8792509586826,273.6030658035418,376.5724243038515,SUCCESS,SUCCESS
2149925,801,55,2,STC,40-ft,SAT,174.65237315930258,273.9558641100948,414.27501334811774,41.4262652287066,16.5469834489153,SUCCESS,FAILURE,81.8232435795569,69.60717261656659,227.83895789879563,299.2594669055533,SUCCESS,SUCCESS
2149926,801,51,2,STC,40-ft,SAT,245.58449170488322,381.88831774125333,576.9951957609584,22.28930536502601,-12.304112723574177,SUCCESS,FAILURE,81.23465738294723,70.03238967161953,332.4517853810757,464.3778735088927,SUCCESS,SUCCESS
2149927,801,52,2,STC,40-ft,SAT,279.7264406061546,437.53410939300215,664.1293689543696,12.423030249467708,-27.753434211767658,FAILURE,FAILURE,80.00525535948061,68.91269023294166,381.16374962047263,545.1969418681608,SUCCESS,SUCCESS
2149928,801,50,2,STC,40-ft,SAT,349.9217944851923,553.4343010808299,840.1134288622895,-8.126649127806711,-58.9562817131719,FAILURE,FAILURE,61.299124442770456,41.59924635398726,391.56136293805514,567.1331782987779,SUCCESS,SUCCESS
2149929,801,53,2,STC,40-ft,SAT,325.91998911281206,515.9572461217884,783.2854233050855,-1.4817812272674507,-48.88039420302934,FAILURE,FAILURE,63.237235495835186,44.21728590831862,365.01525431829884,525.0709158280026,SUCCESS,SUCCESS
2149930,502,9,2,STC,40-ft,SAT,387.5596701570396,578.8343226088757,836.9287171157941,-12.630199044126893,-58.39161650989257,FAILURE,FAILURE,66.9468092050577,52.87772595937794,448.81432652540116,627.5590915266853,SUCCESS,SUCCESS
2149931,801,57,2,STC,40-ft,SAT,110.62535087848853,172.5515540596906,261.0785113239892,59.405752826296,43.70948380780334,SUCCESS,SUCCESS,82.2445539535511,72.6229717911897,128.8108383577187,163.0720722262991,SUCCESS,SUCCESS
2149932,801,58,2,STC,40-ft,SAT,82.91506028066286,127.67313319910672,191.77598122480987,67.36291964554846,55.9971664495018,SUCCESS,SUCCESS,83.91757423008515,76.3519954487252,93.36825185678691,114.80123555562005,SUCCESS,SUCCESS
2149933,503,3,2,STC,40-ft,SAT,332.8991108155627,455.0613478544544,641.7504611972823,9.31536385559319,-23.785542765475586,FAILURE,FAILURE,39.42041577571514,11.61682810040629,169.7924928294878,199.6693716835737,SUCCESS,FAILURE
2149934,503,9,2,STC,40-ft,SAT,462.5628609711026,640.7301145035881,906.6657763989863,-23.604630231132635,-70.7563433331536,FAILURE,FAILURE,35.513490835602255,-4.107369559642002,333.4262028163848,375.9002120826053,SUCCESS,FAILURE
2149935,320,66,2,STC,40-ft,SAT,205.25064641027265,304.8764225496319,452.15887512578,35.94389671105817,9.829986679826243,SUCCESS,FAILURE,73.0962343779903,61.55464730302141,209.53918444149718,291.72708591482075,SUCCESS,SUCCESS
2149936,801,50,3,STC,40-ft,SUN,273.4844627958699,426.874735841612,646.313350896615,14.312990099004969,-24.594565761811168,FAILURE,FAILURE,81.57348340267565,74.03729629424363,379.34918223270256,556.2837019961491,SUCCESS,SUCCESS
2149937,801,55,3,STC,40-ft,SUN,300.3652750180169,473.0840010338755,718.0613526215407,6.1198579727171145,-37.31584266339373,FAILURE,FAILURE,63.21051343070844,44.414008624242385,321.991296783071,460.9563612622677,SUCCESS,SUCCESS
2149938,801,52,3,STC,40-ft,SUN,252.3940660901377,393.90852040959516,596.0898729553356,20.158063757163983,-15.689693786407025,SUCCESS,FAILURE,78.32353109013677,69.59563920909228,328.05323575796643,481.0092780946162,SUCCESS,SUCCESS
2149939,801,58,3,STC,40-ft,SUN,89.15703809094758,138.33250675049692,209.59199928256456,65.47295979601118,52.838297999545304,SUCCESS,SUCCESS,80.52197761119069,71.73526292009502,84.87646047761234,106.57888215190053,SUCCESS,SUCCESS
2149940,801,53,3,STC,40-ft,SUN,209.64567610370364,326.6152604286098,494.3642579361543,32.08949283180678,2.346762777277615,SUCCESS,FAILURE,82.28378729910982,70.65490046845653,283.0958207955891,385.2578965782492,SUCCESS,SUCCESS
2149941,801,56,3,STC,40-ft,SUN,264.8043754986461,419.0637755984089,636.6934488968816,15.69791212794169,-22.88890937887971,FAILURE,FAILURE,65.79238166396016,45.70956670670478,282.53280818314397,386.89540512269656,SUCCESS,SUCCESS
2149942,801,59,3,STC,40-ft,SUN,201.15526929964082,318.91229742518146,484.7599809728981,33.45526641397492,4.04964876367055,SUCCESS,FAILURE,64.85018891580839,44.856909147166185,177.06736291034065,230.15294856291547,SUCCESS,SUCCESS
2149943,801,51,3,STC,40-ft,SUN,216.8331665707669,339.8882949741285,514.7219692306766,29.736117912388572,-1.2627605018930037,SUCCESS,FAILURE,79.58964516899132,69.5113411631478,281.17389372723943,399.1659333908304,SUCCESS,SUCCESS
2149944,801,57,3,STC,40-ft,SUN,167.27664710359147,259.53799492717417,392.66989298992763,43.982625012912386,20.377678547885175,SUCCESS,SUCCESS,82.77722048307749,72.00855446881258,218.80151845173106,291.1981401940306,SUCCESS,SUCCESS
2149945,801,54,3,STC,40-ft,SUN,167.08696661043052,259.42999768739935,392.65426795345024,44.00177345968097,20.38044894442372,SUCCESS,SUCCESS,82.31252708897577,72.61325513404088,216.07265046922254,294.5930269094409,SUCCESS,SUCCESS
2149947,320,40,1,STC,40-ft,MF,245.61372669028714,369.5984940310815,548.9502672281784,24.468352122148676,-7.331607664570636,SUCCESS,FAILURE,74.71471832187672,60.568762365926595,283.3895053664662,382.9580869720046,SUCCESS,SUCCESS
2149948,320,54,1,STC,40-ft,MF,182.8536668900974,253.98770203238428,360.6143849378584,44.966719497804206,26.061279266337166,SUCCESS,SUCCESS,53.4204598789289,35.773201543703124,47.67909574954325,54.775241644343964,SUCCESS,SUCCESS
2149950,502,60,1,STC,40-ft,MF,92.32242266381473,130.3661664940761,189.03180828228776,66.88543147268155,56.483721935764585,SUCCESS,SUCCESS,73.22118628223453,64.90865336549732,35.73365712587889,47.516613263692534,SUCCESS,SUCCESS
2149952,321,24,1,STC,40-ft,MF,248.87133709029493,376.2352852554283,556.5972240549331,23.29161608946307,-8.687451073569697,SUCCESS,FAILURE,48.31488465244925,19.973495957373867,141.13123469524209,161.6477412545217,SUCCESS,FAILURE
2149954,320,23,1,STC,40-ft,MF,336.3034818791237,488.1148887340415,714.3938337617386,3.4548069620493886,-36.66557336201039,FAILURE,FAILURE,65.66778161298721,50.87268410797283,350.8811770312894,493.71577213070543,SUCCESS,SUCCESS
2149955,320,8,1,STC,40-ft,MF,254.90005107784793,386.55699127653753,573.0448060066833,21.461526369408244,-11.603689008277177,SUCCESS,FAILURE,59.61667297875268,30.337615888790324,215.19502687670263,236.5489596194607,SUCCESS,SUCCESS
2149956,320,29,1,STC,40-ft,MF,256.0330175879775,372.0120474602923,539.2956317380479,24.040417116969454,-5.619792861355999,SUCCESS,FAILURE,72.34783963526814,63.00439521415403,272.4538630032047,387.0404207458765,SUCCESS,SUCCESS
2149957,502,46,1,STC,40-ft,MF,101.35348269739086,152.6666137463857,224.76639993700073,62.931451463406795,50.14780142960979,SUCCESS,SUCCESS,77.99668947970707,69.94119270521489,84.96794241193362,111.63472679441259,SUCCESS,SUCCESS
2149959,320,49,1,STC,40-ft,MF,115.60611479576724,180.00120551093747,266.40948608576826,58.084892639904716,42.764275516707755,SUCCESS,SUCCESS,84.37324102781002,76.18455079049905,148.26628490778597,188.49035254418288,SUCCESS,SUCCESS
2149963,320,52,1,STC,40-ft,MF,148.40637137178436,221.3919089390954,325.27092585491135,50.746115436330605,32.32785002572494,SUCCESS,SUCCESS,84.00679044993002,78.28200713572396,187.59020707670072,259.1814461003945,SUCCESS,SUCCESS
2149964,801,50,1,STC,40-ft,MF,32.74199778542939,50.103418043209174,74.40371911071969,81.11641524056576,76.80785122150361,SUCCESS,SUCCESS,85.86600179138479,83.80647455603165,26.787668146619353,39.472235606738195,SUCCESS,SUCCESS
2149965,320,22,1,STC,40-ft,MF,225.86331020658162,350.1850033316935,518.0868295895999,27.910460402182007,-1.8593669485106192,SUCCESS,FAILURE,75.1916731467196,64.96204116550624,266.666039879192,376.872741763055,SUCCESS,SUCCESS
2149966,320,48,1,STC,40-ft,MF,195.74326809404633,275.5534978216426,392.10914981364715,41.14299684013429,20.477101096871074,SUCCESS,SUCCESS,62.656622281706284,45.08374466811985,121.33684749046608,138.781469741843,SUCCESS,SUCCESS
2149967,502,85,1,STC,40-ft,MF,60.55542447658057,90.12441935860517,132.3353895179412,74.02049302152392,66.53627845426576,SUCCESS,SUCCESS,76.87025622014157,70.48888936089865,16.072664440203596,22.29272551340955,SUCCESS,SUCCESS
2149969,502,3,1,STC,40-ft,MF,301.67839600166195,442.26238496198897,635.4414734743009,11.584683517377846,-22.666927920975333,FAILURE,FAILURE,57.53270797237956,38.76851710269606,259.14685792620975,346.4959099335066,SUCCESS,SUCCESS
2149970,502,16,1,STC,40-ft,MF,362.420372855334,529.4034127030233,766.2393346191785,-3.8658533161388724,-45.85803805304584,FAILURE,FAILURE,65.8241383389147,49.25739115483663,393.0515529345022,536.4510207324568,SUCCESS,SUCCESS
2149971,502,82,1,STC,40-ft,MF,66.6032265888462,94.4667131892424,137.29431440147164,73.25058276786483,65.65703645363979,SUCCESS,SUCCESS,78.67241641884823,72.34940450891455,30.579141791546363,37.74495583174962,SUCCESS,SUCCESS
2149972,320,24,1,STC,40-ft,MF,293.45233831695606,447.00755467688646,657.4131343162444,10.743341369346377,-26.562612467419218,FAILURE,FAILURE,73.3550263489569,61.72289230091324,353.12990328500337,497.9302468933952,SUCCESS,SUCCESS
2149973,320,21,2,STC,40-ft,SAT,333.64753672850065,508.14802654105756,755.2835554883455,-0.09716782642864157,-43.915524022756294,FAILURE,FAILURE,72.26527281747656,57.818828415374256,408.12416523162534,573.7817477510566,SUCCESS,SUCCESS
2149974,502,4,2,STC,40-ft,SAT,397.3998838434225,555.5141839271799,803.7321622971306,-8.4954226821241,-52.50570253495223,FAILURE,FAILURE,66.49660261017898,38.79404606440636,422.95502264858936,514.9305821003825,SUCCESS,SUCCESS
2149975,320,65,2,STC,40-ft,SAT,109.62930031247828,165.31385731948,247.7106839254118,60.68903239016312,46.07966597067168,SUCCESS,SUCCESS,82.50531745698517,74.20293975893884,123.04384777687636,158.61526416582683,SUCCESS,SUCCESS
2149976,320,50,2,STC,40-ft,SAT,156.32811046710162,240.1656117968487,362.86994649183936,47.417444716870804,25.661357004993025,SUCCESS,SUCCESS,84.85859920987218,75.05183591785635,211.16811134052767,278.5623010685491,SUCCESS,SUCCESS
2149977,320,40,2,STC,40-ft,SAT,223.28574501672037,341.4508188798661,514.4201744308792,29.45907466669041,-1.2092507856168804,SUCCESS,FAILURE,85.55823722359636,75.197227655035,316.39927682094964,430.9325384052766,SUCCESS,SUCCESS
2149978,502,6,2,STC,40-ft,SAT,492.9108247400055,702.8915411711544,1021.6619067090461,-34.626159782119565,-91.14572813990178,FAILURE,FAILURE,53.15044570276805,17.774619904719877,495.06005493476613,614.310762971666,SUCCESS,FAILURE
2149979,320,30,2,STC,40-ft,SAT,354.5205160520172,505.24494026184686,727.3881346353136,0.4175637833604891,-38.96952741760879,FAILURE,FAILURE,65.24630490250838,48.233562262382144,365.63409991199404,491.8254257951488,SUCCESS,SUCCESS
2149980,320,62,2,STC,40-ft,SAT,172.88104990223533,266.170192437891,400.45683151642936,42.80670346845905,18.997015688576358,SUCCESS,FAILURE,81.64997050085255,73.61024784963209,219.07602606269933,308.0186293883543,SUCCESS,SUCCESS
2149981,502,16,2,STC,40-ft,SAT,270.0877062201311,372.64840855252453,534.6692673386461,23.927587136077218,-4.799515485575552,SUCCESS,FAILURE,73.26953760925883,59.48865625120769,278.2886006687443,362.58528859545754,SUCCESS,SUCCESS
2149982,320,39,2,STC,40-ft,SAT,264.2947705662934,388.59128005185954,564.1522535187411,21.100836870237675,-10.026995304741321,SUCCESS,FAILURE,77.07315221570529,69.09608774525647,315.6838585484373,446.2541884019876,SUCCESS,SUCCESS
2149983,320,19,2,STC,40-ft,SAT,315.49942790433613,468.19850798518405,677.2649011781513,6.986080144470917,-30.082429286906248,FAILURE,FAILURE,68.50054012235917,55.72614310253891,346.9415542752897,483.96034827647054,SUCCESS,SUCCESS
2149984,320,46,2,STC,40-ft,SAT,375.36001911219455,532.2866293805383,766.567443822905,-4.377061946903956,-45.91621344377748,FAILURE,FAILURE,75.3528602225704,64.17776089852316,449.6767610358352,620.9300152905756,SUCCESS,SUCCESS
2149985,320,41,3,STC,40-ft,SUN,270.06397497946534,419.5385152044362,621.94898979819,15.613738438929758,-20.274643581239367,FAILURE,FAILURE,49.7330252512444,20.99019665630535,192.4327776214546,232.73369893975217,SUCCESS,SUCCESS
2149986,321,17,3,STC,40-ft,SUN,302.61146226701754,460.5716324053474,687.3102262330095,8.338363048697278,-31.863515289540693,FAILURE,FAILURE,76.13409667791093,65.44281941323847,382.367937668765,548.8077277236746,SUCCESS,SUCCESS
2149987,320,10,3,STC,40-ft,SUN,227.36374977267812,313.19907690406114,451.87840392798284,34.468248775875686,9.879715615605884,SUCCESS,FAILURE,63.903443732571695,46.33677394609695,166.01449955576544,205.61780898396967,SUCCESS,SUCCESS
2149989,503,12,1,STC,40-ft,MF,470.881789841198,689.2213911806668,997.562477566046,-32.20237432281326,-86.87277971029185,FAILURE,FAILURE,41.15528613991368,8.794068756403124,413.73720500977987,539.5610253521596,SUCCESS,FAILURE
2149992,502,67,1,STC,40-ft,MF,91.55166986139335,123.515710509495,173.83189275815195,68.10005132810375,59.178742418767385,SUCCESS,SUCCESS,74.73705955548536,66.45520294023592,37.432726402432365,41.039237341082526,SUCCESS,SUCCESS
2149993,801,5,1,STC,40-ft,MF,42.09833026377478,57.07718229528009,81.2167296260024,79.87993221714893,75.59987063368752,SUCCESS,SUCCESS,79.87993221714892,75.59987063368752,0.0,0.0,SUCCESS,SUCCESS
2149994,503,16,1,STC,40-ft,MF,449.5907492365312,623.5074879091171,880.4813599821775,-20.5509730335314,-66.11371630889671,FAILURE,FAILURE,41.03732882884567,4.518432059757604,347.35802250380664,398.36531679921035,SUCCESS,FAILURE
2149995,502,4,1,STC,40-ft,MF,280.41125000005917,411.0211470623238,591.9498131391961,17.123910095332665,-14.955640627517027,FAILURE,FAILURE,70.80519264153004,58.5926073633089,302.76243356055323,414.81211866825817,SUCCESS,SUCCESS
2149996,321,21,1,STC,40-ft,MF,257.8651889849059,380.5328429914632,555.1521368423264,22.529637767471066,-8.43122993658269,SUCCESS,FAILURE,42.327637559687,14.308905559281426,111.66071882809788,128.25436419667346,SUCCESS,FAILURE
2149998,320,54,2,STC,40-ft,SAT,282.28392173305264,425.26650328489757,628.9413361760987,14.598137715443698,-21.51442130781892,FAILURE,FAILURE,72.89474150786015,61.11274209997437,328.7928453892288,466.0172016199543,SUCCESS,SUCCESS
2150000,320,12,2,STC,40-ft,SAT,293.65352056744223,428.1230559678484,614.52937180437,14.09165674328929,-18.95910847595213,FAILURE,FAILURE,74.20676808802097,65.45394938710818,339.0492279842866,476.0896463476603,SUCCESS,SUCCESS
2150001,320,52,2,STC,40-ft,SAT,293.29662864922585,443.19842176508797,654.5810935701344,11.418719545197172,-26.060477583357155,FAILURE,FAILURE,38.36026751588384,2.337816907450224,151.9503305546728,160.16638092815367,SUCCESS,FAILURE
2150002,320,43,2,STC,40-ft,SAT,296.0052584131864,450.3344035486358,670.0900082329957,10.153474548114223,-28.810285147694277,FAILURE,FAILURE,45.648129540072546,13.85294912512712,200.18985415464488,240.6206412987126,SUCCESS,FAILURE
2150003,320,31,2,STC,40-ft,SAT,326.01565057467764,505.74304897880825,747.8128423432604,0.3292466349630808,-42.59092949348589,FAILURE,FAILURE,59.87586118490121,20.930880191487482,335.8429060616511,358.26300662324985,SUCCESS,FAILURE
2150004,320,24,2,STC,40-ft,SAT,217.40979158484762,337.2766619361131,502.848378887631,30.199173415582788,0.8424860128313896,SUCCESS,FAILURE,71.8824932992621,61.66674924378292,235.0939241439513,343.04884462256666,SUCCESS,SUCCESS
2150005,320,42,2,STC,40-ft,SAT,197.62351257661297,305.6117537187461,451.42510043597815,35.81351884419395,9.960088575181182,SUCCESS,FAILURE,64.5301276430432,44.83288112419015,161.96167362550972,196.68254997641066,SUCCESS,SUCCESS
2150006,320,18,2,STC,40-ft,SAT,259.8576769979851,393.6058595892118,578.5780534692425,20.211727023189404,-12.584761253411786,SUCCESS,FAILURE,44.19546184637706,16.334499658344527,135.2682644027784,163.1046315423056,SUCCESS,FAILURE
2150007,320,44,2,STC,40-ft,SAT,232.34860089367436,357.6605865630322,528.7418275092123,26.585002382441104,-3.748550976810682,SUCCESS,FAILURE,48.522046146711915,22.75900986366424,123.72492683048745,149.50264314027848,SUCCESS,SUCCESS
2150008,320,60,2,STC,40-ft,SAT,120.97481013505288,185.6896381482308,274.08087666223935,57.07630529286688,41.40409988258168,SUCCESS,SUCCESS,71.1709115464658,57.927873838897504,79.49357927029803,93.19408511362133,SUCCESS,SUCCESS
2150009,320,64,2,STC,40-ft,SAT,147.27162788723626,221.51075983786924,325.871238098119,50.72504258193808,32.22141168473067,SUCCESS,SUCCESS,57.23409075052886,39.40838530736862,36.71103167085198,40.5345312316781,SUCCESS,SUCCESS
2150010,320,5,2,STC,40-ft,SAT,286.6241136641808,442.8848923770841,655.4383197226929,11.474309862219135,-26.212468035938453,FAILURE,FAILURE,64.47732999411875,31.118723080091204,298.9370335439138,323.34791789440743,SUCCESS,SUCCESS
2150011,320,35,2,STC,40-ft,SAT,247.35680641293015,373.64104776586424,550.2009280635338,23.751587275555988,-7.553356039633639,SUCCESS,FAILURE,69.07902388170997,49.117126680359505,255.64674245870845,319.6215225407613,SUCCESS,SUCCESS
2150012,320,59,2,STC,40-ft,SAT,186.80567135319072,287.6732691704486,427.07979491755077,38.99410121091338,14.276632106817244,SUCCESS,FAILURE,76.45015773967263,64.0631670996149,211.25215882220226,280.7960573593789,SUCCESS,SUCCESS
2150013,502,12,2,STC,40-ft,SAT,432.8647244015271,632.0755294441931,913.5019369821428,-22.070129334076782,-71.96842854293311,FAILURE,FAILURE,55.359744024852766,19.99806809575278,436.70448574436296,518.6910410421882,SUCCESS,FAILURE
2150014,503,13,2,STC,40-ft,SAT,181.377833032164,258.3179106507749,368.45408709488987,44.19895201227396,24.671261153388325,SUCCESS,SUCCESS,77.29404632311967,70.48766307047971,186.65633191316982,258.4045068123955,SUCCESS,SUCCESS
2150015,320,16,3,STC,40-ft,SUN,213.00397852347965,290.2853581897781,416.2887166179588,38.53096485996843,16.189943862064045,SUCCESS,FAILURE,58.06425099718394,41.215178198695334,110.16773381389544,141.14232165860057,SUCCESS,SUCCESS
2150016,801,4,1,STC,40-ft,MF,75.49312225701159,112.23162880605818,168.08127494040585,70.10077503438684,60.19835550702025,SUCCESS,SUCCESS,78.12413948363579,71.09929709526041,45.251775493764,61.48131055767453,SUCCESS,SUCCESS
2150017,801,35,1,STC,40-ft,MF,72.75837699625637,92.68493452873186,130.7968659851327,73.56650097008301,66.80906631469277,SUCCESS,SUCCESS,77.08908949963724,70.70352883474636,19.867399306685854,21.96476861310225,SUCCESS,SUCCESS
2150019,321,13,1,STC,40-ft,MF,293.2850351311758,430.66139642687284,629.9431025212224,13.641596378214038,-21.69203945411744,FAILURE,FAILURE,25.790449087670126,-9.527015009664911,68.5195292813323,68.6107378667121,SUCCESS,FAILURE
2150023,502,10,1,STC,40-ft,MF,303.95441868562784,426.55370301312473,613.8620926626403,14.36991081327576,-18.84079657139012,FAILURE,FAILURE,68.39101997431136,55.254420589031994,304.6790556682407,417.8970247847807,SUCCESS,SUCCESS
2150024,801,19,1,STC,40-ft,MF,64.97061754876607,94.86899100134146,140.08420232263464,73.17925691465578,65.16237547471017,SUCCESS,SUCCESS,78.54833449673698,71.12338377675862,30.281597562938032,33.620086823553265,SUCCESS,SUCCESS
2150025,312,64,2,STC,40-ft,SAT,188.43939664376956,252.49766787048523,362.1632872312006,45.23090995204163,25.786651200141737,SUCCESS,SUCCESS,56.8983209939264,40.67347037473135,65.80419827623012,83.96166014468537,SUCCESS,SUCCESS
2150026,321,13,3,STC,40-ft,SUN,284.11250180636483,435.6856595043706,652.4636653803844,12.750769591423653,-25.685047053259645,FAILURE,FAILURE,68.2377145331284,53.836091339291556,312.9463694712147,448.499220533989,SUCCESS,SUCCESS
2150027,321,15,3,STC,40-ft,SUN,236.808046597078,364.34703109530625,545.5930128155437,25.399462571754217,-6.736349789990016,SUCCESS,FAILURE,69.31572054360599,55.572270575039674,247.687694961244,351.42061885876745,SUCCESS,SUCCESS
2150028,502,89,1,STC,40-ft,MF,31.812623440818534,42.17984666864907,60.96204224121717,82.52130378215442,79.19112726219555,SUCCESS,SUCCESS,86.12762793721741,83.40979725310015,20.339668234555234,23.793298748701886,SUCCESS,SUCCESS
2150029,801,58,1,STC,40-ft,MF,42.690864156368136,58.44244913043059,83.42333352162208,79.63786362935629,75.20862880822304,SUCCESS,SUCCESS,83.20665415973481,79.29948443495697,20.127978591334795,23.0724257347793,SUCCESS,SUCCESS
2150031,801,43,1,STC,40-ft,MF,58.88337248045077,80.31855691225418,113.81703750757418,75.75912111484855,69.81967420078472,SUCCESS,SUCCESS,79.31897347780563,73.63225232741972,20.07756732707793,21.502940634221375,SUCCESS,SUCCESS
2150032,320,34,1,STC,40-ft,MF,298.83458552655856,453.2085327533732,669.7624887538084,9.64387717138773,-28.752214318051127,FAILURE,FAILURE,60.0307542135739,38.85204350741724,284.18198651792994,381.2880141356417,SUCCESS,SUCCESS
2150033,502,53,1,STC,40-ft,MF,26.91576332720726,38.28089081562609,55.8388276094419,83.2126080114138,80.09949865080817,SUCCESS,SUCCESS,84.18154686955977,81.40814728560485,5.464815159943157,7.380778300253326,SUCCESS,SUCCESS
2150034,320,25,1,STC,40-ft,MF,278.59911757252553,409.56581894911756,596.4753308334641,17.381946994837318,-15.758037381819875,FAILURE,FAILURE,69.20249168856346,49.976321130943816,292.26787207261543,370.74178201198725,SUCCESS,SUCCESS
2150035,320,26,1,STC,40-ft,MF,278.9394323741784,401.6099124674288,583.4443008285187,18.7925687114488,-13.4475710688863,FAILURE,FAILURE,61.48427452616397,42.80527082840304,240.78122079499354,317.2660283007118,SUCCESS,SUCCESS
2150036,502,65,1,STC,40-ft,MF,26.91576332720726,38.28089081562609,55.8388276094419,83.2126080114138,80.09949865080817,SUCCESS,SUCCESS,84.18154686955977,81.40814728560485,5.464815159943157,7.380778300253326,SUCCESS,SUCCESS
2150038,801,53,1,STC,40-ft,MF,63.33539302976408,95.16039509546108,142.13504015591198,73.12758952208137,64.7987517454057,SUCCESS,SUCCESS,76.2398437025662,68.55312310099706,17.553113577934482,21.174654445535282,SUCCESS,SUCCESS
2150040,502,55,1,STC,40-ft,MF,26.91576332720726,38.28089081562609,55.8388276094419,83.2126080114138,80.09949865080817,SUCCESS,SUCCESS,84.18154686955977,81.40814728560485,5.464815159943157,7.380778300253326,SUCCESS,SUCCESS
2150045,801,13,1,STC,40-ft,MF,65.46855458675445,88.53780321280689,126.74313214718435,74.30180794099168,67.52781344908078,SUCCESS,SUCCESS,77.56280211359872,71.0493143435462,18.39200713350374,19.861265044784943,SUCCESS,SUCCESS
2150047,320,37,2,STC,40-ft,SAT,319.8798965755493,492.72824984781215,733.949463712851,2.636835133366644,-40.13288363703031,FAILURE,FAILURE,72.94988892450006,59.4184948065165,396.5656233819925,561.4697744216043,SUCCESS,SUCCESS
2150048,320,15,2,STC,40-ft,SAT,357.200526887033,549.1585227661188,815.6722830505141,-7.368532405340216,-54.622745221722354,FAILURE,FAILURE,75.56124088874128,65.45045812362336,467.7239213786197,677.2128668677503,SUCCESS,SUCCESS
2150049,320,34,2,STC,40-ft,SAT,309.44959176639105,467.65219326075504,691.2767706574228,7.08294445731294,-32.56680330805369,FAILURE,FAILURE,63.361326147375785,47.11076632502525,317.4100727319546,449.38149273056536,SUCCESS,SUCCESS
2150050,320,63,2,STC,40-ft,SAT,138.81920097956225,212.7319537904323,315.59975392747964,52.281568476873716,34.04259682136887,SUCCESS,SUCCESS,72.3937984527577,60.34257085191681,113.43297706398573,148.33185353229055,SUCCESS,SUCCESS
2150051,320,29,2,STC,40-ft,SAT,338.68842245061006,526.3710960983258,784.886634680366,-3.3282085280719422,-49.16429692914291,FAILURE,FAILURE,74.94716095517225,65.35447767620003,441.47308388549726,645.8858887741346,SUCCESS,SUCCESS
2150052,503,15,2,STC,40-ft,SAT,186.4599967578451,257.7655596267508,365.77454026187837,44.29688659100163,25.14635810959604,SUCCESS,SUCCESS,67.62696850967082,52.175629662555366,131.58166202129422,152.44509155869054,SUCCESS,SUCCESS
2150053,321,12,3,STC,40-ft,SUN,252.498593889601,386.2683958909049,571.7365649972361,21.512695764023956,-11.371731382488665,SUCCESS,FAILURE,57.91497897593647,37.91259143308416,205.30887731518658,277.96358067983067,SUCCESS,SUCCESS
2150054,321,27,3,STC,40-ft,SUN,176.95717908990565,261.8656373054219,386.5935843658772,43.56992246357768,21.455038233000504,SUCCESS,SUCCESS,65.6502274495307,51.26218620422954,124.53292012077503,168.11231455773174,SUCCESS,SUCCESS
2150055,321,26,3,STC,40-ft,SUN,348.69956223712893,539.3358261265118,799.1192091605942,-5.626919525977274,-51.687803042658544,FAILURE,FAILURE,73.41344514915995,52.8072165456718,445.78765676777385,589.3519104781835,SUCCESS,SUCCESS
2150056,321,19,3,STC,40-ft,SUN,190.38133437945373,294.56138888565846,439.17236421684316,37.772803389067654,12.13255953602072,SUCCESS,FAILURE,69.31469161392047,56.0825266446953,177.89624958817,247.87781449292459,SUCCESS,SUCCESS
2150058,502,61,1,STC,40-ft,MF,115.96826087697366,155.73162441313835,223.2227499385811,62.388009855826546,50.42149823784023,SUCCESS,SUCCESS,67.9951445128464,57.36185939734722,31.62423946559204,39.14363693961934,SUCCESS,SUCCESS
2150059,320,36,3,STC,40-ft,SUN,197.02651477508726,283.68747653521376,406.15250746105426,39.70080203276352,17.987144067188964,SUCCESS,FAILURE,77.26486550683819,68.34187310913943,211.86131799378103,284.0006717966006,SUCCESS,SUCCESS
2150060,338,11,1,XHT,28-ft Shuttle,MF,237.77828043166608,340.7731325952257,491.4995149611962,29.579231809357147,2.8546959288659237,SUCCESS,FAILURE,29.579231809357115,2.8546959288659246,0.0,0.0,SUCCESS,FAILURE
2150061,338,12,1,XHT,28-ft Shuttle,MF,224.04660898088596,320.4680223076369,461.9863516245625,33.17942866885871,8.087526307701694,SUCCESS,FAILURE,33.17942866885868,8.087526307701701,0.0,0.0,SUCCESS,FAILURE
2150062,338,2,2,XHT,28-ft Shuttle,SAT,239.54742110576206,347.5655043413575,503.4206254637753,28.3749105777735,0.741023853940552,SUCCESS,FAILURE,31.718708373777577,4.628263420454157,18.859019569463157,21.92403115513673,SUCCESS,FAILURE
2150063,338,4,2,XHT,28-ft Shuttle,SAT,196.58326607932574,279.8578017324592,402.960024951295,40.37982238786185,18.55318706537323,SUCCESS,FAILURE,40.37982238786179,18.55318706537325,0.0,0.0,SUCCESS,FAILURE
2150064,338,2,3,XHT,28-ft Shuttle,SUN,213.5136307299551,306.37652093026696,441.6022118850206,35.67792182087466,11.701735481379329,SUCCESS,FAILURE,37.43714837152452,13.593670787129792,9.92203774566542,10.67051512443254,SUCCESS,FAILURE
2150065,338,3,3,XHT,28-ft Shuttle,SUN,182.85159462854563,259.5526914448704,373.44686161466126,43.98001924736341,23.786017444209,SUCCESS,SUCCESS,43.98001924736336,23.78601744420902,0.0,0.0,SUCCESS,SUCCESS
2150066,301,21,1,RTC,40-ft,MF,536.8770350559728,633.2625555910306,860.4643261489316,-22.280594962948687,-62.564596834916955,FAILURE,FAILURE,74.20374858603384,66.06314398370544,544.1716976162616,725.4604582170296,SUCCESS,SUCCESS
2150067,301,28,1,RTC,44-ft Double Deck,MF,291.9292431613967,340.0806721569938,458.84366334536645,29.702008482802523,8.644740541601697,SUCCESS,FAILURE,75.02365982138234,65.98061860968076,255.61411354959023,323.3743523039658,SUCCESS,SUCCESS
2150068,301,29,1,RTC,44-ft Double Deck,MF,225.8952533871677,260.50668371909387,350.2837276224341,43.81087168101173,27.892956095313103,SUCCESS,SUCCESS,80.42262775669344,72.21430446019878,206.49030426684487,249.97240477795503,SUCCESS,SUCCESS
2150069,301,22,1,RTC,44-ft Double Deck,MF,140.67309641059882,155.81862496363084,209.10471181133687,62.37258422630659,52.92469648735162,SUCCESS,SUCCESS,77.07505748092483,69.70306541804014,82.92194915604688,94.6300007690831,SUCCESS,SUCCESS
2150070,301,23,1,RTC,44-ft Double Deck,MF,470.84304528174374,553.6885671531306,751.904390425999,-8.171731764739471,-43.3163812812055,FAILURE,FAILURE,75.01092755892043,68.7576054228135,469.1501985854419,632.0972850106664,SUCCESS,SUCCESS
2150071,301,24,1,RTC,44-ft Double Deck,MF,324.9462380485112,379.86766637594377,513.1236312068327,22.647576883697916,-0.9793672352540155,SUCCESS,FAILURE,80.85385684621109,71.56241787269106,328.28341898857434,409.13566800880994,SUCCESS,SUCCESS
2150072,301,27,1,RTC,44-ft Double Deck,MF,173.6900912977133,195.60561918258082,263.3846796728031,55.31815262720199,43.300588710495916,SUCCESS,SUCCESS,75.6929928712724,67.33737631587414,114.91409897655723,135.56748209433306,SUCCESS,SUCCESS
2150073,301,25,1,RTC,44-ft Double Deck,MF,107.65610152348432,116.03163074468088,154.82474394987068,69.42701582541119,62.54880426420733,SUCCESS,SUCCESS,81.04011992444336,74.94787270114396,65.49790711854143,69.93074598432253,SUCCESS,SUCCESS
2150074,301,26,1,RTC,44-ft Double Deck,MF,107.65610152348432,116.03163074468088,154.82474394987068,69.42701582541119,62.54880426420733,SUCCESS,SUCCESS,81.53544002821263,75.4714986568357,68.29151250380016,72.88399637442399,SUCCESS,SUCCESS
2150075,301,30,1,RTC,44-ft Double Deck,MF,74.63910663636983,76.2446365257309,100.54477608840449,76.4814474245158,72.17291204106304,SUCCESS,SUCCESS,81.84689629824354,77.76871700064687,30.261131647824413,31.56033997205276,SUCCESS,SUCCESS
2150080,301,22,3,RTC,44-ft Double Deck,SUN,423.99722270985467,499.2286490327937,675.9635347912315,1.484282086384095,-29.851690565821183,FAILURE,FAILURE,82.1351364700593,78.65294521687053,454.87081872392815,611.9661458143808,SUCCESS,SUCCESS
2150081,301,23,3,RTC,44-ft Double Deck,SUN,423.99722270985467,499.2286490327937,675.9635347912315,1.484282086384095,-29.851690565821183,FAILURE,FAILURE,82.13513647766213,78.93999796777041,454.87081876680816,613.585123329456,SUCCESS,SUCCESS
2150082,301,21,3,RTC,40-ft,SUN,556.0652022583126,658.3766259085937,893.0834062370966,-26.733444310034344,-68.34812167324408,FAILURE,FAILURE,74.39329386124962,66.27939031049057,570.3548032860415,759.2991675882624,SUCCESS,SUCCESS
2150083,321,16,1,STC,40-ft,MF,273.7768497749523,412.5168896887346,607.2656050606093,16.85870750199742,-17.67120657103002,FAILURE,FAILURE,41.10257726814996,7.895202077926065,136.73542548110032,144.19454478011235,SUCCESS,FAILURE
2150084,321,26,1,STC,40-ft,MF,293.36437716174424,442.75687559207233,652.6987307755347,11.497007873746044,-25.726725314811116,FAILURE,FAILURE,45.11846122923274,8.563152245102364,189.62499692494495,193.39490943791202,SUCCESS,FAILURE
2150085,502,20,1,STC,40-ft,MF,197.2940970878677,295.5918415060604,430.96637568353844,37.59009902374816,13.587522041925812,SUCCESS,FAILURE,67.33588886539336,52.68752233851656,167.7662547068789,220.52400167277182,SUCCESS,SUCCESS
2150086,801,52,1,STC,40-ft,MF,52.00198334896676,70.68124279970463,101.36608440788129,77.46786475182542,72.02728999860261,SUCCESS,SUCCESS,77.46786475182542,72.02728999860261,0.0,0.0,SUCCESS,SUCCESS
2150088,502,79,1,STC,40-ft,MF,67.59260699269302,99.66146728604745,146.28129681740995,72.32952707694194,64.06359985506917,SUCCESS,SUCCESS,72.32952707694194,64.06359985506916,0.0,0.0,SUCCESS,SUCCESS
2150089,320,13,2,STC,40-ft,SAT,380.394399527843,547.9514465232692,788.8577154509713,-7.1545117949058765,-49.868389264356615,FAILURE,FAILURE,74.48552980545496,54.96822151246384,460.4498346260351,591.2784847812675,SUCCESS,SUCCESS
2150090,320,25,2,STC,40-ft,SAT,355.02230783821653,504.437803132679,722.0100011654921,0.5606732034257144,-38.01595765345604,FAILURE,FAILURE,62.09429825838074,36.58710983973299,347.04964530994636,420.7613006615862,SUCCESS,SUCCESS
2150091,502,5,3,STC,40-ft,SUN,360.3576710633868,537.5922450377566,776.8106478112198,-5.317773942864639,-47.73238436369145,FAILURE,FAILURE,68.72973762332914,48.63256286467,417.62796523333293,543.4983023679582,SUCCESS,SUCCESS
2150092,320,27,3,STC,40-ft,SUN,223.5740977083549,334.15555548646097,491.60215606514316,30.752561083960828,2.836497151570365,SUCCESS,FAILURE,49.30839321034783,21.931017077841272,104.65489319282273,107.69309238416795,SUCCESS,SUCCESS
2150093,320,31,3,STC,40-ft,SUN,259.13273422463465,392.5449500905113,580.2328216482234,20.399831544235592,-12.878159866706277,SUCCESS,FAILURE,60.59485056613756,27.493926762693288,226.6999072835271,227.69856858981348,SUCCESS,FAILURE
2150094,320,21,3,STC,40-ft,SUN,272.19940379870775,407.94016610435517,599.3751954822181,17.67018331483065,-16.272197780535127,FAILURE,FAILURE,24.69730325558471,-9.494268282853373,39.632956465853,38.22752236692506,SUCCESS,FAILURE
2150095,320,40,3,STC,40-ft,SUN,207.91264638939114,306.9195024178525,450.62940813466565,35.58164850747296,10.101168770449357,SUCCESS,FAILURE,71.65513176706474,60.00929679335203,203.45444558409793,281.48184204917135,SUCCESS,SUCCESS
2150096,320,22,3,STC,40-ft,SUN,317.8413626871749,479.60289927431637,705.3189098287394,4.964024951362349,-35.056544295875774,FAILURE,FAILURE,13.89426123891338,-25.852701883407335,50.36653266178797,51.909671206321974,FAILURE,FAILURE
2150097,320,34,3,STC,40-ft,SUN,234.21858490013238,353.8628546394123,523.5408281850468,27.25835910648718,-2.826387976072132,SUCCESS,FAILURE,56.63202155907444,32.74289329320849,165.66745623259231,200.6107463587428,SUCCESS,SUCCESS
2150098,320,28,3,STC,40-ft,SUN,242.36334805708339,366.6846219245691,540.5462646692459,24.984996112665055,-5.841536288873391,SUCCESS,FAILURE,40.99180622471937,9.786843905772296,90.27840903198631,88.14406429780159,SUCCESS,FAILURE
2150099,503,10,1,STC,40-ft,MF,337.0546414249164,483.9440350951182,701.6783981297976,4.194320018596072,-34.41106349819107,FAILURE,FAILURE,67.60290564845513,52.03422328181829,357.62442295240504,487.55141743925265,SUCCESS,SUCCESS
2150100,801,54,1,STC,40-ft,MF,46.93293169171242,65.06612065838108,93.34051070910054,78.46345378397498,73.45026405867013,SUCCESS,SUCCESS,80.70347875801693,76.03019993120009,12.633740853596578,14.550838321068909,SUCCESS,SUCCESS
2150101,503,11,1,STC,40-ft,MF,340.34945286089527,489.25583007669707,706.9337276510427,3.252512397748751,-35.34285951259621,FAILURE,FAILURE,64.93005493561553,45.2590157897484,347.86133991356866,454.59457670522346,SUCCESS,SUCCESS
2150102,503,25,1,STC,40-ft,MF,144.7316081771945,204.59096574978372,295.61861967027914,53.725006072733386,37.58535112229093,SUCCESS,SUCCESS,73.32710614770353,62.8107935454842,110.55584442283157,142.27149526680995,SUCCESS,SUCCESS
2150106,801,30,1,STC,40-ft,MF,89.75293472352394,130.524739024638,190.44525161652513,66.8573157757734,56.233111415509725,SUCCESS,SUCCESS,77.3083021588961,69.07591903133023,58.94356320081192,72.43343495322756,SUCCESS,SUCCESS
2150108,801,2,1,STC,40-ft,MF,42.09833026377478,57.07718229528009,81.2167296260024,79.87993221714893,75.59987063368752,SUCCESS,SUCCESS,79.87993221714892,75.59987063368752,0.0,0.0,SUCCESS,SUCCESS
2150109,320,48,2,STC,40-ft,SAT,375.82600368211973,534.0290119550983,767.0721741216483,-4.6859950274996995,-46.00570463149793,FAILURE,FAILURE,66.17782362246588,42.26798521227903,399.67193718580575,497.86361071890195,SUCCESS,SUCCESS
2150110,502,21,3,STC,40-ft,SUN,126.29371982887886,175.86871397585617,249.66074933329477,58.817603904990044,45.73390969267823,SUCCESS,SUCCESS,72.39457209660361,63.79282014170586,76.57410060070055,101.85225493251579,SUCCESS,SUCCESS
2150111,502,25,3,STC,40-ft,SUN,126.23718166532848,175.4582004443003,249.74102545929733,58.890389992145344,45.71967633700402,SUCCESS,SUCCESS,72.11843172757297,63.37711300953702,74.60615538781178,99.587942833086,SUCCESS,SUCCESS
2150112,502,22,3,STC,40-ft,SUN,377.72549433382613,537.7467885340508,774.2395932384342,-5.3451752719948145,-47.27652362383584,FAILURE,FAILURE,69.8898383041428,54.37534808607939,424.32547656941614,573.3165564439217,SUCCESS,SUCCESS
2150113,502,23,3,STC,40-ft,SUN,343.90577745618174,494.94816378486377,713.2377550516393,2.24323337147806,-36.460594867311926,FAILURE,FAILURE,65.36068927152517,49.58373342315572,355.98245127626575,485.2900115582372,SUCCESS,SUCCESS
2150114,502,26,3,STC,40-ft,SUN,367.54435817873645,511.61193606730563,729.8148384248456,-0.7113361821463852,-39.399794046958434,FAILURE,FAILURE,65.76322869097885,51.60050314268394,374.9165458844263,513.2416761495829,SUCCESS,SUCCESS
2150115,502,24,3,STC,40-ft,SUN,339.1365499852484,482.3692429115405,690.1533730333813,4.47353849086162,-32.3676193321598,FAILURE,FAILURE,73.87576345891051,62.102778965564795,391.42854881979576,532.8130463991666,SUCCESS,SUCCESS
2150116,321,12,1,STC,40-ft,MF,319.3169910583219,467.9888810973865,681.3871011142412,7.023248032378279,-30.813315800397373,FAILURE,FAILURE,29.757097866215283,-8.432607137818456,128.21891306284076,126.22719685694507,SUCCESS,FAILURE
2150117,801,40,1,STC,40-ft,MF,111.59323150314323,159.7656216655863,230.11841988349195,61.672762116030796,49.198861722785125,SUCCESS,SUCCESS,67.82732926441133,56.77805709583017,34.7117587168662,42.74666190397403,SUCCESS,SUCCESS
2150118,321,15,1,STC,40-ft,MF,282.4028661088458,418.380368349346,608.1958156945764,15.81908362600249,-17.83613753449935,FAILURE,FAILURE,49.208517178895626,19.65366221160842,188.31640523831715,211.44247056804798,SUCCESS,FAILURE
2150119,502,59,1,STC,40-ft,MF,139.66007243638595,199.82340403697165,287.73982978775746,54.57031843316107,38.98229968302173,SUCCESS,SUCCESS,69.84010842088645,58.866433756112,86.12161553077112,112.1465161722291,SUCCESS,SUCCESS
2150120,502,58,1,STC,40-ft,MF,158.74472082779275,233.2379802591538,337.53969390164144,48.6457481810011,30.15253654226216,SUCCESS,SUCCESS,60.775701083578134,45.44844174790768,68.4129343705344,86.26890535984069,SUCCESS,SUCCESS
2150121,502,80,1,STC,40-ft,MF,82.50165106902841,118.60506641090237,170.64622663648166,68.97073290586837,59.74357683750326,SUCCESS,SUCCESS,72.51292019247812,64.52546791881214,19.9779362964789,26.96986569858211,SUCCESS,SUCCESS
2150122,321,28,1,STC,40-ft,MF,334.1644417634224,493.2391791623302,718.0906117557104,2.546244829374087,-37.32103045314013,FAILURE,FAILURE,35.711558369456455,-3.3097097176825234,187.0523683660645,191.82384894798088,SUCCESS,FAILURE
2150123,321,19,1,STC,40-ft,MF,325.58495492602526,481.27110061515225,702.981044779086,4.6682445717815195,-34.64202921614999,FAILURE,FAILURE,27.15834624910798,-9.048484938295081,126.84417346012111,144.34758972710165,SUCCESS,FAILURE
2150125,801,18,1,STC,40-ft,MF,72.61050146590831,100.00070344368292,142.05700074638864,72.26937882204204,64.81258852014385,SUCCESS,SUCCESS,74.41817263835374,67.20552654999216,12.119197123997992,13.496170488344376,SUCCESS,SUCCESS
2150127,321,25,1,STC,40-ft,MF,408.22618282471495,600.6033813362368,877.2368054006756,-16.489961229829213,-65.53844067387865,FAILURE,FAILURE,1.7668715801243358,-45.98220747994624,102.96853704813799,110.29715521377852,FAILURE,FAILURE
2150128,320,45,1,STC,40-ft,MF,180.5579034984787,262.26494974037786,379.16238176018834,43.49912238645783,22.77262734748434,SUCCESS,SUCCESS,56.45521021983409,38.52940794548941,73.07233538024207,88.8682425727485,SUCCESS,SUCCESS
2150129,321,22,1,STC,40-ft,MF,276.52335781230886,402.7744945203401,586.3819828521366,18.586082531854593,-13.968436675910745,FAILURE,FAILURE,38.861608449801025,6.554260505497113,114.35396617721796,115.74801210314024,SUCCESS,FAILURE
2150130,321,14,1,STC,40-ft,MF,342.22147191172894,500.4383007143392,729.243518674254,1.269804837883121,-39.298496218839354,FAILURE,FAILURE,22.644074124075132,-15.365338801991552,120.55087877412296,134.9830078310215,SUCCESS,FAILURE
2150131,320,12,1,STC,40-ft,MF,307.25711254370685,445.8779941584711,649.0255661360059,10.943618057008674,-25.07545498865352,FAILURE,FAILURE,25.12862052349323,-8.020940721747548,80.00341391097294,96.18746046534972,SUCCESS,FAILURE
2150133,321,8,1,STC,40-ft,MF,393.34086996152644,588.2969978997759,867.8797370963969,-14.307978351024087,-63.879386009999436,FAILURE,FAILURE,79.96523254318404,51.497840019628846,531.7009094433339,650.7275548071029,SUCCESS,FAILURE
2150134,321,31,1,STC,40-ft,MF,178.5450885709305,259.0563537313115,378.30527681775993,44.068022388065344,22.92459630890782,SUCCESS,SUCCESS,44.9815672503275,24.217058397666616,5.152393023158652,7.289486180599511,SUCCESS,SUCCESS
2150135,350,4,1,RTC,40-ft,MF,246.54884941630223,339.27030344174955,483.1688585628526,29.845690879122426,4.331762666160887,SUCCESS,FAILURE,29.84569087912241,4.331762666160897,0.0,0.0,SUCCESS,FAILURE
2150136,350,1,1,RTC,40-ft,MF,348.2862205742116,492.1298924616283,707.4093201722216,2.7429268685056267,-35.427184427698855,FAILURE,FAILURE,2.742926868505622,-35.42718442769884,0.0,0.0,FAILURE,FAILURE
2150137,350,3,1,RTC,40-ft,MF,114.98010102428323,140.61788331304695,192.82621682224752,65.06775118562997,55.810954464140515,SUCCESS,SUCCESS,65.06775118562997,55.810954464140515,0.0,0.0,SUCCESS,SUCCESS
2150138,350,2,1,RTC,40-ft,MF,488.86265103779726,702.7998636139073,1014.3453983011029,-34.60990489608285,-89.84847487608208,FAILURE,FAILURE,-34.60990489608288,-89.84847487608197,0.0,0.0,FAILURE,FAILURE
2150139,350,2,2,RTC,40-ft,SAT,424.7163508490362,606.6981089165151,873.0599771890497,-17.570586687325378,-64.79786829593081,FAILURE,FAILURE,-17.570586687325402,-64.7978682959307,0.0,0.0,FAILURE,FAILURE
2150140,350,1,2,RTC,40-ft,SAT,488.86265103779726,702.7998636139073,1014.3453983011029,-34.60990489608285,-89.84847487608208,FAILURE,FAILURE,-34.60990489608288,-89.84847487608197,0.0,0.0,FAILURE,FAILURE
2150141,350,11,3,RTC,40-ft,SUN,424.7163508490362,606.6981089165151,873.0599771890497,-17.570586687325378,-64.79786829593081,FAILURE,FAILURE,-17.570586687325402,-64.7978682959307,0.0,0.0,FAILURE,FAILURE
2150142,350,10,3,RTC,40-ft,SUN,488.86265103779726,702.7998636139073,1014.3453983011029,-34.60990489608285,-89.84847487608208,FAILURE,FAILURE,-34.60990489608288,-89.84847487608197,0.0,0.0,FAILURE,FAILURE
2150143,350,28,1,RTC,44-ft Double Deck,MF,775.8712539978126,849.4062487272188,1122.3287140973077,-60.603944809790555,-108.99445285413259,FAILURE,FAILURE,-5.650638733486964,-53.66857977523696,309.9366462703523,312.0379241649712,FAILURE,FAILURE
2150144,350,25,1,RTC,44-ft Double Deck,MF,775.8025707002383,849.1812613596655,1122.3287140973077,-60.56405343256481,-108.99445285413259,FAILURE,FAILURE,14.61215402000563,-33.28754347640467,423.9938100324972,426.98696889038524,FAILURE,FAILURE
2150145,350,42,1,RTC,44-ft Double Deck,MF,312.1020665511534,339.31493985498946,445.9318862596564,29.837776621455774,10.934062719919085,SUCCESS,FAILURE,48.37459719685234,31.703917346051707,104.54766804523666,117.14198009138792,SUCCESS,SUCCESS
2150146,350,41,1,RTC,,MF,312.1020665511534,339.31493985498946,445.9318862596564,29.837776621455774,10.934062719919085,SUCCESS,FAILURE,45.52493677322345,28.3775818328868,88.4755832559697,98.3814477971379,SUCCESS,SUCCESS
2150147,350,23,1,RTC,44-ft Double Deck,MF,680.6299453314857,741.7572008618085,977.6395360101529,-41.517234195356124,-83.34034326421151,FAILURE,FAILURE,2.05629579974554,-39.282046986502536,245.7547091723733,248.4887910062784,FAILURE,FAILURE
2150148,350,21,1,RTC,44-ft Double Deck,MF,680.6299453314857,741.7572008618085,977.6395360101529,-41.517234195356124,-83.34034326421151,FAILURE,FAILURE,10.121488688064712,-29.559353919950592,291.2423970624934,303.32477990163136,FAILURE,FAILURE
2150149,350,44,1,RTC,44-ft Double Deck,MF,157.0079124051846,167.9227394740524,219.10045702524658,60.226464632260225,51.15240123665842,SUCCESS,SUCCESS,63.99080608226985,55.77475437050193,21.2308857780543,26.070071674877454,SUCCESS,SUCCESS
2150150,350,43,1,RTC,44-ft Double Deck,MF,157.0079124051846,167.9227394740524,219.10045702524658,60.226464632260225,51.15240123665842,SUCCESS,SUCCESS,64.42587285156681,56.36975187998598,23.68466235688919,29.425857628367453,SUCCESS,SUCCESS
2150151,350,31,1,RTC,44-ft Double Deck,MF,155.47894834289158,164.09883321028533,215.00299715966855,60.904462196757926,51.87890121282472,SUCCESS,SUCCESS,62.12865373155848,53.43722248008931,6.904440256275109,8.788931947372191,SUCCESS,SUCCESS
2150152,350,34,1,RTC,44-ft Double Deck,MF,97.01770033039412,103.72961222341905,136.95820587799176,71.60822478308174,65.71663016347664,SUCCESS,SUCCESS,72.931274939798,67.0989697164497,7.462002883879791,7.796395078768114,SUCCESS,SUCCESS
2150153,350,33,1,RTC,44-ft Double Deck,MF,97.01770033039412,103.72961222341905,136.95820587799176,71.60822478308174,65.71663016347664,SUCCESS,SUCCESS,72.931274939798,67.0989697164497,7.462002883879791,7.796395078768114,SUCCESS,SUCCESS
2150154,350,32,1,RTC,44-ft Double Deck,MF,156.88623488108186,167.21137873213092,219.10045702524658,60.35259242338105,51.15240123665842,SUCCESS,SUCCESS,64.95019541122754,56.947018305249564,25.930480851454206,32.68164026685406,SUCCESS,SUCCESS
2150155,350,32,2,RTC,44-ft Double Deck,SAT,853.4399471552341,936.1114943056853,1235.7444287145127,-75.97721530242646,-129.10362211250225,FAILURE,FAILURE,-23.052059151408333,-75.1768032256384,298.4978806917423,304.14725852191185,FAILURE,FAILURE
2150156,350,35,2,RTC,44-ft Double Deck,SAT,854.9316060620441,939.1876411882693,1239.8418885800909,-76.52263141635979,-129.8301220886686,FAILURE,FAILURE,-15.37450467839993,-65.89932920943482,344.8754348020937,360.56967183887815,FAILURE,FAILURE
2150157,350,36,2,RTC,44-ft Double Deck,SAT,622.290374843091,682.0993406168636,899.5947447284761,-30.939599400153124,-69.50261431355959,FAILURE,FAILURE,15.881827705021287,-21.441610723089116,264.0728488731837,271.0640602502533,FAILURE,FAILURE
2150158,350,33,2,RTC,44-ft Double Deck,SAT,854.9316060620441,939.1876411882693,1239.8418885800909,-76.52263141635979,-129.8301220886686,FAILURE,FAILURE,-6.149550073461727,-56.796823309408815,396.9041787739451,411.907805115025,FAILURE,FAILURE
2150159,350,38,2,RTC,44-ft Double Deck,SAT,543.2516388632965,593.3270935438111,782.0815702456931,-15.199839280817566,-48.6669450790236,FAILURE,FAILURE,20.891393794174505,-11.528698735897022,203.55455454295526,209.4597093752337,SUCCESS,FAILURE
2150160,350,34,2,RTC,44-ft Double Deck,SAT,639.9002340678135,704.088686931067,930.8682081984261,-34.83841966862889,-75.04755464511102,FAILURE,FAILURE,6.541178629250009,-31.755223070516532,233.38093440003706,244.16875008071275,FAILURE,FAILURE
2150161,350,37,2,RTC,44-ft Double Deck,SAT,622.290374843091,682.0993406168636,899.5947447284761,-30.939599400153124,-69.50261431355959,FAILURE,FAILURE,8.356553563803413,-28.603729602140803,221.63030271671488,230.66970977240175,FAILURE,FAILURE
2150162,350,31,2,RTC,44-ft Double Deck,SAT,758.2830108575272,828.4260478010134,1091.0552506273577,-56.88405102854846,-103.44951252258114,FAILURE,FAILURE,-0.8771418026835556,-45.84288041010885,315.87896803387804,324.90140511434356,FAILURE,FAILURE
2150163,350,41,3,RTC,,SUN,853.4399471552341,936.1114943056853,1235.7444287145127,-75.97721530242646,-129.10362211250225,FAILURE,FAILURE,-4.693553070445793,-56.32677771275822,402.039854988371,410.461402414556,FAILURE,FAILURE
2150164,350,47,3,RTC,44-ft Double Deck,SUN,758.2830108575272,828.4260478010134,1091.0552506273577,-56.88405102854846,-103.44951252258114,FAILURE,FAILURE,0.07331222692990466,-45.23725335900974,321.23952876089794,328.3171416825425,FAILURE,FAILURE
2150165,350,45,3,RTC,44-ft Double Deck,SUN,622.290374843091,682.0993406168636,899.5947447284761,-30.939599400153124,-69.50261431355959,FAILURE,FAILURE,26.606465986239552,-9.266833454859496,324.5598087792547,339.72980404306827,SUCCESS,FAILURE
2150166,350,42,3,RTC,44-ft Double Deck,SUN,854.9316060620441,939.1876411882693,1239.8418885800909,-76.52263141635979,-129.8301220886686,FAILURE,FAILURE,8.536669733564763,-40.996034474808944,479.7344584855745,501.02425414216816,FAILURE,FAILURE
2150167,350,44,3,RTC,44-ft Double Deck,SUN,622.290374843091,682.0993406168636,899.5947447284761,-30.939599400153124,-69.50261431355959,FAILURE,FAILURE,27.310937027045373,-7.292183666143323,328.53302544939953,350.86682885142744,SUCCESS,FAILURE
2150168,350,40,3,RTC,44-ft Double Deck,SUN,775.8928700822497,850.4153941152167,1122.3287140973077,-60.78287129702423,-108.99445285413259,FAILURE,FAILURE,10.763196624301402,-34.91686903943933,403.5198230762766,417.79757271486983,FAILURE,FAILURE
2150169,350,43,3,RTC,44-ft Double Deck,SUN,639.9002340678135,704.088686931067,930.8682081984261,-34.83841966862889,-75.04755464511102,FAILURE,FAILURE,20.33572695288267,-16.881822586188342,311.18218694532527,328.0547288123236,SUCCESS,FAILURE
2150170,350,46,3,RTC,44-ft Double Deck,SUN,622.290374843091,682.0993406168636,899.5947447284761,-30.939599400153124,-69.50261431355959,FAILURE,FAILURE,22.40055319608547,-13.442314339223287,300.8384606427858,316.1800918552565,SUCCESS,FAILURE
2150171,601,7,1,RTC,40-ft,MF,205.07287856256744,227.28115785619977,301.5197449773868,49.70192236592202,36.53905230897398,SUCCESS,SUCCESS,55.118878563243335,43.2592582391579,30.551632952892078,37.90196144623735,SUCCESS,SUCCESS
2150172,601,22,1,RTC,40-ft,MF,165.1263646290096,173.49558343760805,221.29120564863405,59.238371730920555,50.763970629674816,SUCCESS,SUCCESS,61.504664149785896,53.6883729601677,12.781889242400325,16.49362914397983,SUCCESS,SUCCESS
2150173,601,16,1,RTC,,MF,163.0835789777345,166.5538043731965,213.26086815635892,60.46918362177367,52.18778933397892,SUCCESS,SUCCESS,62.560085167788934,54.875519672399975,11.792684719525937,15.15879910869478,SUCCESS,SUCCESS
2150174,601,29,1,RTC,40-ft,MF,82.3160427448895,83.86320639160562,107.66692698805264,75.13063716460894,70.91011932835947,SUCCESS,SUCCESS,75.13063716460894,70.91011932835947,0.0,0.0,SUCCESS,SUCCESS
2150175,601,25,1,RTC,40-ft,MF,138.11567257582948,146.6702137736394,191.8502671395957,63.994642947936285,55.983995188014944,SUCCESS,SUCCESS,66.08554449395153,58.67172552643601,11.792684719525937,15.15879910869478,SUCCESS,SUCCESS
2150176,601,21,1,RTC,40-ft,MF,82.3160427448895,83.86320639160562,107.66692698805264,75.13063716460894,70.91011932835947,SUCCESS,SUCCESS,75.13063716460894,70.91011932835947,0.0,0.0,SUCCESS,SUCCESS
2150177,601,15,1,RTC,40-ft,MF,140.1584582271046,153.61199283805092,199.88060463187082,62.76383105708317,54.560176483710855,SUCCESS,SUCCESS,65.03012347594849,57.48457881420372,12.781889242400325,16.49362914397983,SUCCESS,SUCCESS
2150178,601,13,1,RTC,40-ft,MF,129.98350117253432,134.8247090919743,174.62446071274175,66.09490973546555,59.03821618568409,SUCCESS,SUCCESS,68.1858112814808,61.725946524105154,11.792684719525937,15.15879910869478,SUCCESS,SUCCESS
2150179,601,9,1,RTC,40-ft,MF,195.15445046905515,212.4587538720323,281.5505673638674,52.33000817871769,40.07968663761217,SUCCESS,SUCCESS,57.5173340323096,46.20799082164697,29.256517814258302,34.563635597956306,SUCCESS,SUCCESS
2150180,601,5,1,RTC,,MF,501.44406936741177,586.1038942016763,788.4044771339187,-13.919130177602183,-49.78802786062388,FAILURE,FAILURE,39.82142252764496,6.218963785076744,303.09671725759375,315.87943288175137,SUCCESS,FAILURE
2150181,601,3,1,RTC,40-ft,MF,341.9507765265983,399.07747562699996,538.5438815717628,19.24158233563831,-5.486503824780629,FAILURE,FAILURE,58.91641543731409,38.35542347586326,223.76605869345138,247.26846997563138,SUCCESS,SUCCESS
2150182,601,52,1,RTC,40-ft,MF,165.20829024343698,174.37907071659106,225.62063100054334,59.08172505024981,49.99634202118027,SUCCESS,SUCCESS,62.928148117232915,54.63554234610706,21.693826097784665,26.165089832587114,SUCCESS,SUCCESS
2150183,601,48,1,RTC,40-ft,MF,163.01062475922853,169.7307499929575,219.0759884196824,59.905895391319596,51.15673964190029,SUCCESS,SUCCESS,63.6153220585238,55.699403147300664,20.921166403031748,25.62062217045809,SUCCESS,SUCCESS
2150184,601,40,1,RTC,40-ft,MF,140.11751827639915,155.28656621962892,206.11408847473294,62.466920883044516,53.454948851997706,SUCCESS,SUCCESS,68.61745486555724,61.17057198255219,34.689011661371694,43.51611445632727,SUCCESS,SUCCESS
2150185,601,31,1,RTC,40-ft,MF,279.12709077937274,309.4254391982272,408.63074208613557,35.13733347549163,17.547740764869584,SUCCESS,FAILURE,46.35295951529147,30.2560295436745,63.256130864471004,71.67474871245975,SUCCESS,SUCCESS
2150186,601,42,1,RTC,40-ft,MF,163.01062475922853,169.7307499929575,219.0759884196824,59.905895391319596,51.15673964190029,SUCCESS,SUCCESS,63.6153220585238,55.699403147300664,20.921166403031748,25.62062217045809,SUCCESS,SUCCESS
2150187,601,34,1,RTC,40-ft,MF,143.7226975501865,162.48640694132914,216.85401214796147,61.190353379196964,51.550707065964275,SUCCESS,SUCCESS,66.58774237988997,58.6709372373408,30.441273963908486,40.158098166563605,SUCCESS,SUCCESS
2150188,601,46,1,RTC,40-ft,MF,111.38574183237141,124.23132260437144,165.57474795461704,67.97316975099797,60.642775185351596,SUCCESS,SUCCESS,71.23139105678658,64.43196559868302,18.37636816464783,21.37103393118923,SUCCESS,SUCCESS
2150189,601,37,1,RTC,40-ft,MF,124.38122632640234,133.2523998775427,174.06904716865577,66.3736879649747,59.136693764422745,SUCCESS,SUCCESS,72.04404591616361,66.24938310965248,31.980818844705425,40.11556790709574,SUCCESS,SUCCESS
2150190,601,28,1,RTC,40-ft,MF,84.35882839616463,90.80498545601716,115.69726448032777,73.89982527375582,69.48630062405536,SUCCESS,SUCCESS,73.89982527375584,69.48630062405536,0.0,0.0,SUCCESS,SUCCESS
2150191,601,2,1,RTC,,MF,763.9073022191242,911.7826311152158,1235.609672215577,-71.66358707716593,-129.07972911623705,FAILURE,FAILURE,5.14492563536978,-52.37726487206336,433.20001169870125,432.6018983371396,FAILURE,FAILURE
2150192,601,18,1,RTC,40-ft,MF,177.2617507974036,199.52805066203794,261.4710456634018,54.62268605283016,43.639885520673445,SUCCESS,SUCCESS,62.10160617691292,52.47295352246078,42.18110949982673,49.81850353008048,SUCCESS,SUCCESS
2150193,601,14,1,RTC,40-ft,MF,138.66684467993005,151.10286238953927,196.0485928987073,63.20871234228027,55.23961118817247,SUCCESS,SUCCESS,65.4750047611456,58.16401351866536,12.781889242400325,16.49362914397983,SUCCESS,SUCCESS
2150194,601,10,1,RTC,40-ft,MF,145.26405985506554,167.2375390586797,221.23827568376845,60.34795406761,50.773355375218365,SUCCESS,SUCCESS,61.760722186552805,52.5811882628758,7.968012190837442,10.19617748638791,SUCCESS,SUCCESS
2150195,601,6,1,RTC,40-ft,MF,496.5590230881804,577.7750118752313,775.8517203598246,-12.442377992062276,-47.562361765926354,FAILURE,FAILURE,29.433782421829193,-5.8011043805699956,236.18154473434805,235.5334916534099,SUCCESS,FAILURE
2150196,601,38,1,RTC,40-ft,MF,85.64144736223423,91.68074337114987,119.5685801333536,73.74454904766846,68.7998971394763,SUCCESS,SUCCESS,75.07439375851779,70.18765270607449,7.500324169190151,7.826941395613744,SUCCESS,SUCCESS
2150197,601,53,1,RTC,40-ft,MF,85.64144736223423,91.68074337114987,119.5685801333536,73.74454904766846,68.7998971394763,SUCCESS,SUCCESS,75.07439375851779,70.18765270607449,7.500324169190151,7.826941395613744,SUCCESS,SUCCESS
2150198,601,39,1,RTC,40-ft,MF,146.56626620293684,167.8176507237573,224.86585142086975,60.245097389404734,50.13016818778906,SUCCESS,SUCCESS,64.91068271232831,56.244816952543964,26.313901221288916,34.48661903321772,SUCCESS,SUCCESS
2150199,601,41,1,RTC,40-ft,MF,137.21503367198898,147.89535156731432,192.84239892313755,63.77741993487335,55.80808529731603,SUCCESS,SUCCESS,66.9942872150482,59.36931488028922,18.14313146018617,20.08533484796874,SUCCESS,SUCCESS
2150200,601,4,1,RTC,40-ft,MF,422.6951873485778,515.7958251610137,712.2924590337777,-1.4531604895414287,-36.29298919038612,FAILURE,FAILURE,28.31552944368953,-6.586951718776213,167.89541122342266,167.54205133987972,SUCCESS,FAILURE
2150203,360,4,1,XHT,28-ft Shuttle,MF,344.60043831077024,503.88377041455135,735.4666300338026,0.6589059548667859,-40.40188475776642,FAILURE,FAILURE,10.06307934230262,-27.994193668344913,53.03953790513805,69.9793777443374,FAILURE,FAILURE
2150204,360,8,1,XHT,28-ft Shuttle,MF,351.0423116389283,508.5340402902889,740.4481572488976,-0.16560998054767068,-41.28513426398893,FAILURE,FAILURE,-0.16560998054770157,-41.28513426398894,0.0,0.0,FAILURE,FAILURE
2150205,360,6,1,XHT,28-ft Shuttle,MF,367.4499372954554,530.2316737299496,771.0999817773187,-4.0127081081470966,-46.7198549250565,FAILURE,FAILURE,-4.0127081081471205,-46.71985492505654,0.0,0.0,FAILURE,FAILURE
2150206,360,3,1,XHT,28-ft Shuttle,MF,367.4499372954554,530.2316737299496,771.0999817773187,-4.0127081081470966,-46.7198549250565,FAILURE,FAILURE,-4.0127081081471205,-46.71985492505654,0.0,0.0,FAILURE,FAILURE
2150207,360,2,2,XHT,28-ft Shuttle,SAT,395.83316721448557,596.6999054451614,870.0189921600385,-15.797855575383233,-64.2586865531983,FAILURE,FAILURE,-15.797855575383265,-64.25868655319834,0.0,0.0,FAILURE,FAILURE
2150208,360,5,2,XHT,28-ft Shuttle,SAT,367.0246398195051,536.7874935355856,780.5823580114132,-5.175087506309492,-48.401127306988165,FAILURE,FAILURE,-5.175087506309465,-48.40112730698818,0.0,0.0,FAILURE,FAILURE
2150209,360,1,2,XHT,28-ft Shuttle,SAT,360.4856152083522,551.5828865403364,802.1998760727921,-7.798384138357514,-52.234020580282284,FAILURE,FAILURE,-7.798384138357582,-52.23402058028237,0.0,0.0,FAILURE,FAILURE
2150211,360,3,2,XHT,28-ft Shuttle,SAT,326.20590569742274,483.86440125728313,702.2564662650759,4.20843949338952,-34.51355784841771,FAILURE,FAILURE,4.208439493389548,-34.51355784841773,0.0,0.0,FAILURE,FAILURE
2150212,360,5,3,XHT,28-ft Shuttle,SUN,278.46779597669274,402.90826961280186,583.8724934761722,18.56236354382946,-13.523491751094351,FAILURE,FAILURE,18.5623635438295,-13.523491751094358,0.0,0.0,FAILURE,FAILURE
2150213,360,6,3,XHT,28-ft Shuttle,SUN,298.7431783623236,425.51454207525546,615.0087969452865,14.554159206514994,-19.044112933561426,FAILURE,FAILURE,14.554159206515024,-19.044112933561454,0.0,0.0,FAILURE,FAILURE
2150214,360,4,3,XHT,28-ft Shuttle,SUN,309.45677254318485,475.00134361523766,693.2157122443081,5.779903614319569,-32.91058727735958,FAILURE,FAILURE,5.779903614319515,-32.91058727735961,0.0,0.0,FAILURE,FAILURE
2150216,360,7,1,XHT,28-ft Shuttle,MF,368.136219391529,552.1668273236527,796.5402842196482,-7.901919738236288,-51.23054684745536,FAILURE,FAILURE,-7.901919738236292,-51.23054684745539,0.0,0.0,FAILURE,FAILURE
2150217,360,5,1,XHT,28-ft Shuttle,MF,368.136219391529,552.1668273236527,796.5402842196482,-7.901919738236288,-51.23054684745536,FAILURE,FAILURE,-7.901919738236292,-51.23054684745539,0.0,0.0,FAILURE,FAILURE
2150218,360,2,1,XHT,28-ft Shuttle,MF,296.1390906969883,437.28575632502,628.144663063499,12.467064481379442,-21.37316720984025,FAILURE,FAILURE,12.467064481379438,-21.373167209840275,0.0,0.0,FAILURE,FAILURE
2150219,360,4,2,XHT,28-ft Shuttle,SAT,344.13717649334876,513.8731369907752,740.4084105009318,-1.112258331697718,-41.27808696825032,FAILURE,FAILURE,-1.1122583316977153,-41.278086968250356,0.0,0.0,FAILURE,FAILURE
2150220,360,6,2,XHT,28-ft Shuttle,SAT,248.14100490062788,360.6983756592648,515.8809156260663,26.0463872944566,-1.4682474514301955,SUCCESS,FAILURE,26.04638729445659,-1.468247451430189,0.0,0.0,SUCCESS,FAILURE
2150221,360,3,3,XHT,28-ft Shuttle,SUN,320.13813359516854,475.57944665789756,684.2765367822154,5.6774030748408615,-31.325627089045284,FAILURE,FAILURE,5.6774030748408615,-31.325627089045316,0.0,0.0,FAILURE,FAILURE
2150222,360,1,3,XHT,28-ft Shuttle,SUN,320.13813359516854,475.57944665789756,684.2765367822154,5.6774030748408615,-31.325627089045284,FAILURE,FAILURE,5.6774030748408615,-31.325627089045316,0.0,0.0,FAILURE,FAILURE
2150223,360,2,3,XHT,28-ft Shuttle,SUN,296.1390906969883,437.28575632502,628.144663063499,12.467064481379442,-21.37316720984025,FAILURE,FAILURE,12.467064481379438,-21.373167209840275,0.0,0.0,FAILURE,FAILURE
2150224,502,17,1,STC,40-ft,MF,354.6904331529241,521.9403143603021,753.1734547308766,-2.542608929131568,-43.541392682779545,FAILURE,FAILURE,64.33153558083453,46.048843817002975,377.1701750362088,505.2889338587731,SUCCESS,SUCCESS
2150226,502,76,1,STC,40-ft,MF,81.4178862487468,107.91143490930966,153.2756994138735,70.86676686005148,62.82345755073165,SUCCESS,SUCCESS,77.77104609873392,70.40460709500243,38.940134906168964,42.75768342968723,SUCCESS,SUCCESS
2150228,502,1,1,STC,40-ft,MF,283.3523888163291,424.52090737101213,614.3077807893694,14.730335572515585,-18.919819288895283,FAILURE,FAILURE,70.15619199174117,55.21510143178533,312.60183020443236,418.1209528646385,SUCCESS,SUCCESS
2150229,320,45,2,STC,40-ft,SAT,215.46376293812844,314.63494222016925,461.64843072855865,34.213662726920354,8.14744136018464,SUCCESS,FAILURE,66.64312717733209,51.61858418283551,182.90217950032212,245.17724551975095,SUCCESS,SUCCESS
2150230,320,47,2,STC,40-ft,SAT,253.2000104480779,365.44008003680005,534.4335753684112,25.205659567943258,-4.757726129150917,SUCCESS,FAILURE,73.55635731246633,62.47392889553433,272.69793527911014,379.1865343392248,SUCCESS,SUCCESS
2150231,502,3,2,STC,40-ft,SAT,317.0972612798704,481.52839732294007,699.9437755408745,4.622624588131198,-34.103506301573496,FAILURE,FAILURE,69.56439968505731,56.72825182733621,366.2716115466633,512.2911158470504,SUCCESS,SUCCESS
2150232,320,53,2,STC,40-ft,SAT,222.27621819000677,330.5089172022175,488.52363087734835,31.399128155635196,3.382334950824764,SUCCESS,FAILURE,65.54771788691565,48.15643022312666,192.59804608442164,252.52589733578276,SUCCESS,SUCCESS
2150233,502,17,2,STC,40-ft,SAT,155.64708642827713,228.03614024862276,327.8190044944967,49.5680602396059,31.876063032890656,SUCCESS,SUCCESS,72.49822576920447,63.58978536153901,129.326133586936,178.86539393357657,SUCCESS,SUCCESS
2150234,320,38,2,STC,40-ft,SAT,222.27621819000677,330.5089172022175,488.52363087734835,31.399128155635196,3.382334950824764,SUCCESS,FAILURE,73.84044515213952,61.40759091809307,239.36902786028435,327.26244365539316,SUCCESS,SUCCESS
2150235,502,44,3,STC,40-ft,SUN,258.40929398796123,379.01710350204183,556.9378997171931,22.798385903893294,-8.747854559786004,SUCCESS,FAILURE,58.595048325317514,39.01105984876126,201.89317605683254,269.3602772642066,SUCCESS,SUCCESS
2150236,502,46,3,STC,40-ft,SUN,272.81188751328153,402.12814242318893,592.5378437830135,18.700683967519698,-15.059901379966927,FAILURE,FAILURE,64.32930075720546,44.41695796789066,257.34539869382763,335.4494867219168,SUCCESS,SUCCESS
2150237,502,40,3,STC,40-ft,SUN,136.38515609034124,201.7445946384723,297.94469290007953,54.22968180168931,37.17292679076604,SUCCESS,SUCCESS,75.14985194721375,66.09524314305011,117.98975962075775,163.12186422688217,SUCCESS,SUCCESS
2150238,502,41,3,STC,40-ft,SUN,215.46376293812844,314.63494222016925,461.64843072855865,34.213662726920354,8.14744136018464,SUCCESS,FAILURE,57.73392702019792,36.945050510512026,132.65429061408543,162.41851560784653,SUCCESS,SUCCESS
2150239,502,47,3,STC,40-ft,SUN,215.46376293812844,314.63494222016925,461.64843072855865,34.213662726920354,8.14744136018464,SUCCESS,FAILURE,64.61508774288907,50.02211629718545,171.46403709006358,236.17316664468456,SUCCESS,SUCCESS
2150240,502,55,3,STC,40-ft,SUN,136.38515609034124,201.7445946384723,297.94469290007953,54.22968180168931,37.17292679076604,SUCCESS,SUCCESS,66.91614623480017,53.398774556127016,71.5516594027452,91.51378139663592,SUCCESS,SUCCESS
2150241,502,45,3,STC,40-ft,SUN,215.46376293812844,314.63494222016925,461.64843072855865,34.213662726920354,8.14744136018464,SUCCESS,FAILURE,59.268821591297325,40.218955164464674,141.31109599508608,180.88333785613935,SUCCESS,SUCCESS
2150266,338,10,1,XHT,28-ft Shuttle,MF,229.51028139705616,341.6233943966456,502.9326023832538,29.42847617080752,0.8275527689266312,SUCCESS,FAILURE,79.89384431112202,72.09646350641785,284.6246763113738,401.9566565594506,SUCCESS,SUCCESS
2150267,338,7,1,XHT,28-ft Shuttle,MF,219.867223297351,329.77361969752724,486.6010981401885,31.529500053629928,3.7232095496119673,SUCCESS,FAILURE,74.49987224453945,65.4699902420345,242.35289915672962,348.2518431052632,SUCCESS,SUCCESS
2150268,338,9,1,XHT,28-ft Shuttle,MF,191.5238129361622,283.8930111004785,415.6011691373963,39.664359733957724,16.311849443724064,SUCCESS,FAILURE,79.62804905446949,73.12534043413135,225.39520776768632,320.4280891858972,SUCCESS,SUCCESS
2150269,338,8,1,XHT,28-ft Shuttle,MF,344.81042473237886,538.9808527400402,797.4967825124488,-5.563980982276623,-51.400138743341984,FAILURE,FAILURE,70.67004743773388,41.58516020777962,429.9599202888591,524.4370860843259,SUCCESS,SUCCESS
2150270,338,6,2,XHT,28-ft Shuttle,SAT,200.48424348276504,295.99783028876,436.0353715569212,37.51811519702837,12.688763908347314,SUCCESS,FAILURE,78.20961661052227,68.81016973728231,229.50006797210563,316.5247288751935,SUCCESS,SUCCESS
2150271,338,1,2,XHT,28-ft Shuttle,SAT,324.61801595043937,485.8786393237407,717.2797837422394,3.851305084443145,-37.177266620964424,FAILURE,FAILURE,82.46077652223656,73.14412519932365,443.35741890915483,622.2126498664252,SUCCESS,SUCCESS
2150272,338,8,3,XHT,28-ft Shuttle,SUN,193.07111406859403,292.6400660552862,431.3990232951005,38.11346346537479,13.510811472499915,SUCCESS,FAILURE,68.8882600127291,54.19495099540711,173.56985252707824,229.45854690919668,SUCCESS,SUCCESS
2150273,338,1,3,XHT,28-ft Shuttle,SUN,298.20368854600054,444.87102552439814,656.8357104544475,11.122158594964873,-26.460232350079345,FAILURE,FAILURE,79.48416970652067,70.75911159731602,385.56174266917475,548.3170998633102,SUCCESS,SUCCESS
2150276,338,15,1,XHT,28-ft Shuttle,MF,128.6275059626748,194.36042987257153,285.92170881549526,55.538930873657534,39.3046615575363,SUCCESS,SUCCESS,70.32258380565699,58.8932502071025,83.37980253647692,110.47963998355334,SUCCESS,SUCCESS
2150277,338,3,1,XHT,28-ft Shuttle,MF,270.54066619705065,421.5056759849894,619.9823074730256,15.264951066491244,-19.925941041316587,FAILURE,FAILURE,56.9938776024536,25.052690639330528,235.3511456628276,253.67948267884958,SUCCESS,SUCCESS
2150278,338,14,1,XHT,28-ft Shuttle,MF,73.02905335905086,101.76814730331759,145.45834474260758,71.95600225118483,64.2095133435093,SUCCESS,SUCCESS,78.60142480133152,71.60841193289143,37.48018318282732,41.72978804411514,SUCCESS,SUCCESS
2150279,338,5,1,XHT,28-ft Shuttle,MF,329.95017557924984,522.9549284799741,773.8487854661652,-2.7225050496407963,-47.20723146563211,FAILURE,FAILURE,40.31344548387153,-1.7880769664584362,242.72276100900945,256.1640313753395,SUCCESS,FAILURE
2150280,338,6,1,XHT,28-ft Shuttle,MF,309.1498560205642,488.31659870725946,721.9227036109131,3.419042782400809,-38.000479363637076,FAILURE,FAILURE,52.104154460150255,15.221097698944849,274.5840298625067,300.1696946329619,SUCCESS,FAILURE
2150281,338,13,1,XHT,28-ft Shuttle,MF,128.6275059626748,194.36042987257153,285.92170881549526,55.538930873657534,39.3046615575363,SUCCESS,SUCCESS,70.28450367473759,58.31939207076241,83.16503059809145,107.24308009459526,SUCCESS,SUCCESS
2150282,338,1,1,XHT,28-ft Shuttle,MF,280.9274217677304,442.39677011914466,653.5685693291877,11.560856361853787,-25.88095200872121,FAILURE,FAILURE,44.61425395184784,11.814417677520034,186.42116240756638,212.60188503040055,SUCCESS,FAILURE
2150283,338,2,1,XHT,28-ft Shuttle,MF,111.59281625072732,166.87779859045582,243.44376363883512,60.41173783857167,46.83621212077392,SUCCESS,SUCCESS,69.34814650614885,59.07575489950842,50.401344885135245,69.03102127206256,SUCCESS,SUCCESS
2150284,338,4,1,XHT,28-ft Shuttle,MF,83.37038199789349,120.957970002341,175.08962935710971,68.55355141802465,58.95573947568976,SUCCESS,SUCCESS,74.11546051678924,65.24278991854837,31.369167317032293,35.45896449772255,SUCCESS,SUCCESS
2150291,338,6,3,XHT,28-ft Shuttle,SUN,309.1952829524013,490.0178701423913,725.877680852573,3.117398910923532,-38.701716463222155,FAILURE,FAILURE,57.18736680914201,28.97116259083757,304.9546189459521,381.6750378648968,SUCCESS,SUCCESS
2150292,338,5,3,XHT,28-ft Shuttle,SUN,309.1952829524013,490.0178701423913,725.877680852573,3.117398910923532,-38.701716463222155,FAILURE,FAILURE,59.04681966513573,31.644673257825396,315.44193305375666,396.7536380267082,SUCCESS,SUCCESS
2150293,338,7,3,XHT,28-ft Shuttle,SUN,280.9728486995675,444.0980415542765,657.5235465708475,11.25921249037651,-26.5821891083063,FAILURE,FAILURE,63.29714640415236,38.66913912996026,293.49394727369565,368.0174912638234,SUCCESS,SUCCESS
2150294,338,9,3,XHT,28-ft Shuttle,SUN,168.08311168823212,260.4187272018173,384.10700944394597,43.82646680818843,21.895920311357102,SUCCESS,SUCCESS,67.14729638095346,54.14924581836982,131.5294787903947,181.90875585955172,SUCCESS,SUCCESS
2150295,338,4,3,XHT,28-ft Shuttle,SUN,280.9728486995675,444.0980415542765,657.5235465708475,11.25921249037651,-26.5821891083063,FAILURE,FAILURE,58.32812975683886,36.068605458805564,265.46869338284756,353.35048135851093,SUCCESS,SUCCESS
2150296,320,38,3,STC,40-ft,SUN,201.33828793538663,303.5772754945089,446.44196515059707,36.17424193359772,10.84362320024875,SUCCESS,FAILURE,36.17424193359772,10.843623200248745,0.0,0.0,SUCCESS,FAILURE
2150297,320,43,3,STC,40-ft,SUN,158.44596576339427,240.1330046183054,353.76958326241186,47.42322613150614,27.274896584678753,SUCCESS,SUCCESS,47.423226131506155,27.274896584678753,0.0,0.0,SUCCESS,SUCCESS
2150298,320,39,3,STC,40-ft,SUN,185.9629437947769,276.0240155119984,403.72632386508866,41.05957171773078,18.417318463636768,SUCCESS,FAILURE,41.05957171773079,18.417318463636757,0.0,0.0,SUCCESS,FAILURE
2150300,410,2,1,HTC,40-ft,MF,327.3598207605157,452.74980968694166,661.5708231761987,9.725211048414604,-27.299791343297635,FAILURE,FAILURE,38.52673568606178,4.275354651349953,162.44059895633,178.0838234098125,SUCCESS,FAILURE
2150302,410,21,1,HTC,40-ft,MF,74.83715237964847,94.60463696968486,134.55424277342928,73.2261281968644,66.14286475648417,SUCCESS,SUCCESS,76.77349408330217,70.11062204792718,20.007143599509106,22.378151123738576,SUCCESS,SUCCESS
2150306,410,14,1,HTC,40-ft,MF,90.22624890247018,127.87580348413296,188.2610195624447,67.32698519784877,56.62038660240343,SUCCESS,SUCCESS,70.9111345582492,61.03817035826421,20.214602392658435,24.916300383054818,SUCCESS,SUCCESS
2150307,388,6,1,HTC,40-ft,MF,232.5023639905466,299.54702455044605,427.69837597998304,36.88882543431808,14.16695461347819,SUCCESS,FAILURE,64.58044713679448,48.77532518547096,156.18074640196693,195.19121002603924,SUCCESS,SUCCESS
2150308,388,5,1,HTC,40-ft,MF,209.74876631371725,268.8674447075358,383.3955679503202,42.328467250436915,22.022062420156,SUCCESS,SUCCESS,63.19505334128386,47.488006941920005,117.68754555237683,143.62792710274897,SUCCESS,SUCCESS
2150310,503,13,1,STC,40-ft,MF,338.92442945620235,461.9407269770142,649.8220226658544,8.095615784217342,-25.216670685435176,FAILURE,FAILURE,46.65893240622992,22.672049896052187,217.4971057481509,270.09238407958867,SUCCESS,SUCCESS
2150311,350,64,1,RTC,40-ft,MF,144.35191604346252,174.72364487166712,237.66729973290836,59.020630341902994,47.86040784877512,SUCCESS,SUCCESS,64.25690202108225,53.95477864429132,29.532572270570995,34.37225128671139,SUCCESS,SUCCESS
2150312,350,63,1,RTC,40-ft,MF,144.35191604346252,174.72364487166712,237.66729973290836,59.020630341902994,47.86040784877512,SUCCESS,SUCCESS,63.40607471795667,52.95428965550942,24.733906280942733,28.729493389981485,SUCCESS,SUCCESS
2150313,350,61,1,RTC,40-ft,MF,144.35191604346252,174.72364487166712,237.66729973290836,59.020630341902994,47.86040784877512,SUCCESS,SUCCESS,64.5684154514412,54.387239016566966,31.28950801779547,36.811327786346055,SUCCESS,SUCCESS
2150314,350,62,1,RTC,40-ft,MF,146.74131000433118,180.21584872437313,247.63268508472487,58.046835332557954,46.09349555235375,SUCCESS,SUCCESS,61.608366609908394,50.455576411930316,20.08703640425648,24.6021360480118,SUCCESS,SUCCESS
2150315,503,7,1,STC,40-ft,MF,434.0027647884862,583.9150561885702,823.5985174440185,-13.531038331306778,-56.02810592979052,FAILURE,FAILURE,55.698889330030546,21.857556262080674,390.4567920099427,439.27513476215336,SUCCESS,SUCCESS
2150316,801,41,1,STC,40-ft,MF,73.03144102872753,94.1735336678184,131.54472466976543,73.30256495251447,66.6764672571338,SUCCESS,SUCCESS,76.07718873961612,69.66397828271329,15.648878159253343,16.849562184268393,SUCCESS,SUCCESS
2150319,801,49,1,STC,40-ft,MF,52.015149530361896,74.855350839166,108.73708130000156,76.72777467390674,70.7203756560281,SUCCESS,SUCCESS,79.28991462575841,73.67414233375847,14.450469328443432,16.659244062399296,SUCCESS,SUCCESS
2150320,401,25,1,RTC,40-ft,MF,181.39728624721522,272.9170348229049,417.9378700637981,41.61045481863388,15.897540768830131,SUCCESS,FAILURE,68.66194169709246,50.17015694764844,152.57038599450607,193.29755524853516,SUCCESS,SUCCESS
2150321,401,1,1,RTC,40-ft,MF,441.7475870961252,664.5585118544504,1005.8395515500623,-27.829523378448656,-88.3403460195146,FAILURE,FAILURE,52.10185010080778,-0.21436772440414065,450.8129464230064,497.03051758442257,SUCCESS,FAILURE
2150323,401,3,1,RTC,40-ft,MF,399.35955582261226,623.9307985825177,966.4010277295216,-20.626028117467673,-81.34769995204284,FAILURE,FAILURE,-2.206145838393656,-61.98070481174798,103.88813605397738,109.22985259126256,FAILURE,FAILURE
2150324,401,4,1,RTC,40-ft,MF,436.06415281506565,675.6065418730051,1045.2773640572204,-29.788393949114372,-95.33286596759227,FAILURE,FAILURE,1.5488906458422758,-63.9955813726355,176.74228511555543,176.7422851155554,FAILURE,FAILURE
2150326,401,12,1,RTC,40-ft,MF,213.03378297877128,324.3077086563641,503.60929017862645,32.49863321695672,0.7075726633641083,SUCCESS,FAILURE,74.17605634010027,60.37078077315003,235.0606664145294,336.5004937391926,SUCCESS,SUCCESS
2150327,403,31,1,RTC,40-ft,MF,76.59428505360019,111.32646402418584,166.4248264893031,70.26126524393868,60.49205204090371,SUCCESS,SUCCESS,73.28397467175645,63.986991843761565,17.04808117289224,19.711460488118234,SUCCESS,SUCCESS
2150328,401,8,1,RTC,40-ft,MF,392.6219850835336,607.2279347693695,923.7005002801861,-17.664527441377572,-73.77668444684151,FAILURE,FAILURE,68.9230224988226,25.83456528094052,488.35378166272864,561.8074484646907,SUCCESS,FAILURE
2150329,403,1,1,RTC,40-ft,MF,370.25013425921594,554.2317524265771,827.8372470082336,-8.268041210386015,-56.77965372486411,FAILURE,FAILURE,69.30515764831341,53.10852931475254,437.51284156306446,619.769352343438,SUCCESS,SUCCESS
2150330,401,55,2,RTC,40-ft,SAT,354.9647525833098,558.6390489977102,869.77912641859,-9.049476772643654,-64.21615716641665,FAILURE,FAILURE,-9.04947677264365,-64.21615716641654,0.0,0.0,FAILURE,FAILURE
2150331,401,60,2,RTC,40-ft,SAT,309.1220944132086,482.82311232573716,742.8217727513586,4.393065190472139,-41.705988076482015,FAILURE,FAILURE,52.54861931356301,5.031633401482834,271.5973252542328,263.60018513572163,SUCCESS,FAILURE
2150332,401,57,2,RTC,40-ft,SAT,234.135262774611,367.6666426528365,568.7125343304627,24.810878962263033,-10.835555732351548,SUCCESS,FAILURE,35.56897979438128,4.153267176842097,60.675688693146924,84.53696120785213,SUCCESS,FAILURE
2150333,401,58,2,RTC,40-ft,SAT,242.09334993167974,377.92213216126953,587.4345550053494,22.99252975864016,-14.155062944210876,SUCCESS,FAILURE,22.992529758640153,-14.155062944210853,0.0,0.0,SUCCESS,FAILURE
2150334,403,40,2,RTC,40-ft,SAT,366.1167731922264,564.1244932220902,868.1456253018258,-10.02207326632805,-63.926529308834354,FAILURE,FAILURE,29.467258835252647,-23.667410012086627,222.7198330529152,227.0614328336571,SUCCESS,FAILURE
2150335,403,22,2,RTC,40-ft,SAT,231.24273587383263,345.7040535177335,527.4410517148144,28.70495505004726,-3.517916970711773,SUCCESS,FAILURE,57.377176278272934,34.18991086394112,161.7113277271929,212.67214898744228,SUCCESS,SUCCESS
2150336,401,63,2,RTC,40-ft,SAT,188.96739413011292,289.76834241835894,437.45849332024386,38.622634322986,12.436437354566696,SUCCESS,FAILURE,79.22816105674603,70.92837375258232,229.0151707784065,329.89452128480804,SUCCESS,SUCCESS
2150337,403,34,2,RTC,40-ft,SAT,249.7267547491278,372.46915367896594,565.9081186165386,23.959369915076962,-10.338318903641584,SUCCESS,FAILURE,61.412951298110094,40.16055053003423,211.2381990003069,284.8136236059314,SUCCESS,SUCCESS
2150338,401,78,3,RTC,40-ft,SUN,260.90525037361806,408.0416183006763,634.4919835742228,17.652195336759526,-22.498578647911838,FAILURE,FAILURE,17.65219533675952,-22.498578647911803,0.0,0.0,FAILURE,FAILURE
2150339,401,76,3,RTC,40-ft,SUN,279.7209109521942,438.00076920329553,680.859399370774,12.34028914835186,-30.719751661484747,FAILURE,FAILURE,12.34028914835186,-30.719751661484697,0.0,0.0,FAILURE,FAILURE
2150340,401,82,3,RTC,40-ft,SUN,260.90525037361806,408.0416183006763,634.4919835742228,17.652195336759526,-22.498578647911838,FAILURE,FAILURE,17.65219533675952,-22.498578647911803,0.0,0.0,FAILURE,FAILURE
2150341,401,72,3,RTC,40-ft,SUN,223.28144948974142,347.80264602186276,540.3771264364759,28.33286418052079,-5.811547240509911,SUCCESS,FAILURE,28.33286418052079,-5.8115472405099045,0.0,0.0,SUCCESS,FAILURE
2150342,403,52,3,RTC,40-ft,SUN,491.46175886570137,742.8640500782309,1122.4789944095683,-41.71348405642391,-109.02109829956883,FAILURE,FAILURE,38.06917360809398,-26.135546016124263,449.97418922788086,467.47451487862725,SUCCESS,FAILURE
2150343,405,1,1,RTC,40-ft,MF,331.7944623001946,506.150016344907,774.7600134281049,0.2570893005484105,-47.368796707110796,FAILURE,FAILURE,51.36881051222735,5.1789441564724195,288.2701076338693,296.3692584706092,SUCCESS,FAILURE
2150344,401,9,1,RTC,40-ft,MF,276.8736854584931,432.5306182955508,660.6253366646623,13.310174061072551,-27.13215189089757,FAILURE,FAILURE,62.02448221785599,32.964176084637096,274.74869800425824,338.94328978201565,SUCCESS,SUCCESS
2150345,401,10,1,RTC,40-ft,MF,327.2738143133323,507.6256494440444,795.7890760275786,-0.004547773766738367,-51.09735390559904,FAILURE,FAILURE,66.25402008953974,39.674230061486845,373.6983227490485,511.9517335743643,SUCCESS,SUCCESS
2150347,401,16,1,RTC,40-ft,MF,251.84977029011964,376.5256747879136,579.7194934175317,23.240128583703264,-12.787144222966607,SUCCESS,FAILURE,62.37803603922678,33.53784681256609,220.73779804915262,261.2729494404042,SUCCESS,SUCCESS
2150349,401,5,1,RTC,40-ft,MF,368.76471642292586,578.5101780570108,886.5168388904359,-12.572726605852969,-67.1838366827014,FAILURE,FAILURE,74.51599004274743,44.65946694042493,491.1803618981059,630.7962324344327,SUCCESS,SUCCESS
2150350,401,2,1,RTC,40-ft,MF,315.0452459331755,488.98792162697623,756.208668539279,3.300013895926204,-44.07955115944662,FAILURE,FAILURE,16.476836376105933,-27.608422567530823,74.31727878821364,92.89716525840491,FAILURE,FAILURE
2150351,403,42,2,RTC,40-ft,SAT,323.3432735989454,482.53037937382356,733.8454581247446,4.444968196130578,-40.11444292991925,FAILURE,FAILURE,53.367242683264806,21.496229692313264,275.921628107437,347.4841935893912,SUCCESS,SUCCESS
2150352,403,36,2,RTC,40-ft,SAT,311.1525269786781,453.83341642385864,683.4166400544304,9.53308219435131,-31.173163130218164,FAILURE,FAILURE,59.73338282097674,28.295549187184793,283.12969553416747,335.4035374701526,SUCCESS,SUCCESS
2150353,403,29,2,RTC,40-ft,SAT,451.27783061320963,678.4494962182669,1030.0659303116852,-30.29246386848703,-92.63580324675269,FAILURE,FAILURE,40.83271852550286,-4.78728637091642,401.14602870210297,495.46563517971634,SUCCESS,FAILURE
2150354,403,25,2,RTC,40-ft,SAT,283.41158211202384,426.2160013426998,650.9283810538877,14.429786995975213,-25.412833520192855,FAILURE,FAILURE,69.46256996572944,50.79632256640517,310.384895949414,429.819640328413,SUCCESS,SUCCESS
2150355,403,30,2,RTC,40-ft,SAT,275.77594592396184,406.49761466459444,615.2721636135041,17.925954846703117,-19.090809151330504,FAILURE,FAILURE,71.8041863917906,56.73125579582534,303.8732259142935,427.6364463019591,SUCCESS,SUCCESS
2150356,403,26,2,RTC,40-ft,SAT,286.5777581812491,420.56471073998756,634.3434228545234,15.431788875888735,-22.472238094773648,FAILURE,FAILURE,50.910616436246144,18.208254312411164,200.10058744041595,229.43797717652228,SUCCESS,FAILURE
2150357,403,31,2,RTC,40-ft,SAT,295.0907528574864,431.9689152507568,652.0181820832612,13.409766799511205,-25.606060653060492,FAILURE,FAILURE,66.89598865849996,38.54836340133865,301.6622912846968,361.8309516668113,SUCCESS,SUCCESS
2150358,403,33,2,RTC,40-ft,SAT,221.51757293264373,332.9257600172138,509.26049740304313,30.970609926025926,-0.2944144331636719,SUCCESS,FAILURE,64.13683273446873,38.08666147509931,187.05749663961757,216.46926812260318,SUCCESS,SUCCESS
2150359,403,38,2,RTC,40-ft,SAT,279.19804610891543,408.95772688649697,619.6271988736867,17.48976473643671,-19.862978523703305,FAILURE,FAILURE,63.16571488366909,31.358266486819442,257.6123588303908,288.88782185934826,SUCCESS,SUCCESS
2150360,403,62,3,RTC,40-ft,SUN,214.54770848089947,330.1851425038225,502.02648378704805,31.456535017052754,0.9882120944950304,SUCCESS,FAILURE,51.61864470316798,23.744539231070537,113.71429862969,128.3456850502858,SUCCESS,SUCCESS
2150361,403,56,3,RTC,40-ft,SUN,351.45337311935504,546.6225024030515,833.6809903713404,-6.918883404796361,-57.815778434634815,FAILURE,FAILURE,58.10575320022567,7.695703102756635,366.73895045232445,369.4847558708876,SUCCESS,FAILURE
2150362,403,57,3,RTC,40-ft,SUN,436.72970604657417,672.8557236666195,1022.5719688325662,-29.300660224577925,-91.3070866724408,FAILURE,FAILURE,55.06210608716858,-0.3170727990491652,475.8060019982503,513.1836782459287,SUCCESS,FAILURE
2150363,403,54,3,RTC,40-ft,SUN,215.20305522552846,332.92033063943495,508.7673433956924,30.97157258166047,-0.20697577937808487,SUCCESS,FAILURE,54.871112506306694,28.15841060214122,134.7934051750047,159.98077919176896,SUCCESS,SUCCESS
2150364,403,53,3,RTC,40-ft,SUN,260.9968513551498,412.08853701381275,630.9094509102081,16.93465655783462,-21.863377820958878,FAILURE,FAILURE,49.019938795069486,15.521567957097252,180.96099181800463,210.85109418823652,SUCCESS,FAILURE
2150365,403,68,3,RTC,40-ft,SUN,204.65084829593363,312.7447311481331,475.4612534917777,34.54880653401896,5.698359309968494,SUCCESS,FAILURE,69.33496145916756,52.43833626166213,196.19391377783808,263.61347000755217,SUCCESS,SUCCESS
2150366,403,58,3,RTC,40-ft,SUN,293.71934785681583,443.55276415196994,668.9057011591278,11.355892880856398,-28.600301623958828,FAILURE,FAILURE,49.02057515402934,9.815480202428756,212.42880802069544,216.665009500826,SUCCESS,FAILURE
2150367,403,65,3,RTC,40-ft,SUN,360.3051423374791,548.2052561414805,835.4252259131553,-7.199513500262497,-58.12504005552398,FAILURE,FAILURE,55.3125477466859,11.808634641485542,352.56802543278894,394.42592529113347,SUCCESS,FAILURE
2150368,403,55,3,RTC,40-ft,SUN,234.19961118816272,360.9225368286977,550.265983165993,26.006642406259285,-7.564890632268262,SUCCESS,FAILURE,50.487529534074625,20.904530209606914,138.0722034008786,160.567533548176,SUCCESS,SUCCESS
2150369,403,60,3,RTC,40-ft,SUN,351.3866135017215,542.2866342337892,825.0243451517075,-6.1501124527994975,-56.280912260941044,FAILURE,FAILURE,58.429317098205324,11.006829767748991,364.22798266766745,379.5028650418118,SUCCESS,FAILURE
2150370,403,69,3,RTC,40-ft,SUN,184.10838891800958,277.5528934346024,423.0606639295322,40.78849407187901,14.9892439841255,SUCCESS,FAILURE,69.4253380587626,53.06595700651842,161.5118000860234,214.75266144629603,SUCCESS,SUCCESS
2150371,403,64,3,RTC,40-ft,SUN,229.75324126622255,358.2272334059709,545.5278349979154,26.484533084047722,-6.724793439346702,SUCCESS,FAILURE,55.492197153703195,26.099268612540282,163.60322535285684,185.12770997264252,SUCCESS,SUCCESS
2150372,403,61,3,RTC,40-ft,SUN,237.31147808546083,349.07012255878703,525.0240944488137,28.10813429808741,-3.089378448371217,SUCCESS,FAILURE,47.64379236402459,18.218967256505692,110.18111149188587,120.17906977550578,SUCCESS,FAILURE
2150373,403,66,3,RTC,40-ft,SUN,280.60705106406823,436.0434645690635,663.457451332765,12.68732897711641,-27.634299881695917,FAILURE,FAILURE,61.09243115273322,28.17754831469156,273.0047762704789,314.7788238276254,SUCCESS,SUCCESS
2150374,403,51,3,RTC,40-ft,SUN,288.3096323234482,433.2616121761593,654.6786352458934,13.180565216993035,-26.077772206718674,FAILURE,FAILURE,38.85814756987372,3.267116410880054,144.82156447024698,165.5051718032568,SUCCESS,FAILURE
2150375,403,59,3,RTC,40-ft,SUN,319.2376036248494,485.66237305813826,735.7944722849703,3.889650166996767,-40.460012816484095,FAILURE,FAILURE,53.98416081539412,10.37873490283519,282.53304005696106,286.73053713696066,SUCCESS,FAILURE
2150376,403,6,1,RTC,40-ft,MF,243.53021765806383,363.5391534119516,547.2115886460862,25.542703295753267,-7.02333132022804,SUCCESS,FAILURE,56.914229234136606,31.097458386432553,176.935406292482,215.00125394556574,SUCCESS,SUCCESS
2150377,403,5,1,RTC,40-ft,MF,255.88877806033452,388.3907028791264,586.9547500374662,21.136400198736453,-14.069991141394707,SUCCESS,FAILURE,57.04979682604792,30.839042462014397,202.55155697803667,253.2869495232273,SUCCESS,SUCCESS
2150378,403,4,1,RTC,40-ft,MF,313.46495373684087,492.4749694687539,744.9575290338666,2.681743001993994,-42.08466826841607,FAILURE,FAILURE,69.9918095071523,48.0385483758781,379.6287750890927,508.2949418738192,SUCCESS,SUCCESS
2150379,403,36,1,RTC,40-ft,MF,193.18283738543832,307.9465626999811,470.7823740027001,35.399545620570734,6.527947871861685,SUCCESS,FAILURE,60.3200398305176,34.37344047561964,140.55158734410043,157.0485782851948,SUCCESS,SUCCESS
2150380,403,2,1,RTC,40-ft,MF,245.43520511760408,374.0829670215429,565.6545028696039,23.67323279759878,-10.2933515726248,SUCCESS,FAILURE,57.36195620808615,28.85736492915529,190.00440003514888,220.81004107003972,SUCCESS,SUCCESS
2150381,403,37,1,RTC,40-ft,MF,181.1076241049704,284.8287982730319,434.3076747637293,39.49844002251208,12.99509312699835,SUCCESS,FAILURE,66.3314010393219,47.53765532090461,151.33790013480746,194.8200507736313,SUCCESS,SUCCESS
2150382,403,3,1,RTC,40-ft,MF,219.71015288075233,349.67455564924177,534.6762016787792,28.00096531041813,-4.800744978506946,SUCCESS,FAILURE,58.68728529319706,30.618291660160462,173.07084470287322,199.76336664208418,SUCCESS,SUCCESS
2150383,403,34,1,RTC,40-ft,MF,166.33782879583612,263.6697101889646,402.9554431512039,43.25005138493536,18.55399944127591,SUCCESS,FAILURE,64.0375410610502,43.9147915406376,117.24144177328787,143.03486744039992,SUCCESS,SUCCESS
2150384,403,35,1,RTC,40-ft,MF,215.34999015434988,336.813984319174,510.45837549919656,30.28120845404717,-0.5068041665242093,SUCCESS,FAILURE,78.59110211494992,65.89222484125695,272.46780024749154,374.4905236038858,SUCCESS,SUCCESS
2150385,403,33,1,RTC,40-ft,MF,105.65262797339889,124.13455120802845,170.89795318530895,67.99032779999496,59.69894447068991,SUCCESS,SUCCESS,72.37563776264103,65.24348392395216,24.733148189323856,31.271202516399057,SUCCESS,SUCCESS
2150386,403,32,1,RTC,40-ft,MF,67.72461944098107,96.12102191970149,142.5448131971253,72.95726561707421,64.7260969508643,SUCCESS,SUCCESS,76.38839219684893,68.72379200139387,19.351553909929407,22.547000084986678,SUCCESS,SUCCESS
2150387,403,24,2,RTC,40-ft,SAT,194.23670332904985,304.52262940902847,463.97705503131806,36.00662599130701,7.734564710759213,SUCCESS,FAILURE,63.96571276299815,43.99246757761601,157.68924939233807,204.4945721690724,SUCCESS,SUCCESS
2150388,403,27,2,RTC,40-ft,SAT,196.02040682674235,306.28659723430883,466.44310152487424,35.69386573859773,7.297322424667693,SUCCESS,FAILURE,68.49988240379112,51.03063656641651,185.0259339916908,246.65589175946337,SUCCESS,SUCCESS
2150389,403,21,2,RTC,40-ft,SAT,315.890687267828,496.35369772069294,753.9946768267869,1.9940252268274978,-43.68699943737355,FAILURE,FAILURE,75.5177808077133,48.759701693485795,414.673981476196,521.3993943780467,SUCCESS,SUCCESS
2150390,403,23,2,RTC,40-ft,SAT,285.18887147709506,449.4439693148045,684.0373671037624,10.311352958367998,-31.283221117688377,FAILURE,FAILURE,65.48270463938226,41.94833748616054,311.1664234809205,413.02599052570787,SUCCESS,SUCCESS
2150391,403,37,2,RTC,40-ft,SAT,276.6320898779487,438.6375687090086,667.0386989018101,12.227381434572951,-28.269272854930865,FAILURE,FAILURE,62.90433849013394,44.22925681194009,285.81803779336394,408.8917073211522,SUCCESS,SUCCESS
2150392,403,32,2,RTC,40-ft,SAT,210.98756157016996,324.8174588337907,486.61595542982116,32.40825197982436,3.7205752784005086,SUCCESS,FAILURE,80.15045519898433,71.0109184344304,269.2660261560622,379.5175354000087,SUCCESS,SUCCESS
2150393,401,64,2,RTC,40-ft,SAT,287.86317878638926,443.92911841045526,676.5420707598371,11.289163402401552,-29.954267865219336,FAILURE,FAILURE,59.60324045531482,33.96270049915475,272.4913945784309,360.4917015750702,SUCCESS,SUCCESS
2150394,401,52,2,RTC,40-ft,SAT,281.6025422783248,413.1882399418295,627.7967895774185,16.739673769179166,-21.311487513726682,FAILURE,FAILURE,64.36076801911126,43.28933999851536,268.582971569617,364.3486671690455,SUCCESS,SUCCESS
2150395,401,53,2,RTC,40-ft,SAT,185.17309854955639,282.69538051998256,422.24478150358937,39.876705581563385,15.133903988725294,SUCCESS,FAILURE,85.06455159236404,76.07122049777863,254.85945150091555,343.68646511106084,SUCCESS,SUCCESS
2150396,403,39,2,RTC,40-ft,SAT,276.78937407058555,416.3551941162022,631.0771900471353,16.178157071595358,-21.893118802683563,FAILURE,FAILURE,65.91272308610341,35.735077458699806,280.5029523218254,325.02302691420203,SUCCESS,SUCCESS
2150397,403,41,2,RTC,40-ft,SAT,106.14564112352355,162.3356616766749,245.53387478134744,61.21708126300091,46.46562503876819,SUCCESS,SUCCESS,67.8028375830269,54.71042012103617,37.14366564494662,46.50064426399143,SUCCESS,SUCCESS
2150398,403,35,2,RTC,40-ft,SAT,174.0883378146569,266.18903048309386,404.22160264863334,42.80336338952237,18.329503076483455,SUCCESS,FAILURE,68.2409606649135,51.487796784808204,143.46804863320602,187.01277651495155,SUCCESS,SUCCESS
2150399,403,28,2,RTC,40-ft,SAT,222.93813480289458,334.288360226421,508.1453740770243,30.729014144251604,-0.09669753138728575,SUCCESS,FAILURE,64.26787986582288,46.72171526808286,189.15920266966202,264.0558481890118,SUCCESS,SUCCESS
2150401,401,15,1,RTC,40-ft,MF,223.87624256745312,347.0788495247019,545.9954153724119,28.461196892783352,-6.807697761065938,SUCCESS,FAILURE,73.9405790895459,58.122456587369555,256.5037155897408,366.20607052517624,SUCCESS,SUCCESS
2150403,405,7,1,RTC,40-ft,MF,261.58953135855467,378.7269067319543,567.5734514966568,22.849839231923006,-10.6335906908966,SUCCESS,FAILURE,44.012111384304205,12.132615743692728,119.3552149394302,128.4014042910838,SUCCESS,FAILURE
2150404,405,6,1,RTC,40-ft,MF,356.46541222886873,532.1427133145911,803.2283606277125,-4.351544913934589,-52.41637599782136,FAILURE,FAILURE,42.99319098574566,-3.7576955301273056,267.0243104741966,274.43495783779457,SUCCESS,FAILURE
2150405,405,21,1,RTC,40-ft,MF,140.13070869678492,203.61653519718422,304.77396955041235,53.89777744730776,35.96206213645171,SUCCESS,SUCCESS,69.8201298802937,56.73297479994053,89.80206772204065,117.14794742207692,SUCCESS,SUCCESS
2150406,405,3,1,RTC,40-ft,MF,330.95321578773496,491.2622009240866,738.6996593732159,2.896772885800255,-40.97511691014466,FAILURE,FAILURE,41.6347678815666,6.1248400716312315,218.48229177612228,265.6437573772157,SUCCESS,FAILURE
2150407,405,4,1,RTC,40-ft,MF,323.9521985402769,467.16314780974767,696.8926165148525,7.169654643661764,-33.562520658661796,FAILURE,FAILURE,42.03417139908038,1.6752850909609625,196.63587450056121,198.74122442787225,SUCCESS,FAILURE
2150408,405,5,1,RTC,40-ft,MF,304.3076314930089,441.0703214643787,658.6906416627077,11.796042293549878,-26.7891208621822,FAILURE,FAILURE,29.08446983879058,-8.260357110724941,97.50673135515768,104.50222755821893,SUCCESS,FAILURE
2150409,405,22,1,RTC,40-ft,MF,165.57700804482678,231.1464498260434,342.1534983648182,49.016586910276,29.334486105528697,SUCCESS,SUCCESS,63.013834970601955,45.846318572537584,78.9444790602385,93.12673511393007,SUCCESS,SUCCESS
2150411,401,11,1,RTC,40-ft,MF,355.265793222968,551.8037936314656,836.2036679234054,-7.837552062316595,-58.263061688547054,FAILURE,FAILURE,65.64300523613699,23.044836196203203,414.4303431632778,458.57654406999166,SUCCESS,FAILURE
2150412,403,63,3,RTC,40-ft,SUN,226.03403735733184,313.97327025853207,464.4289197156946,34.33098045061488,7.654446858919406,SUCCESS,FAILURE,45.21880066026814,19.81899211078124,61.40730598244454,68.60803522050077,SUCCESS,FAILURE
2150413,403,67,3,RTC,40-ft,SUN,265.6867235147467,379.2782732820518,564.0510443707826,22.752079205309965,-10.009050420351524,SUCCESS,FAILURE,51.77655266364229,20.782453885759335,163.69803030499452,173.66408428646525,SUCCESS,SUCCESS
2150414,401,22,1,RTC,40-ft,MF,182.98971823433124,271.94935751488373,408.7573152668168,41.78202880941778,17.525298711557305,SUCCESS,FAILURE,70.18609706094657,55.431531016330936,160.198944938622,213.79115019892345,SUCCESS,SUCCESS
2150419,401,59,2,RTC,40-ft,SAT,410.78800599569956,629.4504172253285,953.1960121944418,-21.60468390520008,-79.00638514085847,FAILURE,FAILURE,50.144939318072325,12.399700073123388,404.66787497925594,515.5303206068579,SUCCESS,FAILURE
2150420,401,56,2,RTC,40-ft,SAT,304.3695327723488,472.72306513640393,716.4034410534705,6.183853699219164,-37.02188671160824,FAILURE,FAILURE,69.15408608986351,45.853934488328306,355.15211068323373,467.4196315676426,SUCCESS,SUCCESS
2150421,401,62,2,RTC,40-ft,SAT,222.06240899187816,342.44321592342027,518.2370969035028,29.283117744074428,-1.88601008927354,SUCCESS,FAILURE,71.23148891255957,54.4666518696622,236.58881339025584,317.82901344839786,SUCCESS,SUCCESS
2150422,401,54,2,RTC,40-ft,SAT,440.41784981983625,661.9749426921184,991.8171964050586,-27.371443739737295,-85.85411283777633,FAILURE,FAILURE,52.99373300892491,16.764192326973205,453.2595968624544,578.7672411291878,SUCCESS,FAILURE
2150423,401,51,2,RTC,40-ft,SAT,263.2159708821135,407.5831405299121,617.3202689784866,17.733485721646794,-19.45394840044089,FAILURE,FAILURE,69.3757435619816,50.246082063974704,291.26233421948785,393.10817181930435,SUCCESS,SUCCESS
2150424,401,77,3,RTC,40-ft,SUN,392.7098790653901,602.2451205124661,911.842819748477,-16.781049736252847,-71.67425882065194,FAILURE,FAILURE,65.61631396678945,35.133866834716045,464.7211312851579,602.3978286962758,SUCCESS,SUCCESS
2150425,401,75,3,RTC,40-ft,SUN,304.3695327723488,472.72306513640393,716.4034410534705,6.183853699219164,-37.02188671160824,FAILURE,FAILURE,70.1209976533204,51.01386153568872,360.6054919011306,496.52162011475536,SUCCESS,SUCCESS
2150426,401,80,3,RTC,40-ft,SUN,222.06240899187816,342.44321592342027,518.2370969035028,29.283117744074428,-1.88601008927354,SUCCESS,FAILURE,72.13206000629204,58.18847737389675,241.66803435890694,338.82010929228073,SUCCESS,SUCCESS
2150427,401,73,3,RTC,40-ft,SUN,440.41784981983625,661.9749426921184,991.8171964050586,-27.371443739737295,-85.85411283777633,FAILURE,FAILURE,53.73779076418681,22.267416650961323,457.4560826021315,609.8054263164811,SUCCESS,SUCCESS
2150428,401,70,3,RTC,40-ft,SUN,386.67665655281945,603.0029143493877,914.5697852034382,-16.915410345636104,-72.15776333394294,FAILURE,FAILURE,75.46314609191657,55.55811417301274,521.0150583077966,720.3175491392307,SUCCESS,SUCCESS
2150429,401,71,3,RTC,40-ft,SUN,364.6836781781172,533.5234429799681,809.4543126451666,-4.596355138292209,-53.52026819949762,FAILURE,FAILURE,74.22308918447187,59.695625975989905,444.5416659803893,638.5376431497502,SUCCESS,SUCCESS
2150440,401,61,2,RTC,40-ft,SAT,247.89479153586765,359.6243707997103,545.5572859716913,26.236813687994637,-6.730015243207668,SUCCESS,FAILURE,65.83416377486732,46.38434208980728,223.32905448996195,299.5649753582046,SUCCESS,SUCCESS
2150441,401,74,3,RTC,40-ft,SUN,205.32173263972433,295.0475524875399,448.1176194318785,37.6866041688759,10.546521377326512,SUCCESS,FAILURE,73.60954622881289,63.28947913216899,202.60539321804464,297.4702817373119,SUCCESS,SUCCESS
2150442,401,81,3,RTC,40-ft,SUN,123.06487493477779,175.33927715159723,265.69686817457807,58.91147568234092,42.890626210181196,SUCCESS,SUCCESS,78.3233738481946,68.65103544779681,109.48310565541487,145.28870810015235,SUCCESS,SUCCESS
2150443,401,79,3,RTC,40-ft,SUN,236.04571354996992,339.47311166592635,513.8137353084202,29.809731974126535,-1.101726118514212,SUCCESS,FAILURE,72.50699139448477,61.25527008092806,240.81254313082042,351.6934585648548,SUCCESS,SUCCESS
2150444,410,18,1,HTC,40-ft,MF,98.94967656343795,140.44424129354698,206.79800714987485,65.09853877773992,53.33368667555411,SUCCESS,SUCCESS,69.6031336705135,59.44155829719657,25.405915195243153,34.4483959460635,SUCCESS,SUCCESS
2150445,410,13,1,HTC,40-ft,MF,106.60218769214477,138.70313843673966,201.83182255791678,65.40724495802489,54.21421585852539,SUCCESS,SUCCESS,71.93994966221314,62.2664126674483,36.84445453162175,45.41439000232526,SUCCESS,SUCCESS
2150446,410,3,1,HTC,40-ft,MF,312.7910157506305,411.89787228010596,589.9514980800109,16.968462361683343,-14.601329446810436,FAILURE,FAILURE,54.742781806068564,28.459444187553874,213.0471616663326,242.86276329781475,SUCCESS,SUCCESS
2150447,410,36,1,HTC,40-ft,MF,142.9682968010229,200.29149780530108,293.1025363043233,54.48732308416647,38.031465194268925,SUCCESS,SUCCESS,62.98580705399574,48.622933697264784,47.93144958983709,59.73588235689664,SUCCESS,SUCCESS
2150448,410,41,1,HTC,40-ft,MF,74.94614726511817,101.27679553885486,146.50977452266093,72.04312135835907,64.02308962364168,SUCCESS,SUCCESS,74.768407684689,67.60538690392079,15.370614880500796,20.204156660774174,SUCCESS,SUCCESS
2150449,410,49,1,HTC,40-ft,MF,268.64821108081804,369.2330993744115,538.667652309887,24.533138408792293,-5.50844899111471,SUCCESS,FAILURE,61.54344033196942,36.48121373874324,208.73810284671902,236.82169779639872,SUCCESS,SUCCESS
2150450,410,8,1,HTC,40-ft,MF,337.69549239458206,433.9338893632027,618.6541136021997,13.061367134183923,-19.690445674148876,FAILURE,FAILURE,56.424717001949034,29.24088234520033,244.56929325419526,275.9726900291296,SUCCESS,SUCCESS
2150452,410,38,1,HTC,40-ft,MF,97.93286032175172,137.12665723182388,200.41871650917048,65.68676290215889,54.464766576388215,SUCCESS,SUCCESS,69.12200220363239,58.960075521293255,19.374749660310613,25.353542449264353,SUCCESS,SUCCESS
2150453,410,30,1,HTC,40-ft,MF,80.10006293581432,107.48839740267998,157.15893263835528,70.94177351016313,62.13494102156821,SUCCESS,SUCCESS,72.95633712001714,64.53008363461478,11.362138759576624,13.508604337582653,SUCCESS,SUCCESS
2150454,410,1,2,HTC,40-ft,SAT,307.7750670193178,417.1908807939092,602.0744365204779,16.029985674838805,-16.750786617106,FAILURE,FAILURE,51.55087859282469,23.367116024262486,200.33783605744037,226.2649708973183,SUCCESS,SUCCESS
2150455,410,4,2,HTC,40-ft,SAT,476.2394545841889,647.8277567100774,935.0910176677473,-24.86307743086479,-75.796279728324,FAILURE,FAILURE,52.06013698953535,4.012144772407226,433.84692933105686,450.119514184124,SUCCESS,FAILURE
2150456,410,12,2,HTC,40-ft,SAT,315.4816784385994,426.44173454160006,614.2321334672037,14.389763379148931,-18.90640664312121,FAILURE,FAILURE,50.95318984346752,22.15540825331299,206.2177252587569,231.5886360158889,SUCCESS,SUCCESS
2150457,410,7,2,HTC,40-ft,SAT,416.22898516052925,583.6551001589705,854.5893459759527,-13.4849468366969,-61.52293368367956,FAILURE,FAILURE,74.3089316058256,36.25844695012743,495.15747441582704,551.4869867746713,SUCCESS,SUCCESS
2150458,410,13,2,HTC,40-ft,SAT,139.40719748825947,187.05270849458364,269.01401684940987,56.83462615344263,42.302479282019526,SUCCESS,SUCCESS,63.73407320886047,50.819639521199434,38.912881392556756,48.0367837489747,SUCCESS,SUCCESS
2150459,410,14,2,HTC,40-ft,SAT,104.66398620735475,139.64799848700883,201.81956856628807,65.23971658031759,54.21638855207659,SUCCESS,SUCCESS,72.85880002260512,63.68113785321729,42.97163061450169,53.38118605843346,SUCCESS,SUCCESS
2150460,410,10,2,HTC,40-ft,SAT,406.73150578793184,548.908892438175,791.991521048786,-7.324271708896278,-50.42402855474929,FAILURE,FAILURE,47.01293816596449,4.41847928832709,306.46186369421474,309.3117442349508,SUCCESS,FAILURE
2150461,410,11,2,HTC,40-ft,SAT,271.4630582010144,366.59447802984596,527.9276043127552,25.00097907272235,-3.604185161836023,SUCCESS,FAILURE,55.269729398310076,31.987513079120056,170.71575183631484,200.73717807899234,SUCCESS,SUCCESS
2150462,410,8,3,HTC,40-ft,SUN,328.7995319602178,447.62362569299427,647.0577025801197,10.634108919681871,-24.726543010659512,FAILURE,FAILURE,55.49989640231422,25.524394263540323,253.04304140204647,283.41528622648707,SUCCESS,SUCCESS
2150463,410,5,3,HTC,40-ft,SUN,502.76785587899604,686.299304409513,991.405480437208,-31.684273831473924,-85.78111355269644,FAILURE,FAILURE,57.52554969482048,6.42645804099171,503.1434046883005,520.050703788401,SUCCESS,FAILURE
2150465,410,6,3,HTC,40-ft,SUN,395.81230749448775,536.8853938174174,774.6834948293748,-5.192445712308039,-47.355229579676376,FAILURE,FAILURE,47.94238843154339,10.339130943532783,299.6804645713221,325.3961933508997,SUCCESS,FAILURE
2150466,410,11,3,HTC,40-ft,SUN,315.4816784385994,426.44173454160006,614.2321334672037,14.389763379148931,-18.90640664312121,FAILURE,FAILURE,52.381435743578585,26.490674577744315,214.27303213538335,256.0395380856816,SUCCESS,SUCCESS
2150467,410,10,3,HTC,40-ft,SUN,359.50029867618434,486.28899105335415,700.5366626216521,3.778547685575509,-34.208628124406395,FAILURE,FAILURE,58.5924432511718,28.370227936208902,309.15037098996316,352.94474818187024,SUCCESS,SUCCESS
2150468,410,2,3,HTC,40-ft,SUN,507.4023151420283,696.2972335979026,1006.840616215504,-33.45695631168486,-88.51783975452199,FAILURE,FAILURE,49.645580717927615,0.4943667089280785,468.6983088470146,502.0288444538582,SUCCESS,FAILURE
2150469,410,3,3,HTC,40-ft,SUN,378.32208855170995,515.5096850050988,744.693428444387,-1.4024264193437628,-42.03784192276365,FAILURE,FAILURE,53.29213289734164,18.512330594670658,308.4773145461057,341.5029729983294,SUCCESS,FAILURE
2150470,403,21,1,RTC,40-ft,MF,134.4734629123161,162.68065499637842,233.68763431023433,61.155912234684685,48.56602228541945,SUCCESS,SUCCESS,80.75009681029864,72.68092234619934,110.51120100646273,136.0080363427988,SUCCESS,SUCCESS
2150472,990,7,1,XHT,28-ft Shuttle,MF,195.32130506338652,266.7743627240001,391.50491059804455,42.69958107730494,20.584235709566574,SUCCESS,SUCCESS,59.181638042413944,43.37133366389503,92.95880128321483,128.51923246241262,SUCCESS,SUCCESS
2150473,990,5,2,XHT,28-ft Shuttle,SAT,174.81771520096038,210.45096425301924,300.16081415063803,52.685999245918566,36.77999749102163,SUCCESS,SUCCESS,83.5290566871056,81.0831210725614,173.95484396829488,249.8696169998845,SUCCESS,SUCCESS
2150474,990,1,2,XHT,28-ft Shuttle,SAT,189.1453168411478,228.60183751598302,326.2780320230458,49.46775930567678,32.14928510229685,SUCCESS,SUCCESS,83.52905687228801,81.0831211009233,192.10571827568742,275.98683503225334,SUCCESS,SUCCESS
2150475,990,5,1,XHT,28-ft Shuttle,MF,260.8699930667874,355.2130776270905,523.6320796400438,27.018957867537146,-2.8425673120644994,SUCCESS,FAILURE,27.018957867537125,-2.842567312064515,0.0,0.0,SUCCESS,FAILURE
2150476,990,4,1,XHT,28-ft Shuttle,MF,284.1882770753085,388.8152724939924,572.801063860095,21.061121898228304,-11.560472315619684,SUCCESS,FAILURE,21.0611218982283,-11.560472315619696,0.0,0.0,SUCCESS,FAILURE
2150477,990,3,2,XHT,28-ft Shuttle,SAT,235.28308152384224,320.004014102786,468.866327225999,33.261699627165605,6.867672477659759,SUCCESS,FAILURE,33.26169962716557,6.867672477659757,0.0,0.0,SUCCESS,FAILURE
2150478,990,2,2,XHT,28-ft Shuttle,SAT,355.45912881245283,491.72808771546573,724.2707323455606,2.8141688447755833,-38.41679651517032,FAILURE,FAILURE,2.814168844775583,-38.41679651517032,0.0,0.0,FAILURE,FAILURE
2150479,990,12,3,XHT,28-ft Shuttle,SUN,209.72144333997346,282.9457019118049,413.54551073104255,39.83232235606296,16.676327884566927,SUCCESS,FAILURE,39.83232235606292,16.676327884566923,0.0,0.0,SUCCESS,FAILURE
2150480,990,11,3,XHT,28-ft Shuttle,SUN,207.45718656161893,279.37125836010307,407.16808956786826,40.46608894324414,17.807076317753857,SUCCESS,FAILURE,40.466088943244095,17.80707631775386,0.0,0.0,SUCCESS,FAILURE
2150481,990,8,1,XHT,28-ft Shuttle,MF,147.04653922125843,226.80913013061237,348.7890425595598,49.785615225068724,28.15797117738302,SUCCESS,SUCCESS,51.23822045030779,29.67985248285468,8.192693470348217,8.583410562859967,SUCCESS,SUCCESS
2150482,990,6,1,XHT,28-ft Shuttle,MF,147.04653922125843,226.80913013061237,348.7890425595598,49.785615225068724,28.15797117738302,SUCCESS,SUCCESS,51.23822045030779,29.67985248285468,8.192693470348217,8.583410562859967,SUCCESS,SUCCESS
2150483,990,4,2,XHT,28-ft Shuttle,SAT,196.1148825042151,314.02194265175524,483.4022381504365,34.322350593660424,4.290383306660196,SUCCESS,FAILURE,35.77495581889956,5.81226461213182,8.192693470348217,8.583410562859967,SUCCESS,FAILURE
2150484,990,9,1,XHT,28-ft Shuttle,MF,97.72155115098519,136.24950048963393,200.26913080114286,65.84228714722803,54.4912888650456,SUCCESS,SUCCESS,65.84228714722803,54.491288865045604,0.0,0.0,SUCCESS,SUCCESS
2150485,990,2,1,XHT,28-ft Shuttle,MF,119.46930419958878,170.96373691341427,253.2196433134535,59.687280689110956,45.102900121728105,SUCCESS,SUCCESS,59.687280689110956,45.10290012172811,0.0,0.0,SUCCESS,SUCCESS
2150486,990,3,1,XHT,28-ft Shuttle,MF,97.72155115098519,136.24950048963393,200.26913080114286,65.84228714722803,54.4912888650456,SUCCESS,SUCCESS,65.84228714722803,54.491288865045604,0.0,0.0,SUCCESS,SUCCESS
2150491,430,5,1,RTC,40-ft,MF,252.36131223671043,354.9933059021425,529.3029073534212,27.057924485435734,-3.8480332186917034,SUCCESS,FAILURE,61.549040205509876,37.449533546864586,194.52989266121824,232.9182765577374,SUCCESS,SUCCESS
2150504,430,24,2,RTC,40-ft,SAT,197.24650434657565,271.5558701377109,401.97095947414203,41.85179607487396,18.728553284726594,SUCCESS,FAILURE,69.24103954135721,56.02957172424043,154.47533315096564,210.37774399885808,SUCCESS,SUCCESS
2150505,430,22,2,RTC,40-ft,SAT,227.4462601595637,308.79657398915884,455.74218462884045,35.24883439908532,9.194648115453825,SUCCESS,FAILURE,61.548932385132105,42.5661772882302,148.33255264130406,188.21542453445886,SUCCESS,SUCCESS
2150506,430,29,2,RTC,40-ft,SAT,272.7941614943186,376.7091209465273,559.9728333297,23.207602669055444,-9.285963356329791,SUCCESS,FAILURE,66.66626539764312,45.69147033929454,245.10685778923465,310.0727260433212,SUCCESS,SUCCESS
2150507,430,28,2,RTC,40-ft,SAT,235.19623994241454,325.48326003494424,482.58116217616333,32.29020212146379,4.435964153162534,SUCCESS,FAILURE,65.3698223178161,48.740718784844866,186.56905790742718,249.87881612268825,SUCCESS,SUCCESS
2150508,430,27,2,RTC,40-ft,SAT,265.39599575540257,362.7239638863922,536.3523873308617,25.687240445675148,-5.097941016110225,SUCCESS,FAILURE,50.16002585390176,22.282391037241823,138.02650970239824,154.42507278090557,SUCCESS,SUCCESS
2150509,430,21,2,RTC,40-ft,SAT,273.1459755382534,379.4106499321776,563.1913648781846,22.728608168053626,-9.856624978401515,SUCCESS,FAILURE,61.925061916525806,41.23141242070476,221.0679991413832,288.13653093095945,SUCCESS,SUCCESS
2150510,430,25,2,RTC,40-ft,SAT,234.84442589847973,322.78173104929397,479.36263062767875,32.769196622465614,5.0066257752342676,SUCCESS,FAILURE,65.47585561910995,41.33599162431086,184.46555674107418,204.89762338879203,SUCCESS,SUCCESS
2150511,430,26,2,RTC,40-ft,SAT,113.59705337204703,147.01440429745884,213.91157652277664,63.93361625931582,52.072415510145994,SUCCESS,SUCCESS,70.30255808763532,60.38309165983624,35.920831911722075,46.87221348425305,SUCCESS,SUCCESS
2150512,430,23,2,RTC,40-ft,SAT,166.69493448965278,231.61363730061268,344.98120277095904,48.93375225166442,28.833120076071094,SUCCESS,SUCCESS,70.19431565853994,56.436734026984006,119.90957761477802,155.68438268314878,SUCCESS,SUCCESS
2150513,430,30,2,RTC,40-ft,SAT,120.99521911096305,160.999561357594,237.53202252161492,61.453978482696115,47.88439316992644,SUCCESS,SUCCESS,74.20718952780332,64.84217073711093,71.92811029440475,95.64186547892058,SUCCESS,SUCCESS
2150514,430,38,3,RTC,40-ft,SUN,197.24650434657565,271.5558701377109,401.97095947414203,41.85179607487396,18.728553284726594,SUCCESS,FAILURE,66.53833490599297,51.132053795291036,139.23207900751135,182.7557428795834,SUCCESS,SUCCESS
2150515,430,34,3,RTC,40-ft,SUN,310.7438970901575,430.6365108437607,640.5830360317213,13.646008715645275,-23.57855248789385,FAILURE,FAILURE,50.89853007767001,16.21869057880004,210.10422048181968,224.45645089615354,SUCCESS,FAILURE
2150516,430,35,3,RTC,40-ft,SUN,273.1459755382534,379.4106499321776,563.1913648781846,22.728608168053626,-9.856624978401515,SUCCESS,FAILURE,52.9287944964697,22.92117389407922,170.32905089226682,184.86678564079142,SUCCESS,SUCCESS
2150517,430,37,3,RTC,40-ft,SUN,151.54678896788593,200.94179419469216,294.5217792247979,54.372022305905645,37.77982637858193,SUCCESS,SUCCESS,64.13463306368162,50.05717242272689,55.061124673856625,69.24423168897766,SUCCESS,SUCCESS
2150518,430,36,3,RTC,40-ft,SUN,189.49652456372482,254.8691840919255,375.13198192681915,44.810428352495485,23.487237247017887,SUCCESS,SUCCESS,60.04543890417047,42.23463517904751,85.92545951144706,105.73532433664712,SUCCESS,SUCCESS
2150519,430,32,3,RTC,40-ft,SUN,272.7941614943186,376.7091209465273,559.9728333297,23.207602669055444,-9.285963356329791,SUCCESS,FAILURE,55.62399226866894,24.16195198299832,182.8284373418203,188.6462425138106,SUCCESS,FAILURE
2150520,430,33,3,RTC,40-ft,SUN,204.64467008549167,285.541027197846,425.59140547298034,39.372158298254256,14.540530944507035,SUCCESS,FAILURE,61.61626008914099,40.46270505535017,125.45673410060124,146.2010619851552,SUCCESS,SUCCESS
2150521,430,31,3,RTC,40-ft,SUN,227.4462601595637,308.79657398915884,455.74218462884045,35.24883439908532,9.194648115453825,SUCCESS,FAILURE,52.5323674618103,28.75018597017834,97.4791264737691,110.2932335006463,SUCCESS,SUCCESS
2150522,430,39,3,RTC,40-ft,SUN,158.94495470680195,214.92695125482732,318.14222522363616,51.89238452928594,33.59180403836239,SUCCESS,SUCCESS,69.06391088995424,55.67660129436236,96.84740867416934,124.55825652383993,SUCCESS,SUCCESS
2150526,502,7,2,STC,40-ft,SAT,310.1538389218197,430.2186632872285,618.3946014955575,13.720095161838927,-19.644432889283237,FAILURE,FAILURE,62.71087716082147,42.45494473669595,276.30801047426155,350.24048981052266,SUCCESS,SUCCESS
2150527,502,11,2,STC,40-ft,SAT,357.3039721771493,514.3482201799542,746.4185904087491,-1.1964929397081845,-42.34372170367891,FAILURE,FAILURE,47.82298072378994,20.874968662676395,276.4698314621294,356.5534136662439,SUCCESS,SUCCESS
2150528,502,5,2,STC,40-ft,SAT,449.407834430925,671.5358796314827,969.0077172554401,-29.066645324730967,-81.809878946,FAILURE,FAILURE,53.392122141249374,27.358351361040405,465.06744850812936,615.7088189317074,SUCCESS,SUCCESS
2150529,320,1,3,STC,40-ft,SUN,300.0423888120487,437.356345986943,636.8729966596097,12.454548583875361,-22.92074408858328,FAILURE,FAILURE,60.04356934760962,35.87552917054564,268.4020771074612,331.61098118148715,SUCCESS,SUCCESS
2150530,320,15,3,STC,40-ft,SUN,258.69776730755166,362.50776658156036,526.8059548364747,25.725573301141786,-3.4053111412189163,SUCCESS,FAILURE,65.13762904589018,48.057782286812554,222.28399440038095,290.2518469340976,SUCCESS,SUCCESS
2150531,503,5,3,STC,40-ft,SUN,450.9238424478365,624.6371083559966,883.1858525089943,-20.7512603468079,-66.59323626045999,FAILURE,FAILURE,35.33061957651354,-9.361571391776124,316.301802767533,322.7865898593769,SUCCESS,FAILURE
2150535,503,21,1,STC,40-ft,MF,322.33369936562985,436.60852886963573,611.1092335852255,12.587140271341186,-18.35270099028821,FAILURE,FAILURE,31.105745680897968,1.9186668963509883,104.44493450990018,114.33051488064507,SUCCESS,FAILURE
2150536,502,10,2,STC,40-ft,SAT,412.0498036632128,614.4395414355812,886.1561339384797,-18.9431811055995,-67.11988190398576,FAILURE,FAILURE,59.46095834244874,36.44812123940629,442.1993464869922,584.1235377287306,SUCCESS,SUCCESS
2150537,502,15,2,STC,40-ft,SAT,258.40929398796123,379.01710350204183,556.9378997171931,22.798385903893294,-8.747854559786004,SUCCESS,FAILURE,65.09550962265507,46.335333456991215,238.55577777381637,310.66918041462355,SUCCESS,SUCCESS
2150538,502,2,2,STC,40-ft,SAT,276.4433814575529,417.23486624117305,605.8669495179217,16.022186836671448,-17.42321799963151,FAILURE,FAILURE,69.06508726778904,51.5664006970484,299.16195843150325,389.1014494492745,SUCCESS,SUCCESS
2150539,502,1,2,STC,40-ft,SAT,387.43309800293355,583.7934674084566,845.712529731768,-13.509480036960394,-59.94903009428509,FAILURE,FAILURE,67.56362418465608,49.87589935086641,457.25230780991694,619.4126020706541,SUCCESS,SUCCESS
2150540,502,4,3,STC,40-ft,SUN,376.01735971375854,555.496993356468,802.5848152047471,-8.492374708593616,-52.302272199423236,FAILURE,FAILURE,66.85671514932298,47.748852538482986,424.96886679864974,564.2883435217907,SUCCESS,SUCCESS
2150541,502,9,3,STC,40-ft,SUN,118.65196587517855,170.69576321560442,245.22402415965644,59.73479375609851,46.5205630922595,SUCCESS,SUCCESS,73.43237359071459,64.99939104295225,77.25435026723466,104.22058964190711,SUCCESS,SUCCESS
2150542,502,1,3,STC,40-ft,SUN,374.6917728955006,557.3432032396797,803.3045506215193,-8.819716886468033,-52.4298848619715,FAILURE,FAILURE,67.68021789154876,49.356933877783234,431.45963214801486,574.0776576922162,SUCCESS,SUCCESS
2150543,502,7,3,STC,40-ft,SUN,347.9036486205015,526.5447585753656,763.9574778361579,-3.3589997474052375,-45.45345351704926,FAILURE,FAILURE,68.214153785839,50.385505977735136,403.67258592749766,540.5317315505835,SUCCESS,SUCCESS
2150544,502,8,3,STC,40-ft,SUN,379.79527103455035,570.6141694240317,824.9285043962587,-11.172725075182926,-56.26391921919481,FAILURE,FAILURE,68.09457819840264,50.53599780190831,447.06759046302284,602.3515319990211,SUCCESS,SUCCESS
2150545,502,6,3,STC,40-ft,SUN,337.3337421277884,500.24686504377826,720.4529673045589,1.3037473326634337,-37.739887819957254,FAILURE,FAILURE,66.55262945280546,48.65538769468167,368.00369515760104,487.2693539025632,SUCCESS,SUCCESS
2150547,503,19,1,STC,40-ft,MF,311.8640702299614,439.77253849085076,627.0121072019455,12.026145657650577,-21.172359432969053,FAILURE,FAILURE,68.7532672340575,48.35220023321938,319.9409656909351,392.1185165173027,SUCCESS,SUCCESS
2150548,503,23,1,STC,40-ft,MF,189.96336348433258,260.3082410612887,367.1259817676203,43.8460565494169,24.90674082134392,SUCCESS,SUCCESS,57.60690607217241,41.35587384418816,77.611191308341,92.77311024884153,SUCCESS,SUCCESS
2150550,502,49,1,STC,40-ft,MF,109.23174756895617,140.40748432085508,194.8901078455744,65.1050559714796,55.44501633943717,SUCCESS,SUCCESS,69.30594004036648,59.94052765020894,23.692986148521925,25.35468379275278,SUCCESS,SUCCESS
2150551,801,12,1,STC,40-ft,MF,82.44699694861876,110.22016313421788,155.16352674179933,70.45741788400393,62.488736393298,SUCCESS,SUCCESS,71.43205152666988,63.798666631788514,5.49693374463601,7.388006545086455,SUCCESS,SUCCESS
2150552,503,10,2,STC,40-ft,SAT,352.3884832363226,477.2409200863011,672.4011076054203,5.382815587535267,-29.22005453996813,FAILURE,FAILURE,45.66325339456945,11.635700501704958,227.18166923167277,230.42645843503624,SUCCESS,FAILURE
2150553,503,7,2,STC,40-ft,SAT,364.4218058184871,507.6553230489332,717.8684559502914,-0.00980905122928892,-37.28164112593818,FAILURE,FAILURE,64.41933950508017,37.505316735584174,363.38039785758536,421.79844233898604,SUCCESS,SUCCESS
2150554,503,2,2,STC,40-ft,SAT,406.2853316510187,566.9623069837435,801.7269743032746,-10.525231734706287,-52.15017274880754,FAILURE,FAILURE,61.08159254793102,38.76229419854086,403.86248895407454,512.7463135830451,SUCCESS,SUCCESS
2150555,503,1,2,STC,40-ft,SAT,335.39137178723286,469.72136655419916,664.3433748738861,6.716069759893769,-27.791378523738665,FAILURE,FAILURE,76.23192768148937,66.97847638663632,392.0694386777992,534.501981694515,SUCCESS,SUCCESS
2150556,503,12,2,STC,40-ft,SAT,331.4964176672015,454.99510045254186,641.0323852340175,9.3271098488401,-23.658224332272603,FAILURE,FAILURE,36.12282735768725,5.401758134086715,151.12784674989788,163.89830111026657,SUCCESS,FAILURE
2150557,503,11,2,STC,40-ft,SAT,362.6384048051165,493.6133818636522,696.0435640486505,2.4798968326857853,-33.41197944125009,FAILURE,FAILURE,50.19136822428146,17.02673560071928,269.09269864859965,284.47435283670717,SUCCESS,FAILURE
2150558,503,4,2,STC,40-ft,SAT,436.27963240579123,596.9373116123509,839.9295354077923,-15.839948867438094,-58.923676490743304,FAILURE,FAILURE,20.375285203392828,-20.692157410974392,204.25392015948626,215.6257676098966,SUCCESS,FAILURE
2150559,503,14,2,STC,40-ft,SAT,294.7465782229222,402.25045222109765,566.023131941395,18.67899783313872,-10.358711337126774,FAILURE,FAILURE,28.868202783124055,0.5572726848080395,57.467115917917255,61.56614988371234,SUCCESS,FAILURE
2150560,503,6,2,STC,40-ft,SAT,327.1919163958603,445.28376625241367,625.1474603177471,11.048977614820275,-20.841748283288492,FAILURE,FAILURE,34.585232331964804,6.013923665754744,132.74447660469514,151.4659897926039,SUCCESS,FAILURE
2150561,503,1,3,STC,40-ft,SUN,471.4581223758535,648.1164924109287,912.1191686361907,-24.914271704065367,-71.72325685038842,FAILURE,FAILURE,32.68486794590185,-11.209632702607825,324.859147625815,341.29684019348247,SUCCESS,FAILURE
2150562,503,2,3,STC,40-ft,SUN,471.4581223758535,648.1164924109287,912.1191686361907,-24.914271704065367,-71.72325685038842,FAILURE,FAILURE,30.8351858113853,-13.577779213434724,314.42694038714177,327.94049387241876,SUCCESS,FAILURE
2150563,503,7,3,STC,40-ft,SUN,407.7292483528844,568.6302636826921,804.1161966713088,-10.82096873806597,-52.573793736047655,FAILURE,FAILURE,42.47422141701638,5.713639887343806,300.5848724746645,328.74112563592774,SUCCESS,FAILURE
2150564,503,3,3,STC,40-ft,SUN,444.4790877971637,621.3749119141363,879.1254499639313,-20.17285672236459,-65.87330673119348,FAILURE,FAILURE,40.321317609492766,-1.1343246094050483,341.1871432316755,365.12785916688676,SUCCESS,FAILURE
2150565,503,6,3,STC,40-ft,SUN,400.691595284419,550.7730627153021,775.1659669029921,-7.654798353776965,-47.440774273580146,FAILURE,FAILURE,36.61149274765043,-1.5178342462098888,249.66188181205052,259.0053817543682,SUCCESS,FAILURE
2150566,503,8,3,STC,40-ft,SUN,404.9960965557602,560.4843969154302,791.0508918192625,-9.37666611975713,-50.25725032256426,FAILURE,FAILURE,37.30913872948317,-3.318759009411787,263.3079393497154,264.73309100617985,SUCCESS,FAILURE
2150567,503,9,3,STC,40-ft,SUN,400.1808598644457,549.7417807858473,773.9709276637416,-7.471946947845254,-47.228887883642116,FAILURE,FAILURE,26.405603004936545,-10.758276733281525,191.0693817336893,205.69424688803377,SUCCESS,FAILURE
2150569,801,27,1,STC,40-ft,MF,76.64148168875863,98.04824405157625,136.99018151214128,72.61555956532337,65.71096072479764,SUCCESS,SUCCESS,72.61555956532337,65.71096072479764,0.0,0.0,SUCCESS,SUCCESS
2150571,801,15,1,STC,40-ft,MF,104.14343389483878,143.49553726264446,205.78278199068993,64.55752885414105,53.5136911364025,SUCCESS,SUCCESS,64.55752885414104,53.5136911364025,0.0,0.0,SUCCESS,SUCCESS
2150572,502,44,1,STC,40-ft,MF,100.67392123541961,139.13123802839118,199.83705880884156,65.33134077510795,54.567897374318875,SUCCESS,SUCCESS,65.33134077510795,54.56789737431889,0.0,0.0,SUCCESS,SUCCESS
2150573,801,6,1,STC,40-ft,MF,122.5542581246366,172.02841592347374,248.80867960717868,59.49850781498694,45.884985885252014,SUCCESS,SUCCESS,59.49850781498694,45.884985885252014,0.0,0.0,SUCCESS,SUCCESS
2150574,320,22,2,STC,40-ft,SAT,424.6270863138883,619.0178104557874,906.0534518434018,-19.754930931877198,-70.64777514953933,FAILURE,FAILURE,-19.75493093187719,-70.64777514953929,0.0,0.0,FAILURE,FAILURE
2150575,320,20,2,STC,40-ft,SAT,426.2787799774592,620.5510113568474,908.8560578249065,-20.026775063270815,-71.14469110370682,FAILURE,FAILURE,-20.0267750632708,-71.14469110370678,0.0,0.0,FAILURE,FAILURE
2150576,320,6,2,STC,40-ft,SAT,358.1194195056038,519.0986088292796,758.996380878775,-2.0387604307233214,-44.57382639694592,FAILURE,FAILURE,-2.0387604307233254,-44.57382639694588,0.0,0.0,FAILURE,FAILURE
2150577,320,7,2,STC,40-ft,SAT,353.94937603782853,514.8045390858996,753.2489603461503,-1.2774005471453136,-43.55478020321813,FAILURE,FAILURE,-1.2774005471453176,-43.5547802032181,0.0,0.0,FAILURE,FAILURE
2150578,320,61,2,STC,40-ft,SAT,168.83328170727495,240.58364055595894,349.696735754973,47.34332614256048,27.99703266755798,SUCCESS,SUCCESS,47.34332614256048,27.997032667557995,0.0,0.0,SUCCESS,SUCCESS
2150579,320,4,3,STC,40-ft,SUN,470.9061098965267,687.5730350882726,1006.9415079911962,-31.91011260430365,-88.53572836723338,FAILURE,FAILURE,-31.910112604303638,-88.53572836723329,0.0,0.0,FAILURE,FAILURE
2150580,320,2,3,STC,40-ft,SUN,472.55780356009757,689.1062359893326,1009.7441139727009,-32.18195673569727,-89.03264432140087,FAILURE,FAILURE,-32.18195673569725,-89.0326443214008,0.0,0.0,FAILURE,FAILURE
2150581,320,14,3,STC,40-ft,SUN,378.3480627312499,550.4625858233022,805.1653956956075,-7.5997492594507445,-52.75982193184529,FAILURE,FAILURE,-7.599749259450743,-52.759821931845266,0.0,0.0,FAILURE,FAILURE
2150582,320,12,3,STC,40-ft,SUN,379.9997563948208,551.9957867243622,807.9680016771122,-7.871593390844364,-53.25673788601279,FAILURE,FAILURE,-7.871593390844349,-53.25673788601275,0.0,0.0,FAILURE,FAILURE
2150583,555,1,1,RTC,44-ft Double Deck,MF,743.2352706875741,743.2916677324775,928.7918754169206,-41.78930278944637,-74.679410534915,FAILURE,FAILURE,66.36188470542825,59.226067000016656,609.9726974710921,755.2268932970147,SUCCESS,SUCCESS
2150584,555,4,1,RTC,44-ft Double Deck,MF,255.44786484985056,249.84968731474683,309.1849915922183,45.700410050576814,35.179966029748535,SUCCESS,SUCCESS,61.317597305542456,53.32033965449454,88.0809361180062,102.31170724356747,SUCCESS,SUCCESS
2150585,555,8,1,RTC,44-ft Double Deck,MF,387.30262099639106,384.0400694321504,477.5236189753586,21.907789107774754,5.332691671035713,SUCCESS,FAILURE,67.52954821900362,62.26037251801062,257.3067213873306,321.07211997693867,SUCCESS,SUCCESS
2150586,555,7,1,RTC,44-ft Double Deck,MF,475.9912402396135,473.75679314446506,590.1794160343953,6.000568591406907,-14.641740431630373,FAILURE,FAILURE,66.28637846539613,57.26749834248543,340.0119676892989,405.56810668601355,SUCCESS,SUCCESS
2150587,555,3,1,RTC,44-ft Double Deck,MF,710.8614178142441,710.8789267021241,888.5644649514776,-36.042362890447535,-67.54689094884354,FAILURE,FAILURE,61.863857979255286,51.54579316723551,552.1910857051236,671.6827384146862,SUCCESS,SUCCESS
2150588,555,6,1,RTC,44-ft Double Deck,MF,223.07401197652047,217.43694628439343,268.9575811267753,51.447349949575624,42.31248561581998,SUCCESS,SUCCESS,63.212810406324195,56.32705216468189,66.35719697606186,79.0421553355813,SUCCESS,SUCCESS
2150589,555,5,1,RTC,44-ft Double Deck,MF,211.10355522823932,204.9913254585895,252.8570930626999,53.65402030876074,45.16718208108158,SUCCESS,SUCCESS,63.977317125940694,57.705206152362045,58.22339404889499,70.71445576202177,SUCCESS,SUCCESS
2150590,555,2,1,RTC,44-ft Double Deck,MF,255.44786484985056,249.84968731474683,309.1849915922183,45.700410050576814,35.179966029748535,SUCCESS,SUCCESS,59.013321052230374,50.843309117411394,75.08481804932597,88.3412550144185,SUCCESS,SUCCESS
2150591,555,31,2,RTC,44-ft Double Deck,SAT,799.5500370574666,800.5956504144388,1001.2202620105144,-51.94958340681538,-87.52132305150964,FAILURE,FAILURE,68.17110397789557,63.10265665502484,677.4806768497689,849.5192455448548,SUCCESS,SUCCESS
2150592,555,30,2,RTC,44-ft Double Deck,SAT,843.8943466790779,845.4540122705961,1057.5481605400328,-59.9031936649993,-97.50853910284269,FAILURE,FAILURE,68.1590007999624,62.85804634934722,722.2707767823833,904.4675419503518,SUCCESS,SUCCESS
2150593,555,31,3,RTC,44-ft Double Deck,SUN,755.2057274358554,755.7372885582814,944.892363480996,-43.99597314863145,-77.53410700017659,FAILURE,FAILURE,68.1552591702938,62.9648533189559,632.532950278738,792.414136199908,SUCCESS,SUCCESS
2150594,555,30,3,RTC,44-ft Double Deck,SUN,799.5500370574666,800.5956504144388,1001.2202620105144,-51.94958340681538,-87.52132305150964,FAILURE,FAILURE,68.15484213372943,62.96391549840871,677.3889600486722,848.73674542154,SUCCESS,SUCCESS
2150606,601,50,1,RTC,40-ft,MF,346.93930099275565,418.55599017646085,571.8431794484902,15.787945004173611,-11.390634653987624,FAILURE,FAILURE,51.91332837197591,26.544491519467616,203.7471621944049,213.95411161828753,SUCCESS,SUCCESS
2150607,601,43,1,RTC,40-ft,MF,259.7872175920409,316.55454156398497,435.00645015259494,33.873308233336004,12.871196781454803,SUCCESS,FAILURE,47.616661229266825,28.47837888787349,77.51251089704976,88.02450708020135,SUCCESS,SUCCESS
2150608,601,51,1,RTC,40-ft,MF,195.97362502801744,231.47854000531086,315.2904028947736,48.957705672817234,34.097446295252915,SUCCESS,SUCCESS,59.040400037634555,45.9671132897831,56.86639621756973,66.94492184915026,SUCCESS,SUCCESS
2150609,601,44,1,RTC,40-ft,MF,178.2358782846214,210.1597451424872,286.6787197740135,52.73763383998455,39.170439756380595,SUCCESS,SUCCESS,58.34632070289506,45.53035351644088,31.632993906815273,35.86991360674,SUCCESS,SUCCESS
2150610,601,32,1,RTC,40-ft,MF,128.31581463341854,143.62929487475347,191.43021527876522,64.53381296546925,56.058472468304046,SUCCESS,SUCCESS,67.75107965783795,59.638885956868,18.14538414495945,20.19353207550074,SUCCESS,SUCCESS
2150612,601,47,1,RTC,40-ft,MF,115.52047165739035,135.88005115811956,183.92002821186907,65.90779234785114,57.39006591988137,SUCCESS,SUCCESS,72.6949237065026,65.86945608674318,38.27942086279427,47.823760541100626,SUCCESS,SUCCESS
2150613,601,35,1,RTC,40-ft,MF,117.7353780118596,139.4148782955291,189.4461031345717,65.28104994760123,56.41026540167169,SUCCESS,SUCCESS,69.9466352705248,62.524914166426605,26.313901221288916,34.48661903321772,SUCCESS,SUCCESS
2150614,601,30,1,RTC,40-ft,MF,200.1151557100638,227.1683282591366,303.5750054459964,49.72192761362827,36.174644424468724,SUCCESS,SUCCESS,57.971636912458536,46.23938197392638,46.528360445402654,56.76511977894114,SUCCESS,SUCCESS
2150615,601,33,1,RTC,40-ft,MF,137.19293611448683,159.4324377264847,213.84100039770848,61.73183728253818,52.084929007498495,SUCCESS,SUCCESS,69.06595713687005,60.64670934593366,41.3644359784318,48.28844110877435,SUCCESS,SUCCESS
2150616,601,8,1,RTC,40-ft,MF,551.3421936737946,648.6325780656949,877.3898430022869,-25.005776252782784,-65.56557500040546,FAILURE,FAILURE,22.954612182020938,-15.392445635413738,270.4965907722928,282.97644961855366,SUCCESS,FAILURE
2150617,601,12,1,RTC,40-ft,MF,120.3797820223355,141.3560408276931,193.3226652239788,64.93687219367143,55.72293169787611,SUCCESS,SUCCESS,73.58565256022567,65.60854562218377,48.77912126736584,55.75486253309509,SUCCESS,SUCCESS
2150618,601,26,1,RTC,40-ft,MF,43.007595272044995,48.19404377555477,64.58737394725227,81.45495677738391,78.54833795261484,SUCCESS,SUCCESS,84.80836403752288,82.29709250928173,18.91321694718374,21.142975699601095,SUCCESS,SUCCESS
2150619,601,20,1,RTC,40-ft,MF,97.3108435164426,108.75336832066219,144.82454346073007,70.71748788640743,64.32188945731737,SUCCESS,SUCCESS,74.62444100565729,68.63248507027447,22.035215592569273,24.311759257077995,SUCCESS,SUCCESS
2150620,601,19,1,RTC,40-ft,MF,100.45461922970144,106.63109556577356,140.23062385758487,71.09377738195505,65.13641420964808,SUCCESS,SUCCESS,72.84826204213903,66.99834455457726,9.895293483437683,10.501287145400624,SUCCESS,SUCCESS
2150621,601,11,1,RTC,40-ft,MF,109.09436230671454,119.52823469218632,158.24261288223965,68.8070505864918,61.94279913435467,SUCCESS,SUCCESS,70.65909556997332,64.02764077753864,10.44553370683576,11.758506867557514,SUCCESS,SUCCESS
2150622,601,1,1,RTC,40-ft,MF,165.92946330062918,185.51015779084938,246.6098577898456,57.10812805126785,46.27484790960185,SUCCESS,SUCCESS,61.92463530546577,51.89835982409511,27.16510091367627,31.716607197742007,SUCCESS,SUCCESS
2150623,601,49,1,RTC,40-ft,MF,109.67378940342907,127.59058717870288,171.88269206681966,67.37755546476899,59.524345378223465,SUCCESS,SUCCESS,75.86155329827197,70.449569852949,47.84974778095682,61.61826603745203,SUCCESS,SUCCESS
2150624,601,45,1,RTC,40-ft,MF,95.48313770221606,105.99321092852057,139.44573444052403,71.20687749494317,65.2755789999071,SUCCESS,SUCCESS,76.91414354039884,72.07405976399612,32.18898049636999,38.34343150946205,SUCCESS,SUCCESS
2150625,601,23,1,RTC,40-ft,MF,113.48613676372835,131.2313856527705,176.97796910856357,66.73202382043077,58.62092746302064,SUCCESS,SUCCESS,67.8592939084512,59.870227389409195,6.357803296435236,7.046051584831389,SUCCESS,SUCCESS
2150626,601,27,1,RTC,40-ft,MF,76.46527346057563,87.39818314368196,117.04709418330799,74.50386823693582,69.24696911643476,SUCCESS,SUCCESS,75.82995797719981,70.63007239654719,7.479146135088797,7.800702499834131,SUCCESS,SUCCESS
2150627,601,21,2,RTC,40-ft,SAT,461.4955248066025,570.239180881414,784.9181976531304,-11.106237744931551,-49.16989320090964,FAILURE,FAILURE,51.6064207110885,18.65678610284941,353.69939369195305,382.5424712732008,SUCCESS,FAILURE
2150628,601,22,2,RTC,40-ft,SAT,544.7712515229654,674.6359207953107,930.4636083904155,-29.61629801335295,-74.97581709049919,FAILURE,FAILURE,37.79241957861149,-6.350297167809825,380.18516721867934,387.0479323639679,SUCCESS,FAILURE
2150629,601,27,2,RTC,40-ft,SAT,263.3390780841427,323.75687208112134,445.74637382582347,32.59629927639693,10.966954995421375,SUCCESS,FAILURE,51.82892147348738,33.39064649534938,108.47198919159007,126.4696200595939,SUCCESS,SUCCESS
2150630,601,23,2,RTC,40-ft,SAT,361.95815021315906,445.7951999330956,613.8405747800934,10.958297884202912,-18.836981343988196,FAILURE,FAILURE,46.50831135789148,20.85936267576587,200.50207599160353,223.88738027141284,SUCCESS,SUCCESS
2150631,601,25,2,RTC,40-ft,SAT,339.6201239333983,417.678700306604,573.836175246249,15.94349285343901,-11.744002703235637,FAILURE,FAILURE,54.340128365577996,30.286184486129542,216.55702428846394,237.05025574801948,SUCCESS,SUCCESS
2150632,601,24,2,RTC,40-ft,SAT,567.9626423117508,705.4627001486614,973.4514298430269,-35.0820390334506,-82.59777124876362,FAILURE,FAILURE,52.80384641001026,8.473993102294958,495.67639390111907,513.6447509399702,SUCCESS,FAILURE
2150633,601,26,2,RTC,40-ft,SAT,507.0574108528499,629.0301465459988,867.9104186395862,-21.53016782730475,-63.88482599992662,FAILURE,FAILURE,51.192970769404525,14.894462639310186,410.15850168544017,444.3151879252955,SUCCESS,FAILURE
2150634,601,28,2,RTC,40-ft,SAT,141.4636772109384,171.19639150631141,234.66435141894206,59.64602987476748,48.392845493095386,SUCCESS,SUCCESS,65.04341887546049,55.5130756644719,30.441273963908486,40.158098166563605,SUCCESS,SUCCESS
2150635,601,29,2,RTC,40-ft,SAT,202.40137764754056,247.4766317937164,340.2053626223828,46.121164575582206,29.679900244258377,SUCCESS,SUCCESS,54.94550163407472,40.87747088849872,49.76926100989772,63.15429843351552,SUCCESS,SUCCESS
2150636,601,27,3,RTC,40-ft,SUN,240.08274933995483,293.23471935828564,402.758552373212,38.00802848257347,18.58890915368582,SUCCESS,FAILURE,62.74524264995564,49.37103447660903,139.5178879040355,173.611186821287,SUCCESS,SUCCESS
2150637,601,25,3,RTC,40-ft,SUN,361.95815021315906,445.7951999330956,613.8405747800934,10.958297884202912,-18.836981343988196,FAILURE,FAILURE,54.93141807053264,33.52220328505746,248.00839785089966,295.30580130781743,SUCCESS,SUCCESS
2150638,601,24,3,RTC,40-ft,SUN,400.5578243700004,493.958940594009,679.3771864496896,2.4186275542537286,-30.456947952072618,FAILURE,FAILURE,50.14570157512536,23.742138930623877,269.18069747771597,305.68285001840826,SUCCESS,SUCCESS
2150639,601,26,3,RTC,40-ft,SUN,507.0249418751487,629.1824598612563,867.9104186395862,-21.557173734265305,-63.88482599992662,FAILURE,FAILURE,63.84822791561713,46.39068828103685,481.6864653053368,621.953900544634,SUCCESS,SUCCESS
2150640,601,21,3,RTC,40-ft,SUN,422.89585064976114,522.0754402205006,719.3815859835341,-2.566567414982369,-37.5499265928252,FAILURE,FAILURE,48.72328893224972,22.590899170964523,289.274789798389,339.1942573077739,SUCCESS,SUCCESS
2150641,601,22,3,RTC,40-ft,SUN,605.6764829818662,751.0684743979732,1036.0046195938562,-43.16816921949879,-93.68876233933621,FAILURE,FAILURE,52.208330813693436,9.929983149113129,537.923460187204,584.4097245548539,SUCCESS,FAILURE
2150642,601,23,3,RTC,40-ft,SUN,385.2144789573469,476.3173526559313,656.8283962327048,5.546568678026369,-26.45893550225262,FAILURE,FAILURE,55.891129316571956,34.25642299892652,283.943322001397,342.4346219466503,SUCCESS,SUCCESS
2150643,601,28,3,RTC,40-ft,SUN,263.3390780841427,323.75687208112134,445.74637382582347,32.59629927639693,10.966954995421375,SUCCESS,FAILURE,57.5312709470454,41.57549759309697,140.6332402224573,172.63218025089031,SUCCESS,SUCCESS
2150644,601,29,3,RTC,40-ft,SUN,202.40137764754056,247.4766317937164,340.2053626223828,46.121164575582206,29.679900244258377,SUCCESS,SUCCESS,52.855248126562884,37.87740817405287,37.980231227530965,46.233944724040896,SUCCESS,SUCCESS
2150645,601,17,1,RTC,40-ft,MF,107.54942997785442,117.02159403911085,154.4106011490761,69.25149041859737,62.6222338388163,SUCCESS,SUCCESS,71.04323305857618,64.53562384366708,10.10542848948046,10.791519627358412,SUCCESS,SUCCESS
2150646,601,24,1,RTC,40-ft,MF,56.60437160151905,62.73056105217527,83.39904503241462,78.87756009713205,75.21293527794067,SUCCESS,SUCCESS,78.87756009713206,75.21293527794067,0.0,0.0,SUCCESS,SUCCESS
2150647,984,1,1,XHT,28-ft Shuttle,MF,406.3543285159236,571.6879692848304,836.5316351035844,-11.363115121423824,-58.321211897798655,FAILURE,FAILURE,65.16525123284083,49.44563311562636,431.6199862380531,607.8050058757169,SUCCESS,SUCCESS
2150648,984,7,1,XHT,28-ft Shuttle,MF,215.82269211373955,277.93947187536355,397.8005300758566,40.71995179514831,19.467991121302024,SUCCESS,FAILURE,70.61248064216812,58.70573929651991,168.5938626971917,221.30089970822888,SUCCESS,SUCCESS
2150649,984,5,1,XHT,28-ft Shuttle,MF,256.42379487150464,339.365884176413,487.59275662697,29.828743940352314,3.54738357677837,SUCCESS,FAILURE,51.724951057145944,29.259044045969528,123.49460813871599,145.013765046238,SUCCESS,SUCCESS
2150650,984,6,1,XHT,28-ft Shuttle,MF,118.28879832490725,147.25121247762317,206.58350310982698,63.89162899332922,53.37171930676826,SUCCESS,SUCCESS,76.61214760717682,70.54303213619868,71.7437249821005,96.8462043579874,SUCCESS,SUCCESS
2150651,984,2,1,XHT,28-ft Shuttle,MF,337.6163600155889,454.1392627999004,657.8981348195344,9.478854113492842,-26.64860546445646,FAILURE,FAILURE,56.55708751855472,27.183586401944016,265.5212364045489,303.61356212649866,SUCCESS,SUCCESS
2150652,984,5,2,XHT,28-ft Shuttle,SAT,304.0412220776262,402.1034729590872,579.4362403549218,18.70505798597745,-12.736922048744992,FAILURE,FAILURE,54.071146502405846,31.714173565826055,199.46473923265614,250.70417926618063,SUCCESS,SUCCESS
2150653,984,1,2,XHT,28-ft Shuttle,SAT,404.82147308080454,541.7810007428135,788.0758279332692,-6.060461124612317,-49.72975672575695,FAILURE,FAILURE,48.88594125223046,17.65457888000727,309.8977094053933,380.0476528165102,SUCCESS,FAILURE
2150654,984,2,2,XHT,28-ft Shuttle,SAT,376.2225654677742,504.94762598063403,732.6503872765825,0.4702790814478711,-39.902550935564264,FAILURE,FAILURE,52.40820314022175,22.36863143978608,292.92989169148467,351.20946859697597,SUCCESS,SUCCESS
2150655,984,7,2,XHT,28-ft Shuttle,SAT,253.56502168299284,330.4210657541434,473.69629427120844,31.414704653520676,6.011295341984322,SUCCESS,FAILURE,67.1242639691211,52.070758560660934,201.40191453998636,259.77537255333607,SUCCESS,SUCCESS
2150656,984,4,2,XHT,28-ft Shuttle,SAT,253.56502168299284,330.4210657541434,473.69629427120844,31.414704653520676,6.011295341984322,SUCCESS,FAILURE,63.9811876107799,47.713276783012674,183.67496387894204,235.19917532739993,SUCCESS,SUCCESS
2150657,984,1,3,XHT,28-ft Shuttle,SUN,354.7234043128346,476.85738048382245,692.0355716824764,5.450819063152052,-32.70134249689298,FAILURE,FAILURE,52.8493128906556,26.174642380211267,267.32750518712,332.0605547068679,SUCCESS,SUCCESS
2150658,984,7,3,XHT,28-ft Shuttle,SUN,255.90946685796197,337.86363238666917,486.97275953194827,30.0951006406615,3.657312139725488,SUCCESS,FAILURE,56.46707813975671,37.79860206091321,148.73795309489697,192.5568751554988,SUCCESS,SUCCESS
2150659,984,4,3,XHT,28-ft Shuttle,SUN,290.7930232387035,381.4004078431795,548.9720613715386,22.375814212202222,-7.335471874386281,SUCCESS,FAILURE,66.44900731581771,48.4640083038266,248.57280910439135,314.7090682051207,SUCCESS,SUCCESS
2150660,984,2,3,XHT,28-ft Shuttle,SUN,292.41715855955493,384.26922236617,554.7691442934155,21.867159154934395,-8.363323456279337,SUCCESS,FAILURE,64.42998971693552,45.82372012060054,240.05436436968637,305.6149257736027,SUCCESS,SUCCESS
2150661,984,6,3,XHT,28-ft Shuttle,SUN,216.33702012728224,279.44172366510736,398.42052717087824,40.45359509483912,19.358062558354924,SUCCESS,FAILURE,64.46738623622039,50.2959727256409,135.43778203739032,174.48981334349293,SUCCESS,SUCCESS
2150662,984,4,1,XHT,28-ft Shuttle,MF,247.52985795824492,366.6885319421363,528.5913474087811,24.984302847138956,-3.721870107939903,SUCCESS,FAILURE,83.33853508313254,73.04175358365403,329.1178698110039,432.9468376205896,SUCCESS,SUCCESS
2150663,984,6,2,XHT,28-ft Shuttle,SAT,206.37037938396057,300.0909328052554,431.9210207189059,36.79238780048663,13.418258737782649,SUCCESS,FAILURE,83.0478377879296,76.88483632308976,260.88073792917874,357.9514975811318,SUCCESS,SUCCESS
2150664,984,3,2,XHT,28-ft Shuttle,SAT,222.531889033447,325.839299837567,473.390756415771,32.22707449688528,6.065468720607979,SUCCESS,FAILURE,83.05653159596005,77.0456927222426,286.6781380387818,400.32846336921926,SUCCESS,SUCCESS
2150665,984,3,3,XHT,28-ft Shuttle,SUN,168.7936520858864,238.18697795438823,343.9254054418585,47.76826632014394,29.020318184067644,SUCCESS,SUCCESS,83.38764255522234,81.12932841819715,200.89328196584256,293.89481772049015,SUCCESS,SUCCESS
2150666,984,5,3,XHT,28-ft Shuttle,SUN,164.4860394036371,233.300969300213,334.25483292146606,48.63457991130976,30.734958701867725,SUCCESS,SUCCESS,83.33982316348,81.00621947319328,195.73757194223998,283.52991075027614,SUCCESS,SUCCESS
2150707,312,55,2,STC,40-ft,SAT,564.9543936634251,692.2492648164316,971.9230346930469,-32.73923135043113,-82.32677920089483,FAILURE,FAILURE,42.48291020201696,-2.1375076504073665,424.2528783558075,452.2674915447495,SUCCESS,FAILURE
2150708,701,16,1,PCT,40-ft,MF,87.02318547645912,115.00504262937808,165.30082984704228,69.60903499479113,60.691342225701725,SUCCESS,SUCCESS,73.39083554834703,66.026057389168,21.32935512205529,30.087793521949777,SUCCESS,SUCCESS
2150709,701,4,1,PCT,40-ft,MF,539.372177218983,741.8019804989102,1074.8333256734936,-41.5251738473245,-100.57328469388185,FAILURE,FAILURE,38.41166660670229,-16.795697832944782,450.8437801607111,472.5055898956846,SUCCESS,FAILURE
2150710,701,7,1,PCT,40-ft,MF,490.40522831513465,675.8037674465753,979.0471956271587,-29.82336302244243,-83.5899283026877,FAILURE,FAILURE,33.876739980786084,-15.364935422979636,359.2685809382089,384.78895984155315,SUCCESS,FAILURE
2150711,701,48,2,PCT,40-ft,SAT,441.0717697358611,606.7097148317885,878.3421332869807,-17.572644473721354,-65.73442079556395,FAILURE,FAILURE,50.52122190071605,5.7943869251326285,384.0494063518271,403.42247554472846,SUCCESS,FAILURE
2150712,701,47,2,PCT,40-ft,SAT,451.7417012453758,620.0632245360508,897.4926365458961,-19.940288038306882,-69.12990009679008,FAILURE,FAILURE,43.57256676882295,-0.7009978494460423,358.2125011122123,385.93900867502,SUCCESS,FAILURE
2150713,701,42,2,PCT,40-ft,SAT,539.372177218983,741.8019804989101,1074.8333256734936,-41.52517384732448,-100.57328469388185,FAILURE,FAILURE,54.373443994592506,-4.556727597515386,540.8682046284121,541.5333820235064,SUCCESS,FAILURE
2150714,701,46,2,PCT,40-ft,SAT,518.656256878759,733.306227156143,1071.6762767063879,-40.01883460215301,-100.01352423872125,FAILURE,FAILURE,35.443154834840904,-19.335022756500024,425.6056204246457,455.0267483597274,SUCCESS,FAILURE
2150715,701,44,2,PCT,40-ft,SAT,391.695235817904,534.1714842836814,771.0200604002316,-4.711256078666905,-46.705684468126165,FAILURE,FAILURE,50.43322520171609,15.83174949538044,311.0148744213601,352.71112755417704,SUCCESS,FAILURE
2150716,701,41,2,PCT,40-ft,SAT,381.1262447060709,537.9171401993011,787.6382750787924,-5.375379467961187,-49.652176432409995,FAILURE,FAILURE,48.43205020283537,10.01088036618936,303.4739033432926,336.4996403441001,SUCCESS,FAILURE
2150717,701,45,2,PCT,40-ft,SAT,361.3479335022048,497.0336373639078,719.9532129564195,1.8734685524986183,-37.651278892982184,FAILURE,FAILURE,43.261844339074365,9.61930048916637,233.43043943628726,266.60606771531775,SUCCESS,FAILURE
2150718,701,43,2,PCT,40-ft,SAT,340.4324452175987,487.077445204397,715.7228461233369,3.6387508502842225,-36.90121385165548,FAILURE,FAILURE,47.09060693455188,16.896053111251653,245.06846831526957,303.4165856707961,SUCCESS,FAILURE
2150719,701,72,3,PCT,40-ft,SUN,398.2886752455664,562.9617854215346,823.5503578257898,-9.81591940098131,-56.019566990388256,FAILURE,FAILURE,55.30520395493422,18.954026200581385,367.28313572736363,422.85106559706867,SUCCESS,FAILURE
2150720,701,75,3,PCT,40-ft,SUN,460.3813603361771,638.3175821559336,926.2822699306187,-23.176876268782543,-74.23444502315934,FAILURE,FAILURE,37.758962266541474,-9.30534151213188,343.67812933922755,366.2001438021943,SUCCESS,FAILURE
2150721,701,73,3,PCT,40-ft,SUN,466.931724425156,663.6637053604666,972.1955568096056,-27.67086974476357,-82.37509872510736,FAILURE,FAILURE,46.87897100465655,0.11707619662003944,420.46110182672953,465.2558665585423,SUCCESS,FAILURE
2150722,701,70,3,PCT,40-ft,SUN,351.1829934827303,502.4253940485425,738.5440842904694,0.917483324726511,-40.947532675615136,FAILURE,FAILURE,49.964142817175556,9.011560991332635,276.6231595374127,281.7692882815854,SUCCESS,FAILURE
2150723,701,76,3,PCT,40-ft,SUN,440.9911529802442,604.7152756919054,874.6713983787636,-17.21902051274918,-65.08358127283041,FAILURE,FAILURE,37.50817390630356,-3.9095311034407456,308.6613765234573,345.0216429553574,SUCCESS,FAILURE
2150724,701,71,3,PCT,40-ft,SUN,428.34881411101406,609.9176015898252,894.3117326365601,-18.1414187216002,-68.56591004194328,FAILURE,FAILURE,41.93185361920155,-8.371196023658714,338.8132560021221,339.4981870631248,SUCCESS,FAILURE
2150725,701,77,3,PCT,40-ft,SUN,273.52585477280485,374.0388651044969,541.629106132404,23.681052286436724,-6.033529456099995,SUCCESS,FAILURE,47.95694174468984,22.59747963349593,136.91601654454757,161.47889126532098,SUCCESS,SUCCESS
2150726,701,74,3,PCT,40-ft,SUN,490.40522831513465,675.8037674465753,979.0471956271588,-29.82336302244243,-83.58992830268772,FAILURE,FAILURE,43.498968890271115,-5.138259309873764,413.53795198770456,442.4674131194702,SUCCESS,FAILURE
2150727,940,6,1,XNE,28-ft Shuttle,MF,308.7617213342153,450.4942720182378,652.6230072962227,10.12512907478054,-25.71329916599693,FAILURE,FAILURE,10.125129074780554,-25.713299165996915,0.0,0.0,FAILURE,FAILURE
2150728,940,25,1,XNE,28-ft Shuttle,MF,139.28241986120636,198.0846473476385,286.4861685843826,54.87860862630524,39.20458003823004,SUCCESS,SUCCESS,54.87860862630518,39.20458003822999,0.0,0.0,SUCCESS,SUCCESS
2150729,940,15,1,XNE,28-ft Shuttle,MF,227.28196330094391,328.54516450159855,472.60352782701614,31.747311258581824,6.2050482576212564,SUCCESS,FAILURE,31.74731125858174,6.20504825762125,0.0,0.0,SUCCESS,FAILURE
2150730,940,11,1,XNE,28-ft Shuttle,MF,80.36613275980753,110.04282223824579,157.23072942797944,70.48886130527558,62.12221109432989,SUCCESS,SUCCESS,70.48886130527553,62.12221109432987,0.0,0.0,SUCCESS,SUCCESS
2150731,940,9,2,XNE,28-ft Shuttle,SAT,253.85760986756472,367.69023745488863,527.1201095388515,24.80669548672188,-3.461012329583589,SUCCESS,FAILURE,24.80669548672183,-3.4610123295835655,0.0,0.0,SUCCESS,FAILURE
2150732,940,3,2,XNE,28-ft Shuttle,SAT,259.149289666114,375.8427874995325,547.7980444888897,23.361207890153814,-7.127312852640009,SUCCESS,FAILURE,24.819402975245488,-5.592751632615431,8.224220279917176,8.654925280938528,SUCCESS,FAILURE
2150733,940,8,3,XNE,28-ft Shuttle,SUN,253.85760986756472,367.69023745488863,527.1201095388515,24.80669548672188,-3.461012329583589,SUCCESS,FAILURE,24.80669548672183,-3.4610123295835655,0.0,0.0,SUCCESS,FAILURE
2150734,940,6,3,XNE,28-ft Shuttle,SUN,244.32869273503744,355.2504849080346,518.2078237161506,27.012325370915857,-1.8808198078281242,SUCCESS,FAILURE,27.012325370915825,-1.8808198078281213,0.0,0.0,SUCCESS,FAILURE
2150736,940,28,1,XNE,28-ft Shuttle,MF,157.65960021085732,224.4033280905981,318.7966317103929,50.21217587046133,33.475774519433884,SUCCESS,SUCCESS,64.41585755539046,52.11040338108594,80.10876470300025,105.09930677971755,SUCCESS,SUCCESS
2150737,940,29,1,XNE,28-ft Shuttle,MF,119.70181931096653,162.58946648135915,229.52465844446647,61.172080411106535,49.30413857367616,SUCCESS,SUCCESS,73.08113239281586,64.3402427736369,67.16705317684051,84.80362768777843,SUCCESS,SUCCESS
2150738,940,30,1,XNE,28-ft Shuttle,MF,115.69883342156356,156.99705975541445,221.38747005427714,62.16364188733786,50.74690247264589,SUCCESS,SUCCESS,73.59101947633371,65.77477555720577,64.45040960193654,84.75720419691771,SUCCESS,SUCCESS
2150740,940,9,1,XNE,28-ft Shuttle,MF,338.2900793744401,482.8905309590225,688.6784245959269,4.381111532088214,-32.10610365176009,FAILURE,FAILURE,72.86841147373781,59.380835070831935,386.2683716709037,515.9863343954191,SUCCESS,SUCCESS
2150741,940,16,1,XNE,28-ft Shuttle,MF,77.46714636333445,101.82835207420902,137.85196302083412,71.94532764641684,65.5581625849585,SUCCESS,SUCCESS,76.93784978153894,70.9630629698251,28.15782484208853,30.48363817064768,SUCCESS,SUCCESS
2150742,940,5,1,XNE,28-ft Shuttle,MF,82.62593019990115,109.89305055118756,152.36227930455883,70.51541656893838,62.98541147082292,SUCCESS,SUCCESS,75.61197240242025,68.87375410484805,28.744574900837677,33.21025245590181,SUCCESS,SUCCESS
2150743,940,14,1,XNE,28-ft Shuttle,MF,291.0882714157849,401.371620781592,567.9173425239901,18.83481901035603,-10.694564277303204,FAILURE,FAILURE,68.8781044177714,56.06814552789192,282.2441296978227,376.54168330130057,SUCCESS,SUCCESS
2150744,940,4,1,XNE,28-ft Shuttle,MF,329.7689894427608,452.4504573056117,638.8720892432086,9.778287711770982,-23.275193128228473,FAILURE,FAILURE,70.52409868965255,55.92769023594381,342.6063739152522,446.70426217393157,SUCCESS,SUCCESS
2150745,940,20,1,XNE,28-ft Shuttle,MF,213.70987753738345,306.1688262894137,437.08868977615134,35.71474711180609,12.502005358838419,SUCCESS,FAILURE,78.23055623475327,70.89125112315465,239.7891634534219,329.3153461107435,SUCCESS,SUCCESS
2150746,940,7,1,XNE,28-ft Shuttle,MF,373.02076037256325,517.2966638300347,730.8828629630198,-1.7192666365309768,-39.589160099826195,FAILURE,FAILURE,71.60547210178136,60.31801567281897,413.55152648408176,563.4764713577185,SUCCESS,SUCCESS
2150747,940,5,2,XNE,28-ft Shuttle,SAT,299.4928001385211,419.38551173507295,580.2429075566315,15.64086671363955,-12.879948148338915,FAILURE,FAILURE,83.46344829470408,74.50187238934136,382.5193601172038,492.8334678325165,SUCCESS,SUCCESS
2150748,940,2,2,XNE,28-ft Shuttle,SAT,285.0121113831524,403.24243741545064,570.5901489512543,18.503113933430743,-11.168466126108909,FAILURE,FAILURE,74.17749807820937,64.88304511657877,314.0035265765514,428.93052340875835,SUCCESS,SUCCESS
2150749,940,2,3,XNE,28-ft Shuttle,SUN,273.9857978141851,388.7624581684151,543.7155198116353,21.07048614035194,-6.403460959509805,SUCCESS,FAILURE,83.36574589092322,77.58579797472086,351.34526499322175,473.6994203890608,SUCCESS,SUCCESS
2150750,940,1,3,XNE,28-ft Shuttle,SUN,272.45210714519186,386.53477269768877,541.4082241134163,21.46546583374313,-5.9943659775560745,SUCCESS,FAILURE,83.82777652987174,77.60004524544152,351.72343232616504,471.47247929770623,SUCCESS,SUCCESS
2150751,940,10,1,XNE,28-ft Shuttle,MF,110.10708538132538,145.1404030888361,204.72352363993272,64.26588597715673,53.701502900721145,SUCCESS,SUCCESS,75.28801166028097,67.66163456414196,62.164788852820834,78.73514258169348,SUCCESS,SUCCESS
2150753,940,27,1,XNE,28-ft Shuttle,MF,150.06793453806955,213.9589045963695,306.25098825399624,52.06402400773591,35.70017938758932,SUCCESS,SUCCESS,74.87700465441111,66.34088931237963,128.6652108472482,172.81360397581727,SUCCESS,SUCCESS
2150754,940,13,1,XNE,28-ft Shuttle,MF,251.3789104396407,353.1261675088524,501.43640025271895,27.388977392047448,1.092836834624303,SUCCESS,FAILURE,72.7610711697922,59.93064901855555,255.89860890647992,331.8452607173721,SUCCESS,SUCCESS
2150755,940,8,1,XNE,28-ft Shuttle,MF,73.4641812223862,95.08255697488404,131.93295592603414,73.14139060729006,66.60763192800813,SUCCESS,SUCCESS,78.07785430143205,71.93195545679572,27.841655234960626,30.029184702362045,SUCCESS,SUCCESS
2150756,940,12,1,XNE,28-ft Shuttle,MF,259.3742629510375,375.70644264953216,538.9830428755997,23.3853825089482,-5.564369304184344,SUCCESS,FAILURE,58.77696422297439,37.450342760824554,199.60852086710776,242.60297604664993,SUCCESS,SUCCESS
2150757,940,1,1,XNE,28-ft Shuttle,MF,109.83443939915789,140.65584157161197,195.2075974157735,65.06102099794114,55.388723862451506,SUCCESS,SUCCESS,73.00340754518096,64.47528409972915,44.79506012643259,51.24819973824589,SUCCESS,SUCCESS
2150758,940,6,2,XNE,28-ft Shuttle,SAT,284.31055068695173,400.65422932500377,569.7742633913679,18.962016077126993,-11.023805565845363,FAILURE,FAILURE,83.94961564307317,78.905894871788,366.5300615519363,507.2035104682521,SUCCESS,SUCCESS
2150759,940,1,2,XNE,28-ft Shuttle,SAT,275.92782321731875,386.8913486804387,549.4127614897126,21.402243141766196,-7.413610193211446,SUCCESS,FAILURE,72.31178592110503,62.81641724989512,287.1298212754708,396.09735477912096,SUCCESS,SUCCESS
2150760,940,17,1,XNE,28-ft Shuttle,MF,247.62617415267766,365.8331530161864,528.9347615748667,25.135965777271924,-3.7827591444799045,SUCCESS,FAILURE,59.179773022849744,35.11437236202611,192.007072865059,219.37982169669382,SUCCESS,SUCCESS
2150761,940,10,2,XNE,28-ft Shuttle,SAT,241.16959117243997,333.36940025911747,472.8190792791654,30.89195030866712,6.166829915041598,SUCCESS,FAILURE,72.1351668655647,62.857182688167754,232.6117413809024,319.7335896404316,SUCCESS,SUCCESS
2150762,940,4,2,XNE,28-ft Shuttle,SAT,275.2750122680868,388.18586239098556,551.8133377204033,21.172719434222422,-7.839244276667247,SUCCESS,FAILURE,77.16957030182378,68.46894327701743,315.8222388932716,430.3781778027816,SUCCESS,SUCCESS
2150763,940,7,2,XNE,28-ft Shuttle,SAT,287.56798578359434,400.9763359112806,569.3946097280933,18.9049049802694,-10.956491086541362,FAILURE,FAILURE,72.08293400867046,62.37555260545253,299.924083720182,413.5927264228458,SUCCESS,SUCCESS
2150764,940,8,2,XNE,28-ft Shuttle,SAT,294.10356869664855,411.14009425139074,583.3978914891009,17.102820168193137,-13.439342462606533,FAILURE,FAILURE,71.32563208375996,61.89741039462129,305.81665920379675,424.8992861147647,SUCCESS,SUCCESS
2150765,940,3,3,XNE,28-ft Shuttle,SUN,225.17186944620283,332.7770730666617,480.06901496337287,30.996972860520973,4.8813803256431125,SUCCESS,FAILURE,72.58027529706621,62.9990835575845,234.52982574211507,327.7838462281493,SUCCESS,SUCCESS
2150766,940,7,3,XNE,28-ft Shuttle,SUN,207.738991901614,308.3010814269103,444.6188116555762,35.33668769026414,11.166877366032589,SUCCESS,FAILURE,76.18643155373684,68.10816594767105,230.392555389986,321.14886760044084,SUCCESS,SUCCESS
2150767,940,4,3,XNE,28-ft Shuttle,SUN,218.1306867521033,319.6720493802708,460.7872176051918,33.32055862051937,8.300138722483725,SUCCESS,FAILURE,72.02800948222682,62.31302999027386,218.31002286003002,304.63270675033624,SUCCESS,SUCCESS
2150768,940,18,1,XNE,28-ft Shuttle,MF,75.5664631652025,102.76532305696855,142.65727785379786,71.7791980395446,64.7061564089011,SUCCESS,SUCCESS,76.84387726917569,70.50351810361146,28.56479085511944,32.69711995816641,SUCCESS,SUCCESS
2150769,940,19,1,XNE,28-ft Shuttle,MF,255.33177316990052,357.5497112728993,501.49571495821766,26.60466112182637,1.082320042869213,SUCCESS,FAILURE,70.22375817175354,56.11459957733786,246.01170736158917,310.382056574403,SUCCESS,SUCCESS
2150770,940,21,1,XNE,28-ft Shuttle,MF,114.0465807267508,150.48974786968012,212.39628790629234,63.31742059048226,52.3410837045581,SUCCESS,SUCCESS,76.27708472354011,67.78526218136545,73.0925057104464,87.10516660919336,SUCCESS,SUCCESS
2150771,940,3,1,XNE,28-ft Shuttle,MF,199.43815211899206,261.8571343313004,366.9352355940494,43.57143008310277,24.94056106488486,SUCCESS,SUCCESS,63.45398240791306,48.86789175015564,112.13759511193007,134.95014506492737,SUCCESS,SUCCESS
2150773,940,9,3,XNE,28-ft Shuttle,SUN,239.11428211526888,330.6818538582877,469.91086618738916,31.368465627963175,6.682470534150863,SUCCESS,FAILURE,76.0969710201293,67.36638044463854,252.268770411817,342.25725189515066,SUCCESS,SUCCESS
2150774,940,5,3,XNE,28-ft Shuttle,SUN,281.1524339281401,390.9873138688136,556.1152488446284,20.67600817928837,-8.601994475997932,SUCCESS,FAILURE,77.33841575758962,68.6082294881732,319.57597874161905,435.46566315792546,SUCCESS,SUCCESS
2150775,701,26,1,PCT,40-ft,MF,83.38454423633277,101.80886882172163,141.29328218660868,71.94878212380823,64.94799961230343,SUCCESS,SUCCESS,75.51214234193762,68.76694836420589,20.097351630249705,21.538870960729923,SUCCESS,SUCCESS
2150776,701,12,1,PCT,40-ft,MF,353.7289167543396,456.3761820872992,645.7445804884588,9.082237218563979,-24.4937199447622,FAILURE,FAILURE,70.91100821697059,60.435428517889044,348.71426843101324,479.00039732935306,SUCCESS,SUCCESS
2150777,701,8,1,PCT,40-ft,MF,378.15716980427976,489.9292379445421,693.1306379905801,3.1331138396202025,-32.895503189819166,FAILURE,FAILURE,63.038600080474026,49.58222339934915,337.86694239841563,465.17437796290943,SUCCESS,SUCCESS
2150778,701,2,1,PCT,40-ft,MF,431.96617710854144,558.5727494611783,791.9887955582616,-9.037721535669911,-50.423545311748505,FAILURE,FAILURE,63.65287451772866,48.056610523284256,409.974961741168,555.4280789095849,SUCCESS,SUCCESS
2150779,701,14,1,PCT,40-ft,MF,102.01847470462518,122.39375269736955,169.23078419506447,68.29898001819689,59.99454180938574,SUCCESS,SUCCESS,72.92793291111019,65.2330499761814,26.107294316031016,29.54518606072753,SUCCESS,SUCCESS
2150780,701,5,1,PCT,40-ft,MF,137.45341873993414,172.72233147483712,242.1835418469787,59.37547314275938,47.05965570089031,SUCCESS,SUCCESS,71.3477712205717,62.55508311618314,67.52376115886148,87.39421062225159,SUCCESS,SUCCESS
2150781,701,18,1,PCT,40-ft,MF,77.91230863327205,95.73156674661261,133.1430354377927,73.02631795272828,66.3930788230864,SUCCESS,SUCCESS,79.24273848270614,73.05463521621924,35.06061178907527,37.57117805726921,SUCCESS,SUCCESS
2150782,701,24,1,PCT,40-ft,MF,53.74392278267157,64.44846202584901,87.78908002835995,78.57296772591329,74.43456027865959,SUCCESS,SUCCESS,79.98914199521037,75.92312591251033,7.987222878835553,8.395510174918229,SUCCESS,SUCCESS
2151290,805,8,1,BTC,60-ft,MF,375.8545042861121,587.8240801404863,878.8009104374662,-14.224127684483387,-65.81576426196209,FAILURE,FAILURE,54.47406964333624,25.601043450984506,387.4578329289027,515.5907955010186,SUCCESS,SUCCESS
2151291,805,21,1,BTC,60-ft,MF,254.69330817773152,402.09039471022265,604.3363322774655,18.70737682442861,-17.15183196408963,FAILURE,FAILURE,61.612325842919546,38.49066598228468,241.9839124642889,313.823688417551,SUCCESS,SUCCESS
2151292,802,24,2,BTC,60-ft,SAT,343.23926608383465,502.8124429675124,756.1251898384268,0.8488576298736876,-44.064749971352256,FAILURE,FAILURE,72.96646316262427,57.413530927165645,406.74329520471343,572.3375042676413,SUCCESS,SUCCESS
2151293,802,22,2,BTC,40-ft,SAT,363.11471251569367,532.326990009078,800.5249814800545,-4.384218086715959,-51.93705345391037,FAILURE,FAILURE,72.97295033563334,58.47859583137033,436.2944299020502,622.7442619689837,SUCCESS,SUCCESS
2151294,802,31,2,BTC,60-ft,SAT,303.46666087018525,443.7024137663694,667.3256065551712,11.329359261282029,-28.32014300623603,FAILURE,FAILURE,72.97514347111417,59.85587048358988,347.68222294345344,497.3127160826187,SUCCESS,SUCCESS
2151295,805,24,1,BTC,60-ft,MF,283.07513718823685,454.0080757979045,683.9506398172367,9.502114220229704,-31.267843939226363,FAILURE,FAILURE,68.71130860639656,47.30870359318728,333.9398563379811,443.171728082813,SUCCESS,SUCCESS
2151296,805,27,1,BTC,60-ft,MF,312.0193085783085,494.310714139025,739.754245618155,2.356256358328908,-41.162100286906906,FAILURE,FAILURE,63.69096901268808,27.453478553166565,345.92777937058577,386.99186465801444,SUCCESS,SUCCESS
2151297,805,36,1,BTC,60-ft,MF,247.7883083390157,393.80101441964786,591.4697689519871,20.17712510289932,-14.870526409926793,SUCCESS,FAILURE,64.9953962883648,45.8044960259885,252.7750494860254,342.2071265385622,SUCCESS,SUCCESS
2151298,805,22,2,BTC,60-ft,SAT,338.9520175033398,540.4938172139437,810.9253167085253,-5.832237094670857,-53.78108452278817,FAILURE,FAILURE,62.609157420503905,39.3562293416389,386.0094650655857,525.2944501953688,SUCCESS,SUCCESS
2151299,805,12,2,BTC,60-ft,SAT,459.30392140672194,730.8618791267094,1097.8682707754956,-39.585439561473294,-104.65749481835027,FAILURE,FAILURE,63.95234827975984,42.56541034947932,583.9531234245549,830.3371851465586,SUCCESS,SUCCESS
2151300,805,17,2,BTC,60-ft,SAT,389.2682284380079,621.3425219292839,933.575718520602,-20.167113817248907,-75.5276096667734,FAILURE,FAILURE,63.93778393218143,33.37199083582746,474.3516233067872,614.193746834669,SUCCESS,SUCCESS
2151301,805,14,2,BTC,60-ft,SAT,424.48463571947735,671.7920487886427,1006.6619000386559,-29.112065388057207,-88.48615248912337,FAILURE,FAILURE,63.605478608532515,31.069246796763483,522.9269481407662,674.292451972402,SUCCESS,SUCCESS
2151302,805,35,3,BTC,60-ft,SUN,459.30392140672194,730.8618791267094,1097.8682707754956,-39.585439561473294,-104.65749481835027,FAILURE,FAILURE,73.96982438604755,54.656725941587695,640.4516886640176,898.5322050860498,SUCCESS,SUCCESS
2151303,805,42,3,BTC,60-ft,SUN,283.0621122512407,454.10244590224494,683.9506398172367,9.48538193222608,-31.267843939226363,FAILURE,FAILURE,70.7170890112095,52.974923102194204,345.34682792546647,475.12920611361204,SUCCESS,SUCCESS
2151304,805,34,3,BTC,60-ft,SUN,444.69710299662853,706.5494771486223,1059.2758952834806,-35.27472999089047,-97.81487505026251,FAILURE,FAILURE,63.679462971570985,36.07803167320162,558.1016483082827,755.1559939203379,SUCCESS,SUCCESS
2151305,803,1,1,PCT,60-ft,MF,557.4728189548171,712.1784869434906,993.0507552617374,-36.27278137295932,-86.07282894711656,FAILURE,FAILURE,65.20899433706785,49.11045282705284,572.3572150045534,762.4337092063146,SUCCESS,SUCCESS
2151306,803,21,2,PCT,60-ft,SAT,626.4902985739413,822.3106582676535,1161.17610003508,-55.799762104193874,-115.88228724026241,FAILURE,FAILURE,46.67170644487511,21.23283286341614,577.9390826167493,773.3292773847468,SUCCESS,SUCCESS
2151307,803,36,3,PCT,60-ft,SUN,528.511726068022,703.1786737144919,999.1561159087889,-34.67706980753402,-87.15533970013988,FAILURE,FAILURE,49.13383365748165,21.4912094241319,472.6934955426885,612.7665370608922,SUCCESS,SUCCESS
2151309,806,33,1,HTC,60-ft,MF,318.37209712299875,455.1186708786973,659.6563416381915,9.305200198812543,-26.96034426209069,FAILURE,FAILURE,62.54788586698963,40.998626244179576,300.2887471685187,383.2885936553643,SUCCESS,SUCCESS
2151310,806,49,1,HTC,40-ft,MF,110.66810613211744,149.67081449218742,215.72945470975026,63.462621543938404,51.7500966826684,SUCCESS,SUCCESS,71.93172932427515,62.39391354456762,47.76576788109918,60.031127101111565,SUCCESS,SUCCESS
2151311,806,34,1,HTC,60-ft,MF,216.94825571402083,306.0566187869121,443.0449937676851,35.73464205905814,11.445923090835974,SUCCESS,FAILURE,67.35491868443935,53.82630449900299,178.33836016715003,239.02535114206194,SUCCESS,SUCCESS
2151312,806,7,1,HTC,60-ft,MF,373.60083927488375,540.7396632658282,785.9171862672958,-5.875826820182301,-49.34701884171912,FAILURE,FAILURE,68.28477191054996,53.99285762395303,418.26577684133025,582.836903266391,SUCCESS,SUCCESS
2151314,806,35,1,HTC,60-ft,MF,75.80540671300214,100.33223504173601,142.65889114092948,72.21059662380569,64.70587036508343,SUCCESS,SUCCESS,78.25014315575955,71.38167005162055,34.06304244021982,37.65151023206931,SUCCESS,SUCCESS
2151315,806,3,1,HTC,60-ft,MF,260.8906002712514,369.5060071952571,535.4697194889766,24.484750497294844,-4.941439625705063,SUCCESS,FAILURE,66.23252648680366,51.78422784251009,235.45745658082978,319.9327645207334,SUCCESS,SUCCESS
2151316,806,45,1,HTC,60-ft,MF,87.8258281654412,116.1441810763736,166.7983957763168,69.40706009284156,60.42581635171689,SUCCESS,SUCCESS,73.7054858854982,65.5693483410288,24.24312147058339,29.009520419719195,SUCCESS,SUCCESS
2151317,806,1,1,HTC,60-ft,MF,363.46864696417686,524.0523559621307,762.5337228609444,-2.917084390448705,-45.2010146916568,FAILURE,FAILURE,76.18087163521304,66.29531443477103,446.1124719847322,628.8392962730529,SUCCESS,SUCCESS
2151318,806,36,1,HTC,60-ft,MF,76.68974993160508,100.02587566279227,141.72182304505597,72.2649156626255,64.87201719059291,SUCCESS,SUCCESS,75.89421969974707,68.77037445272863,20.46927476936571,21.986734958445425,SUCCESS,SUCCESS
2151319,806,42,1,HTC,60-ft,MF,123.43219788265954,168.8256259236114,243.58427320725738,60.066378382338414,46.811299076727416,SUCCESS,SUCCESS,73.23029997803499,64.25534205719465,74.24451779972861,98.38440240983522,SUCCESS,SUCCESS
2151320,806,32,1,HTC,60-ft,MF,258.7719256657499,371.3034864556954,538.9639452480164,24.166048500763228,-5.560983200002911,SUCCESS,FAILURE,75.79195435709732,63.3501046739799,291.17010902972424,388.65853560926297,SUCCESS,SUCCESS
2151321,806,47,1,HTC,40-ft,MF,87.8258281654412,116.1441810763736,166.7983957763168,69.40706009284156,60.42581635171689,SUCCESS,SUCCESS,74.89028952874929,66.61222829044337,30.92541401851946,34.891363334417406,SUCCESS,SUCCESS
2151322,806,10,1,HTC,60-ft,MF,273.17508339172497,388.48775878238774,562.5606987634757,21.119191705250405,-9.7448047452971,SUCCESS,FAILURE,64.58410958139928,47.9192723295315,245.14213682147954,325.22539470203316,SUCCESS,SUCCESS
2151324,806,43,1,HTC,60-ft,MF,160.2536494866752,224.20600488992537,325.0722398849482,50.24716225355934,32.36307803458365,SUCCESS,SUCCESS,73.26558139355878,65.00630230327567,129.82388394959673,184.10778487542296,SUCCESS,SUCCESS
2151325,806,46,1,HTC,40-ft,MF,102.85891388230306,139.55481181256388,199.91853469133642,65.25623904032555,54.553451295862345,SUCCESS,SUCCESS,76.03175289236628,67.98513509911614,60.773898125509845,75.75469665035138,SUCCESS,SUCCESS
2151326,806,2,2,HTC,60-ft,SAT,375.1019901046327,537.1391742743261,780.1250141561436,-5.237442247220942,-48.320037970947446,FAILURE,FAILURE,58.59862654750885,24.16374044250082,360.0354280022761,408.8085102518485,SUCCESS,SUCCESS
2151327,806,43,2,HTC,60-ft,SAT,179.68248223422498,250.673069474947,363.28910650220155,45.55442030586047,25.587037854219584,SUCCESS,SUCCESS,66.57041091750004,52.9935176544874,118.53018704964711,154.57254607351052,SUCCESS,SUCCESS
2151328,806,1,2,HTC,60-ft,SAT,295.5298191563225,421.5920374628834,610.7252827047581,15.24963874771571,-18.284624593042214,FAILURE,FAILURE,66.79849392703167,40.88412700654413,290.7355432113421,333.7117590216669,SUCCESS,SUCCESS
2151329,806,44,2,HTC,60-ft,SAT,260.89060027125146,369.5060071952572,535.4697194889765,24.484750497294826,-4.941439625705043,SUCCESS,FAILURE,51.6349692439805,27.541685421226436,153.12723373130711,183.20482526469362,SUCCESS,SUCCESS
2151330,806,45,2,HTC,60-ft,SAT,147.166752639949,202.2951948515062,291.5808998139601,54.132057650442164,38.301258898234025,SUCCESS,SUCCESS,71.25486425684699,61.462383322075766,96.57262926012305,130.62874175046744,SUCCESS,SUCCESS
2151331,806,6,2,HTC,60-ft,SAT,364.05665305635125,522.171937710325,757.5184595050583,-2.583676898993787,-44.311783600187646,FAILURE,FAILURE,56.479658149865685,23.01457391022751,333.1172096755673,379.7206563587416,SUCCESS,SUCCESS
2151332,806,3,2,HTC,60-ft,SAT,364.54419525843,522.5942924456431,758.2849344972093,-2.6585624903622436,-44.44768342149101,FAILURE,FAILURE,57.4718271774329,29.95064865430003,339.1353977263645,419.6065929074615,SUCCESS,SUCCESS
2151333,806,47,2,HTC,40-ft,SAT,100.50711230243893,134.39721854924233,192.18583196279133,66.1707059309854,55.92449787893771,SUCCESS,SUCCESS,74.07188305836942,65.45623240070078,44.562638998445834,53.758982702743765,SUCCESS,SUCCESS
2151334,806,46,2,HTC,40-ft,SAT,227.00298525629375,321.01213721544207,463.93210590445756,33.082954394425165,7.7425344141032735,SUCCESS,FAILURE,59.44297444532756,39.845124011507444,148.67051308708932,181.05860532935964,SUCCESS,SUCCESS
2151335,806,2,3,HTC,60-ft,SUN,373.63936349839634,535.8721100683719,777.8255891796907,-5.0127854731155725,-47.91233850703736,FAILURE,FAILURE,56.242434296550904,27.662928304832757,345.479439500919,426.2445048189477,SUCCESS,SUCCESS
2151336,806,1,3,HTC,60-ft,SUN,385.43630441679113,554.4315069201843,804.1500934620389,-8.303458673791548,-52.57980380532603,FAILURE,FAILURE,62.487604544973806,36.1442066921871,399.2615965538366,500.4034192059742,SUCCESS,SUCCESS
2151337,806,4,3,HTC,60-ft,SUN,294.06719255008613,420.3249732569291,608.4258577283052,15.47429552182108,-17.87692512913213,FAILURE,FAILURE,63.19134341633771,44.09497070558103,269.1241501250738,349.5214925077821,SUCCESS,SUCCESS
2151338,806,35,3,HTC,60-ft,SUN,212.85907451305962,301.49203553661897,436.2452447415302,36.54396533038671,12.651552350792523,SUCCESS,FAILURE,65.20658533680577,47.68726723821722,161.6571768362034,197.60143196507528,SUCCESS,SUCCESS
2151339,806,30,3,HTC,60-ft,SUN,292.4312454613699,417.03917234806175,605.6449761929159,16.056884335450047,-17.383861027112747,FAILURE,FAILURE,58.056538291755814,34.78560878455003,236.87804831356442,294.2358097377782,SUCCESS,SUCCESS
2151340,806,34,3,HTC,60-ft,SUN,134.1712467833524,185.63853934623236,265.90844519427094,57.08536536414319,42.853112554207286,SUCCESS,SUCCESS,69.37827716466678,58.20237475473342,69.33202255495308,86.56983881096733,SUCCESS,SUCCESS
2151341,806,3,3,HTC,60-ft,SUN,373.63936349839634,535.8721100683719,777.8255891796907,-5.0127854731155725,-47.91233850703736,FAILURE,FAILURE,55.330284502024575,25.94393639433586,340.33491465979046,416.5493904437452,SUCCESS,SUCCESS
2151342,806,5,3,HTC,60-ft,SUN,259.4279736650151,368.2389429893028,533.1702945125237,24.709407271400213,-4.533740161794977,SUCCESS,FAILURE,63.21329422091816,46.69169230931422,217.16192239528124,288.9114391370558,SUCCESS,SUCCESS
2151343,802,2,1,BTC,60-ft,MF,208.4855728988288,303.01437080197434,458.63369089303376,36.2740477301464,8.681969699816714,SUCCESS,FAILURE,81.66295339995304,69.97748941781438,255.9934279777096,345.7067312095071,SUCCESS,SUCCESS
2151344,802,21,1,BTC,60-ft,MF,69.48490267539508,98.21055454670078,147.83514940163946,72.586781108741,63.7880940777235,SUCCESS,SUCCESS,83.43499956876184,76.24779480036511,61.18395211451758,70.27271207569873,SUCCESS,SUCCESS
2151345,802,1,1,BTC,60-ft,MF,307.86280505812397,450.5871060098021,680.6326491011725,10.108669147198215,-30.679547712973854,FAILURE,FAILURE,83.25659024905809,74.08138831635375,412.5542750144898,590.851679205408,SUCCESS,SUCCESS
2151346,802,5,1,BTC,60-ft,MF,208.5174365987237,303.46387406089565,458.63369089303376,36.19434857076318,8.681969699816714,SUCCESS,FAILURE,80.88379137271761,69.12500839284729,252.048457403023,340.8987382286929,SUCCESS,SUCCESS
2151347,802,6,1,BTC,60-ft,MF,168.7984074349005,244.8842832366858,369.83410760977824,46.58080084455926,24.426576664932938,SUCCESS,SUCCESS,80.6819158385454,69.38663029567506,192.33028856608195,253.57470247738576,SUCCESS,SUCCESS
2151348,802,4,1,BTC,40-ft,MF,307.86788073310584,450.7713900802567,680.6326491011725,10.075994666621154,-30.679547712973854,FAILURE,FAILURE,85.8153947765965,77.91256258159314,427.17021662026116,612.4595020613583,SUCCESS,SUCCESS
2151349,802,22,1,BTC,40-ft,MF,29.79773721146679,40.08046698141235,59.03556611838391,82.89353422315384,79.53270104283973,SUCCESS,SUCCESS,84.54181336671144,81.52433792447282,9.29629436966485,11.232832012410597,SUCCESS,SUCCESS
2151350,802,13,1,BTC,60-ft,MF,148.99176407781306,216.45302678341764,325.4343159681505,51.621803761805396,32.298880147491055,SUCCESS,SUCCESS,84.49130046431286,74.27626345349346,185.38396140214223,236.75244184585364,SUCCESS,SUCCESS
2151351,802,11,1,BTC,60-ft,MF,188.73758126654934,275.2978367960941,414.233899251406,41.18832680920318,16.554273182374825,SUCCESS,FAILURE,85.51719819056616,74.86449020528656,250.01483459088723,328.8696240092224,SUCCESS,SUCCESS
2151352,802,12,1,BTC,60-ft,MF,49.64131994343093,69.14551076405657,103.43535776001167,77.74015766594744,71.66039756028162,SUCCESS,SUCCESS,84.29586362760713,79.22813003811414,36.974181623760785,42.68201117497546,SUCCESS,SUCCESS
2151353,802,32,2,BTC,60-ft,SAT,208.5225122737055,303.64815813135027,458.63369089303376,36.161674090186125,8.681969699816714,SUCCESS,FAILURE,85.9024392387791,76.4865508987218,280.5379154380645,382.41783796182494,SUCCESS,SUCCESS
2151354,802,25,2,BTC,60-ft,SAT,288.01922232615993,421.5220622271578,636.2328574595448,15.26204570440465,-22.807244230415737,FAILURE,FAILURE,85.91328504028577,77.61062439547135,398.4729898543697,566.3567790500036,SUCCESS,SUCCESS
2151355,802,33,2,BTC,40-ft,SAT,109.20393183921827,156.79014537091052,236.63473268489497,62.200328834944955,48.04348711260728,SUCCESS,SUCCESS,85.10560947397559,77.14579059508297,129.18578280413294,164.1369916411631,SUCCESS,SUCCESS
2151356,802,21,2,BTC,60-ft,SAT,208.51743659872372,303.46387406089565,458.63369089303376,36.19434857076318,8.681969699816714,SUCCESS,FAILURE,85.04902014858156,75.85431459478387,275.5403476988957,378.8520252076149,SUCCESS,SUCCESS
2151357,802,23,2,BTC,60-ft,SAT,188.67385386675957,274.3988302782514,414.233899251406,41.34772512796962,16.554273182374825,SUCCESS,FAILURE,83.78474553929296,74.54239771250398,239.34479511986382,327.0530223499286,SUCCESS,SUCCESS
2151358,802,31,3,BTC,60-ft,SUN,327.6107966904034,478.30364001568233,725.0324407428003,5.194390068141434,-38.55185119553197,FAILURE,FAILURE,85.91516199050825,79.41610307329506,455.265153642149,665.3392620761847,SUCCESS,SUCCESS
2151359,802,34,3,BTC,60-ft,SUN,248.1090109629673,360.2454518494201,547.4332741762893,26.12669293449999,-7.062637265299513,SUCCESS,FAILURE,85.95276591322923,76.5563005072251,337.4190516000331,471.6108090370391,SUCCESS,SUCCESS
2151360,802,36,3,BTC,60-ft,SUN,287.85990382668535,419.2745459325512,636.2328574595448,15.660541501320719,-22.807244230415737,FAILURE,FAILURE,85.91248467618782,80.21262640810133,396.22095950625067,581.0320704012365,SUCCESS,SUCCESS
2151361,802,33,3,BTC,40-ft,SUN,307.7353502585444,448.7890929741167,680.6326491011725,10.427465784731082,-30.679547712973854,FAILURE,FAILURE,85.89390737272986,79.596499108378,425.6307305563133,621.956904072425,SUCCESS,SUCCESS
2151362,802,32,3,BTC,60-ft,SUN,307.7034865586495,448.3395897151954,680.6326491011725,10.507164944114292,-30.679547712973854,FAILURE,FAILURE,85.90684462761716,78.28632060487493,425.25419341495643,614.5674973126675,SUCCESS,SUCCESS
2151363,802,37,3,BTC,60-ft,SUN,168.7028163352158,243.5357734599218,369.83410760977824,46.8198983227089,24.426576664932938,SUCCESS,SUCCESS,85.81521281395462,75.84064327134489,219.933573730626,289.9753356601635,SUCCESS,SUCCESS
2151364,802,35,3,BTC,60-ft,SUN,287.8280401267905,418.82504267362987,636.2328574595448,15.740240660703927,-22.807244230415737,FAILURE,FAILURE,85.87743648004687,78.32158230126518,395.5737844210944,570.3665816386807,SUCCESS,SUCCESS
2151366,803,7,1,PCT,60-ft,MF,488.28682747499977,601.5252099551785,825.4116210008633,-16.65340602042172,-56.34957819164242,FAILURE,FAILURE,76.96850995792947,69.79151595374364,528.0276061179009,711.4357709799765,SUCCESS,SUCCESS
2151367,803,11,1,PCT,60-ft,MF,238.30830023697303,289.6418787645269,395.6813768551845,38.64505695664417,19.843727507946014,SUCCESS,FAILURE,78.59328737366191,70.01974896509795,225.30801955198007,282.99276101833675,SUCCESS,SUCCESS
2151368,803,4,1,PCT,60-ft,MF,488.4473741471035,601.8418930991357,824.8355103188355,-16.70955551403116,-56.24743090759495,FAILURE,FAILURE,80.49747451696969,74.71089463236245,548.247649374845,738.604956045359,SUCCESS,SUCCESS
2151369,803,3,1,PCT,60-ft,MF,390.4688016411844,482.7099085459742,662.8155261925441,4.413136782628692,-27.520483367472355,FAILURE,FAILURE,76.2754133632128,70.17066755406452,405.30323991449444,550.9780911974676,SUCCESS,SUCCESS
2151370,803,6,1,PCT,60-ft,MF,342.6954301601568,418.9464734876709,573.2064453367755,15.718710374526438,-11.632348463967276,FAILURE,FAILURE,68.8947988421427,58.888079793562135,299.9131389573558,397.7352153724655,SUCCESS,SUCCESS
2151371,803,9,1,PCT,60-ft,MF,70.73830778226497,84.30683106260257,115.31134707449948,75.0519803080492,69.55472569601073,SUCCESS,SUCCESS,80.56816600567608,75.77819003002713,31.111287334615668,35.10033884385234,SUCCESS,SUCCESS
2151372,803,2,1,PCT,60-ft,MF,342.6954301601568,418.9464734876709,573.2064453367755,15.718710374526438,-11.632348463967276,FAILURE,FAILURE,69.89309252957486,61.25027316530528,305.5435153544732,411.0579859890969,SUCCESS,SUCCESS
2151373,803,12,1,PCT,60-ft,MF,70.8988544543687,84.62351420655986,114.7352363924717,74.99583081443973,69.65687298005821,SUCCESS,SUCCESS,81.78327640165163,76.93805027719455,38.281193111874984,41.065839955848844,SUCCESS,SUCCESS
2151374,803,5,1,PCT,60-ft,MF,112.1031218460279,137.8976559509235,189.41534357496838,65.55006100160931,56.4157192242964,SUCCESS,SUCCESS,79.60178827917912,72.87575148327815,79.25174184549377,92.83458194065696,SUCCESS,SUCCESS
2151375,803,24,2,PCT,60-ft,SAT,488.28682747499977,601.5252099551785,825.4116210008633,-16.65340602042172,-56.34957819164242,FAILURE,FAILURE,78.4750161945737,69.95912923189194,536.5243012925744,712.3811098687329,SUCCESS,SUCCESS
2151376,803,22,2,PCT,60-ft,SAT,488.28682747499977,601.5252099551785,825.4116210008633,-16.65340602042172,-56.34957819164242,FAILURE,FAILURE,77.75552559411064,69.72830750274773,532.4663743059627,711.0792753163597,SUCCESS,SUCCESS
2151377,803,26,2,PCT,60-ft,SAT,349.2645342495252,429.4357668016105,588.1354190100474,13.858906595459136,-14.279329611710523,FAILURE,FAILURE,78.67293676726723,71.63723774237644,365.5511301689977,484.5694398770502,SUCCESS,SUCCESS
2151378,803,23,2,PCT,60-ft,SAT,488.4473741471035,601.8418930991357,824.8355103188355,-16.70955551403116,-56.24743090759495,FAILURE,FAILURE,79.33837969618418,71.73378658232902,541.7103545856146,721.8140666431705,SUCCESS,SUCCESS
2151379,803,25,2,PCT,60-ft,SAT,349.10398757742144,429.1190836576533,588.7115296920751,13.915056089068573,-14.381476895758,FAILURE,FAILURE,79.51566260583598,69.26985831000589,369.98742075456823,471.793530560508,SUCCESS,SUCCESS
2151380,803,27,2,PCT,60-ft,SAT,146.89883182042243,180.99918752530485,248.59036640216536,57.90794547423673,45.92369390032529,SUCCESS,SUCCESS,83.51007442433182,75.73236908002997,144.39600727853627,168.12092801353418,SUCCESS,SUCCESS
2151381,803,34,3,PCT,60-ft,SUN,523.0825374493944,644.6267415295598,884.5866438280603,-24.295521547794287,-66.84160351561353,FAILURE,FAILURE,80.0250889388879,72.76851577758505,588.3682431448879,787.4010728136391,SUCCESS,SUCCESS
2151382,803,32,3,PCT,60-ft,SUN,523.0825374493944,644.6267415295598,884.5866438280603,-24.295521547794287,-66.84160351561353,FAILURE,FAILURE,79.39021291416206,72.47669529690131,584.7875423654341,785.7552053025827,SUCCESS,SUCCESS
2151383,803,33,3,PCT,60-ft,SUN,523.2430841214981,644.943424673517,884.0105331460326,-24.351671041403726,-66.73945623156605,FAILURE,FAILURE,80.70815363729793,72.4546406882014,592.5374111878775,785.0547066274875,SUCCESS,SUCCESS
2151384,803,31,3,PCT,60-ft,SUN,523.2430841214981,644.943424673517,884.0105331460326,-24.351671041403726,-66.73945623156605,FAILURE,FAILURE,79.35192677980702,71.48092612146229,584.8882917116289,779.562956471079,SUCCESS,SUCCESS
2151385,803,35,3,PCT,60-ft,SUN,307.8997201857622,375.8449419132896,514.0314225095784,23.360825901899016,-1.1403231399961697,SUCCESS,FAILURE,80.82377171868448,72.47072481981371,324.0910144066701,415.1663104933275,SUCCESS,SUCCESS
2151386,804,14,1,HTC,60-ft,MF,255.3138913146918,336.45561675942565,492.5221108859854,30.34474880152028,2.673384594683444,SUCCESS,FAILURE,68.2896108726562,54.35881100218211,214.00902208120675,291.5058049382925,SUCCESS,SUCCESS
2151387,804,11,1,HTC,60-ft,MF,293.6541934076694,388.0927425095367,568.7081044445608,21.189230051500584,-10.834770291588795,SUCCESS,FAILURE,67.99099385266817,53.523321451149855,263.9619478385855,362.979637429046,SUCCESS,SUCCESS
2151388,804,18,1,HTC,60-ft,MF,101.95268294278137,129.90711375898135,187.7781366516837,66.96682380159905,56.7060041397724,SUCCESS,SUCCESS,76.08316991390231,67.56574268064026,51.416192073390505,61.2489253704947,SUCCESS,SUCCESS
2151389,804,17,1,HTC,60-ft,MF,255.3138913146918,336.45561675942565,492.5221108859854,30.34474880152028,2.673384594683444,SUCCESS,FAILURE,67.69433444042093,52.72470141654082,210.65166300339985,282.28942687527564,SUCCESS,SUCCESS
2151390,804,36,1,HTC,40-ft,MF,99.6894597630783,120.15600709559237,169.75673606836548,68.69574342276732,59.90128793114087,SUCCESS,SUCCESS,73.75116605375104,65.83042983079046,28.512583638748254,33.44036031402368,SUCCESS,SUCCESS
2151391,805,75,1,BTC,60-ft,MF,79.25372629553053,105.28973306256873,155.6388618135208,71.33160761301973,62.40445712526227,SUCCESS,SUCCESS,78.092632303357,69.75139623107604,38.13217925350216,41.436736556789754,SUCCESS,SUCCESS
2151392,804,29,1,HTC,60-ft,MF,99.6894597630783,120.15600709559237,169.75673606836548,68.69574342276732,59.90128793114087,SUCCESS,SUCCESS,75.97968422925001,68.09812353156168,41.0814261485624,46.23015278637337,SUCCESS,SUCCESS
2151393,805,90,1,BTC,60-ft,MF,79.2325645510335,105.51765912605815,156.17288617612954,71.29119519041522,62.30977195458697,SUCCESS,SUCCESS,76.87121110959144,69.02317776088739,31.471289784153896,37.86360874753444,SUCCESS,SUCCESS
2151394,804,12,1,HTC,60-ft,MF,445.85295255465286,584.4046460849697,855.8030275030776,-13.617845050526542,-61.73812544380808,FAILURE,FAILURE,65.7771383625855,48.91657566300155,447.78770644995234,624.0925142424068,SUCCESS,SUCCESS
2151395,804,32,1,HTC,60-ft,MF,290.2285210030392,368.1050364211365,533.037652685458,24.733149570720485,-4.510222107350715,SUCCESS,FAILURE,64.86505513094613,49.89502471480439,226.34394735967294,306.8455920769549,SUCCESS,SUCCESS
2151396,804,9,1,HTC,60-ft,MF,293.6541934076694,388.0927425095367,568.7081044445608,21.189230051500584,-10.834770291588795,SUCCESS,FAILURE,66.37154893557101,50.49420618003209,254.82827850615735,345.89542729994184,SUCCESS,SUCCESS
2151397,804,25,1,HTC,60-ft,MF,178.6332871287366,233.1813652592035,340.15012376883453,48.65578630155966,29.689694367227926,SUCCESS,SUCCESS,72.83509297410426,63.444402977075384,136.3712896331516,190.37655655953978,SUCCESS,SUCCESS
2151398,804,16,1,HTC,40-ft,MF,100.7902337178542,119.67051433397012,170.12908547589922,68.78182369965069,59.83526853264198,SUCCESS,SUCCESS,75.9212181177602,67.55846276971663,40.26618451813772,43.55881549710102,SUCCESS,SUCCESS
2151399,804,35,1,HTC,60-ft,MF,253.05066813498874,326.70451009603664,474.50071030266713,32.07366842268854,5.868668386051931,SUCCESS,FAILURE,70.16833588261423,57.36281710255474,214.85392447398112,290.426998761076,SUCCESS,SUCCESS
2151400,805,82,1,BTC,60-ft,MF,79.25372629553053,105.28973306256873,155.6388618135208,71.33160761301973,62.40445712526227,SUCCESS,SUCCESS,77.13165388214985,68.70252250507485,32.712260957893875,35.52108874214298,SUCCESS,SUCCESS
2151401,804,10,1,HTC,60-ft,MF,100.7902337178542,119.67051433397012,170.12908547589922,68.78182369965069,59.83526853264198,SUCCESS,SUCCESS,75.59527063045465,67.19652503379437,38.42784068973441,41.51748666649945,SUCCESS,SUCCESS
2151402,804,31,1,HTC,60-ft,MF,99.6894597630783,120.15600709559237,169.75673606836548,68.69574342276732,59.90128793114087,SUCCESS,SUCCESS,76.89821787453396,69.04985856195724,46.26195590796391,51.59793835780431,SUCCESS,SUCCESS
2151403,804,6,1,HTC,60-ft,MF,447.01540177958003,594.641245509981,873.4520786788621,-15.432844948578186,-64.86738983667767,FAILURE,FAILURE,70.92157639556123,51.444323975951946,487.0389363809468,655.9980659032317,SUCCESS,SUCCESS
2151404,805,79,1,BTC,60-ft,MF,79.25372629553053,105.28973306256873,155.6388618135208,71.33160761301973,62.40445712526227,SUCCESS,SUCCESS,77.56267345528633,69.20409298166545,35.143211350383524,38.34994623011403,SUCCESS,SUCCESS
2151405,804,38,1,HTC,40-ft,MF,251.88821891006157,316.46791067102544,456.8516591268826,33.88866832074017,8.997932778921525,SUCCESS,FAILURE,71.06780325382894,59.72754564780169,209.69032102262082,286.1150165804843,SUCCESS,SUCCESS
2151406,805,84,1,BTC,60-ft,MF,79.2325645510335,105.51765912605815,156.17288617612954,71.29119519041522,62.30977195458697,SUCCESS,SUCCESS,77.70576061459056,69.58795586694697,36.17814899234895,41.04895726571044,SUCCESS,SUCCESS
2151407,804,33,1,HTC,60-ft,MF,99.6894597630783,120.15600709559237,169.75673606836548,68.69574342276732,59.90128793114087,SUCCESS,SUCCESS,75.97968422925001,68.09812353156168,41.0814261485624,46.23015278637337,SUCCESS,SUCCESS
2151408,804,21,1,HTC,60-ft,MF,100.7902337178542,119.67051433397012,170.12908547589922,68.78182369965069,59.83526853264198,SUCCESS,SUCCESS,74.78167459219264,66.54231262962159,33.83915903393671,37.82772870696499,SUCCESS,SUCCESS
2151409,804,27,1,HTC,60-ft,MF,99.6894597630783,120.15600709559237,169.75673606836548,68.69574342276732,59.90128793114087,SUCCESS,SUCCESS,76.41190460681166,68.79699516638007,43.51914907801017,50.17178880674908,SUCCESS,SUCCESS
2151410,804,24,1,HTC,60-ft,MF,255.3138913146918,336.45561675942565,492.5221108859854,30.34474880152028,2.673384594683444,SUCCESS,FAILURE,70.65001814631972,57.41767779493494,227.32171910466917,308.7578136494185,SUCCESS,SUCCESS
2151411,805,89,1,BTC,60-ft,MF,79.2325645510335,105.51765912605815,156.17288617612954,71.29119519041522,62.30977195458697,SUCCESS,SUCCESS,77.49529151140034,69.596523583891,34.991103250356105,41.097279189274786,SUCCESS,SUCCESS
2151413,804,3,1,HTC,60-ft,MF,177.47083790380944,222.94476583419225,322.50107259305,50.470786199611304,32.818958760097516,SUCCESS,SUCCESS,69.87091835570514,59.41950762416616,109.41674536036942,150.0270955933472,SUCCESS,SUCCESS
2151414,804,23,1,HTC,40-ft,MF,100.7902337178542,119.67051433397012,170.12908547589922,68.78182369965069,59.83526853264198,SUCCESS,SUCCESS,76.55538345409599,68.25988046340767,43.842877015071565,47.51481128951849,SUCCESS,SUCCESS
2151415,804,7,1,HTC,60-ft,MF,293.6541934076694,388.0927425095367,568.7081044445608,21.189230051500584,-10.834770291588795,SUCCESS,FAILURE,66.8543708856511,49.522292416925154,257.551394304609,340.4138336760187,SUCCESS,SUCCESS
2151416,805,81,1,BTC,60-ft,MF,79.25372629553053,105.28973306256873,155.6388618135208,71.33160761301973,62.40445712526227,SUCCESS,SUCCESS,77.13165388214985,68.70252250507485,32.712260957893875,35.52108874214298,SUCCESS,SUCCESS
2151417,805,80,1,BTC,60-ft,MF,79.25372629553053,105.28973306256873,155.6388618135208,71.33160761301973,62.40445712526227,SUCCESS,SUCCESS,76.79950752345897,68.33794789448483,30.838955494877325,33.4648879384153,SUCCESS,SUCCESS
2151419,804,5,1,HTC,60-ft,MF,293.6541934076694,388.0927425095367,568.7081044445608,21.189230051500584,-10.834770291588795,SUCCESS,FAILURE,66.98650200331909,49.86010137243264,258.29661380825655,342.319076185081,SUCCESS,SUCCESS
2151420,804,4,1,HTC,60-ft,MF,329.731272320944,429.9787615962588,626.872697419818,13.762630922649159,-21.14764138649255,FAILURE,FAILURE,68.0412858822016,52.23747250020273,306.1316139718761,413.8920423209615,SUCCESS,SUCCESS
2151423,804,26,1,HTC,60-ft,MF,176.37006394903355,223.4302585958145,322.12872318551626,50.384705922727925,32.88497815859641,SUCCESS,SUCCESS,70.86745687608065,59.68545352532523,115.5227153769095,151.1546810683506,SUCCESS,SUCCESS
2151424,804,34,1,HTC,60-ft,MF,178.6332871287366,233.1813652592035,340.15012376883453,48.65578630155966,29.689694367227926,SUCCESS,SUCCESS,71.91086665957951,61.92704677470932,131.158653219232,181.81866757819512,SUCCESS,SUCCESS
2151425,805,83,1,BTC,60-ft,MF,79.2325645510335,105.51765912605815,156.17288617612954,71.29119519041522,62.30977195458697,SUCCESS,SUCCESS,78.68071856125059,70.69273434257143,41.6769118115115,47.279907868232385,SUCCESS,SUCCESS
2151426,804,2,1,HTC,60-ft,MF,329.731272320944,429.9787615962588,626.872697419818,13.762630922649159,-21.14764138649255,FAILURE,FAILURE,67.91943069521106,53.30772676536699,305.44435071724934,419.92827637648793,SUCCESS,SUCCESS
2151427,804,8,1,HTC,60-ft,MF,370.3347975936247,491.36699400975886,721.0800915617115,2.8781925514611997,-37.851080064133235,FAILURE,FAILURE,67.58484527273177,47.35229512423123,364.9455213479664,480.54703606237587,SUCCESS,SUCCESS
2151428,804,1,1,HTC,60-ft,MF,291.39097022796636,378.3416358461477,550.6867038612426,22.91814967266885,-7.639486500220309,SUCCESS,FAILURE,67.0952358078259,50.73761196808483,249.15876580228604,329.2468353612411,SUCCESS,SUCCESS
2151429,804,13,1,HTC,60-ft,MF,139.13053581083182,171.30764008408119,246.31507903447462,59.626304949631006,46.32711364636975,SUCCESS,SUCCESS,72.27966113887129,61.9681632669746,71.36492890731535,88.21551986021137,SUCCESS,SUCCESS
2151430,804,22,1,HTC,60-ft,MF,100.7902337178542,119.67051433397012,170.12908547589922,68.78182369965069,59.83526853264198,SUCCESS,SUCCESS,75.08396778138508,66.81901274125711,35.5440926209821,39.388317336589296,SUCCESS,SUCCESS
2151431,804,20,1,HTC,60-ft,MF,100.7902337178542,119.67051433397012,170.12908547589922,68.78182369965069,59.83526853264198,SUCCESS,SUCCESS,74.08186524340056,65.6680066040635,29.892234306749344,32.896642722817376,SUCCESS,SUCCESS
2151432,804,19,1,HTC,40-ft,MF,100.7902337178542,119.67051433397012,170.12908547589922,68.78182369965069,59.83526853264198,SUCCESS,SUCCESS,75.30984444592059,66.91532954742671,36.81803700896228,39.931544123385834,SUCCESS,SUCCESS
2151433,804,15,1,HTC,60-ft,MF,100.7902337178542,119.67051433397012,170.12908547589922,68.78182369965069,59.83526853264198,SUCCESS,SUCCESS,75.59527063045465,67.19652503379437,38.42784068973441,41.51748666649945,SUCCESS,SUCCESS
2151434,805,78,1,BTC,60-ft,MF,79.25372629553053,105.28973306256873,155.6388618135208,71.33160761301973,62.40445712526227,SUCCESS,SUCCESS,77.71884575039682,69.34752128083358,36.02402309480675,39.15888183742226,SUCCESS,SUCCESS
2151435,805,77,1,BTC,60-ft,MF,79.25372629553053,105.28973306256873,155.6388618135208,71.33160761301973,62.40445712526227,SUCCESS,SUCCESS,77.71884575039682,69.34752128083358,36.02402309480675,39.15888183742226,SUCCESS,SUCCESS
2151436,805,76,1,BTC,60-ft,MF,79.25372629553053,105.28973306256873,155.6388618135208,71.33160761301973,62.40445712526227,SUCCESS,SUCCESS,77.55359652105027,69.1658889365483,35.09201744129223,38.134475415653185,SUCCESS,SUCCESS
2151437,804,5,2,HTC,60-ft,SAT,447.01540177958003,594.641245509981,873.4520786788621,-15.432844948578186,-64.86738983667767,FAILURE,FAILURE,60.93636160321202,31.147217176088894,430.7223249520971,541.5223835520039,SUCCESS,SUCCESS
2151438,804,11,2,HTC,60-ft,SAT,407.5126504616752,532.7675203348587,779.6170339445023,-4.4623263005068505,-48.229970557535864,FAILURE,FAILURE,65.54305687892406,46.46760404114187,394.83036113199074,534.0943207365428,SUCCESS,SUCCESS
2151439,804,12,2,HTC,60-ft,SAT,407.5126504616752,532.7675203348587,779.6170339445023,-4.4623263005068505,-48.229970557535864,FAILURE,FAILURE,65.67403841314139,46.66062235499097,395.5690969849765,535.1829440266517,SUCCESS,SUCCESS
2151440,804,14,2,HTC,60-ft,SAT,215.81113999678703,274.5818915843033,398.68706615162546,41.315267449591616,19.31080387382528,SUCCESS,FAILURE,63.19857118756882,47.579821591254806,123.42183308219165,159.4372599263026,SUCCESS,SUCCESS
2151441,804,8,2,HTC,60-ft,SAT,293.6541934076694,388.0927425095367,568.7081044445608,21.189230051500584,-10.834770291588795,SUCCESS,FAILURE,65.25478569419323,44.18216483290241,248.5297338247866,310.2955141021305,SUCCESS,SUCCESS
2151442,804,10,2,HTC,60-ft,SAT,407.5126504616752,532.7675203348587,779.6170339445023,-4.4623263005068505,-48.229970557535864,FAILURE,FAILURE,64.21601978688759,42.75957534194754,387.34587193290486,513.1810388730868,SUCCESS,SUCCESS
2151443,804,4,2,HTC,60-ft,SAT,408.6750996866024,543.0041197598699,797.2660851202868,-6.277326198558493,-51.35923495040545,FAILURE,FAILURE,70.97503555797647,47.343748651645434,435.7033203068575,556.6848275155673,SUCCESS,SUCCESS
2151444,804,1,2,HTC,60-ft,SAT,485.3557038725577,646.2783712600921,949.6380722374374,-24.588363698597878,-78.3755447229499,FAILURE,FAILURE,63.67374236909763,30.632917915813284,497.7982782218032,614.8077292826249,SUCCESS,SUCCESS
2151445,804,3,2,HTC,60-ft,SAT,293.6541934076694,388.0927425095367,568.7081044445608,21.189230051500584,-10.834770291588795,SUCCESS,FAILURE,64.88708599263445,46.55393996545057,246.45590750799522,323.6723258497021,SUCCESS,SUCCESS
2151446,804,6,2,HTC,60-ft,SAT,447.01540177958003,594.641245509981,873.4520786788621,-15.432844948578186,-64.86738983667767,FAILURE,FAILURE,62.81519252209677,33.806914999350795,441.31893133460693,556.5230792752011,SUCCESS,SUCCESS
2151447,804,13,2,HTC,60-ft,SAT,216.9735892217142,284.8184910093146,416.33611732740997,39.50026755153997,16.181539480955685,SUCCESS,FAILURE,65.60974249671516,49.07341656410984,147.2574386907881,185.5101867489895,SUCCESS,SUCCESS
2151448,804,7,2,HTC,60-ft,SAT,293.6541934076694,388.0927425095367,568.7081044445608,21.189230051500584,-10.834770291588795,SUCCESS,FAILURE,64.85743929821368,45.61417367797226,246.28870015146208,318.37204398832444,SUCCESS,SUCCESS
2151449,804,2,2,HTC,60-ft,SAT,331.9944955006471,439.7298682596478,644.8940980031362,12.033711301480892,-24.342925177861016,FAILURE,FAILURE,63.281491437943984,40.938313420259526,289.03747996965205,368.18618569340003,SUCCESS,SUCCESS
2151450,804,9,2,HTC,60-ft,SAT,255.3138913146918,336.45561675942565,492.5221108859854,30.34474880152028,2.673384594683444,SUCCESS,FAILURE,65.00910947669107,48.2039229405719,195.50699420796337,256.792236270811,SUCCESS,SUCCESS
2151451,804,1,3,HTC,60-ft,SUN,370.3347975936247,491.36699400975886,721.0800915617115,2.8781925514611997,-37.851080064133235,FAILURE,FAILURE,66.28740378257059,43.739287199452534,357.62795134345726,460.1696713666241,SUCCESS,SUCCESS
2151452,804,9,3,HTC,60-ft,SUN,369.17234836869756,481.13039458474765,703.431040385927,4.693192449512832,-34.72181567126364,FAILURE,FAILURE,63.79872215857586,45.40674520848684,333.35518755911573,451.925083361793,SUCCESS,SUCCESS
2151453,804,10,3,HTC,60-ft,SUN,293.6541934076694,388.0927425095367,568.7081044445608,21.189230051500584,-10.834770291588795,SUCCESS,FAILURE,68.75578843439695,54.02860713973254,268.27538927953566,365.82944871265244,SUCCESS,SUCCESS
2151454,804,4,3,HTC,60-ft,SUN,484.1932546476305,636.0417718350808,931.9890210616529,-22.773363800546235,-75.24628033008031,FAILURE,FAILURE,62.85078750839597,39.48505481211409,482.9202133824342,647.084730201977,SUCCESS,SUCCESS
2151455,804,3,3,HTC,60-ft,SUN,408.6750996866024,543.0041197598699,797.2660851202868,-6.277326198558493,-51.35923495040545,FAILURE,FAILURE,68.38526753571905,46.10391527258925,421.0970286613257,549.6921672576906,SUCCESS,SUCCESS
2151456,804,5,3,HTC,60-ft,SUN,293.6541934076694,388.0927425095367,568.7081044445608,21.189230051500584,-10.834770291588795,SUCCESS,FAILURE,67.66204441849327,53.84768025029878,262.10667302983893,364.80902105624597,SUCCESS,SUCCESS
2151457,804,2,3,HTC,60-ft,SUN,331.9944955006471,439.7298682596478,644.8940980031362,12.033711301480892,-24.342925177861016,FAILURE,FAILURE,68.18498858868328,52.37703733280487,316.69320389982175,432.7005885601557,SUCCESS,SUCCESS
2151458,804,8,3,HTC,60-ft,SUN,370.3347975936247,491.36699400975886,721.0800915617115,2.8781925514611997,-37.851080064133235,FAILURE,FAILURE,69.6753191985216,54.71340032453169,376.73579428942094,522.0636693920706,SUCCESS,SUCCESS
2151459,804,11,3,HTC,60-ft,SUN,293.6541934076694,388.0927425095367,568.7081044445608,21.189230051500584,-10.834770291588795,SUCCESS,FAILURE,64.89003036875594,45.90411931378362,246.4725137893205,320.00733737430045,SUCCESS,SUCCESS
2151460,804,6,3,HTC,60-ft,SUN,484.1932546476305,636.0417718350808,931.9890210616529,-22.773363800546235,-75.24628033008031,FAILURE,FAILURE,63.64571571279352,38.16352938336405,487.40360845523657,639.6313267838269,SUCCESS,SUCCESS
2151461,804,7,3,HTC,60-ft,SUN,293.6541934076694,388.0927425095367,568.7081044445608,21.189230051500584,-10.834770291588795,SUCCESS,FAILURE,67.89177833630025,50.07085789588255,263.40237232627027,343.50774297733847,SUCCESS,SUCCESS
2151462,805,56,1,BTC,60-ft,MF,37.52156112520921,59.073659839116345,87.62984706936768,79.52594683703612,74.46279307280716,SUCCESS,SUCCESS,84.17844232162953,79.42288086259755,26.24007453310685,27.974895134417864,SUCCESS,SUCCESS
2151463,805,66,1,BTC,40-ft,MF,37.52156112520921,59.073659839116345,87.62984706936768,79.52594683703612,74.46279307280716,SUCCESS,SUCCESS,84.16862031239012,79.44740586755785,26.18467840099663,28.113216162393826,SUCCESS,SUCCESS
2151464,805,52,1,BTC,60-ft,MF,127.37319344366342,198.74020666933777,294.8294702114192,54.76237470401812,37.72527123911007,SUCCESS,SUCCESS,73.22815929730736,62.960608684928665,104.14702510615132,142.3273031944168,SUCCESS,SUCCESS
2151465,805,3,1,BTC,60-ft,MF,233.1247914054503,364.7486815518462,543.1800487863744,25.328247951800325,-6.308519288364253,SUCCESS,FAILURE,71.95921147495432,61.118241014786044,262.9986342705886,380.28692810976764,SUCCESS,SUCCESS
2151466,805,39,1,BTC,40-ft,MF,16.892389691128944,27.95296072440083,43.43869636973076,85.04380128999985,82.2981034805442,SUCCESS,SUCCESS,86.97123374486225,84.40993970590891,10.870719045423868,11.910756311057014,SUCCESS,SUCCESS
2151467,805,9,1,BTC,60-ft,MF,197.8953140297747,309.2683954068734,460.3965225947227,35.16517811934869,8.369410887460521,SUCCESS,FAILURE,67.45862316173707,51.69150467756298,182.13503003907044,244.33660897617784,SUCCESS,SUCCESS
2151468,805,23,1,BTC,60-ft,MF,56.90772622381415,87.82681943156244,129.2624178281157,74.42786889511305,67.08113159075964,SUCCESS,SUCCESS,80.50342674519028,73.59190919437755,34.26614627443564,36.72078568440503,SUCCESS,SUCCESS
2151469,805,26,1,BTC,60-ft,MF,92.15608805491043,143.17870607645528,212.04594401976746,64.61370459637318,52.40320141493484,SUCCESS,SUCCESS,74.63873610478295,64.48335326944778,56.54117770743113,68.13205645945283,SUCCESS,SUCCESS
2151470,805,22,1,BTC,60-ft,MF,92.1626005234085,143.13152102428506,212.04594401976746,64.622070740375,52.40320141493484,SUCCESS,SUCCESS,76.00439436327032,66.02575172466693,64.19630523312969,76.83118374688888,SUCCESS,SUCCESS
2151471,805,2,1,BTC,60-ft,MF,259.2786921550681,406.92515369634873,604.9956415787121,17.85015005383888,-17.2687307763674,FAILURE,FAILURE,67.90484483167049,53.442140818668996,282.30847854697026,398.80931579600525,SUCCESS,SUCCESS
2151472,805,35,1,BTC,60-ft,MF,52.14726399072329,83.25766231712348,126.22222256138252,75.2380031352618,67.62017330471942,SUCCESS,SUCCESS,82.24252062454053,76.23347447874605,39.5054786395321,48.579018621510215,SUCCESS,SUCCESS
2151473,805,57,1,BTC,60-ft,MF,52.12837953530261,83.3860618172034,126.22222256138252,75.2152372664533,67.62017330471942,SUCCESS,SUCCESS,80.60685134193592,74.04439140844225,30.40870338572205,36.232590104996746,SUCCESS,SUCCESS
2151474,805,6,1,BTC,60-ft,MF,228.37084164085752,360.13233938523706,540.1398535196413,26.146748335950882,-5.76947757440448,SUCCESS,FAILURE,69.92887605485501,53.715236759909565,246.9312003346194,335.4937888455311,SUCCESS,SUCCESS
2151475,805,5,1,BTC,60-ft,MF,338.8698768987391,530.8043414865249,791.5306273613296,-4.114244944419303,-50.34230981583858,FAILURE,FAILURE,61.63520397547132,35.437291192285706,370.8268919081831,483.796949685821,SUCCESS,SUCCESS
2151476,805,60,1,BTC,40-ft,MF,37.52156112520921,59.073659839116345,87.62984706936768,79.52594683703612,74.46279307280716,SUCCESS,SUCCESS,85.06761146049907,80.36815047167828,31.254988476330993,33.30621572963321,SUCCESS,SUCCESS
2151477,805,53,1,BTC,60-ft,MF,72.75755096938288,114.5067609319189,170.41337326101944,69.69738281348955,59.784862896982375,SUCCESS,SUCCESS,81.09045725738248,74.64774997521576,64.25693986355606,83.82668312123633,SUCCESS,SUCCESS
2151478,805,54,1,BTC,60-ft,MF,52.12837953530261,83.3860618172034,126.22222256138252,75.2152372664533,67.62017330471942,SUCCESS,SUCCESS,79.58810188532131,72.87504746403906,24.66295645041555,29.637490258562707,SUCCESS,SUCCESS
2151479,805,1,1,BTC,60-ft,MF,249.0058725933623,391.21900910421306,584.3310042192782,20.634927463792017,-13.604787982141515,SUCCESS,FAILURE,72.53836579997859,59.1171039647173,292.73539221609246,410.15147058028367,SUCCESS,SUCCESS
2151480,805,7,1,BTC,60-ft,MF,197.87642957435403,309.39679490695335,460.3965225947227,35.14241225054019,8.369410887460521,SUCCESS,FAILURE,72.30349628527813,61.84289687819381,209.588513955922,301.5904609877357,SUCCESS,SUCCESS
2151481,805,51,1,BTC,60-ft,MF,72.75755096938288,114.5067609319189,170.41337326101944,69.69738281348955,59.784862896982375,SUCCESS,SUCCESS,77.51111993348741,70.43476285625123,44.06947735678784,60.065435770276224,SUCCESS,SUCCESS
2151482,805,30,1,BTC,60-ft,MF,52.14726399072329,83.25766231712348,126.22222256138252,75.2380031352618,67.62017330471942,SUCCESS,SUCCESS,79.8113080117933,72.87010533954195,25.793439503637728,29.609616676399014,SUCCESS,SUCCESS
2151483,805,4,1,BTC,60-ft,MF,233.13130387394838,364.70149649967595,543.1800487863744,25.33661409580214,-6.308519288364253,SUCCESS,FAILURE,70.40967610955443,58.86699954554524,254.21206975756297,367.5899262232495,SUCCESS,SUCCESS
2151484,805,38,1,BTC,60-ft,MF,162.57521565200847,249.9519317146041,370.30916200503725,45.6822816108858,24.342347162227444,SUCCESS,SUCCESS,67.52995567634599,52.66715806911516,123.22088172919547,159.75193351484666,SUCCESS,SUCCESS
2151485,805,23,2,BTC,60-ft,SAT,87.38911335332149,138.65673401418658,209.00574875303428,65.41547269252011,52.94224312889464,SUCCESS,SUCCESS,76.20180654548614,67.86508286305542,60.834922930728396,84.16481610066677,SUCCESS,SUCCESS
2151486,805,11,2,BTC,60-ft,SAT,338.8881084040862,530.6890976428757,791.5306273613296,-4.093811638807746,-50.34230981583858,FAILURE,FAILURE,69.37799127801043,54.35574278613354,414.38096845085454,590.4970166751227,SUCCESS,SUCCESS
2151487,805,13,2,BTC,60-ft,SAT,365.0231246982833,572.9939692874581,853.3462201536673,-11.594675405577668,-61.302521303841715,FAILURE,FAILURE,69.46304457674722,53.34192070807333,457.16554070031253,646.5946529472009,SUCCESS,SUCCESS
2151488,805,21,2,BTC,60-ft,SAT,212.50147948979458,333.5939530413912,498.9888980867375,30.852135985568935,1.526791119372789,SUCCESS,FAILURE,68.05807693665177,51.58516761102948,209.84150696410728,282.3292434129437,SUCCESS,SUCCESS
2151489,805,16,2,BTC,60-ft,SAT,318.2465649830834,499.6496129760699,747.3394766616927,1.409643089349317,-42.50699940810155,FAILURE,FAILURE,70.52564246159278,53.71816706782815,389.81423645945324,542.7099389242434,SUCCESS,SUCCESS
2151490,805,15,2,BTC,60-ft,SAT,353.4949268141796,555.0014996209628,830.1230028533445,-8.404521209390566,-57.184929583926326,FAILURE,FAILURE,71.13461971240129,57.47423635822627,448.6007547989061,646.6776959137404,SUCCESS,SUCCESS
2151491,805,18,2,BTC,60-ft,SAT,177.2531176586983,278.24206639649833,416.20537189508576,40.66630028430881,16.20472129519756,SUCCESS,FAILURE,74.1911011016359,61.68864631988479,189.0798766097248,256.5293371392359,SUCCESS,SUCCESS
2151492,805,31,3,BTC,60-ft,SUN,284.2724659298057,446.4556519054568,667.1145304109299,10.84119647066369,-28.282718157966286,FAILURE,FAILURE,66.83853031324824,40.09357203361768,315.82496287217697,385.6422766805336,SUCCESS,SUCCESS
2151493,805,32,3,BTC,60-ft,SUN,298.87928433989913,470.76805388354387,705.7069059029448,6.530486900080879,-35.12533792605403,FAILURE,FAILURE,71.12873287563617,45.80411012406283,364.3341073021319,456.44208700265904,SUCCESS,SUCCESS
2151494,805,41,3,BTC,60-ft,SUN,303.63974657298996,475.3372109979828,708.7471011696779,5.720352659932128,-35.664379640013806,FAILURE,FAILURE,73.4837883775657,58.12454177297882,382.18577744745346,528.9695167692784,SUCCESS,SUCCESS
2151495,805,37,3,BTC,60-ft,SUN,338.8881084040862,530.6890976428757,791.5306273613296,-4.093811638807746,-50.34230981583858,FAILURE,FAILURE,68.44440855188154,39.99292220419699,409.1155618754876,509.4907085930006,SUCCESS,SUCCESS
2151496,805,43,3,BTC,60-ft,SUN,177.2531176586983,278.24206639649833,416.20537189508576,40.66630028430881,16.20472129519756,SUCCESS,FAILURE,71.56117050537503,58.29673630487975,174.24706804681352,237.39896465460748,SUCCESS,SUCCESS
2151497,805,33,3,BTC,60-ft,SUN,400.27148652937956,628.3458559323509,936.1297463453191,-21.408839704317533,-75.9804514796665,FAILURE,FAILURE,72.00167160078293,49.251329743024044,526.8352837607667,706.3072460959746,SUCCESS,SUCCESS
2151498,805,36,3,BTC,60-ft,SUN,228.38256067770658,360.0642805937581,540.1398535196413,26.15881549756062,-5.76947757440448,SUCCESS,FAILURE,68.30437451049532,49.80748297156083,237.70095283295177,313.4540574792442,SUCCESS,SUCCESS
2151499,806,2,1,HTC,60-ft,MF,318.3136072347784,459.0791387331024,667.854135268322,8.602989586329365,-28.413853770979074,FAILURE,FAILURE,71.8435322579854,58.734437865241475,356.67666066813985,491.5163648282839,SUCCESS,SUCCESS
2151500,806,9,1,HTC,60-ft,MF,390.13183835227,565.5872477066152,823.8326687939839,-10.281426898336033,-56.06962212659289,FAILURE,FAILURE,72.0966867387467,61.52285273345114,464.6125609131464,663.2215582106483,SUCCESS,SUCCESS
2151501,806,39,1,HTC,60-ft,MF,228.52912465960628,328.387165655635,478.1649423373689,31.775325238362594,5.218981855076436,SUCCESS,FAILURE,76.42061017361634,64.886806742933,251.79940703483118,336.5265323675111,SUCCESS,SUCCESS
2151502,806,5,1,HTC,60-ft,MF,390.13183835227,565.5872477066152,823.8326687939839,-10.281426898336033,-56.06962212659289,FAILURE,FAILURE,71.61631573847913,60.67012837807352,461.90326847163743,658.4121928463184,SUCCESS,SUCCESS
2151503,806,4,1,HTC,60-ft,MF,390.13183835227,565.5872477066152,823.8326687939839,-10.281426898336033,-56.06962212659289,FAILURE,FAILURE,70.28161955569459,57.10949129056122,454.3755820007327,638.3301996727491,SUCCESS,SUCCESS
2151504,806,48,1,HTC,40-ft,MF,181.49755020273147,258.5984575882665,374.98969355475026,44.149209647470485,23.512465681781872,SUCCESS,SUCCESS,73.51881862742815,64.74737466780863,165.6445946469613,232.5648866811909,SUCCESS,SUCCESS
2151505,806,44,1,HTC,60-ft,MF,150.73773462729758,210.56021779490575,303.9042237084443,52.66662805054864,36.11627239211981,SUCCESS,SUCCESS,74.94949353079224,66.08166229430275,125.675361308574,169.00479904831178,SUCCESS,SUCCESS
2151506,806,31,1,HTC,40-ft,MF,253.31578132022327,365.1065665617794,530.9682270804121,25.264793162805077,-4.1433026738319345,SUCCESS,FAILURE,75.36057336730295,63.263669408704004,282.54020035336794,380.1753225455027,SUCCESS,SUCCESS
2151507,806,38,1,HTC,60-ft,MF,78.9195035098058,104.05210882139296,147.92569018278246,71.55104453521403,63.77204074773361,SUCCESS,SUCCESS,81.1964891512241,74.27087205564155,54.40030763429695,59.21340857660073,SUCCESS,SUCCESS
2151509,806,5,2,HTC,60-ft,SAT,373.01283318270936,542.6200815176342,790.9324496231819,-6.209234311637259,-50.23624993318828,FAILURE,FAILURE,76.92994060408589,68.9466900117597,468.9049465246786,672.1917812895067,SUCCESS,SUCCESS
2151510,806,41,2,HTC,40-ft,SAT,246.49537611728664,352.5710297595895,511.87560174266014,27.48740607099477,-0.7580854153652685,SUCCESS,FAILURE,78.80043202261835,67.98051950203772,289.40546636715686,387.68573173415285,SUCCESS,SUCCESS
2151511,806,4,2,HTC,60-ft,SAT,384.6106875566062,555.6328058219432,808.4434449308959,-8.516454932968646,-53.34103633526522,FAILURE,FAILURE,74.27185300759952,66.12491626952148,466.92605678480425,673.787972690997,SUCCESS,SUCCESS
2151512,806,10,2,HTC,60-ft,SAT,366.1924279797728,530.0845447154443,771.8398242854299,-3.9866214034475633,-46.851032674721615,FAILURE,FAILURE,74.05236585384105,65.38935327401015,440.13988813110757,633.0357767508472,SUCCESS,SUCCESS
2151513,806,8,2,HTC,60-ft,SAT,301.19460206521774,436.11197254412133,634.95391609752,12.675182173028137,-22.580481577574474,FAILURE,FAILURE,76.6722895285498,67.4121892470494,360.94368548514234,507.55866345087867,SUCCESS,SUCCESS
2151514,806,9,2,HTC,60-ft,SAT,366.1924279797728,530.0845447154443,771.8398242854299,-3.9866214034475633,-46.851032674721615,FAILURE,FAILURE,74.33323610895035,66.03268487083646,441.72399636992424,636.6641669569475,SUCCESS,SUCCESS
2151515,806,40,2,HTC,60-ft,SAT,277.25519169272053,400.60926955295037,582.9610715889661,18.969987667916605,-13.361892125703204,FAILURE,FAILURE,78.34788074173832,68.33522131388457,334.8913169363542,460.7717197992751,SUCCESS,SUCCESS
2151516,806,42,2,HTC,60-ft,SAT,276.4079454046008,399.3925716379769,582.1506313544769,19.185714248585658,-13.218197048666113,FAILURE,FAILURE,75.7214345510149,66.03700714806767,318.86146250570084,446.9993516695786,SUCCESS,SUCCESS
2151517,806,7,2,HTC,60-ft,SAT,373.01283318270936,542.6200815176342,790.9324496231819,-6.209234311637259,-50.23624993318828,FAILURE,FAILURE,77.21143128838169,69.69889095424394,470.4925539841069,676.4341946051176,SUCCESS,SUCCESS
2151518,806,9,3,HTC,60-ft,SUN,366.1924279797728,530.0845447154443,771.8398242854299,-3.9866214034475633,-46.851032674721615,FAILURE,FAILURE,75.59502191029618,68.00582798602343,448.8404682895147,647.7926941266022,SUCCESS,SUCCESS
2151519,806,8,3,HTC,60-ft,SUN,301.19460206521774,436.11197254412133,634.95391609752,12.675182173028137,-22.580481577574474,FAILURE,FAILURE,74.31168164708677,65.54222309449096,347.6298570336907,497.01205435044903,SUCCESS,SUCCESS
2151520,806,7,3,HTC,60-ft,SUN,373.01283318270936,542.6200815176342,790.9324496231819,-6.209234311637259,-50.23624993318828,FAILURE,FAILURE,77.46353716400053,70.76261473653466,471.91443112259725,682.4335967372374,SUCCESS,SUCCESS
2151521,806,33,3,HTC,60-ft,SUN,252.46853503210355,363.88986864680595,530.1577868459229,25.48051974347413,-3.9996075967948435,SUCCESS,FAILURE,76.5379636892164,68.18818217831124,287.96398385398646,407.1391343315983,SUCCESS,SUCCESS
2151522,806,32,3,HTC,60-ft,SUN,259.2889402350402,376.42540544899583,549.2504121836749,23.25790683528443,-7.38482485526151,SUCCESS,FAILURE,78.11647091425165,70.90333833345565,309.4023014053752,441.5452403843648,SUCCESS,SUCCESS
2151523,806,6,3,HTC,60-ft,SUN,390.13183835227,565.5872477066152,823.8326687939839,-10.281426898336033,-56.06962212659289,FAILURE,FAILURE,76.61259292264845,69.00802198598667,490.0822717903524,705.4379127949487,SUCCESS,SUCCESS
2151524,806,31,3,HTC,40-ft,SUN,181.49755020273147,258.5984575882665,374.98969355475026,44.149209647470485,23.512465681781872,SUCCESS,SUCCESS,78.49664659133227,67.12763987329645,193.71954436338058,245.98958244014216,SUCCESS,SUCCESS
2151525,806,10,3,HTC,60-ft,SUN,294.37419686228117,423.57643574193145,615.861290759768,14.897795081217833,-19.195264319107807,FAILURE,FAILURE,74.84241846741743,66.14429941320911,338.08767589816574,481.31513945026745,SUCCESS,SUCCESS
2151526,806,36,3,HTC,60-ft,SUN,91.71306762755933,127.90648451079925,185.3005006237972,67.32154529950368,57.14530130783737,SUCCESS,SUCCESS,83.19968561978487,75.60243647102939,89.55271140638604,104.09824232040302,SUCCESS,SUCCESS
2151535,9,1,1,VTC,40-ft,MF,315.2560850770056,559.8462398494753,880.4265956970747,-9.263517703807672,-66.10400632926856,FAILURE,FAILURE,9.228092453317394,-45.003682887675524,104.29268128618537,119.00582421058472,FAILURE,FAILURE
2151536,9,2,1,VTC,40-ft,MF,212.37459310948097,369.00744390381954,576.6201255797779,24.573148244003633,-12.23761091840033,SUCCESS,FAILURE,67.71071024694044,45.35448176509655,243.29584969656355,324.8194027349224,SUCCESS,SUCCESS
2151537,9,10,1,VTC,40-ft,MF,86.80781706359097,141.94743658879526,221.0936975838034,64.83201478922071,50.798989790105786,SUCCESS,SUCCESS,64.8320147892207,50.798989790105786,0.0,0.0,SUCCESS,SUCCESS
2151538,9,3,1,VTC,40-ft,MF,173.03681846812967,302.99017203863787,477.5085507143504,36.27833829102166,5.335363348519436,SUCCESS,FAILURE,36.27833829102166,5.335363348519434,0.0,0.0,SUCCESS,FAILURE
2151539,9,4,1,VTC,40-ft,MF,299.3044250597572,533.859140177252,840.1259290858686,-4.655875917952481,-58.95849806487033,FAILURE,FAILURE,7.546194659716245,-44.83008939291577,68.81967805805175,79.68422490982353,FAILURE,FAILURE
2151540,9,11,1,VTC,40-ft,MF,75.75500953718685,120.48816544713705,184.83790866995722,68.63685009802536,57.22732115780901,SUCCESS,SUCCESS,68.63685009802536,57.22732115780901,0.0,0.0,SUCCESS,SUCCESS
2151541,9,5,1,VTC,40-ft,MF,153.5230122058049,267.83234961060026,419.46233683231304,42.511994749893574,15.627245242497692,SUCCESS,FAILURE,45.29144745935393,19.26223640134398,15.676113281356379,20.50135013589312,SUCCESS,FAILURE
2151542,9,6,1,VTC,40-ft,MF,155.21525092390874,267.18677847928666,417.0489441989683,42.62645771643854,16.055151737771585,SUCCESS,FAILURE,66.22976073490983,47.58141516808575,133.12262902417802,177.80812574697194,SUCCESS,SUCCESS
2151543,9,14,1,VTC,40-ft,MF,71.51941840518947,117.57321324921095,182.5490543502858,69.15368559411154,57.6331463917933,SUCCESS,SUCCESS,74.2498743732554,63.92458837288865,28.74250471437142,35.48373277337771,SUCCESS,SUCCESS
2151544,9,12,1,VTC,40-ft,MF,77.92482211382705,127.83306582782738,196.74235286034232,67.3345627964845,55.11660410277619,SUCCESS,SUCCESS,73.53035286444036,63.51229435987764,34.94425598327098,47.35169305005218,SUCCESS,SUCCESS
2151545,9,7,1,VTC,40-ft,MF,136.02290476032198,239.09872583481175,378.67277929135736,47.60660889453693,22.85943629585863,SUCCESS,SUCCESS,47.606608894536926,22.859436295858618,0.0,0.0,SUCCESS,SUCCESS
2151546,9,15,1,VTC,40-ft,MF,55.13725229375104,90.76295981205497,140.6206406819002,73.90727662906826,65.06726229044322,SUCCESS,SUCCESS,73.90727662906826,65.06726229044324,0.0,0.0,SUCCESS,SUCCESS
2151547,9,8,1,VTC,40-ft,MF,236.52049776335514,417.01748639041404,655.4520720169578,16.06072936340177,-26.21490638598542,FAILURE,FAILURE,25.188678895022278,-17.11004233148285,51.481635358339645,51.35143326739461,SUCCESS,FAILURE
2151548,9,9,1,VTC,40-ft,MF,140.90302169300853,244.21139574367388,382.71765698871724,46.700107137646484,22.142259399163613,SUCCESS,SUCCESS,49.86018879776749,25.161107983605095,17.822860563082486,17.026306016250174,SUCCESS,SUCCESS
2151549,9,21,1,VTC,40-ft,MF,88.97762964023117,149.29233696948558,232.9981417741885,63.529727487679864,48.688272735072964,SUCCESS,SUCCESS,68.62591626682372,54.9797147161683,28.74250471437142,35.48373277337771,SUCCESS,SUCCESS
2151550,9,22,1,VTC,40-ft,MF,69.4450142807887,108.67768851367387,166.46556874815934,70.7309062919018,60.484828236141965,SUCCESS,SUCCESS,70.7309062919018,60.484828236141965,0.0,0.0,SUCCESS,SUCCESS
2151551,9,23,1,VTC,40-ft,MF,71.51941840518947,117.57321324921095,182.5490543502858,69.15368559411154,57.6331463917933,SUCCESS,SUCCESS,71.02135237711047,60.068941866037484,10.533640656114073,13.737886474737138,SUCCESS,SUCCESS
2151552,9,25,1,VTC,40-ft,MF,63.03961057215112,98.41783593505744,152.27227023810283,72.55002908952882,63.00137052515908,SUCCESS,SUCCESS,72.5500290895288,63.00137052515908,0.0,0.0,SUCCESS,SUCCESS
2151553,9,24,1,VTC,40-ft,MF,77.92482211382705,127.83306582782738,196.74235286034232,67.3345627964845,55.11660410277619,SUCCESS,SUCCESS,71.04361910607776,60.381549092382826,20.919077586105857,29.694289741381397,SUCCESS,SUCCESS
2151554,9,26,1,VTC,40-ft,MF,142.3625220498324,248.08260854505605,387.38558933020823,46.01372188917447,21.31461182088507,SUCCESS,SUCCESS,50.70063719965218,27.825205260045127,26.434202351094143,36.71974699686274,SUCCESS,SUCCESS
2151555,9,27,1,VTC,40-ft,MF,51.986803045746996,76.9585647933992,116.01648132425659,76.35486439833348,69.42970189286231,SUCCESS,SUCCESS,76.35486439833348,69.42970189286231,0.0,0.0,SUCCESS,SUCCESS
2151556,9,28,1,VTC,40-ft,MF,167.62293790581055,296.9480612530652,466.35543748860533,37.349634529598376,7.312865693509697,SUCCESS,FAILURE,37.349634529598404,7.312865693509683,0.0,0.0,SUCCESS,FAILURE
2151557,9,29,1,VTC,40-ft,MF,150.16472667076883,265.22893753279055,415.9063500647026,42.97359263603005,16.257739350230036,SUCCESS,FAILURE,42.97359263603007,16.257739350230025,0.0,0.0,SUCCESS,FAILURE
2151559,940,90,1,XNE,28-ft Shuttle,MF,54.212314752463655,65.22016543808024,89.11634360736663,78.436140879773,74.1992298568499,SUCCESS,SUCCESS,80.1168879343351,75.96276496373045,9.479413387730176,9.946338002806272,SUCCESS,SUCCESS
2151568,502,54,1,STC,40-ft,MF,105.14724552541915,140.17939724623758,199.5062855563719,65.14549694215646,54.626545114118464,SUCCESS,SUCCESS,68.22935910613046,59.030651181545345,17.392982604813312,24.839158220287686,SUCCESS,SUCCESS
2151570,801,36,1,STC,40-ft,MF,16.27426058944304,22.524484590601794,32.14977011356177,86.00629705840394,84.2996861500777,SUCCESS,SUCCESS,86.97251668936033,85.6020999106855,5.449478718594037,7.345613609827922,SUCCESS,SUCCESS
2151574,5,30,1,VTC,40-ft,MF,34.65798051117383,56.167919000085725,89.23026634358213,80.04114911345998,74.17903079014502,SUCCESS,SUCCESS,80.04114911346,74.17903079014502,0.0,0.0,SUCCESS,SUCCESS
2151578,321,30,1,STC,40-ft,MF,269.3891120767998,394.9377074387812,574.5726369572925,19.975583787450145,-11.874581020796539,FAILURE,FAILURE,31.162637664725672,-0.14595280618009512,63.094983867834,66.14946313043663,SUCCESS,FAILURE
2151589,401,7,1,RTC,40-ft,MF,250.86694170802986,392.8470810078947,611.0093018465247,20.346262232642786,-18.334982596901547,SUCCESS,FAILURE,20.346262232642783,-18.334982596901515,0.0,0.0,SUCCESS,FAILURE
2151590,401,27,1,RTC,40-ft,MF,267.22063586342256,409.3445472427835,621.5512668771563,17.421179566882362,-20.20412533282913,FAILURE,FAILURE,59.8109733474639,34.80629605559097,239.0784369224795,310.25877663068957,SUCCESS,SUCCESS
2151592,401,21,1,RTC,40-ft,MF,91.81443478806835,136.70304431977507,213.0181406128847,65.76187157450796,52.23082613246724,SUCCESS,SUCCESS,77.63483259928525,68.684928600488,66.96350017974379,92.80113791963709,SUCCESS,SUCCESS
2151593,23,1,1,VTC,40-ft,MF,202.50465988177712,344.8855488715127,548.1312876007307,28.85007998732045,-7.186398510767855,SUCCESS,FAILURE,28.85007998732044,-7.186398510767848,0.0,0.0,SUCCESS,FAILURE
2151594,23,3,1,VTC,40-ft,MF,228.12832608614227,390.01051648158847,621.8074681882966,20.849199205392118,-20.24955109721571,SUCCESS,FAILURE,20.849199205392118,-20.249551097215704,0.0,0.0,SUCCESS,FAILURE
2151595,23,2,1,VTC,40-ft,MF,233.22813101347165,399.70423821856133,636.6565401838708,19.130454216567145,-22.88236528082815,FAILURE,FAILURE,19.13045421656715,-22.88236528082816,0.0,0.0,FAILURE,FAILURE
2151596,23,4,1,VTC,40-ft,MF,201.28663458737836,343.8850378386402,547.3669379671941,29.027475560524795,-7.0508755260982365,SUCCESS,FAILURE,29.027475560524795,-7.050875526098249,0.0,0.0,SUCCESS,FAILURE
2151597,23,5,1,VTC,40-ft,MF,218.25163028447093,373.18567073512594,592.7435603351971,23.832327883842922,-15.09637594595693,SUCCESS,FAILURE,23.83232788384292,-15.096375945956945,0.0,0.0,SUCCESS,FAILURE
2151598,23,6,1,VTC,40-ft,MF,90.48564458009776,149.9088692154414,235.58515146849035,63.420413259673516,48.2295830729627,SUCCESS,SUCCESS,63.42041325967352,48.22958307296271,0.0,0.0,SUCCESS,SUCCESS
2151599,403,8,1,RTC,40-ft,MF,209.2953408489698,314.73776405978913,469.2456573689376,34.19543190429271,6.8004153601174515,SUCCESS,FAILURE,80.41763134430141,70.29875420312199,260.6932048416489,358.13063107454565,SUCCESS,SUCCESS
2151600,401,14,1,RTC,40-ft,MF,197.7677665017986,304.84247177905775,462.0210079059461,35.9499163512309,8.081381576959918,SUCCESS,FAILURE,66.91173527204917,46.22539958757066,174.62465871341522,215.13226157984425,SUCCESS,SUCCESS
2151601,401,6,1,RTC,40-ft,MF,263.2159708821135,407.5831405299121,617.3202689784866,17.733485721646794,-19.45394840044089,FAILURE,FAILURE,55.77026148019535,25.589527987209713,214.52741527821343,254.0452068263496,SUCCESS,SUCCESS
2151602,401,17,1,RTC,40-ft,MF,78.0249423760545,114.45347980069863,171.44599464105906,69.70682982257117,59.601773999812224,SUCCESS,SUCCESS,76.89439967352001,68.65461293101886,40.53789395935138,51.05801157200551,SUCCESS,SUCCESS
2151603,401,19,1,RTC,40-ft,MF,65.75970157108446,96.51183890112351,144.18436507892204,72.88797182604195,64.43539626260247,SUCCESS,SUCCESS,77.45443414106069,69.51050724812221,25.754847456705647,28.623625958331445,SUCCESS,SUCCESS
2151604,23,1,2,VTC,40-ft,SAT,174.8924987093201,296.97851584838656,472.9914644938354,37.344234778654865,6.136265160667487,SUCCESS,FAILURE,37.344234778654865,6.1362651606674845,0.0,0.0,SUCCESS,FAILURE
2151605,23,2,2,VTC,40-ft,SAT,196.18682966004897,334.1913161016673,532.5178659716199,30.74622054934977,-4.418061342485799,SUCCESS,FAILURE,30.74622054934977,-4.4180613424857915,0.0,0.0,SUCCESS,FAILURE
2151606,23,3,2,VTC,40-ft,SAT,126.75647625982732,213.64023695215752,339.02453279494847,52.12052536309264,29.889267234938217,SUCCESS,SUCCESS,52.12052536309264,29.889267234938217,0.0,0.0,SUCCESS,SUCCESS
2151607,23,4,2,VTC,40-ft,SAT,143.7214719569199,242.9408698486433,384.4011551629515,46.92537768641077,21.843766815079523,SUCCESS,SUCCESS,46.92537768641077,21.843766815079523,0.0,0.0,SUCCESS,SUCCESS
2151608,23,5,2,VTC,40-ft,SAT,164.24533323395568,278.3721157217462,443.22826375494316,40.64324189330742,11.413428412244125,SUCCESS,FAILURE,40.64324189330742,11.413428412244123,0.0,0.0,SUCCESS,FAILURE
2151609,23,6,2,VTC,40-ft,SAT,122.42714100619105,205.72806959536254,324.87475368516704,53.52339191571587,32.3980933182328,SUCCESS,SUCCESS,53.52339191571587,32.398093318232796,0.0,0.0,SUCCESS,SUCCESS
2151610,23,7,2,VTC,40-ft,SAT,126.75647625982732,213.64023695215752,339.02453279494847,52.12052536309264,29.889267234938217,SUCCESS,SUCCESS,52.12052536309264,29.889267234938217,0.0,0.0,SUCCESS,SUCCESS
2151615,430,14,1,RTC,40-ft,MF,128.74519889381386,177.68624740337935,264.3710000689378,58.49534620507458,43.12570920763514,SUCCESS,SUCCESS,66.95132044382291,53.07439574993569,47.6916947065406,56.110592098575125,SUCCESS,SUCCESS
2151617,430,16,1,RTC,40-ft,MF,120.99521911096305,160.999561357594,237.53202252161492,61.453978482696115,47.88439316992644,SUCCESS,SUCCESS,67.26384630134724,55.01526141155934,32.767654497192495,40.21809688280962,SUCCESS,SUCCESS
2151619,430,13,1,RTC,40-ft,MF,121.34703315489784,163.7010903432442,240.75055407009953,60.97498398169429,47.3137315478547,SUCCESS,SUCCESS,65.9534601541544,53.81110646923338,28.078605612675062,36.645194556575746,SUCCESS,SUCCESS
2151622,430,4,1,RTC,40-ft,MF,83.04548351512416,107.07217146036068,156.92181981959365,71.01557243610627,62.17698230149049,SUCCESS,SUCCESS,76.39042544669087,69.21940255329777,30.314170979697224,39.71925022019309,SUCCESS,SUCCESS
2151637,23,1,3,VTC,40-ft,SUN,217.48116061077783,371.4041163549481,592.0442674494044,24.148206320044668,-14.972387845639073,SUCCESS,FAILURE,24.148206320044668,-14.972387845639068,0.0,0.0,SUCCESS,FAILURE
2151638,23,2,3,VTC,40-ft,SUN,213.15182535714155,363.4919489981531,577.894488339623,25.551072872667895,-12.463561762344494,SUCCESS,FAILURE,25.55107287266789,-12.463561762344485,0.0,0.0,SUCCESS,FAILURE
2151639,23,3,3,VTC,40-ft,SUN,196.95729933374207,335.9728704818452,533.2171588574126,30.430342113148022,-4.5420494428036555,SUCCESS,FAILURE,30.43034211314802,-4.542049442803668,0.0,0.0,SUCCESS,FAILURE
2151640,23,4,3,VTC,40-ft,SUN,126.75647625982732,213.64023695215752,339.02453279494847,52.12052536309264,29.889267234938217,SUCCESS,SUCCESS,52.12052536309264,29.889267234938217,0.0,0.0,SUCCESS,SUCCESS
2151641,23,5,3,VTC,40-ft,SUN,148.0508072105562,250.85303720543828,398.55093427273295,45.52251113378754,19.33494073178494,SUCCESS,FAILURE,45.52251113378754,19.33494073178494,0.0,0.0,SUCCESS,FAILURE
2151647,405,2,1,RTC,40-ft,MF,265.24503835073403,401.1164317481272,607.80603493705,18.880065292885256,-17.767027471108143,FAILURE,FAILURE,50.52215036067452,17.745665978933122,178.46135978233156,200.29159105823285,SUCCESS,FAILURE
2151648,405,31,1,RTC,40-ft,MF,68.77088188724066,98.4539701501385,147.25187563892655,72.54362231380523,63.89151141153785,SUCCESS,SUCCESS,75.58417772108537,67.18556781941402,17.148732497059996,18.578478140421566,SUCCESS,SUCCESS
2151649,405,8,1,RTC,40-ft,MF,266.9684309465513,399.74087994644776,601.9599582924155,19.123957456303593,-16.73048905893892,FAILURE,FAILURE,45.075897551156345,11.10469457574162,146.36894213496953,156.9904356995983,SUCCESS,FAILURE
2151650,405,32,1,RTC,40-ft,MF,68.77088188724066,98.4539701501385,147.25187563892655,72.54362231380523,63.89151141153785,SUCCESS,SUCCESS,75.89205055217076,67.51693513758448,18.885135264381574,20.447389814902976,SUCCESS,SUCCESS
2151651,405,23,1,RTC,40-ft,MF,41.71817575763547,52.14087636226109,74.38648533794849,80.75516376555655,76.81090685497367,SUCCESS,SUCCESS,82.1208876686175,78.22567390626249,7.702682813263834,7.979286169268846,SUCCESS,SUCCESS
2151652,405,9,1,RTC,40-ft,MF,242.43400127719693,342.97023580821207,509.8354241639458,29.189674502090064,-0.3963518021180435,SUCCESS,FAILURE,44.217204376379534,16.267395471029918,84.75526849099293,93.98353462055445,SUCCESS,FAILURE
2151653,405,24,1,RTC,40-ft,MF,67.60403827533162,85.29542020178509,121.76172677516595,74.87669854578279,68.41104135192094,SUCCESS,SUCCESS,76.24242244884375,69.82580840320975,7.702682813263834,7.979286169268846,SUCCESS,SUCCESS
2151654,401,13,1,RTC,40-ft,MF,230.60587139967078,351.8648546482492,532.3458913909406,27.612614424069292,-4.387569395556831,SUCCESS,FAILURE,60.712457360429084,35.365688549890656,186.68311416106934,224.2083748123236,SUCCESS,SUCCESS
2151655,401,18,1,RTC,40-ft,MF,49.41243323048099,72.50602411434163,108.68803655442696,77.14432196554226,70.72907153290302,SUCCESS,SUCCESS,79.65052177902143,73.43595414665639,14.134966948022566,15.266817941568888,SUCCESS,SUCCESS
2151656,401,23,1,RTC,40-ft,MF,181.89345687818573,268.5084845491008,405.1482257874639,42.39211266859916,18.16520819371208,SUCCESS,FAILURE,71.01558969279654,53.032907956204625,161.43641041647317,196.65382666045792,SUCCESS,SUCCESS
2151657,401,24,1,RTC,40-ft,MF,49.41243323048099,72.50602411434163,108.68803655442696,77.14432196554226,70.72907153290302,SUCCESS,SUCCESS,81.15795358958418,75.18831775052583,22.636882359596427,25.1501486673925,SUCCESS,SUCCESS
2151658,401,26,1,RTC,40-ft,MF,86.66319979003985,123.81045035498153,185.38411335839962,68.0477924902515,57.13047635489369,SUCCESS,SUCCESS,74.21229429062954,64.42712744413994,34.76779015413217,41.15311214334889,SUCCESS,SUCCESS
2151682,410,31,1,HTC,40-ft,MF,145.9165707203075,242.60257992396026,379.01394647792364,46.98535816951059,22.79894565994262,SUCCESS,SUCCESS,82.67173155298448,73.70637597330378,201.2711458827929,287.1179069673568,SUCCESS,SUCCESS
2151684,15,3,3,VTC,40-ft,SUN,317.4236488886076,535.558184828901,841.0619975690332,-4.957124969663285,-59.1244676540839,FAILURE,FAILURE,69.72647675285475,52.34949321753437,421.21551371500186,628.713139315927,SUCCESS,SUCCESS
2151685,15,2,3,VTC,40-ft,SUN,329.19989820137755,552.2133288811938,866.1482853883363,-7.910164695247119,-63.57239102630076,FAILURE,FAILURE,64.54991226602837,40.08945877648685,408.674834061594,584.6528328877221,SUCCESS,SUCCESS
2151686,15,5,3,VTC,40-ft,SUN,231.34018902060427,382.4465889526135,598.0802502028847,22.190321107692643,-16.042597553702958,SUCCESS,FAILURE,74.13230587928544,59.4918115545489,292.9527941117835,426.01406737054054,SUCCESS,SUCCESS
2151687,15,4,3,VTC,40-ft,SUN,164.0724223767694,267.55611654933864,418.3923045271762,42.56097224302507,15.816967282415575,SUCCESS,FAILURE,74.62834050116747,62.76602601078487,180.8599569759233,264.7926912280029,SUCCESS,SUCCESS
2151688,15,6,3,VTC,40-ft,SUN,151.39274418559603,249.95930915596605,391.04674795354896,45.68097355390674,20.66547022100196,SUCCESS,SUCCESS,68.55440263373693,52.94748944595254,129.0061400102424,182.07058842872135,SUCCESS,SUCCESS
2151689,15,7,3,VTC,40-ft,SUN,135.3908360670964,219.4183995480526,342.7762515139003,51.096028448926845,29.22406888051413,SUCCESS,SUCCESS,75.33601009034933,64.42447236859266,136.71349645762297,198.5302756727632,SUCCESS,SUCCESS
2151690,15,9,3,VTC,40-ft,SUN,82.95693163063827,133.97441442764628,209.20629861992273,66.24567120077195,52.90668464185767,SUCCESS,SUCCESS,76.99512837476776,66.30629058122035,60.626938461336465,75.57377749800554,SUCCESS,SUCCESS
2151691,15,10,3,VTC,40-ft,SUN,205.34820665223097,339.91363331342995,533.0318522341914,29.731625299037244,-4.509193658544576,SUCCESS,FAILURE,70.68529922651172,56.11547193887733,230.97872095095602,341.92311396945973,SUCCESS,SUCCESS
2151693,620,21,1,RTC,40-ft,MF,414.6576832406791,521.992595638285,734.7053010923971,-2.5518786592703906,-40.266897356807995,FAILURE,FAILURE,57.73390468866306,40.1531423976363,340.0118180823445,453.5690242150657,SUCCESS,SUCCESS
2151694,620,22,1,RTC,40-ft,MF,433.4494709306499,547.0775205629446,771.3262462890244,-6.999560383500819,-46.75997274628092,FAILURE,FAILURE,62.56427615330953,45.89296805512665,392.3400380676103,522.5625861199387,SUCCESS,SUCCESS
2151695,620,23,1,RTC,40-ft,MF,534.3993476800862,669.773841675606,937.3941691349348,-28.754227247447872,-76.20463991754163,FAILURE,FAILURE,57.30359965823083,32.351970689106004,485.3661437480278,612.259283821493,SUCCESS,SUCCESS
2151696,620,24,1,RTC,40-ft,MF,518.8848325826056,650.0334538826079,911.3757532862068,-25.254158489824093,-71.59144561812177,FAILURE,FAILURE,62.03731641046151,44.155958949561345,492.3239184376107,652.815361761733,SUCCESS,SUCCESS
2151697,620,25,1,RTC,40-ft,MF,108.94624616967766,133.07377223595878,186.51083780810904,66.40535953263142,56.93070251629273,SUCCESS,SUCCESS,76.51756053182162,68.95837192615404,57.03281363543266,67.83605547161767,SUCCESS,SUCCESS
2151698,620,26,1,RTC,40-ft,MF,120.889942688628,142.69536220334274,197.88813112960275,64.69940386465555,54.9134519273754,SUCCESS,SUCCESS,67.23537029631649,58.02590235288426,14.302850674567765,17.554220399869905,SUCCESS,SUCCESS
2151699,620,28,1,RTC,40-ft,MF,553.2070460040492,694.8200858787891,974.2864626543559,-33.19505068772855,-82.74582671176522,FAILURE,FAILURE,55.38148249616769,20.341093801042984,499.5716471571748,581.4102316922387,SUCCESS,SUCCESS
2151700,620,27,1,RTC,40-ft,MF,151.8481126969514,181.1310702793719,250.45313870255086,57.88456200720356,45.5934151236612,SUCCESS,SUCCESS,72.68875327341257,64.22804603729682,83.49563874141876,105.09931835290496,SUCCESS,SUCCESS
2151701,620,29,1,RTC,40-ft,MF,102.09815499865712,117.61043727868312,161.26718593297534,69.14708558888599,61.40652731684835,SUCCESS,SUCCESS,75.51790509544966,68.73414710600414,35.9314220170192,41.327775610838614,SUCCESS,SUCCESS
2151702,620,30,1,RTC,40-ft,MF,333.9702378604302,420.82454616633544,593.2256890726673,15.385718764834147,-15.18185976465731,FAILURE,FAILURE,61.97079731181409,49.251764111659476,262.7398430049668,363.4056386624266,SUCCESS,SUCCESS
2151703,620,31,1,RTC,40-ft,MF,102.09815499865712,117.61043727868312,161.26718593297534,69.14708558888599,61.40652731684835,SUCCESS,SUCCESS,75.79486010848274,69.05745271200448,37.49344829052569,43.151219228680475,SUCCESS,SUCCESS
2151704,620,32,1,RTC,40-ft,MF,102.09815499865712,117.61043727868312,161.26718593297534,69.14708558888599,61.40652731684835,SUCCESS,SUCCESS,75.51790509544966,68.73414710600414,35.9314220170192,41.327775610838614,SUCCESS,SUCCESS
2151705,620,33,1,RTC,40-ft,MF,108.49762230024155,126.12246066238833,171.74133206643313,67.63786158468292,59.54940920807924,SUCCESS,SUCCESS,76.79477100854074,70.09093483467856,51.6449691505581,59.45420453402022,SUCCESS,SUCCESS
2151706,620,41,1,RTC,40-ft,MF,350.88765583563054,435.5154823716475,607.7400260074113,12.780942841906473,-17.755323760179305,FAILURE,FAILURE,67.18914147560503,51.21158520164898,306.86224029405986,388.9733665447114,SUCCESS,SUCCESS
2151707,620,42,1,RTC,40-ft,MF,165.9706752672668,205.8930884922527,289.58996179387134,53.494133246054496,38.65426209328523,SUCCESS,SUCCESS,63.46887619813947,51.06900707378538,56.25755024975916,70.01916169002078,SUCCESS,SUCCESS
2151708,620,43,1,RTC,40-ft,MF,181.40080539030583,225.04057565988265,315.8652051952977,50.09918871278677,33.99553099374155,SUCCESS,SUCCESS,66.67392717048808,55.49726434637582,93.48152490143536,121.26977610885734,SUCCESS,SUCCESS
2151709,620,44,1,RTC,40-ft,MF,150.5429309904161,187.1590874877452,263.31471839244495,56.81576462983242,43.31299319282891,SUCCESS,SUCCESS,68.12675622780452,58.544850925612934,63.79399261256253,85.90767761290181,SUCCESS,SUCCESS
2151710,620,45,1,RTC,40-ft,MF,150.1941631320616,184.40212701811808,258.69085589050815,57.30458740813509,44.13282696976806,SUCCESS,SUCCESS,68.28438405504849,57.38164693812099,61.92605308859146,74.72334462151053,SUCCESS,SUCCESS
2151711,620,46,1,RTC,40-ft,MF,131.65084769201155,161.5199426591939,226.6792524257222,61.361712294469164,49.80864318692869,SUCCESS,SUCCESS,69.21483685014864,58.627589526995536,44.2916224940322,49.738857357977,SUCCESS,SUCCESS
2151712,620,47,1,RTC,40-ft,MF,301.14008398352456,372.40833553408123,518.5540732378358,23.970153274099076,-1.9422115669921656,SUCCESS,FAILURE,62.271950369747145,46.484416814625234,216.02213561945507,273.126184072322,SUCCESS,SUCCESS
2151713,620,48,1,RTC,40-ft,MF,116.27972008817156,133.89791309790752,183.15354160062506,66.25923526632846,57.52596780130761,SUCCESS,SUCCESS,69.86325058976476,61.927596851503985,20.326646424180694,24.825187843107415,SUCCESS,SUCCESS
2151715,160,7,1,PCT,40-ft,MF,54.39211435739382,82.72218593993706,122.05184408606152,75.33294575533031,68.35960211240044,SUCCESS,SUCCESS,78.47758240689932,71.7864927951806,17.73575071484919,19.327663450880152,SUCCESS,SUCCESS
2151716,15,11,2,VTC,40-ft,SAT,258.76120736771,429.1286640413624,670.7771299779962,13.913357439474753,-28.932115244325562,FAILURE,FAILURE,62.54518654311965,29.90372037902633,274.2835161445573,331.8341129157044,SUCCESS,SUCCESS
2151717,15,13,2,VTC,40-ft,SAT,236.2694572034922,393.2780378347793,615.7424033354587,20.269851447734172,-19.174184988556497,SUCCESS,FAILURE,66.95823356265544,42.0621950153502,263.32247512815604,345.37318322203356,SUCCESS,SUCCESS
2151718,15,15,2,VTC,40-ft,SAT,203.8266486220541,335.40329427637243,524.6167008475267,30.53133080206163,-3.017145540341602,SUCCESS,FAILURE,64.41286659759541,40.07318344819972,191.09186188681065,243.029455495373,SUCCESS,SUCCESS
2151719,15,12,2,VTC,40-ft,SAT,197.68327686933034,326.52528243279056,511.67051067302606,32.105446377164796,-0.7217217505365311,SUCCESS,FAILURE,64.1359712914305,42.014788014664774,180.65216051645865,241.03391507573537,SUCCESS,SUCCESS
2151720,15,14,2,VTC,40-ft,SAT,332.6465794923866,558.0930999694887,876.3026266718618,-8.952677299554724,-65.37280614749324,FAILURE,FAILURE,57.344107039160285,8.77734832266534,373.91386367035284,418.2068712116942,SUCCESS,FAILURE
2151721,15,17,2,VTC,40-ft,SAT,258.8924303581387,438.18832850128376,687.6773878845636,12.307033953673095,-31.92861487314957,FAILURE,FAILURE,65.68765583082255,39.324633160744256,301.066707387123,401.86831891116117,SUCCESS,SUCCESS
2151722,15,16,2,VTC,40-ft,SAT,266.2200929720018,440.6380467835776,689.3173884419823,11.872686740500434,-32.21939511382664,FAILURE,FAILURE,58.156042791441756,21.728068273462345,261.03812812730916,304.26369350430986,SUCCESS,SUCCESS
2151723,15,18,2,VTC,40-ft,SAT,146.4634760027081,239.12786027380025,373.38459482097494,47.60144321386521,23.79705765585551,SUCCESS,SUCCESS,65.98619417664194,47.43107820389547,103.68999543006089,133.29587589094547,SUCCESS,SUCCESS
2151724,15,20,2,VTC,40-ft,SAT,122.711157875923,201.82159215468,315.4306949402731,54.216029759808514,34.07257181910052,SUCCESS,SUCCESS,69.05074117067531,53.56955436540905,83.66777235728887,109.96298156118019,SUCCESS,SUCCESS
2151725,15,19,2,VTC,40-ft,SAT,252.3109752248418,429.3410166481667,675.819928132083,13.875706268055552,-29.826228392213288,FAILURE,FAILURE,62.85152596792479,30.88618873405335,276.2236231072626,342.4180325921441,SUCCESS,SUCCESS
2151726,410,32,1,HTC,40-ft,MF,402.74301721638267,570.357760732033,834.9509866163855,-11.127262541140588,-58.04095507382721,FAILURE,FAILURE,74.62920880337653,38.56187097256702,483.66649838307643,544.8399389016637,SUCCESS,FAILURE
2151727,22,41,2,VTC,40-ft,SAT,328.9954163678246,550.4421706810105,855.7874073465651,-7.596129553370644,-61.735355912511544,FAILURE,FAILURE,59.439730615501794,8.62502151458733,378.0822513524403,396.83252868883733,SUCCESS,FAILURE
2151728,22,43,2,VTC,40-ft,SAT,339.6309020967805,562.4417805067537,873.9049705540759,-9.723719948005977,-64.94768981455246,FAILURE,FAILURE,63.51066468786506,33.81559728771886,413.0419293463125,557.0249392568102,SUCCESS,SUCCESS
2151729,22,42,2,VTC,40-ft,SAT,198.08265730492633,330.6127671274991,513.2614070411589,31.38071504831576,-1.0037955746735632,SUCCESS,FAILURE,53.624964316455205,23.90780992629331,125.45756587230619,140.5014550254532,SUCCESS,SUCCESS
2151730,22,45,2,VTC,40-ft,SAT,260.7206395396701,432.744619613937,672.4365481839751,13.272230564904792,-29.226338330492034,FAILURE,FAILURE,68.01854179857713,46.83387426346779,308.76919535791166,428.97959902993324,SUCCESS,SUCCESS
2151731,22,46,2,VTC,40-ft,SAT,260.7206395396701,432.744619613937,672.4365481839751,13.272230564904792,-29.226338330492034,FAILURE,FAILURE,69.87579853874576,47.639019680827836,319.24412337246275,433.5206191838439,SUCCESS,SUCCESS
2151732,22,47,2,VTC,40-ft,SAT,164.86601779126167,271.8940213870489,421.8592485494423,41.791840179601266,15.202260895488953,SUCCESS,FAILURE,63.60080960222436,42.59603373004944,123.00258754359402,154.50087878692113,SUCCESS,SUCCESS
2151733,22,52,1,VTC,60-ft,MF,226.96463051821195,375.02269916144866,582.4469087716963,23.506613623856627,-13.2707285056199,SUCCESS,FAILURE,66.37847260950488,42.30232836347935,241.7972846790559,313.4320407417198,SUCCESS,SUCCESS
2151734,22,53,1,VTC,40-ft,MF,310.52553960605036,514.7813130227454,799.9353694060678,-1.2732824508413778,-51.83251230604039,FAILURE,FAILURE,64.81493758576157,28.723233193267266,372.73756100644033,454.334404616095,SUCCESS,SUCCESS
2151735,22,54,1,VTC,40-ft,MF,313.29799559065447,532.1932357628064,831.999191687078,-4.360502794823818,-57.51758717855993,FAILURE,FAILURE,65.61081020891929,34.29382255964576,394.63820534111096,517.8163509234795,SUCCESS,SUCCESS
2151736,22,57,1,VTC,40-ft,MF,48.31185846720314,76.66719723536066,117.75272884082509,76.40652531287931,69.1218565885062,SUCCESS,SUCCESS,77.77997148240317,70.57523538747537,7.746236396114455,8.19705642618618,SUCCESS,SUCCESS
2151737,22,58,1,VTC,40-ft,MF,61.36832991301122,100.01289176304904,154.21314817901907,72.26721777250904,62.65724323067038,SUCCESS,SUCCESS,73.6406639420329,64.11062202963957,7.746236396114455,8.19705642618618,SUCCESS,SUCCESS
2151738,22,56,1,VTC,40-ft,MF,234.60769664805392,386.0532305585603,599.5157095075871,21.550845645645342,-16.297111614820402,SUCCESS,FAILURE,71.42282886603275,57.446819091328585,281.27798536298474,415.9157691826802,SUCCESS,SUCCESS
2151739,22,71,1,VTC,40-ft,MF,48.31185846720314,76.66719723536066,117.75272884082509,76.40652531287931,69.1218565885062,SUCCESS,SUCCESS,77.77997148240317,70.57523538747537,7.746236396114455,8.19705642618618,SUCCESS,SUCCESS
2151740,22,72,1,VTC,40-ft,MF,69.01139604285324,111.04342316016064,171.28194891490975,70.31144979429776,59.630860121469894,SUCCESS,SUCCESS,75.30289026559713,66.11113094942228,28.15172425812824,36.54872746965128,SUCCESS,SUCCESS
2151741,22,73,1,VTC,40-ft,MF,202.3772051970718,332.8387304302658,516.2692307713739,30.986040703853586,-1.5370976544989217,SUCCESS,FAILURE,66.42213551247181,50.87823426966529,199.8595747206066,295.62247205228624,SUCCESS,SUCCESS
2151742,22,74,1,VTC,40-ft,MF,48.31185846720314,76.66719723536066,117.75272884082509,76.40652531287931,69.1218565885062,SUCCESS,SUCCESS,77.77997148240317,70.57523538747537,7.746236396114455,8.19705642618618,SUCCESS,SUCCESS
2151745,44,31,1,BTC,40-ft,MF,80.11891218971643,113.8271003491148,165.38461301809386,69.8178900090222,60.676487053529456,SUCCESS,SUCCESS,76.48860668685077,69.60738830387297,37.62284206295317,50.37028305193729,SUCCESS,SUCCESS
2151746,44,32,1,BTC,40-ft,MF,60.4378631976011,84.53617792800432,119.24320506103236,75.011315970212,68.85758775513611,SUCCESS,SUCCESS,76.14635273300595,70.13028324076164,6.401607342157945,7.178002538928013,SUCCESS,SUCCESS
2151747,145,3,1,BTC,60-ft,MF,307.6087460371681,-814.524254295994,562.7262918209638,234.4191940241124,-9.77416521648293,SUCCESS,FAILURE,88.1471536662902,75.07194707027011,8.445351933319955,478.5320732972868,SUCCESS,SUCCESS
2151748,145,4,1,BTC,60-ft,MF,279.566936885332,-730.1511380097767,510.0947527698628,219.45942163293913,-0.4423320513941083,SUCCESS,FAILURE,88.1471536662902,76.70642883038764,8.445351933319955,435.11901137324884,SUCCESS,SUCCESS
2151753,5,2,3,VTC,40-ft,SUN,117.24704932782909,237.44008491952792,380.69535932454073,47.90069416320427,22.500822814797747,SUCCESS,SUCCESS,47.90069416320424,22.50082281479773,0.0,0.0,SUCCESS,SUCCESS
2151757,5,3,3,VTC,40-ft,SUN,110.40415120822763,222.50261123003986,356.5227412011786,50.54918240602131,26.786748013975437,SUCCESS,SUCCESS,50.54918240602127,26.78674801397541,0.0,0.0,SUCCESS,SUCCESS
2151760,5,4,3,VTC,40-ft,SUN,124.08994744743055,252.37755860901598,404.8679774479029,45.25220592038724,18.21489761562006,SUCCESS,FAILURE,45.25220592038721,18.214897615620043,0.0,0.0,SUCCESS,FAILURE
2151763,5,6,3,VTC,40-ft,SUN,69.3467624906189,132.8777690931115,211.48703246100573,66.44011186292349,52.502299209041546,SUCCESS,SUCCESS,66.44011186292347,52.50229920904152,0.0,0.0,SUCCESS,SUCCESS
2151764,5,7,3,VTC,40-ft,SUN,124.08994744743055,252.37755860901598,404.8679774479029,45.25220592038724,18.21489761562006,SUCCESS,FAILURE,45.25220592038721,18.214897615620043,0.0,0.0,SUCCESS,FAILURE
2151765,5,8,3,VTC,40-ft,SUN,110.40415120822763,222.50261123003986,356.5227412011786,50.54918240602131,26.786748013975437,SUCCESS,SUCCESS,50.54918240602127,26.78674801397541,0.0,0.0,SUCCESS,SUCCESS
2151766,106,3,1,HTC,40-ft,MF,169.56629447733218,290.90523118059406,455.38183321968097,38.42105830131312,9.258540209276427,SUCCESS,FAILURE,82.23019691197173,72.6540703862885,247.08354176411444,357.55079019834807,SUCCESS,SUCCESS
2151767,145,11,1,BTC,60-ft,MF,87.24653230571577,-130.66054169587414,154.55093302291698,113.16676271203443,62.59735230090124,SUCCESS,SUCCESS,88.1471536662902,81.65554011608687,19.202718335436202,107.4881792776468,SUCCESS,SUCCESS
2151768,145,12,1,BTC,60-ft,MF,97.2951773983976,-181.72588214936394,167.9897489377072,122.22090109031274,60.21458352168313,SUCCESS,SUCCESS,88.1471536662902,81.96628374880758,8.445351933319955,122.67958928098187,SUCCESS,SUCCESS
2151769,145,25,1,BTC,40-ft,MF,69.25336824656151,-97.35276586314652,115.35820988660628,107.26112869913946,69.54641668677193,SUCCESS,SUCCESS,88.1471536662902,78.01630949948768,8.445351933319955,47.77019546371673,SUCCESS,SUCCESS
2151770,145,24,1,BTC,60-ft,MF,74.32054777562864,-148.08477288215533,132.0922082861404,116.25616540463749,66.57939569394675,SUCCESS,SUCCESS,89.93673576632615,76.4541172223304,8.445351933319955,55.6934294200837,SUCCESS,SUCCESS
2151771,145,5,1,BTC,60-ft,MF,280.70721646423266,379.2435069278938,517.1006344651661,22.758243452501105,-1.6845096569443365,SUCCESS,FAILURE,75.05708008304471,67.81971448213497,294.9654385962661,392.00382414440725,SUCCESS,SUCCESS
2151772,145,1,1,BTC,60-ft,MF,417.15823648263665,559.4703991298002,762.7409600856951,-9.19687927833336,-45.237758880442385,FAILURE,FAILURE,77.5766392693439,70.66906481383548,489.40264460889983,653.7144856357265,SUCCESS,SUCCESS
2151773,145,2,1,BTC,60-ft,MF,409.98938962252794,547.367233567064,745.9707767814358,-7.050927937422687,-42.26432212436805,FAILURE,FAILURE,77.11424435691492,68.87001122537781,474.6915717400643,626.7976400925661,SUCCESS,SUCCESS
2151774,145,23,1,BTC,60-ft,MF,70.47936882277578,94.95807884543711,128.80334884895132,73.16346119761754,67.16252679983134,SUCCESS,SUCCESS,79.06294289293581,73.51006943090806,33.27307676159512,35.80014043927275,SUCCESS,SUCCESS
2151775,145,6,1,BTC,60-ft,MF,303.95862621415984,406.39363016232346,553.6578062923483,17.94439181519088,-8.166277711409261,FAILURE,FAILURE,77.01571882248992,70.96962146462192,333.1622843211666,446.32647135281576,SUCCESS,SUCCESS
2151776,145,22,1,BTC,60-ft,MF,79.48189485816366,104.72302313519765,141.90218751517014,71.43208809659617,64.84003767461523,SUCCESS,SUCCESS,79.74146120424788,73.83947329880996,46.86486432715577,50.75681692045828,SUCCESS,SUCCESS
2151777,145,21,1,BTC,60-ft,MF,70.47936882277578,94.95807884543711,128.80334884895132,73.16346119761754,67.16252679983134,SUCCESS,SUCCESS,79.68126968765048,74.10105508257723,36.76043988378592,39.13329951468694,SUCCESS,SUCCESS
2151778,145,7,1,BTC,60-ft,MF,241.19562381313048,323.4041216601643,440.59240721995076,32.65884367727583,11.880778861710862,SUCCESS,FAILURE,74.03621381043473,67.21068220782587,233.36836755101632,312.06065487208855,SUCCESS,SUCCESS
2151779,145,13,1,BTC,40-ft,MF,70.47936882277578,94.95807884543711,128.80334884895132,73.16346119761754,67.16252679983134,SUCCESS,SUCCESS,81.45413901565549,75.92779355532045,46.7594228937341,49.43610450095866,SUCCESS,SUCCESS
2151780,145,14,1,BTC,40-ft,MF,61.38803278170963,78.37198237487343,105.6224767351773,76.10425844417138,71.27261050794729,SUCCESS,SUCCESS,82.62206693420434,78.21113879069321,36.76043988378592,39.13329951468694,SUCCESS,SUCCESS
2151781,145,15,1,BTC,40-ft,MF,61.38803278170963,78.37198237487343,105.6224767351773,76.10425844417138,71.27261050794729,SUCCESS,SUCCESS,84.19492329925117,79.86784778456884,45.63134978265009,48.47713824014545,SUCCESS,SUCCESS
2151782,106,4,1,HTC,40-ft,MF,152.3107277436521,251.35753314856822,389.0676596493773,45.43306149848082,21.016372402592687,SUCCESS,SUCCESS,77.28147706918331,65.66409973376506,179.62506381876204,251.8131821478122,SUCCESS,SUCCESS
2151785,802,71,1,BTC,40-ft,MF,64.41220999532459,107.4137318326707,142.62141141203531,70.95501208640592,64.71251570708596,SUCCESS,SUCCESS,85.09215207759357,80.6161010484209,79.73346955029848,89.69622132512904,SUCCESS,SUCCESS
2151786,802,72,1,BTC,40-ft,MF,64.41220999532459,107.4137318326707,142.62141141203531,70.95501208640592,64.71251570708596,SUCCESS,SUCCESS,83.21109923009837,78.54355553000016,69.12433149042556,78.00706460123615,SUCCESS,SUCCESS
2151787,802,51,1,BTC,40-ft,MF,174.93452307724817,302.1794902102912,401.5356155581377,36.42207620384909,18.805741922316017,SUCCESS,FAILURE,80.80729024472086,74.7102287968332,250.3326071905169,315.30130597227685,SUCCESS,SUCCESS
2151788,802,52,1,BTC,40-ft,MF,167.04007214282507,288.26765032617544,383.0417438334161,38.88871448117457,22.084797192656723,SUCCESS,SUCCESS,80.37955745492636,74.28475841029855,234.00835437196014,294.4077812674998,SUCCESS,SUCCESS
2151789,802,73,1,BTC,40-ft,MF,24.93995532320902,37.85453241209197,50.15205278842727,83.28820347303333,81.1077920587895,SUCCESS,SUCCESS,86.99755974831854,85.25386110076064,20.92076939260852,23.383829396717204,SUCCESS,SUCCESS
2151790,802,53,1,BTC,40-ft,MF,230.1956796182099,399.56236939910144,530.992717631189,19.15560826257067,-4.14764497006896,FAILURE,FAILURE,82.28885797629147,76.76145970949571,356.07152838538536,456.3273503927446,SUCCESS,SUCCESS
2151791,802,74,1,BTC,40-ft,MF,17.0455043887859,23.94269252797623,31.658181063705662,85.75484175035882,84.3868473291302,SUCCESS,SUCCESS,87.71565102753436,86.645119920294,11.058964323270061,12.736657414163687,SUCCESS,SUCCESS
2151792,802,54,1,BTC,40-ft,MF,277.56238522474854,483.03340870379594,641.9559479795182,4.355778598617745,-23.821976592113153,FAILURE,FAILURE,85.75174416092105,79.05785697881018,459.0732457713907,580.2422613400079,SUCCESS,SUCCESS
2151793,802,61,1,BTC,40-ft,MF,117.98334725574408,201.263204351888,266.033064909147,54.315034689381555,42.831016860080325,SUCCESS,SUCCESS,81.18477754234043,76.31349946468427,151.54534969068806,188.84120188996616,SUCCESS,SUCCESS
2151797,106,5,1,HTC,40-ft,MF,197.16760825029053,326.66747681294373,502.234838122359,32.0802346076341,0.9512698364611728,SUCCESS,FAILURE,79.75141492623696,71.99232030076405,268.86545699692005,400.67152461866823,SUCCESS,SUCCESS
2151799,502,69,1,STC,40-ft,MF,85.27449008515627,110.51973377645484,157.9159398085983,70.40430252190518,62.000719892092505,SUCCESS,SUCCESS,77.43040673729875,70.67123086139128,39.627227774819744,48.90168186684508,SUCCESS,SUCCESS
2151800,320,53,1,STC,40-ft,MF,156.75554766551147,234.89291471594146,346.96721736129706,48.35232008582599,28.480989829557263,SUCCESS,SUCCESS,72.36939704109795,61.14364062620692,135.45631402773392,184.21735049310405,SUCCESS,SUCCESS
2151801,320,50,1,STC,40-ft,MF,139.36341901643232,206.37887884704207,302.65376156266603,53.408000204425164,36.3379855385344,SUCCESS,SUCCESS,76.39857785616672,64.57899657727762,129.66685795582242,159.27930225851173,SUCCESS,SUCCESS
2151804,130,53,1,BTC,40-ft,MF,46.64649118503458,68.376680904366,100.86905548731892,77.87647501695638,72.11541569373779,SUCCESS,SUCCESS,84.60413025035129,81.00952182699123,37.943975516347166,50.16275859154956,SUCCESS,SUCCESS
2151805,123,19,1,HTC,40-ft,MF,301.6571134364564,512.0406068527413,775.2257275658131,-0.7873416405569726,-47.45137013578247,FAILURE,FAILURE,33.44030589546583,-10.22611813623307,193.0439321031685,209.95042127745887,SUCCESS,FAILURE
2151808,123,21,1,HTC,40-ft,MF,77.51733866969371,124.87695762134526,187.80359311192106,67.8586954572083,56.70149058299273,SUCCESS,SUCCESS,71.2393026845382,61.24067398470591,19.066624762140634,25.600994385662318,SUCCESS,SUCCESS
2151809,123,47,1,HTC,40-ft,MF,145.83559260240935,240.65015062633213,362.76912354086744,47.331533576891474,25.679233414739823,SUCCESS,SUCCESS,66.18018727621019,48.94665228374811,106.30640686415751,131.2282424212067,SUCCESS,SUCCESS
2151810,123,30,1,HTC,40-ft,MF,201.27592869216417,337.7903957237428,510.2733324137762,30.108085864584616,-0.4739951088255613,SUCCESS,FAILURE,57.210066011075526,32.54865738945199,152.85516802620856,186.24776009028537,SUCCESS,SUCCESS
2151811,123,40,1,HTC,40-ft,MF,178.3491699968305,299.8072194089202,453.85301516342145,36.842691594163085,9.529607240528117,SUCCESS,FAILURE,58.48362492849428,35.37548530183747,122.05486400562785,145.77075226578472,SUCCESS,SUCCESS
2151813,123,11,1,HTC,40-ft,MF,301.6571134364564,512.0406068527413,775.2257275658131,-0.7873416405569726,-47.45137013578247,FAILURE,FAILURE,36.83137331773919,-6.386092135088235,212.16955236479023,231.60816792391574,SUCCESS,FAILURE
2151815,123,16,1,HTC,40-ft,MF,77.51733866969371,124.87695762134526,187.80359311192106,67.8586954572083,56.70149058299273,SUCCESS,SUCCESS,72.35657040740149,62.91942348892016,25.368014719089615,35.06914158943067,SUCCESS,SUCCESS
2151817,123,18,1,HTC,40-ft,MF,76.96481957671148,124.62202562718979,186.8162615974146,67.90389616539188,56.87654936216053,SUCCESS,SUCCESS,73.15501361237655,62.77060209295806,29.616302400993447,33.24245740169806,SUCCESS,SUCCESS
2151818,123,20,1,HTC,40-ft,MF,311.45652548453296,525.4531221021884,794.3681502171316,-3.165447181239082,-50.84541670516518,FAILURE,FAILURE,49.37845124676204,4.918333609690913,296.34758713392614,314.50755177578867,SUCCESS,FAILURE
2151819,123,24,1,HTC,40-ft,MF,76.96481957671148,124.62202562718979,186.8162615974146,67.90389616539188,56.87654936216053,SUCCESS,SUCCESS,71.68867792740906,61.134313850687796,21.34616913777677,24.013791715293735,SUCCESS,SUCCESS
2151820,123,48,1,HTC,40-ft,MF,52.019681188167446,83.01685465214088,124.8134466155949,75.28069952976226,67.8699562738307,SUCCESS,SUCCESS,76.60683960580738,69.25661390610878,7.4794300288944555,7.820749046048377,SUCCESS,SUCCESS
2151823,123,27,1,HTC,40-ft,MF,52.019681188167446,83.01685465214088,124.8134466155949,75.28069952976226,67.8699562738307,SUCCESS,SUCCESS,76.60683960580738,69.25661390610878,7.4794300288944555,7.820749046048377,SUCCESS,SUCCESS
2151825,123,36,1,HTC,40-ft,MF,77.51733866969371,124.87695762134526,187.80359311192106,67.8586954572083,56.70149058299273,SUCCESS,SUCCESS,72.35657040740149,62.91942348892016,25.368014719089615,35.06914158943067,SUCCESS,SUCCESS
2151826,123,45,1,HTC,40-ft,MF,61.20961371741426,95.51098256226167,142.31649499312238,73.06542862371246,64.76657890192867,SUCCESS,SUCCESS,75.22648625823562,67.22812043366422,12.18836505871053,13.88309423898852,SUCCESS,SUCCESS
2151827,123,46,1,HTC,40-ft,MF,52.019681188167446,83.01685465214088,124.8134466155949,75.28069952976226,67.8699562738307,SUCCESS,SUCCESS,76.60683960580738,69.25661390610878,7.4794300288944555,7.820749046048377,SUCCESS,SUCCESS
2151832,123,8,1,HTC,40-ft,MF,226.22106708070822,379.39556669879164,572.2761473955958,22.731282500214252,-11.467402020495703,SUCCESS,FAILURE,50.518199881304696,19.683411904157733,156.7182140293499,175.6905905350455,SUCCESS,FAILURE
2151841,123,41,1,HTC,40-ft,MF,106.86141794546519,142.36297567788262,203.88017256287614,64.7583376457655,53.8510332335326,SUCCESS,SUCCESS,73.32491402748485,64.80432617035925,48.31549079289715,61.776572163702326,SUCCESS,SUCCESS
2151853,210,69,1,BTC,40-ft,MF,88.57298198452733,138.9784980405671,204.63712137323373,65.3584223332328,53.7168224515543,SUCCESS,SUCCESS,71.20451067015885,61.755936810206514,32.971938220262984,45.340604982798425,SUCCESS,SUCCESS
2151854,210,70,1,BTC,40-ft,MF,97.22840035835512,145.8001727598536,208.95343882119084,64.14890553903305,52.95151793950518,SUCCESS,SUCCESS,68.64626415197564,58.835448835012215,25.36510257699632,33.18537025065967,SUCCESS,SUCCESS
2151855,130,23,1,BTC,40-ft,MF,77.95274209538997,125.5704872239857,186.06931969012214,67.73572921560537,57.00898587054573,SUCCESS,SUCCESS,81.16161704818035,73.1770407453582,75.72200737572291,91.18782949394239,SUCCESS,SUCCESS
2151856,22,20,1,VTC,40-ft,MF,36.563553100048544,60.31819700284025,93.98301382703977,79.30528421935458,73.3363450661277,SUCCESS,SUCCESS,80.34612383279338,74.4624819454237,5.870335419794969,6.3514119992294695,SUCCESS,SUCCESS
2151857,25,13,1,VTC,40-ft,MF,100.12561423314673,142.73565530403778,211.1321406107203,64.69225969786565,52.565223295971585,SUCCESS,SUCCESS,70.93207896165558,60.84856854147357,35.19258064777523,46.71806718463125,SUCCESS,SUCCESS
2151858,25,26,1,VTC,40-ft,MF,79.35897649414497,112.71709173469327,167.0346206228288,70.01470004704021,60.383932513682836,SUCCESS,SUCCESS,75.3581362632304,66.51790815583813,30.136980259312793,34.595622621755865,SUCCESS,SUCCESS
2151865,320,13,1,STC,40-ft,MF,427.66327082594375,615.1908693893764,892.4083183713602,-19.076395281804327,-68.22842524314898,FAILURE,FAILURE,69.4543074416669,52.32554379717735,499.3131633603777,679.9243853874405,SUCCESS,SUCCESS
2151867,320,42,1,STC,40-ft,MF,273.18969686452016,403.00381276340306,591.6725174970113,18.545423268900173,-14.90647473351264,FAILURE,FAILURE,65.16729309072235,44.97342572946026,262.94734579507707,337.72263861116716,SUCCESS,SUCCESS
2151869,320,21,1,STC,40-ft,MF,292.1008532573258,429.8263869116648,629.0882017722696,13.78964771069773,-21.540461307139996,FAILURE,FAILURE,71.67823290923972,53.79924496848636,326.49162051977686,424.91594339453263,SUCCESS,SUCCESS
2151872,320,9,1,STC,40-ft,MF,297.9026089211261,424.4533121932784,619.2353181868981,14.742320533106671,-19.793496132428736,FAILURE,FAILURE,57.03509789616747,33.83854348809308,238.53126432766283,302.484703459743,SUCCESS,SUCCESS
2151874,123,10,1,HTC,40-ft,MF,292.2396493990797,489.5566311588895,759.6656333905757,3.1991788725373262,-44.69248818981839,FAILURE,FAILURE,73.85627653507606,60.035207466884856,398.5060308167189,590.6642035038061,SUCCESS,SUCCESS
2151876,801,23,1,STC,40-ft,MF,73.22572041286439,107.16212974462938,157.48315465150353,70.99962238570401,62.07745484902421,SUCCESS,SUCCESS,70.99962238570401,62.07745484902421,0.0,0.0,SUCCESS,SUCCESS
2151878,502,22,1,STC,40-ft,MF,216.39449393384018,311.4900322696355,451.15764341251776,34.77127087417811,10.007510033241536,SUCCESS,FAILURE,64.79215503141515,44.16053995272581,169.317786646817,192.62308874589127,SUCCESS,SUCCESS
2151879,502,6,1,STC,40-ft,MF,326.10033173198354,456.5018613799457,657.8070584747012,9.059953656038001,-26.632457176365453,FAILURE,FAILURE,36.88137476437059,0.5434721689842315,156.91281505099585,153.27224150777226,SUCCESS,FAILURE
2151882,502,13,1,STC,40-ft,MF,312.6895298040564,449.65319976525427,654.211662240718,10.274255360770523,-25.994975574595397,FAILURE,FAILURE,73.12532088794993,61.40045581347239,354.4800095732918,492.9102330287021,SUCCESS,SUCCESS
2151885,803,10,1,PCT,60-ft,MF,244.71685765423769,299.81448893450926,411.1864612104842,36.84140267118631,17.09459907615529,SUCCESS,FAILURE,77.3172174994916,69.35328725755295,228.28359563164196,294.7390013430827,SUCCESS,SUCCESS
2151890,502,9,1,STC,40-ft,MF,327.93504050150045,466.9137488672223,678.0001736140953,7.213874314322292,-30.21279674008781,FAILURE,FAILURE,68.89982513138688,49.247089825868265,347.9087626082442,448.1537602319924,SUCCESS,SUCCESS
2151891,502,5,1,STC,40-ft,MF,341.46871517720604,462.99611383592554,652.2596869214236,7.908490454623135,-25.64888065982688,FAILURE,FAILURE,50.02026661246365,27.444745879264648,237.51041753022048,299.44805368047616,SUCCESS,SUCCESS
2151904,801,17,1,STC,40-ft,MF,71.85594218370449,96.96102858096167,138.25383162279104,72.80832826578694,65.48690928673918,SUCCESS,SUCCESS,81.1717261473763,74.90213866695562,47.16956405216399,53.10189370442072,SUCCESS,SUCCESS
2151907,502,14,1,STC,40-ft,MF,296.93676055421236,404.32005184526633,580.4006517773303,18.312047545165548,-12.907916981796141,FAILURE,FAILURE,60.43792280596896,42.071294149284164,237.5899364709312,310.0827507792929,SUCCESS,SUCCESS
2151910,106,12,1,HTC,40-ft,MF,213.73887092618548,322.80181555653417,470.423413106814,32.765635539621606,6.591593420777664,SUCCESS,FAILURE,68.67845375864374,52.071344163619926,202.54829475528499,256.5057941896303,SUCCESS,SUCCESS
2151911,181,3,1,XNE,28-ft Shuttle,MF,70.47022484710767,108.73678402693282,158.68154644921208,70.720428364019,61.86497403382765,SUCCESS,SUCCESS,83.78415016434096,76.60129158385224,73.67939095381575,83.11283098213875,SUCCESS,SUCCESS
2151919,171,3,1,XNE,28-ft Shuttle,MF,252.01810082955592,366.9588998312197,532.4800026341879,24.93636527815254,-4.411347984785092,SUCCESS,FAILURE,75.68955450457416,64.22803475162229,286.24798723701815,387.1261186333375,SUCCESS,SUCCESS
2151921,620,1,1,RTC,44-ft Double Deck,MF,525.943314875289,543.0009215500305,700.911645355711,-6.2767591400763285,-34.27511442477145,FAILURE,FAILURE,81.70639693670441,77.38887459279648,496.2250002730434,629.7848980590832,SUCCESS,SUCCESS
2151922,620,2,1,RTC,44-ft Double Deck,MF,413.4099375639526,426.52163747702105,550.440904945164,14.375596192017548,-7.5959051321212705,FAILURE,FAILURE,81.00042840627286,76.51143712293353,375.7640536884,474.36541031850896,SUCCESS,SUCCESS
2151923,620,4,1,RTC,44-ft Double Deck,MF,357.1432489082844,368.2819954405163,475.20553473989054,24.701773858064488,5.74369951420381,SUCCESS,FAILURE,78.39478662363317,75.42272342324641,302.8285919978074,392.9896948470001,SUCCESS,SUCCESS
2151926,620,3,1,RTC,44-ft Double Deck,MF,188.34318294127976,193.56306933100214,249.49942412406998,55.680306856205306,45.762513453179096,SUCCESS,SUCCESS,81.66112075062172,77.62260926166925,146.53179036450865,179.69094035988445,SUCCESS,SUCCESS
2151927,620,41,2,RTC,40-ft,SAT,469.6766262196208,484.7612795135258,625.6762751504375,4.04941852597061,-20.935509778446363,FAILURE,FAILURE,79.7914710661022,76.4217666044644,427.18517632634223,549.0950387996165,SUCCESS,SUCCESS
2151928,620,42,2,RTC,40-ft,SAT,244.60987159694798,251.80271136750687,324.7347943293435,45.35412919015836,32.42290880685399,SUCCESS,SUCCESS,80.83828251580705,76.4647927837375,200.13062475665862,248.39622562962285,SUCCESS,SUCCESS
2151929,620,44,2,RTC,40-ft,SAT,469.6766262196208,484.7612795135258,625.6762751504375,4.04941852597061,-20.935509778446363,FAILURE,FAILURE,81.9351584514849,77.77212070366218,439.2755731799007,556.7110359190921,SUCCESS,SUCCESS
2151930,620,43,2,RTC,40-ft,SAT,244.60987159694798,251.80271136750687,324.7347943293435,45.35412919015836,32.42290880685399,SUCCESS,SUCCESS,80.59046195099107,76.38757695499436,198.73291677109654,247.96072835551155,SUCCESS,SUCCESS
2151931,620,45,2,RTC,40-ft,SAT,357.1432489082844,368.2819954405163,475.20553473989054,24.701773858064488,5.74369951420381,SUCCESS,FAILURE,79.36048364091691,76.32365435425237,308.2751231752877,398.0709452978738,SUCCESS,SUCCESS
2151932,620,46,2,RTC,40-ft,SAT,467.74758809708925,480.4729713173274,618.5673929123011,4.809756858629899,-19.67506966530161,FAILURE,FAILURE,74.29274506550117,67.90634103686357,391.884053486754,493.9591563602116,SUCCESS,SUCCESS
2151933,620,41,3,RTC,40-ft,SUN,469.6766262196208,484.7612795135258,625.6762751504375,4.04941852597061,-20.935509778446363,FAILURE,FAILURE,79.92931360997933,76.38463379068145,427.9626082738093,548.8856097298808,SUCCESS,SUCCESS
2151934,620,42,3,RTC,40-ft,SUN,469.6766262196208,484.7612795135258,625.6762751504375,4.04941852597061,-20.935509778446363,FAILURE,FAILURE,80.43674166434602,75.84826219687919,430.8245025004373,545.8604739408361,SUCCESS,SUCCESS
2151935,620,45,3,RTC,40-ft,SUN,568.7950942019197,591.9891833221083,768.3902569313764,-14.96262115640217,-46.23940725733623,FAILURE,FAILURE,74.25324266068924,67.89194688492287,503.17747192839545,643.7008373623413,SUCCESS,SUCCESS
2151936,620,46,3,RTC,40-ft,SUN,357.1432489082844,368.2819954405163,475.20553473989054,24.701773858064488,5.74369951420381,SUCCESS,FAILURE,81.78673089842424,77.41263269551791,321.95915770762906,404.21278314261144,SUCCESS,SUCCESS
2151938,16,23,1,VTC,40-ft,MF,45.29914483547296,78.34416471646756,123.11714176802103,76.1091906531086,68.17071954467713,SUCCESS,SUCCESS,76.1091906531086,68.17071954467713,0.0,0.0,SUCCESS,SUCCESS
2151939,16,42,1,VTC,40-ft,MF,77.68189212659126,129.57650052047103,202.47486234319655,67.02544317012925,54.1002017121992,SUCCESS,SUCCESS,67.02544317012924,54.1002017121992,0.0,0.0,SUCCESS,SUCCESS
2151940,16,39,1,VTC,40-ft,MF,76.48390222375231,127.47312680881994,198.4226965479827,67.39838177148584,54.818670824825766,SUCCESS,SUCCESS,67.39838177148584,54.818670824825766,0.0,0.0,SUCCESS,SUCCESS
2151943,502,21,1,STC,40-ft,MF,198.47152554965268,298.1594057917595,432.55114456831643,37.13485712912066,13.306534651007729,SUCCESS,FAILURE,69.74461352284239,58.0339953190856,183.91902606059057,252.26287816795906,SUCCESS,SUCCESS
2151947,123,44,1,HTC,40-ft,MF,45.14731282953827,76.32825044076685,114.70247152857992,76.46662226227538,69.66268235308868,SUCCESS,SUCCESS,86.423122342346,81.54190209173237,56.15466045159832,66.99879932595047,SUCCESS,SUCCESS
2151948,123,26,1,HTC,40-ft,MF,43.7217635625436,70.8279921173566,106.65253685170389,77.44184536926302,71.0899757355135,SUCCESS,SUCCESS,85.53916009168829,80.23522796148924,45.668855034478554,51.57922255450325,SUCCESS,SUCCESS
2151949,123,13,1,HTC,40-ft,MF,215.97382247357353,351.04816776448865,522.6712477284798,27.75741706303393,-2.672207044056695,SUCCESS,FAILURE,82.55809615028977,74.61169831580003,309.0758300521231,435.8812262295921,SUCCESS,SUCCESS
2151950,123,32,1,HTC,40-ft,MF,165.20981154480856,263.1130075585426,391.01181414365686,43.3487575250811,20.67166415892609,SUCCESS,SUCCESS,77.49571384613574,68.95975631373233,192.58883365074826,272.34483975310724,SUCCESS,SUCCESS
2151951,123,28,1,HTC,40-ft,MF,179.55076048695804,294.432326635613,440.3103633612035,37.795686766735294,11.930786638084493,SUCCESS,FAILURE,67.40725963401829,52.78286733300101,167.0092709714762,230.40573511932922,SUCCESS,SUCCESS
2151952,106,10,1,HTC,40-ft,MF,193.5803050127985,309.1872537452104,456.9363778305197,35.17956493879248,8.982911732177364,SUCCESS,FAILURE,78.42685066223363,69.36908108906302,243.9146914802082,340.57799517283513,SUCCESS,SUCCESS
2151953,123,35,1,HTC,40-ft,MF,90.04460086401174,156.85236102111998,238.14255219199404,62.18929769129079,47.77614322836986,SUCCESS,SUCCESS,86.41848084460351,79.51071261356073,136.6525929846838,178.98297133247667,SUCCESS,SUCCESS
2151959,502,15,1,STC,40-ft,MF,326.8199729013433,468.71850259936696,678.9383713617567,6.8938825178427425,-30.3791438584675,FAILURE,FAILURE,47.845970913208916,18.80270408852088,230.9697785498651,277.38562242101443,SUCCESS,FAILURE
2151961,320,5,1,STC,40-ft,MF,345.66495811622036,468.54687483640794,674.1003220456305,6.9243129722681,-29.521333696033768,FAILURE,FAILURE,53.112522834697295,26.95806334569657,260.5015036241007,318.54379931535914,SUCCESS,SUCCESS
2151964,320,55,1,STC,40-ft,MF,139.18716725709027,213.43053011650034,317.76015641367763,52.15770742615242,33.659546735163545,SUCCESS,SUCCESS,83.15549359412032,75.23244195714747,174.82751398733882,234.47112905198935,SUCCESS,SUCCESS
2151973,320,19,1,STC,40-ft,MF,335.09237185029514,462.11667800088094,665.8509441547211,8.06441879417005,-28.058678041617213,FAILURE,FAILURE,63.10769770195158,44.41414452498813,310.44409303988795,408.74671927565396,SUCCESS,SUCCESS
2151984,320,31,1,STC,40-ft,MF,385.6315440288158,585.4451204654397,866.5481056265155,-13.802326323659514,-63.6432811394531,FAILURE,FAILURE,71.25469985896942,53.23655495790999,479.72162767002726,659.2022755891278,SUCCESS,SUCCESS
2151986,320,46,1,STC,40-ft,MF,192.8540130588386,282.7177033048009,415.1247066055584,39.87274764099275,16.39632861603575,SUCCESS,FAILURE,74.33204562999553,64.77291205011016,194.3504406579757,272.8439305681797,SUCCESS,SUCCESS
2151988,320,11,1,STC,40-ft,MF,463.59007652297197,658.4450785952372,944.6132037349668,-26.745581311212263,-77.48461059130616,FAILURE,FAILURE,53.82597143973181,14.80902284617119,454.4235575153248,520.536092587372,SUCCESS,FAILURE
2151989,320,37,1,STC,40-ft,MF,329.66874442179403,488.53846494298534,710.7552701443067,3.3797047973430283,-36.0204379688487,FAILURE,FAILURE,77.55180590925255,70.59753423133432,418.33065027116965,601.3253632090318,SUCCESS,SUCCESS
2151994,20,21,1,VTC,60-ft,MF,71.0480474683413,121.04082187528847,190.18603764577873,68.5388613696297,56.27907133940094,SUCCESS,SUCCESS,68.5388613696297,56.27907133940093,0.0,0.0,SUCCESS,SUCCESS
2151998,20,23,1,VTC,60-ft,MF,46.93231658581738,76.17406875270684,118.38919003741314,76.49395944100942,69.00900885861469,SUCCESS,SUCCESS,76.49395944100942,69.00900885861468,0.0,0.0,SUCCESS,SUCCESS
2152000,152,34,1,PCT,40-ft,MF,94.14225177669373,135.76375557305207,194.47947700738976,65.92841213243757,55.517823225640115,SUCCESS,SUCCESS,79.78822145650781,73.99136312008446,78.16932458775608,104.19076500466605,SUCCESS,SUCCESS
2152008,320,36,1,STC,40-ft,MF,324.96155637319725,476.4549294034388,703.0257087274065,5.5221756376881554,-34.64994835592313,FAILURE,FAILURE,71.82021637203549,59.96829234326142,373.9209497417188,533.6468775434008,SUCCESS,SUCCESS
2152010,320,43,1,STC,40-ft,MF,368.97225154221445,551.047277012548,812.1278485307854,-7.70341791002623,-53.99429938489102,FAILURE,FAILURE,63.20098452198363,42.70187393137658,399.9008297165355,545.3664175037493,SUCCESS,SUCCESS
2152011,4,21,1,VTC,40-ft,MF,85.73489012567741,135.59824985688886,208.23543893165356,65.9577571175729,53.07882288445859,SUCCESS,SUCCESS,69.2075397359967,57.24019713513897,18.32877396791031,23.47015077383736,SUCCESS,SUCCESS
2152012,4,26,1,VTC,40-ft,MF,66.76876030380197,98.70207975802423,149.5716785226225,72.49963124857727,63.48019884350665,SUCCESS,SUCCESS,74.04270539078335,65.13590827486514,8.702938162042301,9.338201192861902,SUCCESS,SUCCESS
2152020,321,6,1,STC,40-ft,MF,331.96580233297135,505.7102179557985,738.9972360252775,0.33506773833360365,-41.02787872788608,FAILURE,FAILURE,49.45557191600756,10.349973082103887,277.039643562081,289.77108420834315,SUCCESS,FAILURE
2152022,321,29,1,STC,40-ft,MF,368.28098834241007,566.5313428948764,832.2472643862727,-10.448819662212122,-57.56157169969374,FAILURE,FAILURE,56.2423392586606,10.070003201737327,376.13813631372227,381.44208244407116,SUCCESS,FAILURE
2152024,320,35,1,STC,40-ft,MF,378.5390403084441,555.7213248679092,811.8183065562278,-8.532149799274674,-53.939416056068744,FAILURE,FAILURE,61.3717348274526,26.2806636157839,394.2579092947417,452.4412493492489,SUCCESS,SUCCESS
2152025,14,76,1,VTC,40-ft,MF,68.44912585020779,101.40267626531191,156.8235263940732,72.02080208061847,62.19441021381681,SUCCESS,SUCCESS,76.33269790345025,67.01169903242707,24.31909244077133,27.169508936961904,SUCCESS,SUCCESS
2152026,320,3,1,STC,40-ft,MF,379.40865803918797,574.6595477088088,845.4409863937582,-11.889990728512187,-59.900884112368466,FAILURE,FAILURE,77.3651645117824,67.46748802012095,503.39907555526145,718.3576188272407,SUCCESS,SUCCESS
2152032,321,11,1,STC,40-ft,MF,350.5344501484523,507.23870120783715,733.2500560338483,0.06406006953242377,-40.00887518330643,FAILURE,FAILURE,62.76127684827484,29.6945636802811,353.61230263210723,393.1273951906336,SUCCESS,SUCCESS
2152033,3,8,3,VTC,60-ft,SUN,153.1625338737609,284.41200086199876,450.9752914764516,39.572340272695264,10.039841936799363,SUCCESS,FAILURE,73.2377041585528,60.14386571044413,189.8726523162362,282.5866940833565,SUCCESS,SUCCESS
2152037,130,19,2,BTC,40-ft,SAT,94.17940609037916,149.6083907165518,222.05919242134132,63.47368958926387,50.62780276217352,SUCCESS,SUCCESS,82.16086104484039,72.96224867728584,105.39564700945175,125.96627496123347,SUCCESS,SUCCESS
2152039,320,8,2,STC,40-ft,SAT,252.3746907173799,388.90864313909776,577.4161309348459,21.044566819308912,-12.378746619653526,SUCCESS,FAILURE,64.32259404781313,49.827019297269,244.08807356876372,350.84051977144304,SUCCESS,SUCCESS
2152040,9,13,1,VTC,40-ft,MF,51.986803045746996,76.9585647933992,116.01648132425659,76.35486439833348,69.42970189286231,SUCCESS,SUCCESS,76.35486439833348,69.42970189286231,0.0,0.0,SUCCESS,SUCCESS
2152041,130,11,2,BTC,40-ft,SAT,220.05355840774126,354.71599310067063,531.9145147925219,27.107093421866914,-4.311084183071257,SUCCESS,FAILURE,76.04974162889494,66.31574675185884,276.03653588763825,398.33532647300575,SUCCESS,SUCCESS
2152051,502,18,2,STC,40-ft,SAT,70.21105653925332,97.59024207402955,140.76140676752627,72.69676558971108,65.042303764623,SUCCESS,SUCCESS,77.007519785879,70.67275706885351,24.312653666387007,31.755756635860052,SUCCESS,SUCCESS
2152059,210,68,2,BTC,40-ft,SAT,198.82182296391807,307.5126547671482,459.35066206182944,35.47647965121486,8.554847152157905,SUCCESS,FAILURE,58.6216880459348,37.41579805139086,130.53897534622047,162.77576307167385,SUCCESS,SUCCESS
2152062,210,46,2,BTC,40-ft,SAT,300.57775741408676,451.08874074704187,671.919548801504,10.019726817900382,-29.134671773316306,FAILURE,FAILURE,51.59668989108999,18.567177578619585,234.4940717327894,269.0384303449184,SUCCESS,FAILURE
2152067,388,4,1,HTC,40-ft,MF,74.83715237964847,94.60463696968486,134.55424277342928,73.2261281968644,66.14286475648417,SUCCESS,SUCCESS,76.77349408330217,70.11062204792718,20.007143599509106,22.378151123738576,SUCCESS,SUCCESS
2152073,388,3,1,HTC,40-ft,MF,278.3303844079076,365.9885912073543,526.1510529287017,25.108405814298884,-3.2891937816846926,SUCCESS,FAILURE,59.17523514215112,39.88549229303061,192.13691740908666,243.5052294613943,SUCCESS,SUCCESS
2152076,321,21,3,STC,40-ft,SUN,386.70798543683065,571.4514506988448,839.2604680205684,-11.321179201922838,-58.805047521377375,FAILURE,FAILURE,66.39625618417857,32.83118612480402,438.3263355776118,516.8283577644635,SUCCESS,SUCCESS
2152084,321,23,3,STC,40-ft,SUN,257.8946119027738,391.5378133006002,570.9351546880671,20.578401897056708,-11.229637356040259,SUCCESS,FAILURE,43.58721835132129,14.768496222671123,129.76972480205222,146.6294733839322,SUCCESS,FAILURE
2152086,321,2,3,STC,40-ft,SUN,354.9967294991189,552.2866637335217,815.6729817726641,-7.923167328638589,-54.62286910862838,FAILURE,FAILURE,55.08936387786936,10.045239427819068,355.3906760047047,364.7281321455637,SUCCESS,FAILURE
2152087,25,15,2,VTC,40-ft,SAT,79.35897649414497,112.71709173469327,167.0346206228288,70.01470004704021,60.383932513682836,SUCCESS,SUCCESS,75.04407810809847,66.16229903643112,28.365692264368647,32.58998718830031,SUCCESS,SUCCESS
2152090,388,7,1,HTC,40-ft,MF,136.80084880830864,164.39136420398927,232.00566838720414,60.852594999292684,48.864243193758135,SUCCESS,SUCCESS,65.6349827199066,54.856514751006515,26.97266674426254,33.79641158288098,SUCCESS,SUCCESS
2152092,388,1,1,HTC,40-ft,MF,337.71771117196033,425.4718369079827,602.6287449510845,14.561731044683917,-16.849068253738388,FAILURE,FAILURE,60.88517049649369,38.77213601247465,261.2641985082072,313.70359206144155,SUCCESS,SUCCESS
2152095,430,40,1,RTC,60-ft,MF,222.86031713600028,329.6107698302834,488.8030757065892,31.558374143566777,3.332787995285607,SUCCESS,FAILURE,68.20039728958885,53.01494334953303,206.66101054356443,280.20735619795533,SUCCESS,SUCCESS
2152098,430,50,1,RTC,60-ft,MF,259.1387044226885,386.80647391113405,574.5787880888096,21.41729185972801,-11.875671646952048,SUCCESS,FAILURE,63.330075269230036,42.13932834525617,236.38809842959142,304.6445999560543,SUCCESS,SUCCESS
2152100,430,65,1,RTC,60-ft,MF,107.37911932419813,143.02307768087144,207.26190334172594,64.64129828353343,53.25143557770817,SUCCESS,SUCCESS,71.04453014160754,61.25932914450175,36.11422767953792,45.16451971671586,SUCCESS,SUCCESS
2152106,430,62,1,RTC,40-ft,MF,253.33488782019737,374.3753839307147,555.2727567590188,23.62138582788747,-8.452616446634527,SUCCESS,FAILURE,66.43726936613673,48.50436112515693,241.4815831557258,321.23735350490404,SUCCESS,SUCCESS
2152114,430,42,1,RTC,60-ft,MF,107.37911932419813,143.02307768087144,207.26190334172594,64.64129828353343,53.25143557770817,SUCCESS,SUCCESS,71.88903633006414,62.782529351710714,40.877242582433155,53.75536888537442,SUCCESS,SUCCESS
2152116,430,73,1,RTC,60-ft,MF,151.15455529380836,211.54299783665329,309.833392051237,52.49237627009694,35.06500140935515,SUCCESS,SUCCESS,69.61118164788437,59.001041586753836,96.55006233072106,134.99926660052859,SUCCESS,SUCCESS
2152117,430,74,1,RTC,60-ft,MF,223.093737395576,329.20934946473386,488.61725593606275,31.629547967245774,3.3657347631094456,SUCCESS,FAILURE,66.24991236958088,49.2021731288207,195.2588552291699,258.5175123826115,SUCCESS,SUCCESS
2152123,430,68,1,RTC,60-ft,MF,156.600202283741,223.62125233423367,328.2378577073274,50.350841784710354,31.801798278842664,SUCCESS,SUCCESS,73.51463193675082,63.74509048397001,130.64377645750824,180.1601680369182,SUCCESS,SUCCESS
2152128,430,51,1,RTC,60-ft,MF,120.16910274506125,164.80059966474363,240.86766404537985,60.780035520435526,47.292967367840454,SUCCESS,SUCCESS,70.62230333580956,60.32063879747054,55.510390478709496,73.47606686311366,SUCCESS,SUCCESS
2152130,430,69,1,RTC,40-ft,MF,253.33488782019737,374.3753839307147,555.2727567590188,23.62138582788747,-8.452616446634527,SUCCESS,FAILURE,63.482735086613886,44.82894959270261,224.8180098192169,300.5080324618615,SUCCESS,SUCCESS
2152131,430,56,1,RTC,60-ft,MF,259.1387044226885,386.80647391113405,574.5787880888096,21.41729185972801,-11.875671646952048,SUCCESS,FAILURE,62.88677992918574,43.69228708887143,233.88791271174165,313.4032872700444,SUCCESS,SUCCESS
2152133,430,70,1,RTC,60-ft,MF,280.2479568302619,412.37366718621234,610.6171766310669,16.88410156272831,-18.265456849479936,FAILURE,FAILURE,62.59165732925796,41.497703945748945,257.7906145232272,337.0642268850909,SUCCESS,SUCCESS
2152136,430,38,1,RTC,40-ft,MF,279.5036547061361,410.7973034802835,608.3069494481657,17.1635986737086,-17.8558421007386,FAILURE,FAILURE,65.22887028528888,45.324100274695766,271.0881318893127,356.33487499744996,SUCCESS,SUCCESS
2152137,430,76,1,RTC,60-ft,MF,296.3660216656819,441.3189403805677,655.5340182856287,11.751960925431261,-26.22943586624622,FAILURE,FAILURE,67.98882829436695,49.75589743790045,317.17593196079724,428.55727983538725,SUCCESS,SUCCESS
2152141,430,55,1,RTC,60-ft,MF,345.20097211365754,520.6935868108401,775.1013111420294,-2.321557945184409,-47.429310486175424,FAILURE,FAILURE,69.09391170495147,46.80403294912828,402.7832488267663,531.4760569751131,SUCCESS,SUCCESS
2152143,806,37,1,HTC,60-ft,MF,65.64441288332362,85.05863909879093,119.11526839397055,74.91868101085267,68.88027156135274,SUCCESS,SUCCESS,79.83054677160074,74.15705584144939,27.702922890619107,29.76106333974508,SUCCESS,SUCCESS
2152144,806,41,1,HTC,40-ft,MF,307.0626984066827,436.98162876220294,634.0983123479944,12.520987808120049,-22.428778785105376,FAILURE,FAILURE,58.13221553263366,33.95557264496097,257.24732436625663,318.00774206557423,SUCCESS,SUCCESS
2152145,806,40,1,HTC,60-ft,MF,65.64441288332362,85.05863909879093,119.11526839397055,74.91868101085267,68.88027156135274,SUCCESS,SUCCESS,80.72958467935678,75.12871847246795,32.77349669036306,35.24124057868971,SUCCESS,SUCCESS
2152146,806,6,1,HTC,60-ft,MF,364.05665305635125,522.1719377103249,757.5184595050583,-2.583676898993767,-44.311783600187646,FAILURE,FAILURE,62.27802486937413,37.71202508936089,365.8199979735949,462.61428100905385,SUCCESS,SUCCESS
2152147,806,8,1,HTC,60-ft,MF,252.70619111648102,363.5528517217403,528.6729164974427,25.540274517421935,-3.736332712312524,SUCCESS,FAILURE,79.78966381122193,69.48771023678309,305.9665556170321,412.98360223289916,SUCCESS,SUCCESS
2152148,806,30,1,HTC,60-ft,MF,341.214375089675,488.64530429451105,708.5874005716249,3.3607616499093926,-35.63606393113917,FAILURE,FAILURE,62.435851394544386,39.949316596476834,333.18350615974134,426.3015461757543,SUCCESS,SUCCESS
2152152,805,87,1,BTC,60-ft,MF,79.2325645510335,105.51765912605815,156.17288617612954,71.29119519041522,62.30977195458697,SUCCESS,SUCCESS,76.11888959759288,67.90421044943845,27.228196456482067,31.552633110962404,SUCCESS,SUCCESS
2152156,805,86,1,BTC,60-ft,MF,79.2325645510335,105.51765912605815,156.17288617612954,71.29119519041522,62.30977195458697,SUCCESS,SUCCESS,76.19826133314307,68.24980435276655,27.675853044985104,33.50178272573288,SUCCESS,SUCCESS
2152159,805,88,1,BTC,60-ft,MF,79.2325645510335,105.51765912605815,156.17288617612954,71.29119519041522,62.30977195458697,SUCCESS,SUCCESS,76.89855051954254,69.18466903765058,31.62548405627814,38.77441954847882,SUCCESS,SUCCESS
2152161,805,85,1,BTC,60-ft,MF,79.2325645510335,105.51765912605815,156.17288617612954,71.29119519041522,62.30977195458697,SUCCESS,SUCCESS,76.16253884218716,68.0775261543125,27.47437819599378,32.53013368645202,SUCCESS,SUCCESS
2152167,240,1,2,BTC,60-ft,SAT,500.6213896336486,608.2766073381097,820.5753249818742,-17.85046229399107,-55.49207889749543,FAILURE,FAILURE,-17.850462293991065,-55.49207889749537,0.0,0.0,FAILURE,FAILURE
2152168,240,2,2,BTC,60-ft,SAT,456.63099980602414,554.98208093173,748.9317465014973,-8.401078179384752,-42.78931675558462,FAILURE,FAILURE,-8.401078179384742,-42.78931675558458,0.0,0.0,FAILURE,FAILURE
2152169,240,3,2,BTC,60-ft,SAT,368.65022015077517,448.3930281189706,605.6445895407434,10.497690049827908,-17.383792471763005,FAILURE,FAILURE,10.497690049827902,-17.38379247176298,0.0,0.0,FAILURE,FAILURE
2152170,240,4,2,BTC,60-ft,SAT,368.65022015077517,448.3930281189706,605.6445895407434,10.497690049827908,-17.383792471763005,FAILURE,FAILURE,10.497690049827902,-17.38379247176298,0.0,0.0,FAILURE,FAILURE
2152171,240,5,2,BTC,60-ft,SAT,368.65022015077517,448.3930281189706,605.6445895407434,10.497690049827908,-17.383792471763005,FAILURE,FAILURE,10.497690049827902,-17.38379247176298,0.0,0.0,FAILURE,FAILURE
2152172,240,6,2,BTC,60-ft,SAT,280.6694404955262,341.8039753062112,462.35743257998945,29.396458279040573,8.021731812058611,SUCCESS,FAILURE,29.396458279040544,8.021731812058611,0.0,0.0,SUCCESS,FAILURE
2152173,240,7,2,BTC,60-ft,SAT,324.6598303231507,395.0985017125909,534.0010110603664,19.947074164434238,-4.681030329852196,FAILURE,FAILURE,19.94707416443422,-4.681030329852183,0.0,0.0,FAILURE,FAILURE
2152175,804,37,1,HTC,40-ft,MF,253.05066813498874,326.70451009603664,474.50071030266713,32.07366842268854,5.868668386051931,SUCCESS,FAILURE,71.72654676152442,60.24962076213771,223.64223383103433,306.7085714011239,SUCCESS,SUCCESS
2152182,321,96,2,STC,40-ft,SAT,180.35153170605815,272.98325518754064,397.9024423848974,41.59871361923039,19.449921562961453,SUCCESS,FAILURE,57.218293064056255,38.943661358832074,88.09442806881788,109.94469244871033,SUCCESS,SUCCESS
2152183,803,8,1,PCT,60-ft,MF,105.53401775665951,127.4083626369839,174.48636990169643,67.40986478067661,59.06270037203964,SUCCESS,SUCCESS,76.27611922624077,69.00023179016885,50.00567507298189,56.04767719824861,SUCCESS,SUCCESS
2152184,804,28,1,HTC,60-ft,MF,176.37006394903355,223.4302585958145,322.12872318551626,50.384705922727925,32.88497815859641,SUCCESS,SUCCESS,69.87919583473028,58.327958021570495,109.94892310369335,143.4984064271739,SUCCESS,SUCCESS
2152185,804,30,1,HTC,60-ft,MF,253.05066813498874,326.70451009603664,474.50071030266713,32.07366842268854,5.868668386051931,SUCCESS,FAILURE,68.46361858186143,54.8905579651358,205.2393188977353,276.4834572260331,SUCCESS,SUCCESS
2152186,100,15,1,HTC,40-ft,MF,70.9554414292316,104.55758110638615,155.88710937807284,71.46142178964784,62.36044159963248,SUCCESS,SUCCESS,80.07414813908957,72.22721261850363,48.575776610851335,55.648588546433245,SUCCESS,SUCCESS
2152187,100,16,1,HTC,40-ft,MF,38.957102211961036,55.592715411893074,82.35300786863324,80.14313556526719,75.39840286017142,SUCCESS,SUCCESS,83.34470678355441,79.02401941265163,18.056861671139984,20.448477355988416,SUCCESS,SUCCESS
2152188,183,30,1,PCT,40-ft,MF,72.40726460458933,113.2850469307686,167.57818158538907,69.91399877114031,60.287556456491295,SUCCESS,SUCCESS,78.69281555306637,71.01968197750433,49.512526650062796,60.52918793851342,SUCCESS,SUCCESS
2152190,123,12,2,HTC,40-ft,SAT,301.6571134364564,512.0406068527413,775.2257275658131,-0.7873416405569726,-47.45137013578247,FAILURE,FAILURE,36.59837860258578,-7.746819619513248,210.85546217132503,223.93366491175868,SUCCESS,FAILURE
2152191,123,11,2,HTC,40-ft,SAT,310.84704596570333,524.5347347628621,792.7287759433406,-3.002612546606744,-50.554747507684496,FAILURE,FAILURE,47.893326264912545,3.8855706386079705,287.0530948969687,307.04339434508984,SUCCESS,FAILURE
2152193,123,13,2,HTC,40-ft,SAT,327.0528984078449,554.3258284863666,838.3255694470959,-8.284721362830956,-58.63928536296026,FAILURE,FAILURE,40.729465210489565,-6.47340073564532,276.44001227352754,294.2155892980566,SUCCESS,FAILURE
2152194,123,10,2,HTC,40-ft,SAT,327.1547709179827,553.9007098219457,838.2158740621393,-8.20934571311094,-58.61983582662044,FAILURE,FAILURE,43.90964630452655,-4.705350973868248,293.9511149794753,304.07769456952263,SUCCESS,FAILURE
2152208,123,4,2,HTC,40-ft,SAT,344.84893753899746,578.2651736674813,875.92582343977,-12.529286111255555,-65.30599706378901,FAILURE,FAILURE,55.05277447284933,7.354501212563282,381.1628216943514,409.8052102786272,SUCCESS,FAILURE
2152217,320,67,2,STC,40-ft,SAT,209.4451116286281,292.5977625319331,420.94860314266003,38.12096409008279,15.363722847046096,SUCCESS,FAILURE,54.82210458544612,37.81369223569133,94.19443239384913,126.61782735195914,SUCCESS,SUCCESS
2152221,19,11,2,VTC,40-ft,SAT,193.05615783644987,329.70736562213847,545.3707622495984,31.541247230117296,-6.696943661276316,SUCCESS,FAILURE,73.72609393384654,50.02389934281995,237.92253540903295,319.90555454310294,SUCCESS,SUCCESS
2152222,502,19,2,STC,40-ft,SAT,193.00511719598933,285.1324784445243,410.670587811457,39.44459602047442,17.186065990876426,SUCCESS,FAILURE,66.869524675179,54.61198566726322,154.67659761253384,211.0821869748214,SUCCESS,SUCCESS
2152224,430,2,1,RTC,40-ft,MF,272.7941614943186,376.7091209465273,559.9728333297,23.207602669055444,-9.285963356329791,SUCCESS,FAILURE,56.40264767684331,28.96439896553963,187.22005384392372,215.7320434953436,SUCCESS,SUCCESS
2152225,430,1,1,RTC,40-ft,MF,75.64731777620814,93.08701440022551,133.30137382075537,73.49521021272598,66.36500464171004,SUCCESS,SUCCESS,75.08409858713124,68.04496045797961,8.961330431645706,9.474950803760464,SUCCESS,SUCCESS
2152226,430,3,1,RTC,40-ft,MF,349.0454467299312,487.2654297266443,724.4117702822272,3.6054202612332844,-38.44180324152964,FAILURE,FAILURE,44.92540402259363,9.253330012370336,233.04470841407243,269.0005515519957,SUCCESS,FAILURE
2152227,430,7,1,RTC,40-ft,MF,266.71341705701246,376.707307511778,562.2929559320414,23.20792420003936,-9.697332612064077,SUCCESS,FAILURE,72.25305908255424,53.32942671037486,276.614560737384,355.47092257855553,SUCCESS,SUCCESS
2152228,430,6,1,RTC,40-ft,MF,242.59440568133056,339.46841709507936,506.20160817500164,29.81056434484409,0.24794181294297596,SUCCESS,FAILURE,66.62428914161211,44.284871368692556,207.62940785377168,248.36828269442765,SUCCESS,SUCCESS
2152230,430,9,1,RTC,40-ft,MF,235.19623994241454,325.48326003494424,482.58116217616333,32.29020212146379,4.435964153162534,SUCCESS,FAILURE,61.13854534572077,39.4442222370656,162.70465578480952,197.4465755932133,SUCCESS,SUCCESS
2152232,430,15,1,RTC,40-ft,MF,88.74993991348367,113.72577981211928,165.76437153022792,69.83585464324126,60.60915398400215,SUCCESS,SUCCESS,77.0377748982286,69.2459889811612,40.61883023812862,48.71174938397718,SUCCESS,SUCCESS
2152233,430,17,1,RTC,40-ft,MF,159.29676875073676,217.62848024047753,321.3607567721208,51.413390028284134,33.021142416290644,SUCCESS,SUCCESS,60.765036080374045,44.652214699556616,52.74328373378722,65.5992476776201,SUCCESS,SUCCESS
2152241,123,2,2,HTC,40-ft,SAT,349.54639314877323,574.976065282558,858.5328399774983,-11.94611086570177,-62.22213474778337,FAILURE,FAILURE,88.0210789812223,85.91689158287569,563.814950736652,835.5041085049172,SUCCESS,SUCCESS
2152242,123,18,2,HTC,40-ft,SAT,176.6118919777711,281.49544542278613,419.9704856311318,40.089460031420906,15.537147937742594,SUCCESS,FAILURE,78.15226120638569,70.46449169517071,214.67419862680129,309.7902187918946,SUCCESS,SUCCESS
2152243,123,24,2,HTC,40-ft,SAT,176.60815352190605,281.6543292144865,420.04013420794774,40.06128914636765,15.524798899300048,SUCCESS,FAILURE,75.67972650531318,66.19247132753613,200.88798670445277,285.7656724952515,SUCCESS,SUCCESS
2152250,123,6,2,HTC,40-ft,SAT,199.15380126762935,352.34632341766115,557.0644109931354,27.52724762098207,-8.770285637080745,SUCCESS,FAILURE,80.13252745361734,69.44641642091472,296.6937782560628,441.1421996070943,SUCCESS,SUCCESS
2152253,319,7,3,STC,40-ft,SUN,144.43844860361992,225.10798723682728,334.43223327189827,50.087236305527085,30.703504739025135,SUCCESS,SUCCESS,79.87500582160179,70.10842673347688,168.00302007066136,222.24376004870788,SUCCESS,SUCCESS
2152261,20,9,3,VTC,40-ft,SUN,119.27950923338913,210.77432812045174,333.7797328625099,52.62866522687026,30.819196300973427,SUCCESS,SUCCESS,52.62866522687024,30.819196300973434,0.0,0.0,SUCCESS,SUCCESS
2152262,151,19,1,PCT,40-ft,MF,313.93757520394627,483.7544464228834,713.1216959889967,4.227935031403655,-36.44001701932566,FAILURE,FAILURE,66.2662971605966,41.9873937533222,349.89636240864814,442.330596757734,SUCCESS,SUCCESS
2152310,100,3,2,HTC,40-ft,SAT,391.0109171735098,595.0714389165128,888.6245235182879,-15.509120375268214,-67.55753963090211,FAILURE,FAILURE,75.34071811001007,67.14785145391366,512.3930890569695,759.7384057183613,SUCCESS,SUCCESS
2152314,430,57,1,RTC,60-ft,MF,107.37911932419813,143.02307768087144,207.26190334172594,64.64129828353343,53.25143557770817,SUCCESS,SUCCESS,70.53064962456588,60.90481211316138,33.21594156342297,43.165043659956154,SUCCESS,SUCCESS
2152316,430,43,1,RTC,40-ft,MF,108.12342144832384,144.59944138680027,209.57213052462703,64.36180117255314,52.841820828966846,SUCCESS,SUCCESS,70.24181747276957,60.27175732053853,33.16329193322059,41.904841812464326,SUCCESS,SUCCESS
2152317,5,26,3,VTC,40-ft,SUN,68.41025386534953,125.24630979328208,208.20101933925218,67.79320748346063,53.08492564906877,SUCCESS,SUCCESS,67.79320748346068,53.08492564906877,0.0,0.0,SUCCESS,SUCCESS
2152321,430,41,1,RTC,60-ft,MF,296.3660216656819,441.3189403805677,655.5340182856287,11.751960925431261,-26.22943586624622,FAILURE,FAILURE,67.07104867426423,48.373340903467714,311.9996549034179,420.75966098118664,SUCCESS,SUCCESS
2152326,430,46,1,RTC,40-ft,MF,322.53478855162064,477.74085993013654,708.5682109747756,5.294173771252391,-35.63266152035028,FAILURE,FAILURE,67.52104897594558,46.24444051612911,350.9595761544695,461.78685548574396,SUCCESS,SUCCESS
2152333,430,39,1,RTC,40-ft,MF,107.37911932419813,143.02307768087144,207.26190334172594,64.64129828353343,53.25143557770817,SUCCESS,SUCCESS,71.54078983582372,62.27927896393093,38.91313235491714,50.91703669829644,SUCCESS,SUCCESS
2152341,430,77,1,RTC,40-ft,MF,335.32477197248375,499.5183819140087,742.1739716784296,1.432911008154485,-41.591129730218,FAILURE,FAILURE,65.88337613917103,46.40567243423811,363.5006233389333,496.3019642075326,SUCCESS,SUCCESS
2152346,430,80,2,RTC,60-ft,SAT,107.37911932419813,143.02307768087144,207.26190334172594,64.64129828353343,53.25143557770817,SUCCESS,SUCCESS,72.92333325478737,63.329954169252446,46.71067723787212,56.842844856309796,SUCCESS,SUCCESS
2152350,430,35,1,RTC,40-ft,MF,237.21682298477737,345.4301107363593,510.3559151044569,28.75352646518452,-0.48863742986824527,SUCCESS,FAILURE,68.88462098345445,51.71452441900072,226.33937308304235,294.4258328276208,SUCCESS,SUCCESS
2152351,430,58,1,RTC,60-ft,MF,108.12342144832384,144.59944138680027,209.57213052462703,64.36180117255314,52.841820828966846,SUCCESS,SUCCESS,70.92086790472945,61.160632112340295,36.99313636947426,46.91809563822625,SUCCESS,SUCCESS
2152356,430,72,1,RTC,60-ft,MF,259.1387044226885,386.80647391113405,574.5787880888096,21.41729185972801,-11.875671646952048,SUCCESS,FAILURE,64.29022570365122,45.94073799259849,241.80334687972686,326.08455036706494,SUCCESS,SUCCESS
2152357,430,34,1,RTC,40-ft,MF,253.33488782019737,374.3753839307147,555.2727567590188,23.62138582788747,-8.452616446634527,SUCCESS,FAILURE,65.76554629264619,47.69443108553047,237.69306502123914,316.66934808141065,SUCCESS,SUCCESS
2152360,301,30,2,RTC,44-ft Double Deck,SAT,523.0482073711981,618.5896316896437,838.8034383756303,-19.679012710929737,-58.72401389638835,FAILURE,FAILURE,73.82446277824786,65.65957497688979,527.3596017589616,701.5234412452878,SUCCESS,SUCCESS
2152362,301,32,2,RTC,44-ft Double Deck,SAT,437.82605039462925,513.9015729341808,697.6244225645328,-1.1173001656348829,-33.69227350434978,FAILURE,FAILURE,80.65029283627374,74.15879416702619,461.1692245307646,608.28002166656,SUCCESS,SUCCESS
2152363,301,31,2,RTC,44-ft Double Deck,SAT,357.9632329356257,419.65466059489376,567.403599068299,15.59314528459331,-10.603475012109739,FAILURE,FAILURE,79.37579386136665,69.41730520687834,359.7341379730017,451.31720043509245,SUCCESS,SUCCESS
2152364,301,33,2,RTC,44-ft Double Deck,SAT,107.65610152348432,116.03163074468088,154.82474394987068,69.42701582541119,62.54880426420733,SUCCESS,SUCCESS,79.47551617485884,73.89891421021333,56.67354197088474,64.01462009547373,SUCCESS,SUCCESS
2152365,301,34,2,RTC,44-ft Double Deck,SAT,192.87825850005322,220.71968950014386,296.00375976096797,50.865303280116336,37.517063872168805,SUCCESS,SUCCESS,81.71800912361739,76.34319658268315,174.009260957346,218.97938848730075,SUCCESS,SUCCESS
2152366,430,53,1,RTC,60-ft,MF,344.84280250109913,520.3407513280011,774.1997454683291,-2.258998462411547,-47.2694584163704,FAILURE,FAILURE,67.87543370119604,47.99054594963648,395.5581974027467,537.2664246242788,SUCCESS,SUCCESS
2152368,430,60,1,RTC,60-ft,MF,108.12342144832384,144.59944138680027,209.57213052462703,64.36180117255314,52.841820828966846,SUCCESS,SUCCESS,72.21694634787492,63.31656339859606,44.30301878881477,59.07754809270881,SUCCESS,SUCCESS
2152372,430,59,1,RTC,60-ft,MF,124.24148628374385,173.54471458115563,254.48897217918898,59.2296605352561,44.87784181220054,SUCCESS,SUCCESS,69.18450041930396,57.865161577619276,56.14529694602987,73.24848347696172,SUCCESS,SUCCESS
2152373,430,61,1,RTC,40-ft,MF,194.18568913929283,278.4865542865063,410.094653577847,40.62295136764073,17.288181989743446,SUCCESS,FAILURE,66.45033619708005,52.226086402231054,145.6664504380377,197.04978088643003,SUCCESS,SUCCESS
2152384,430,66,1,RTC,60-ft,MF,151.15455529380836,211.54299783665329,309.833392051237,52.49237627009694,35.06500140935515,SUCCESS,SUCCESS,69.8695934666373,58.51194850754382,98.0075049884876,132.24078163378414,SUCCESS,SUCCESS
2152385,123,1,2,HTC,40-ft,SAT,320.21077595150905,536.1605903710746,818.2568559364694,-5.0639344629564835,-55.08100282561513,FAILURE,FAILURE,79.07837211230047,65.34848733401473,474.5626090844492,679.2223245003122,SUCCESS,SUCCESS
2152387,123,23,2,HTC,40-ft,SAT,283.2005466110008,437.49154043821625,646.7409059887748,12.430577936486484,-24.670373402265028,FAILURE,FAILURE,76.75896093936238,66.91760069428443,362.8120801362199,516.556173904539,SUCCESS,SUCCESS
2152390,701,20,1,PCT,40-ft,MF,41.339591472090554,54.86205851636352,77.79783152459119,80.27268466021924,76.20605824032071,SUCCESS,SUCCESS,84.68844221689147,81.00742292764595,24.904872619631362,27.079696836514245,SUCCESS,SUCCESS
2152392,123,7,2,HTC,40-ft,SAT,168.6529620741416,273.00511819369984,420.31896688455663,41.59483719969862,15.475360481461594,SUCCESS,FAILURE,87.7377279584893,81.8006038671665,260.24590387957994,374.0743726953755,SUCCESS,SUCCESS
2152393,123,16,2,HTC,40-ft,SAT,151.03371970653404,251.74222616465352,379.9423635132776,45.364853516905406,22.63433271041178,SUCCESS,SUCCESS,86.47235003932938,78.79824805962869,231.84628038647128,316.7644825695835,SUCCESS,SUCCESS
2152405,430,31,1,RTC,40-ft,MF,107.37911932419813,143.02307768087144,207.26190334172594,64.64129828353343,53.25143557770817,SUCCESS,SUCCESS,70.15325344545516,60.33823963174859,31.087427113238505,39.96957486478806,SUCCESS,SUCCESS
2152407,430,20,2,RTC,40-ft,SAT,83.39729755905896,109.77370044601088,160.14035136807826,70.53657793510446,61.60632067941876,SUCCESS,SUCCESS,73.26525891002007,64.52732162163478,15.389760698524071,16.47444531409832,SUCCESS,SUCCESS
2152408,123,22,2,HTC,40-ft,SAT,204.22980382722787,362.3281697745568,573.1046384207947,25.757416706638875,-11.61429759233948,SUCCESS,FAILURE,84.77639598455812,74.50396873144565,332.8670431274644,485.70702206614806,SUCCESS,SUCCESS
2152409,801,48,1,STC,40-ft,MF,73.22572041286439,107.16212974462938,157.48315465150353,70.99962238570401,62.07745484902421,SUCCESS,SUCCESS,70.99962238570401,62.07745484902421,0.0,0.0,SUCCESS,SUCCESS
2152410,502,83,1,STC,40-ft,MF,55.25766344240975,78.75206798392918,116.25221946385675,76.03686737873596,69.38790435038001,SUCCESS,SUCCESS,80.9055795838052,74.94799348414867,27.459536836590473,31.358902714455212,SUCCESS,SUCCESS
2152411,801,32,1,STC,40-ft,MF,63.86518287068915,96.29404579768739,142.87952332106235,72.92658762452352,64.6667511842088,SUCCESS,SUCCESS,79.61262706986287,72.07051492496524,37.70926247171394,41.75722749786621,SUCCESS,SUCCESS
2152412,801,47,1,STC,40-ft,MF,26.436354218654277,37.79489899349958,55.9711427993703,83.2987767742022,80.07603851074995,SUCCESS,SUCCESS,83.59737423951982,80.49299055946149,1.68408970439134,2.351609554733045,SUCCESS,SUCCESS
2152413,801,59,1,STC,40-ft,MF,45.31113122150405,67.74476370976205,101.15153284210142,77.98851707273722,72.065331056365,SUCCESS,SUCCESS,81.49500116208411,76.04785361411662,19.776570263916255,22.461427225719206,SUCCESS,SUCCESS
2152414,801,37,1,STC,40-ft,MF,138.5682025250063,178.62795922138628,253.04589070873612,58.3283760245769,45.13370732114608,SUCCESS,SUCCESS,66.97952541411168,56.67585885105677,48.7924825569761,65.09773462869634,SUCCESS,SUCCESS
2152415,801,26,1,STC,40-ft,MF,57.97012731582507,77.05491648727254,108.94451847744348,76.337780764668,70.68359601463769,SUCCESS,SUCCESS,80.58426398309085,75.26318281769538,23.9501653519049,25.8288695692454,SUCCESS,SUCCESS
2152416,801,42,1,STC,40-ft,MF,43.43477434337174,63.73146569157295,96.20174379039048,78.70009473553671,72.94295322865418,SUCCESS,SUCCESS,81.80458963242252,76.49444972178853,17.50935121843588,20.03044022127773,SUCCESS,SUCCESS
2152417,801,45,1,STC,40-ft,MF,63.96154367549253,95.73366018205667,141.78299288409553,73.02594677623108,64.86117147445115,SUCCESS,SUCCESS,81.2634063162889,74.14918543517612,46.45927180592605,52.38439873848887,SUCCESS,SUCCESS
2152418,801,16,1,STC,40-ft,MF,96.29640148667337,139.3298279543669,204.5024617271889,65.29612979532502,53.74069827532112,SUCCESS,SUCCESS,75.43182959486084,65.47075751196559,57.16534686938206,66.1575340946747,SUCCESS,SUCCESS
2152419,801,9,1,STC,40-ft,MF,79.3907348717734,122.29035405083583,181.12013631099418,68.31731311155393,57.88650065407904,SUCCESS,SUCCESS,78.95694133226402,70.82402801501031,60.00750316480486,72.96765431565228,SUCCESS,SUCCESS
2152420,801,10,1,STC,40-ft,MF,83.05508587155549,120.64247912669808,174.4676852472098,68.6094895165429,59.06601325404082,SUCCESS,SUCCESS,73.7056794795488,65.50520218177095,28.742511391353275,36.31702555239792,SUCCESS,SUCCESS
2152422,502,84,1,STC,40-ft,MF,64.61436215386628,92.09104702919745,132.806714141932,73.67180017212812,66.4527102585227,SUCCESS,SUCCESS,76.24289688073517,69.30602931984615,14.500985436543829,16.092719505864295,SUCCESS,SUCCESS
2152423,502,78,1,STC,40-ft,MF,92.38728178984908,118.53023192766469,166.12955654961732,68.98400143126514,60.54440486708914,SUCCESS,SUCCESS,74.26464819625606,66.42052759382507,29.782847754548925,33.14133217879066,SUCCESS,SUCCESS
2152426,502,42,1,STC,40-ft,MF,121.4223610413966,162.32688533000822,231.29675527373962,61.21863735283542,48.9899370082022,SUCCESS,SUCCESS,71.56402981789793,61.70924619242838,58.3480135029526,71.73690379903564,SUCCESS,SUCCESS
2152427,502,45,1,STC,40-ft,MF,88.13209550131658,120.62809220643372,174.4354068067656,68.6120403889302,59.07173638177915,SUCCESS,SUCCESS,77.35774760294807,70.91855926636055,49.32578868706082,66.81608106903906,SUCCESS,SUCCESS
2152429,410,2,2,HTC,40-ft,SAT,402.4791051820838,587.7623746768323,863.3731122614003,-14.213186999438355,-63.08033905343976,FAILURE,FAILURE,56.21568878114452,33.700183257198915,397.21885940248757,545.8421458320021,SUCCESS,SUCCESS
2152431,801,56,1,STC,40-ft,MF,55.16479264524255,80.13918956104841,117.27829833558901,75.79092383669355,69.2059754724133,SUCCESS,SUCCESS,78.04392482724893,71.8265774624473,12.706925586732211,14.780195223791793,SUCCESS,SUCCESS
2152432,801,31,1,STC,40-ft,MF,92.38728178984908,118.53023192766469,166.12955654961732,68.98400143126514,60.54440486708914,SUCCESS,SUCCESS,75.73176253330266,68.06452403171394,38.057372615491715,42.41347208848396,SUCCESS,SUCCESS
2152433,801,14,1,STC,40-ft,MF,25.90656437772921,36.66124829127328,55.226659634219935,83.49977867176005,80.20803907194683,SUCCESS,SUCCESS,83.78562959466261,80.65773438378102,1.6121992051703273,2.536281558744861,SUCCESS,SUCCESS
2152434,801,39,1,STC,40-ft,MF,68.45273531597738,97.99875400595425,142.0494966574178,72.6243343961074,64.81391903237275,SUCCESS,SUCCESS,74.62388396182895,67.1046191088675,11.277459550669505,12.919548431430314,SUCCESS,SUCCESS
2152435,502,40,1,STC,40-ft,MF,155.4485005985578,212.7487149822884,303.93025607565914,52.27859663434603,36.11165672417391,SUCCESS,SUCCESS,64.86403715003865,52.28770800072707,70.98188450850643,91.23292919975984,SUCCESS,SUCCESS
2152436,502,75,1,STC,40-ft,MF,82.13385169804829,115.41196177537616,163.95309575095993,69.5368862100397,60.93030217181561,SUCCESS,SUCCESS,78.85679684126,71.53627787573359,52.56429596008263,59.81770297009734,SUCCESS,SUCCESS
2152437,801,61,1,STC,40-ft,MF,59.268782385226025,84.90823473183025,123.61305637272775,74.94534845180316,68.08279142327522,SUCCESS,SUCCESS,84.42414263328862,79.65387391602708,53.46039918357809,65.26090525912048,SUCCESS,SUCCESS
2152438,801,38,1,STC,40-ft,MF,57.60821574926059,77.02944487915764,110.3452856983326,76.34229700724157,70.43523303221055,SUCCESS,SUCCESS,80.01180508953396,74.71018491708799,20.69602558412919,24.11072863070882,SUCCESS,SUCCESS
2152439,502,71,1,STC,40-ft,MF,86.46512220357948,120.9330587152551,174.64150702640126,68.55796831289803,59.03519378964517,SUCCESS,SUCCESS,75.50910788429735,67.29190554364867,39.20442718269214,46.56785429257968,SUCCESS,SUCCESS
2152441,801,28,1,STC,40-ft,MF,59.19091466635576,86.96801111200462,126.79748602506778,74.58013987375806,67.51817623669012,SUCCESS,SUCCESS,78.05591799833479,71.51918943158238,19.603388622612783,22.565714419192318,SUCCESS,SUCCESS
2152442,502,81,1,STC,40-ft,MF,49.03940247880388,69.77405300815346,101.14481130047527,77.62871400564654,72.06652281906467,SUCCESS,SUCCESS,79.86590809749381,74.7788137023295,12.617774678018577,15.29732058161352,SUCCESS,SUCCESS
2152443,801,3,1,STC,40-ft,MF,95.40321091774915,129.63804686416222,184.63822508548344,67.01453069784358,57.26272604867315,SUCCESS,SUCCESS,69.78915448494523,60.250237074252645,15.648878159253343,16.849562184268393,SUCCESS,SUCCESS
2152444,801,7,1,STC,40-ft,MF,97.23909068679444,142.78977850345814,207.6083914553394,64.68266338591168,53.19000151501074,SUCCESS,SUCCESS,67.56262326712168,56.62583612018555,16.242973730024403,19.37810717318581,SUCCESS,SUCCESS
2152445,801,33,1,STC,40-ft,MF,63.63305643197271,91.38060606856098,131.9565100100132,73.79776488146082,66.60345567198348,SUCCESS,SUCCESS,74.82401798509011,67.9229740961514,5.788067504469154,7.442083912307169,SUCCESS,SUCCESS
2152446,502,41,1,STC,40-ft,MF,129.6270697041338,189.71907333310116,274.7980303266773,56.36186643030121,41.27694497753949,SUCCESS,SUCCESS,70.50261693995725,59.10036342608156,79.75383287446004,100.52408004977724,SUCCESS,SUCCESS
2152447,502,64,1,STC,40-ft,MF,125.95849022085574,175.04059808155597,249.86033790619214,58.964432964263125,45.69852164783827,SUCCESS,SUCCESS,77.35687898361198,68.00542233950212,103.73339554912752,125.810919900984,SUCCESS,SUCCESS
2152448,801,29,1,STC,40-ft,MF,114.52909375479801,163.0135618176478,236.3650628427346,61.09688620254473,48.09130091440877,SUCCESS,SUCCESS,61.096886202544724,48.091300914408755,0.0,0.0,SUCCESS,SUCCESS
2152449,801,65,1,STC,40-ft,MF,26.436354218654277,37.79489899349958,55.9711427993703,83.2987767742022,80.07603851074995,SUCCESS,SUCCESS,83.59737423951982,80.49299055946149,1.68408970439134,2.351609554733045,SUCCESS,SUCCESS
2152453,801,57,1,STC,40-ft,MF,40.41495024635759,57.05480751447144,82.83814457278024,79.88389937686676,75.31238571404606,SUCCESS,SUCCESS,82.58900674038611,78.47578446967724,15.25680553024904,17.84156898175985,SUCCESS,SUCCESS
2152454,410,15,2,HTC,40-ft,SAT,183.42581772584444,246.89996500633774,355.31854600385833,46.2234104598692,27.000257800734346,SUCCESS,SUCCESS,60.17523176910403,43.44828875025284,78.68827218408455,92.76689455528435,SUCCESS,SUCCESS
2152641,502,72,1,STC,40-ft,MF,63.602482061114294,87.7531853298183,125.6604261931254,74.44092458691166,67.71978258987139,SUCCESS,SUCCESS,80.34338906170669,75.72857295837707,33.28989963784397,45.169577678372036,SUCCESS,SUCCESS
2152643,801,24,1,STC,40-ft,MF,78.7172245602431,111.33538280740918,160.86211177677762,70.25968389939554,61.47834897574865,SUCCESS,SUCCESS,76.08169128742016,68.01802129646319,32.836121668458816,36.883751888830034,SUCCESS,SUCCESS
2152645,801,55,1,STC,40-ft,MF,58.05543892256062,81.2871760212863,116.76087582238077,75.5873801380698,69.29771705276939,SUCCESS,SUCCESS,76.87427564873724,70.82677955654339,7.258090680164287,8.623912521285433,SUCCESS,SUCCESS
2152646,430,71,1,RTC,60-ft,MF,107.37911932419813,143.02307768087144,207.26190334172594,64.64129828353343,53.25143557770817,SUCCESS,SUCCESS,70.82357046223241,61.219586699009675,34.86801508786215,44.940372324140526,SUCCESS,SUCCESS
2152675,430,78,1,RTC,40-ft,MF,108.12342144832384,144.59944138680027,209.57213052462703,64.36180117255314,52.841820828966846,SUCCESS,SUCCESS,72.48502332365865,63.64901821010108,45.81497293223498,60.952593229597085,SUCCESS,SUCCESS
2152676,430,36,1,RTC,40-ft,MF,91.26105448877811,114.07780448651606,162.34506168716402,69.77343892083049,61.21541459447446,SUCCESS,SUCCESS,72.88922012389924,64.68090936113971,17.573005985307702,19.545390483992037,SUCCESS,SUCCESS
2152677,430,63,1,RTC,60-ft,MF,199.6313361292255,290.5648087840867,428.4991192339374,38.48141688225413,14.024978859230963,SUCCESS,FAILURE,69.07112332516829,55.50454844519742,172.52594433803574,233.94477246485076,SUCCESS,SUCCESS
2152678,430,52,1,RTC,60-ft,MF,210.30375397471283,307.43182748086167,455.01149523240883,35.49081073034368,9.324202972977162,SUCCESS,FAILURE,67.1302628288297,51.335416162074445,178.4465098354611,236.94324238650876,SUCCESS,SUCCESS
2152681,430,44,1,RTC,60-ft,MF,70.15180208120474,88.51061121143778,126.30667314490677,74.30662921783019,67.60519979700234,SUCCESS,SUCCESS,76.35438663764141,69.76650237767474,11.549351847735352,12.189746554992325,SUCCESS,SUCCESS
2152682,430,64,1,RTC,60-ft,MF,70.15180208120474,88.51061121143778,126.30667314490677,74.30662921783019,67.60519979700234,SUCCESS,SUCCESS,77.60083820196775,71.0774286812902,18.579338670535833,19.58337090738354,SUCCESS,SUCCESS
2152683,430,45,1,RTC,60-ft,MF,70.15180208120474,88.51061121143778,126.30667314490677,74.30662921783019,67.60519979700234,SUCCESS,SUCCESS,75.69570027327075,69.07557823586158,7.834360752684802,8.292934395166128,SUCCESS,SUCCESS
2152688,240,28,3,BTC,40-ft,SUN,236.67905066790172,288.5094488998315,390.7138540996126,38.845842393646905,20.7244939539694,SUCCESS,SUCCESS,38.84584239364686,20.72449395396941,0.0,0.0,SUCCESS,SUCCESS
2152689,430,67,1,RTC,40-ft,MF,108.12342144832384,144.59944138680027,209.57213052462703,64.36180117255314,52.841820828966846,SUCCESS,SUCCESS,72.96333996770768,63.14227505810259,48.51267880467151,58.09456185232557,SUCCESS,SUCCESS
2152691,430,48,1,RTC,40-ft,MF,65.09228760283933,77.65588493694723,109.31086899801707,76.23122607500936,70.61864024857853,SUCCESS,SUCCESS,77.85931758859857,72.33208324214712,9.182436136643048,9.663818483726743,SUCCESS,SUCCESS
2152698,430,10,1,RTC,40-ft,MF,113.59705337204703,147.01440429745884,213.91157652277664,63.93361625931582,52.072415510145994,SUCCESS,SUCCESS,69.64574290797087,59.55356447501059,32.216394298414684,42.19368016183637,SUCCESS,SUCCESS
2152699,338,5,2,XHT,28-ft Shuttle,SAT,309.1952829524013,490.0178701423913,725.877680852573,3.117398910923532,-38.701716463222155,FAILURE,FAILURE,57.6645839680212,28.25588431190127,307.6461237220307,377.6408683716961,SUCCESS,SUCCESS
2152700,338,7,2,XHT,28-ft Shuttle,SAT,241.51724297401014,378.0397442250308,559.3382459423968,22.971676555845608,-9.173447862127095,SUCCESS,FAILURE,63.23843098155728,42.601397973283554,227.10449496101376,292.0101305117161,SUCCESS,SUCCESS
2152701,338,3,2,XHT,28-ft Shuttle,SAT,353.3380325330421,560.9736541951191,830.2806991739031,-9.463413864382822,-57.212889924450906,FAILURE,FAILURE,58.150284670318364,26.68611536111336,381.34125973571463,473.19038981058213,SUCCESS,SUCCESS
2152702,338,8,2,XHT,28-ft Shuttle,SAT,252.75041444673363,398.1782129661617,589.1694122891221,19.401026069829488,-14.462661753390435,FAILURE,FAILURE,58.97243508996692,34.90276618045329,223.182746873575,278.4210135468787,SUCCESS,SUCCESS
2152703,338,9,2,XHT,28-ft Shuttle,SAT,297.96211147967784,469.8794014012604,696.0465145058477,6.68804939693965,-33.412502571958804,FAILURE,FAILURE,59.657978902865175,29.535711828411554,298.7504024134198,355.02792921808884,SUCCESS,SUCCESS
2152704,338,10,2,XHT,28-ft Shuttle,SAT,229.2151240489833,357.15587110152904,527.0329957002759,26.67449093944521,-3.445566613524097,SUCCESS,FAILURE,63.003363421075164,41.44288372604583,204.89484079639288,253.1708599151744,SUCCESS,SUCCESS
2152707,430,11,1,RTC,40-ft,MF,235.19623994241454,325.48326003494424,482.58116217616333,32.29020212146379,4.435964153162534,SUCCESS,FAILURE,60.11585423355229,38.1931566108944,156.93667791217928,190.3905654616076,SUCCESS,SUCCESS
2152708,430,12,1,RTC,40-ft,MF,113.59705337204703,147.01440429745884,213.91157652277664,63.93361625931582,52.072415510145994,SUCCESS,SUCCESS,70.93573080941476,61.17347150560174,39.49192606255821,51.32995581437052,SUCCESS,SUCCESS
2152709,430,8,1,RTC,40-ft,MF,83.04548351512416,107.07217146036068,156.92181981959365,71.01557243610627,62.17698230149049,SUCCESS,SUCCESS,76.04724258163048,68.76294334378656,28.378619620756638,37.144820278549844,SUCCESS,SUCCESS
2152722,210,66,3,BTC,40-ft,SUN,174.38368341143496,239.23388509122634,348.7237225961921,47.582644487371226,28.16955273117162,SUCCESS,SUCCESS,66.46764576542684,53.67729391171929,106.51140720823355,143.86366025828892,SUCCESS,SUCCESS
2152723,401,20,1,RTC,40-ft,MF,71.02594532672505,105.93375560406963,163.05955507915314,71.21741921913659,61.08873136894448,SUCCESS,SUCCESS,71.21741921913659,61.088731368944494,0.0,0.0,SUCCESS,SUCCESS
2152724,410,4,3,HTC,40-ft,SUN,483.8495479696577,656.5799068409254,947.2925531382717,-26.414877099454863,-77.95967254224676,FAILURE,FAILURE,52.09125943155303,6.167446105135315,442.77461003488463,474.4769491712348,SUCCESS,FAILURE
2152760,106,8,3,HTC,40-ft,SUN,179.6396322802792,291.32110597691315,448.46245719462036,38.34732163529909,10.485379930031856,SUCCESS,FAILURE,84.79268038873016,75.89986190167517,261.95182336935125,368.9376783200683,SUCCESS,SUCCESS
2152765,106,11,3,HTC,40-ft,SUN,156.98183424276928,272.2588137660203,429.467290804473,41.72716067978364,13.85331723324947,SUCCESS,FAILURE,87.25274959181748,80.36552240592326,256.76432146387083,375.12883717388013,SUCCESS,SUCCESS
2152785,319,13,1,STC,40-ft,MF,175.40591094670123,277.53406753900646,413.75737610502534,40.791831996630066,16.638763101945862,SUCCESS,FAILURE,78.24495207355562,66.26399931061,211.2355972338603,279.8863322168657,SUCCESS,SUCCESS
2152786,502,73,1,STC,40-ft,MF,100.47796760038918,138.73559498513245,197.5251754029469,65.40149025086303,54.977805779619345,SUCCESS,SUCCESS,69.4960850788921,60.36995046368562,23.093514830083848,30.41169601813374,SUCCESS,SUCCESS
2152787,320,51,1,STC,40-ft,MF,108.69605626995428,165.54440701621385,248.92691877368696,60.64815478435924,45.86402149402714,SUCCESS,SUCCESS,81.19861307189518,70.76546082788786,115.90458474170259,140.44411784297444,SUCCESS,SUCCESS
2152788,106,6,3,HTC,40-ft,SUN,275.78499633799186,446.2423467084164,687.5276739841914,10.879016541060928,-31.902069855353087,FAILURE,FAILURE,86.92636356524795,79.48433993877131,428.9070372164147,628.2193512388615,SUCCESS,SUCCESS
2152789,920,3,2,XHT,28-ft Shuttle,SAT,279.12819074401386,338.3743085552338,491.0285614811094,30.004555220703228,2.9381983189522343,SUCCESS,FAILURE,78.75804563529776,70.035708994888,274.9696859383136,378.4299602122779,SUCCESS,SUCCESS
2152802,905,6,1,XHT,28-ft Shuttle,MF,262.7935538367894,416.7951457055379,617.1868476277004,16.100151470649315,-19.430292132570997,FAILURE,FAILURE,78.87092760892246,69.32286568239392,354.02717741986066,500.567810076402,SUCCESS,SUCCESS
2152803,905,8,1,XHT,28-ft Shuttle,MF,54.449783109849214,89.01352282849929,119.25277038003478,74.21746049140084,68.85589177658957,SUCCESS,SUCCESS,86.52724131843796,84.33728584573387,69.42716386448944,87.3150625499735,SUCCESS,SUCCESS
2152804,905,11,1,XHT,28-ft Shuttle,MF,21.76196115138903,26.906734811151793,38.01675905723495,85.22930233844826,83.25943988346899,SUCCESS,SUCCESS,86.67049236827586,84.76212501800109,8.128311768227661,8.475144158761054,SUCCESS,SUCCESS
2152805,905,16,1,XHT,28-ft Shuttle,MF,62.938633364648865,99.01683431905575,147.3453033462507,72.44382370229509,63.87494621520378,SUCCESS,SUCCESS,85.7761080224501,79.16498298486894,75.19408356567436,86.23580738091152,SUCCESS,SUCCESS
2152806,905,14,1,XHT,28-ft Shuttle,MF,104.3881001214178,157.01624919686833,219.63745547725193,62.16023950410137,51.057188745168105,SUCCESS,SUCCESS,76.45722276710588,68.25552499109156,80.63498560334511,96.99861642700841,SUCCESS,SUCCESS
2152809,106,9,3,HTC,40-ft,SUN,138.123635142797,239.41964246591397,377.44504455410885,47.54970878263937,23.077119759909785,SUCCESS,SUCCESS,85.81603679493884,74.24152770021297,215.82208998936892,288.56726078331,SUCCESS,SUCCESS
2152811,106,3,3,HTC,40-ft,SUN,197.73853423724205,336.7246165708918,521.7105709111618,30.297053799487276,-2.501874275028678,SUCCESS,FAILURE,68.39943453529733,53.66063982039143,214.89742734996872,316.75657949816934,SUCCESS,SUCCESS
2152813,106,19,3,HTC,40-ft,SUN,169.43632086377457,294.9110218145522,465.42478584541726,37.71081173500848,7.477874850103326,SUCCESS,FAILURE,87.17587161157732,78.33018111226893,278.98293770384834,399.60700731861385,SUCCESS,SUCCESS
2152816,905,12,1,XHT,28-ft Shuttle,MF,42.980674409672716,58.30927764394242,84.32471647637013,79.66147559504567,75.04880913539537,SUCCESS,SUCCESS,84.98921067619108,81.82444909552274,30.048425857660106,38.21460937511836,SUCCESS,SUCCESS
2152818,905,17,1,XHT,28-ft Shuttle,MF,75.13674789605211,109.5078498384654,161.51630590326332,70.58371456764799,61.362357109350484,SUCCESS,SUCCESS,81.89265137082461,73.96806925445372,63.782403569916255,71.0962164983822,SUCCESS,SUCCESS
2152823,106,22,3,HTC,40-ft,SUN,89.73517065725835,152.39285458474654,239.62486551938207,62.97999032185345,47.51332171642162,SUCCESS,SUCCESS,87.25281767666229,85.28838812035727,136.8987462811217,213.0513745181969,SUCCESS,SUCCESS
2152850,312,41,1,STC,40-ft,MF,259.01395998223126,405.82072583816216,615.1689251132354,18.045970596070543,-19.072504452701317,FAILURE,FAILURE,77.3653155428093,69.3544925891294,334.56110549960647,498.72826331592546,SUCCESS,SUCCESS
2152851,312,42,1,STC,60-ft,MF,217.2110826525757,341.14112685130533,515.9850033308218,29.513984600832394,-1.4867027182308061,SUCCESS,FAILURE,76.31083771558271,65.93103079451973,263.93425156719167,380.23601701191313,SUCCESS,SUCCESS
2152852,312,43,1,STC,40-ft,MF,196.12068594684354,308.1749114192885,465.7615253895423,35.3590582589914,7.41816925717335,SUCCESS,FAILURE,74.22025936557665,61.91850062998861,219.17717424114068,307.3818689426781,SUCCESS,SUCCESS
2152853,312,44,1,STC,40-ft,MF,349.9217944851923,553.4343010808299,840.1134288622895,-8.126649127806711,-58.9562817131719,FAILURE,FAILURE,65.47774607559771,46.15990416666244,415.1287889472008,592.8552883622658,SUCCESS,SUCCESS
2152854,312,45,1,STC,40-ft,MF,216.8331665707669,339.8882949741285,514.7219692306766,29.736117912388572,-1.2627605018930037,SUCCESS,FAILURE,79.2153411685605,70.62609725582615,279.0628191648096,405.45315775353623,SUCCESS,SUCCESS
2152855,312,46,1,STC,40-ft,MF,195.74276986503475,306.92207954211165,464.4984912893972,35.58119157054758,7.642111473511143,SUCCESS,FAILURE,77.13818735430958,67.68430888927453,234.3814562204176,338.63799342490563,SUCCESS,SUCCESS
2152856,312,47,1,STC,40-ft,MF,280.1043566879634,438.786941270179,665.3924030545148,12.200896937911528,-27.97737642810546,FAILURE,FAILURE,82.57289301163132,73.65329377933857,396.89805785577954,573.1969799699847,SUCCESS,SUCCESS
2152857,312,48,1,STC,40-ft,MF,46.976244679483294,72.40007588646317,109.14504340000568,77.16310711232921,70.64804195035362,SUCCESS,SUCCESS,83.36999486268564,77.71890296757313,35.00684691201019,39.87965613711816,SUCCESS,SUCCESS
2152858,312,49,1,STC,40-ft,MF,237.16773111288148,370.3488466517917,562.4193789716658,24.335310877341904,-9.719748044621586,SUCCESS,FAILURE,78.93892828776406,70.67492867970248,307.96440219478075,453.4259767251878,SUCCESS,SUCCESS
2152859,312,50,1,STC,40-ft,MF,46.976244679483294,72.40007588646317,109.14504340000568,77.16310711232921,70.64804195035362,SUCCESS,SUCCESS,82.27332120709515,76.43814951867205,28.821607494479736,32.65620668531608,SUCCESS,SUCCESS
2152860,312,51,1,STC,40-ft,MF,194.98693770141716,304.416415787758,461.9724230891069,36.02545819365993,8.089995906186727,SUCCESS,FAILURE,79.3179868576708,70.38389506230706,244.16986166502113,351.3375912405188,SUCCESS,SUCCESS
2152861,312,52,1,STC,40-ft,MF,68.44455746702423,106.61912319565685,160.63155544143027,71.09590014261403,61.51922775861166,SUCCESS,SUCCESS,79.73160030699063,71.79865390129257,48.705348927083946,57.97596344472038,SUCCESS,SUCCESS
2152862,312,53,1,STC,40-ft,MF,46.976244679483294,72.40007588646317,109.14504340000568,77.16310711232921,70.64804195035362,SUCCESS,SUCCESS,81.01520503655648,75.0020196905895,21.725832292641655,24.556434454930525,SUCCESS,SUCCESS
2152863,312,54,1,STC,40-ft,MF,89.15703809094758,138.33250675049692,209.59199928256456,65.47295979601118,52.838297999545304,SUCCESS,SUCCESS,82.88226113968265,74.20951676946885,98.18845957830695,120.53367386236891,SUCCESS,SUCCESS
2152864,312,55,1,STC,40-ft,MF,222.24566600537298,351.87851285719836,534.9834589141775,27.6101927558159,-4.8552232117335965,SUCCESS,FAILURE,62.17315400083637,42.543622038230666,194.9351014219153,267.32948720979863,SUCCESS,SUCCESS
2152865,312,56,1,STC,40-ft,MF,46.976244679483294,72.40007588646317,109.14504340000568,77.16310711232921,70.64804195035362,SUCCESS,SUCCESS,81.28627662935418,75.29051402353065,23.2546760760207,26.183542492718573,SUCCESS,SUCCESS
2152866,312,57,1,STC,40-ft,MF,25.507931891942363,38.181028577269494,57.65853135858113,83.23031408204442,79.77685614209555,SUCCESS,SUCCESS,84.98342255688462,81.80426626382726,9.887531798098735,11.434593086566906,SUCCESS,SUCCESS
2152867,312,58,1,STC,40-ft,MF,46.59832859767451,71.14724400928635,107.88200929986056,77.3852404238854,70.87198416669139,SUCCESS,SUCCESS,84.93100604293,79.40961546452753,42.558118091411416,48.15224051979584,SUCCESS,SUCCESS
2152872,502,92,1,STC,40-ft,MF,22.657974289782867,30.864686730390893,44.58958365979059,84.52753781376049,82.09404545039175,SUCCESS,SUCCESS,84.86974186267972,82.62084649574444,1.9300308359044607,2.971157895789304,SUCCESS,SUCCESS
2152873,320,38,1,STC,40-ft,MF,318.6733659954051,478.4973814631144,703.716337319087,5.16003874767476,-34.77240023388066,FAILURE,FAILURE,66.61255284029023,49.70244606999907,346.59217948235124,476.43813315388155,SUCCESS,SUCCESS
2152876,905,8,3,XHT,28-ft Shuttle,SUN,123.98943345388277,189.2640265061781,271.52672458426764,56.4425484918124,41.85696372619368,SUCCESS,SUCCESS,83.93852668918709,79.455910155691,155.07731703319325,212.05805786236476,SUCCESS,SUCCESS
2152882,905,2,3,XHT,28-ft Shuttle,SUN,277.14423535045637,440.96567562240995,641.3235729278165,11.814596520849305,-23.70985335599583,FAILURE,FAILURE,82.94693823041314,74.40695962843459,401.18640724194,553.3788252321876,SUCCESS,SUCCESS
2152887,905,7,3,XHT,28-ft Shuttle,SUN,154.18598109781968,243.1134841311343,346.1018651687846,46.89477231717477,28.63442106936443,SUCCESS,SUCCESS,83.91973390472441,79.33601721946009,208.82078335377986,285.95700228653936,SUCCESS,SUCCESS
2152890,903,11,1,XHT,28-ft Shuttle,MF,198.31874828850667,326.5042504246927,510.110520314497,32.10917545661477,-0.44512771533634765,SUCCESS,FAILURE,83.35032995539218,71.53783077746297,289.0001113731049,405.9838858993872,SUCCESS,SUCCESS
2152891,903,12,1,XHT,28-ft Shuttle,MF,245.65202563526208,406.216184775704,635.2335524749566,17.975853763173056,-22.630062495559674,FAILURE,FAILURE,82.30503181108321,70.8805110577019,362.8165641902137,527.3996348403939,SUCCESS,SUCCESS
2152893,903,13,1,XHT,28-ft Shuttle,MF,50.03308785140611,76.32474605893142,117.53881675939661,76.46724360657245,69.15978426251834,SUCCESS,SUCCESS,85.57247518772775,81.74778242994843,51.353506117715995,70.99630966430539,SUCCESS,SUCCESS
2152894,903,14,1,XHT,28-ft Shuttle,MF,154.16629801426825,251.691001631156,392.8094875124075,45.37393588100071,20.352927746027046,SUCCESS,SUCCESS,80.67523033195589,68.69747347413,199.09930070338754,272.6632379064998,SUCCESS,SUCCESS
2152895,903,15,1,XHT,28-ft Shuttle,MF,119.43781521411132,192.83412269843492,300.5209626227241,55.80955271304345,36.71614137894964,SUCCESS,SUCCESS,85.5383424470805,75.2056158218767,167.67037409996908,217.0806358581077,SUCCESS,SUCCESS
2152896,240,56,1,BTC,40-ft,MF,67.29252970451525,98.73799377716196,144.1886962507301,72.4932635146876,64.43462832433863,SUCCESS,SUCCESS,72.49326351468758,64.43462832433863,0.0,0.0,SUCCESS,SUCCESS
2152897,44,11,1,BTC,40-ft,MF,103.39504617895932,138.132440294817,198.94867526675716,65.50843257184096,54.725412186745196,SUCCESS,SUCCESS,68.88425868292185,59.17281934536705,19.039659266496244,25.083376374627335,SUCCESS,SUCCESS
2152898,106,13,3,HTC,40-ft,SUN,123.30933939386608,215.51332958411248,328.2405221906742,51.78841674040559,31.801325852717344,SUCCESS,SUCCESS,86.4732788453791,82.2990272977413,195.6226222720506,284.8070361499353,SUCCESS,SUCCESS
2152899,106,2,3,HTC,40-ft,SUN,210.79527317356727,340.7085671901607,510.1752887783326,29.590679576212647,-0.4566114855199555,SUCCESS,FAILURE,86.47114240019177,78.89015650919275,320.80581032724217,447.5157714901797,SUCCESS,SUCCESS
2152900,106,5,3,HTC,40-ft,SUN,248.21272326996873,446.2885382258783,683.4166997811749,10.870826555695338,-31.173173720066465,FAILURE,FAILURE,87.25571367229445,84.73598581837616,430.81076333761894,653.7276597968166,SUCCESS,SUCCESS
2152905,106,7,3,HTC,40-ft,SUN,298.5642381479207,491.66086749921726,735.6939679075277,2.826087322833823,-40.44219289140562,FAILURE,FAILURE,80.94538116628965,69.90346567497018,440.59281727709094,622.3495143143597,SUCCESS,SUCCESS
2152907,975,58,3,XHT,28-ft Shuttle,SUN,176.54292553794988,243.6340623075233,356.21059051639077,46.80247122207034,26.842093880072564,SUCCESS,SUCCESS,79.58290867318887,69.06581975086995,184.88166722430844,238.14181391129728,SUCCESS,SUCCESS
2152909,123,7,3,HTC,40-ft,SUN,221.4725691863471,371.8838591621806,563.8646597113496,24.06314553862046,-9.976003494920146,SUCCESS,FAILURE,50.20540071506405,21.07371314506006,147.4423191951418,175.12040184948853,SUCCESS,SUCCESS
2152912,123,8,3,HTC,40-ft,SUN,316.0526066974087,532.6898596743418,809.0114934856089,-4.448556679847841,-53.44175416411504,FAILURE,FAILURE,57.57326417508053,13.279491874776006,349.8030696217959,376.3078276593458,SUCCESS,FAILURE
2152914,123,37,3,HTC,40-ft,SUN,144.02819951444707,246.49482432139698,385.61209819936374,46.29524391464592,21.629060602949696,SUCCESS,SUCCESS,81.42437466844096,74.95987837487485,198.1282974514039,300.7858122336578,SUCCESS,SUCCESS
2152923,123,10,3,HTC,40-ft,SUN,199.2464546234795,337.56073773988146,519.1580885591517,30.148805365269247,-2.0493064821190883,SUCCESS,FAILURE,75.97454471419415,61.191094478326605,258.45716992793655,356.67586141691373,SUCCESS,SUCCESS
2152939,123,3,3,HTC,40-ft,SUN,281.7590775785334,460.93835833458695,694.6235254786945,8.27334072081792,-33.16019955296002,FAILURE,FAILURE,44.01807191099433,7.406910703990797,201.600283912595,228.7985018492027,SUCCESS,FAILURE
2152940,123,2,3,HTC,40-ft,SUN,368.12507162547007,602.8335715657838,911.5459554619721,-16.88538502939429,-71.6216233088603,FAILURE,FAILURE,69.63988150762796,18.149713088134682,488.00250326880547,506.31033727905185,SUCCESS,FAILURE
2158463,430,81,1,RTC,40-ft,MF,70.15180208120474,88.51061121143778,126.30667314490677,74.30662921783019,67.60519979700234,SUCCESS,SUCCESS,76.98943234007353,70.43378556486844,15.13100960945252,15.953223730764819,SUCCESS,SUCCESS
2158464,430,82,1,RTC,40-ft,MF,70.15180208120474,88.51061121143778,126.30667314490677,74.30662921783019,67.60519979700234,SUCCESS,SUCCESS,77.89756305873433,71.39038506299318,20.252866862699364,21.34844490018827,SUCCESS,SUCCESS
2159323,912,27,2,XWV,28-ft Shuttle,SAT,339.2884682534576,388.8696601809307,506.1737083158018,21.051478691324352,0.25288859648905093,SUCCESS,FAILURE,21.05147869132434,0.2528885964890403,0.0,0.0,SUCCESS,FAILURE
2159324,912,28,2,XWV,28-ft Shuttle,SAT,271.4303653063813,311.18260776958624,404.81745597786835,34.82577876425776,18.22385532307299,SUCCESS,FAILURE,34.82577876425774,18.22385532307298,0.0,0.0,SUCCESS,FAILURE
2159325,912,31,3,XWV,28-ft Shuttle,SUN,274.0834968275962,415.79532883059437,610.2574836438409,16.277423966206676,-18.201681497134913,FAILURE,FAILURE,73.01484224098857,63.60907266039906,319.9990390697703,461.41265344849165,SUCCESS,SUCCESS
2159326,912,33,3,XWV,28-ft Shuttle,SUN,296.0954048694049,446.8015920197864,655.9074046671415,10.779859570959857,-26.295639125379687,FAILURE,FAILURE,82.65465127823423,77.88531571279164,405.3738252290278,587.5805852872866,SUCCESS,SUCCESS
2159327,912,35,3,XWV,28-ft Shuttle,SUN,217.68584486160577,328.14432875095537,481.73054975543226,31.818381427135577,4.586781958256695,SUCCESS,FAILURE,73.59703740600388,64.35087999612097,235.63161972081758,337.0695129335546,SUCCESS,SUCCESS
2159328,912,32,3,XWV,28-ft Shuttle,SUN,80.45024411266742,118.03181746731182,173.23750577785103,69.07237278948372,59.284130181232086,SUCCESS,SUCCESS,83.9438487587185,77.48438281959362,83.87512446648441,102.6494248803591,SUCCESS,SUCCESS
2159329,912,30,3,XWV,28-ft Shuttle,SUN,305.39103822661497,464.5721128528646,682.2571003841952,7.629058004811242,-30.96757099010552,FAILURE,FAILURE,78.57031732398157,69.37721462135224,400.1087025601209,565.944590848622,SUCCESS,SUCCESS
2159332,912,37,3,XWV,28-ft Shuttle,SUN,378.44238380072477,434.13539387977846,565.2925815302343,13.025639383018007,-10.229181122381966,FAILURE,FAILURE,13.025639383018003,-10.229181122381984,0.0,0.0,FAILURE,FAILURE
2163928,912,7,1,XWV,28-ft Shuttle,MF,574.2119615370606,660.4640623740172,860.8869476023973,-27.103557158513684,-62.63952971673711,FAILURE,FAILURE,-27.1035571585137,-62.639529716737115,0.0,0.0,FAILURE,FAILURE
