block_id,mode,line_group,block_number,asset_class_new,depot_code,service_day,prev_trip_id,next_trip_id,prev_route_short_name,next_route_short_name,prev_trip_end_stop_code,next_trip_start_stop_code,prev_trip_end_stop_name,next_trip_start_stop_name,stop_code,candidate_name,start_sec,end_sec,event_type,soc_start_pct,soc_end_pct,charged_kwh,duration_sec,duration_min,start_dt,end_dt,assigned,dispenser_idx,reject_reason,installed_dispensers
2160859,medium,152.0,1.0,40-ft,PCT,MF,14850649,14850623,155,155,58322,52183,22nd Street Station @ Unloading Only,22nd Street Station @ Bay 8,58322,22nd Street Station,28050,28710,in_service_layover,67.63904946444134,74.41957340238629,38.242155010009526,660,11.0,07:47:30,07:58:30,True,1,,7
2160450,medium,410.0,4.0,40-ft,HTC,MF,14873210,14874084,410,418,58322,52230,22nd Street Station @ Unloading Only,22nd Street Station @ Bay 4,58322,22nd Street Station,29310,29610,in_service_layover,67.90716501170951,71.2330982277316,18.7582633383646,300,5.0,08:08:30,08:13:30,True,2,,7
2160452,medium,410.0,2.0,40-ft,HTC,MF,14873248,14873345,410,410,58322,52230,22nd Street Station @ Unloading Only,22nd Street Station @ Bay 4,58322,22nd Street Station,30690,31350,in_service_layover,65.76739276919037,72.83692157225954,39.872142449310104,660,11.0,08:31:30,08:42:30,True,3,,7
2160369,medium,100.0,1.0,40-ft,HTC,MF,14841976,14842106,100,100,58322,55933,22nd Street Station @ Unloading Only,22nd Street Station @ Bay 6,58322,22nd Street Station,32490,32790,in_service_layover,68.29042227834358,71.5898359613263,18.60869317202247,300,5.0,09:01:30,09:06:30,True,4,,7
2160471,medium,410.0,12.0,40-ft,HTC,MF,14873242,14873347,410,410,58322,52230,22nd Street Station @ Unloading Only,22nd Street Station @ Bay 4,58322,22nd Street Station,32610,33030,in_service_layover,65.76739276919037,70.50638962967088,26.727942293110118,420,7.0,09:03:30,09:10:30,True,5,,7
2160859,medium,152.0,1.0,40-ft,PCT,MF,14850654,14850636,155,155,58322,52183,22nd Street Station @ Unloading Only,22nd Street Station @ Bay 8,58322,22nd Street Station,32970,33510,in_service_layover,69.53876855185975,74.99877584797258,30.794441150076295,540,9.0,09:09:30,09:18:30,True,6,,7
2160450,medium,410.0,4.0,40-ft,HTC,MF,14874049,14870624,418,388,58322,56919,22nd Street Station @ Unloading Only,22nd Street Station @ Bay 7,58322,22nd Street Station,33030,33630,in_service_layover,65.39231993333831,71.95714707618673,37.02562508566501,600,10.0,09:10:30,09:20:30,True,7,,7
2162187,medium,410.0,3.0,40-ft,HTC,MF,14873209,14873348,410,410,58322,52230,22nd Street Station @ Unloading Only,22nd Street Station @ Bay 4,58322,22nd Street Station,33150,33930,in_service_layover,65.3555052801796,73.55853017905446,46.26506042965417,780,13.0,09:12:30,09:25:30,True,1,,7
2160383,medium,100.0,2.0,40-ft,HTC,MF,14841983,14842131,100,100,58322,55933,22nd Street Station @ Unloading Only,22nd Street Station @ Bay 6,58322,22nd Street Station,33330,33690,in_service_layover,67.85626530221604,71.79951916111888,22.239951764212037,360,6.0,09:15:30,09:21:30,True,2,,7
2160453,medium,410.0,15.0,40-ft,HTC,MF,14873238,14873350,410,410,58322,52230,22nd Street Station @ Unloading Only,22nd Street Station @ Bay 4,58322,22nd Street Station,34110,34890,in_service_layover,65.5404991485605,73.71006471456869,46.07634979228618,780,13.0,09:28:30,09:41:30,True,3,,7
2160376,medium,100.0,3.0,40-ft,HTC,MF,14841982,14842103,100,100,58322,55933,22nd Street Station @ Unloading Only,22nd Street Station @ Bay 6,58322,22nd Street Station,34170,34530,in_service_layover,67.5088942161943,71.48096110299585,22.402457241560796,360,6.0,09:29:30,09:35:30,True,4,,7
2160918,medium,160.0,3.0,40-ft,PCT,MF,14850656,14850628,155,155,58322,52183,22nd Street Station @ Unloading Only,22nd Street Station @ Bay 8,58322,22nd Street Station,35190,35910,in_service_layover,69.38921938289991,76.37648551923671,39.40818100893955,720,12.0,09:46:30,09:58:30,True,5,,7
2160653,medium,151.0,5.0,40-ft,PCT,MF,14846502,14846460,128,128,58322,52183,22nd Street Station @ Unloading Only,22nd Street Station @ Bay 8,58322,22nd Street Station,35310,35550,in_service_layover,69.52128205716862,72.12612496365168,14.69131399256446,240,4.0,09:48:30,09:52:30,True,6,,7
2160367,medium,100.0,4.0,40-ft,HTC,MF,14841975,14842166,100,100,58322,55933,22nd Street Station @ Unloading Only,22nd Street Station @ Bay 6,58322,22nd Street Station,35670,36210,in_service_layover,66.28262293588969,72.15887526841846,33.14206315546227,540,9.0,09:54:30,10:03:30,True,7,,7
2160561,medium,410.0,17.0,40-ft,HTC,MF,14873221,14873378,410,410,58322,52230,22nd Street Station @ Unloading Only,22nd Street Station @ Bay 4,58322,22nd Street Station,35790,36690,in_service_layover,65.5404991485605,74.70472944791557,51.68625888836249,900,15.0,09:56:30,10:11:30,True,2,,7
2160377,medium,100.0,5.0,40-ft,HTC,MF,14842049,14842130,100,100,58322,55933,22nd Street Station @ Unloading Only,22nd Street Station @ Bay 6,58322,22nd Street Station,36390,37110,in_service_layover,67.35959868142118,74.6986017871416,41.39197751626324,720,12.0,10:06:30,10:18:30,True,1,,7
2160414,medium,152.0,6.0,40-ft,PCT,MF,14842607,14842548,101,101,58322,52373,22nd Street Station @ Unloading Only,22nd Street Station @ Bay 5,58322,22nd Street Station,36390,37110,in_service_layover,66.89856454834974,74.31605269498088,41.83463314699969,720,12.0,10:06:30,10:18:30,True,4,,7
2160461,medium,410.0,11.0,40-ft,HTC,MF,14870635,14870626,388,388,58322,56919,22nd Street Station @ Unloading Only,22nd Street Station @ Bay 7,58322,22nd Street Station,36570,37290,in_service_layover,66.53260990683374,74.01202404024512,42.18389571244023,720,12.0,10:09:30,10:21:30,True,3,,7
2160373,medium,100.0,6.0,40-ft,HTC,MF,14842052,14842127,100,100,58322,55933,22nd Street Station @ Unloading Only,22nd Street Station @ Bay 6,58322,22nd Street Station,37110,37950,in_service_layover,68.12516595144042,76.28643459796378,46.029555166391674,840,14.0,10:18:30,10:32:30,True,6,,7
2160474,medium,410.0,29.0,40-ft,HTC,MF,14873199,14873379,410,410,58322,52230,22nd Street Station @ Unloading Only,22nd Street Station @ Bay 4,58322,22nd Street Station,37170,37590,in_service_layover,66.12153690031562,70.82744243590822,26.541307220742226,420,7.0,10:19:30,10:26:30,True,5,,7
2160449,medium,410.0,31.0,40-ft,HTC,MF,14874075,14873380,418,410,58322,52230,22nd Street Station @ Unloading Only,22nd Street Station @ Bay 4,58322,22nd Street Station,37230,38490,in_service_layover,64.87347833496523,76.80851071367336,67.31358261591379,1260,21.0,10:20:30,10:41:30,True,7,,7
2160652,medium,151.0,7.0,40-ft,PCT,MF,14846508,14846474,128,128,58322,52183,22nd Street Station @ Unloading Only,22nd Street Station @ Bay 8,58322,22nd Street Station,37290,37710,in_service_layover,68.87694368499194,73.31483160049159,25.029687843418003,420,7.0,10:21:30,10:28:30,True,2,,7
2160451,medium,388.0,1.0,40-ft,HTC,MF,14873233,14843624,410,104,58322,53497,22nd Street Station @ Unloading Only,22nd Street Station @ Bay 3,58322,22nd Street Station,37470,38610,in_service_layover,62.25778716419158,74.07082826230332,66.62555179335021,1140,19.0,10:24:30,10:43:30,True,1,,7
2160823,medium,151.0,4.0,40-ft,PCT,MF,14842608,14842549,101,101,58322,52373,22nd Street Station @ Unloading Only,22nd Street Station @ Bay 5,58322,22nd Street Station,38190,38910,in_service_layover,69.15815488209364,76.18597671338803,39.63691512850039,720,12.0,10:36:30,10:48:30,True,4,,7
2160803,medium,152.0,13.0,40-ft,PCT,MF,14850658,14850629,155,155,58322,52183,22nd Street Station @ Unloading Only,22nd Street Station @ Bay 8,58322,22nd Street Station,38370,38610,in_service_layover,67.73317619211214,70.43765442361183,15.253257225658217,240,4.0,10:39:30,10:43:30,True,3,,7
2164321,medium,410.0,10.0,40-ft,HTC,MF,14870649,14870627,388,388,58322,56919,22nd Street Station @ Unloading Only,22nd Street Station @ Bay 7,58322,22nd Street Station,38430,39030,in_service_layover,64.10494876325086,70.84334249763036,38.004540661900364,600,10.0,10:40:30,10:50:30,True,5,,7
2160653,medium,151.0,5.0,40-ft,PCT,MF,14846501,14846458,128,128,58322,52183,22nd Street Station @ Unloading Only,22nd Street Station @ Bay 8,58322,22nd Street Station,38490,38910,in_service_layover,67.90873927076852,72.44293461117346,25.57286171988386,420,7.0,10:41:30,10:48:30,True,2,,7
2160375,medium,100.0,7.0,40-ft,HTC,MF,14842018,14842136,100,100,58322,55933,22nd Street Station @ Unloading Only,22nd Street Station @ Bay 6,58322,22nd Street Station,38550,38910,in_service_layover,69.74866967423138,73.52973812161166,21.325226043224745,360,6.0,10:42:30,10:48:30,True,6,,7
2160452,medium,410.0,2.0,40-ft,HTC,MF,14873293,14873381,410,410,58322,52230,22nd Street Station @ Unloading Only,22nd Street Station @ Bay 4,58322,22nd Street Station,38670,39330,in_service_layover,61.687270144042714,69.35691393936094,43.25679100559472,660,11.0,10:44:30,10:55:30,True,7,,7
2160459,medium,410.0,41.0,40-ft,HTC,MF,14873258,14873382,410,410,58322,52230,22nd Street Station @ Unloading Only,22nd Street Station @ Bay 4,58322,22nd Street Station,39330,40170,in_service_layover,69.21258299847202,77.15247718423134,44.781003207682545,840,14.0,10:55:30,11:09:30,True,1,,7
2160648,medium,151.0,13.0,40-ft,PCT,MF,14846532,14846457,128,128,58322,52183,22nd Street Station @ Unloading Only,22nd Street Station @ Bay 8,58322,22nd Street Station,39690,40110,in_service_layover,69.68861899205861,74.04399062837597,24.564296028829915,420,7.0,11:01:30,11:08:30,True,3,,7
2160415,medium,152.0,11.0,40-ft,PCT,MF,14842609,14842550,101,101,58322,52373,22nd Street Station @ Unloading Only,22nd Street Station @ Bay 5,58322,22nd Street Station,39930,40710,in_service_layover,67.63462988213305,75.41955142572363,43.90695750585087,780,13.0,11:05:30,11:18:30,True,2,,7
2160805,medium,152.0,10.0,40-ft,PCT,MF,14850659,14850630,155,155,58322,52183,22nd Street Station @ Unloading Only,22nd Street Station @ Bay 8,58322,22nd Street Station,40110,40410,in_service_layover,69.5548638475074,72.76421897321461,18.1007629089886,300,5.0,11:08:30,11:13:30,True,4,,7
2160471,medium,410.0,12.0,40-ft,HTC,MF,14873259,14873383,410,410,58322,52230,22nd Street Station @ Unloading Only,22nd Street Station @ Bay 4,58322,22nd Street Station,40110,41070,in_service_layover,60.02765671001977,70.86793465815579,61.13916762748721,960,16.0,11:08:30,11:24:30,True,6,,7
2160468,medium,410.0,39.0,40-ft,HTC,MF,14843576,14843630,104,104,58322,53497,22nd Street Station @ Unloading Only,22nd Street Station @ Bay 3,58322,22nd Street Station,40170,40410,in_service_layover,66.57069225394518,69.33572197322265,15.59476761672488,240,4.0,11:09:30,11:13:30,True,5,,7
2160465,medium,388.0,5.0,40-ft,HTC,MF,14870652,14870628,388,388,58322,56919,22nd Street Station @ Unloading Only,22nd Street Station @ Bay 7,58322,22nd Street Station,40470,40830,in_service_layover,68.18767639421498,72.10316432134445,22.08335190901022,360,6.0,11:14:30,11:20:30,True,7,,7
2160652,medium,151.0,7.0,40-ft,PCT,MF,14846531,14846473,128,128,58322,52183,22nd Street Station @ Unloading Only,22nd Street Station @ Bay 8,58322,22nd Street Station,40890,41310,in_service_layover,69.09744590760842,73.51307770339267,24.90416332822315,420,7.0,11:21:30,11:28:30,True,3,,7
2162187,medium,410.0,3.0,40-ft,HTC,MF,14873204,14873384,410,410,58322,52230,22nd Street Station @ Unloading Only,22nd Street Station @ Bay 4,58322,22nd Street Station,41070,41970,in_service_layover,63.07979725940335,72.75491699233683,54.56767529374491,900,15.0,11:24:30,11:39:30,True,1,,7
2160374,medium,100.0,8.0,40-ft,HTC,MF,14842017,14842125,100,100,58322,55933,22nd Street Station @ Unloading Only,22nd Street Station @ Bay 6,58322,22nd Street Station,41850,42450,in_service_layover,69.93392691217714,75.85384920601328,33.38836173723581,600,10.0,11:37:30,11:47:30,True,4,,7
2162641,medium,701.0,10.0,40-ft,PCT,MF,14850660,14850616,155,155,58322,52183,22nd Street Station @ Unloading Only,22nd Street Station @ Bay 8,58322,22nd Street Station,41910,42210,in_service_layover,69.19764677014896,72.43284329188914,18.246508382614593,300,5.0,11:38:30,11:43:30,True,5,,7
2160451,medium,388.0,1.0,40-ft,HTC,MF,14843597,14843623,104,104,58322,53497,22nd Street Station @ Unloading Only,22nd Street Station @ Bay 3,58322,22nd Street Station,41970,42210,in_service_layover,68.6792053215396,71.33195051859873,14.961482911413555,240,4.0,11:39:30,11:43:30,True,2,,7
2160453,medium,410.0,15.0,40-ft,HTC,MF,14873288,14873385,410,410,58322,52230,22nd Street Station @ Unloading Only,22nd Street Station @ Bay 4,58322,22nd Street Station,42030,42870,in_service_layover,63.23133179491758,72.35283538206644,51.445280231519575,840,14.0,11:40:30,11:54:30,True,7,,7
2160653,medium,151.0,5.0,40-ft,PCT,MF,14846500,14846454,128,128,58322,52183,22nd Street Station @ Unloading Only,22nd Street Station @ Bay 8,58322,22nd Street Station,42090,42510,in_service_layover,68.2255489182903,72.72848571616414,25.396563540008515,420,7.0,11:41:30,11:48:30,True,6,,7
2160470,medium,388.0,2.0,40-ft,HTC,MF,14870653,14870629,388,388,58322,56919,22nd Street Station @ Unloading Only,22nd Street Station @ Bay 7,58322,22nd Street Station,42270,42630,in_service_layover,63.88772497696568,68.14245781020465,23.996693179467798,360,6.0,11:44:30,11:50:30,True,3,,7
2160456,medium,410.0,30.0,40-ft,HTC,MF,14873205,14873386,410,410,58322,52230,22nd Street Station @ Unloading Only,22nd Street Station @ Bay 4,58322,22nd Street Station,42930,43830,in_service_layover,59.67538829992034,70.04237601639412,58.46981072091211,900,15.0,11:55:30,12:10:30,True,1,,7
2160648,medium,151.0,13.0,40-ft,PCT,MF,14846530,14846453,128,128,58322,52183,22nd Street Station @ Unloading Only,22nd Street Station @ Bay 8,58322,22nd Street Station,43290,43710,in_service_layover,69.82660493549281,74.16778764356077,24.48427047350333,420,7.0,12:01:30,12:08:30,True,2,,7
2160419,medium,152.0,14.0,40-ft,PCT,MF,14842611,14842552,101,101,58322,52373,22nd Street Station @ Unloading Only,22nd Street Station @ Bay 5,58322,22nd Street Station,43530,44310,in_service_layover,69.91472336002279,77.26856421826054,41.475662440460894,780,13.0,12:05:30,12:18:30,True,5,,7
2160377,medium,100.0,5.0,40-ft,HTC,MF,14841988,14842112,100,100,58322,55933,22nd Street Station @ Unloading Only,22nd Street Station @ Bay 6,58322,22nd Street Station,43650,44250,in_service_layover,66.12305722310813,72.58754906612587,36.45973399461997,600,10.0,12:07:30,12:17:30,True,4,,7
2160468,medium,410.0,39.0,40-ft,HTC,MF,14843578,14843634,104,104,58322,53497,22nd Street Station @ Unloading Only,22nd Street Station @ Bay 3,58322,22nd Street Station,43770,44010,in_service_layover,63.944099032458915,66.83563099309916,16.308240258010983,240,4.0,12:09:30,12:13:30,True,6,,7
2160561,medium,410.0,17.0,40-ft,HTC,MF,14873216,14873387,410,410,58322,52230,22nd Street Station @ Unloading Only,22nd Street Station @ Bay 4,58322,22nd Street Station,43770,44730,in_service_layover,64.22599652826445,74.15515867877001,56.000474528851385,960,16.0,12:09:30,12:25:30,True,3,,7
2160859,medium,152.0,1.0,40-ft,PCT,MF,14850653,14850631,155,155,58322,52183,22nd Street Station @ Unloading Only,22nd Street Station @ Bay 8,58322,22nd Street Station,43830,44010,in_service_layover,68.70433487838123,70.71891958987287,11.362257772812768,180,3.0,12:10:30,12:13:30,True,7,,7
2160450,medium,410.0,4.0,40-ft,HTC,MF,14870654,14870630,388,388,58322,56919,22nd Street Station @ Unloading Only,22nd Street Station @ Bay 7,58322,22nd Street Station,44070,44430,in_service_layover,61.417033903742244,65.84844993893783,24.99318643850313,360,6.0,12:14:30,12:20:30,True,2,,7
2160652,medium,151.0,7.0,40-ft,PCT,MF,14846529,14846472,128,128,58322,52183,22nd Street Station @ Unloading Only,22nd Street Station @ Bay 8,58322,22nd Street Station,44490,44910,in_service_layover,69.29569201050951,73.6912119045815,24.790732202566005,420,7.0,12:21:30,12:28:30,True,1,,7
2160373,medium,100.0,6.0,40-ft,HTC,MF,14842006,14842124,100,100,58322,55933,22nd Street Station @ Unloading Only,22nd Street Station @ Bay 6,58322,22nd Street Station,44550,45210,in_service_layover,67.7108900339303,74.48014903653831,38.178620774709145,660,11.0,12:22:30,12:33:30,True,6,,7
2160474,medium,410.0,29.0,40-ft,HTC,MF,14873254,14873388,410,410,58322,52230,22nd Street Station @ Unloading Only,22nd Street Station @ Bay 4,58322,22nd Street Station,44730,45390,in_service_layover,60.3487095162571,68.20630141425926,44.316818304732124,660,11.0,12:25:30,12:36:30,True,7,,7
2160449,medium,410.0,31.0,40-ft,HTC,MF,14873225,14873389,410,410,58322,52230,22nd Street Station @ Unloading Only,22nd Street Station @ Bay 4,58322,22nd Street Station,45570,46050,in_service_layover,66.32977779402223,71.6170002972042,29.819934917946284,480,8.0,12:39:30,12:47:30,True,4,,7
2160828,medium,152.0,15.0,40-ft,PCT,MF,14850661,14850632,155,155,58322,52183,22nd Street Station @ Unloading Only,22nd Street Station @ Bay 8,58322,22nd Street Station,45630,45810,in_service_layover,69.80566142427695,71.77344900146582,11.098321935345155,180,3.0,12:40:30,12:43:30,True,5,,7
2160451,medium,388.0,1.0,40-ft,HTC,MF,14843579,14843627,104,104,58322,53497,22nd Street Station @ Unloading Only,22nd Street Station @ Bay 3,58322,22nd Street Station,45630,45870,in_service_layover,65.940327577835,68.73680020915481,15.772105640643701,240,4.0,12:40:30,12:44:30,True,2,,7
2160653,medium,151.0,5.0,40-ft,PCT,MF,14846499,14846452,128,128,58322,52183,22nd Street Station @ Unloading Only,22nd Street Station @ Bay 8,58322,22nd Street Station,45690,46110,in_service_layover,68.51110002328099,72.98564989211988,25.236461260251417,420,7.0,12:41:30,12:48:30,True,3,,7
2162184,medium,388.0,4.0,40-ft,HTC,MF,14870655,14870631,388,388,58322,56919,22nd Street Station @ Unloading Only,22nd Street Station @ Bay 7,58322,22nd Street Station,45870,46230,in_service_layover,62.90826976067112,67.23390994196924,24.39661062252145,360,6.0,12:44:30,12:50:30,True,1,,7
2160452,medium,410.0,2.0,40-ft,HTC,MF,14873244,14873335,410,410,58322,52230,22nd Street Station @ Unloading Only,22nd Street Station @ Bay 4,58322,22nd Street Station,46410,46710,in_service_layover,58.87818101970981,62.75708721599011,21.8770309470209,300,5.0,12:53:30,12:58:30,True,6,,7
2160648,medium,151.0,13.0,40-ft,PCT,MF,14846528,14846451,128,128,58322,52183,22nd Street Station @ Unloading Only,22nd Street Station @ Bay 8,58322,22nd Street Station,46950,47310,in_service_layover,69.95040195067762,73.7136607841095,21.22477982055591,360,6.0,13:02:30,13:08:30,True,7,,7
2160459,medium,410.0,41.0,40-ft,HTC,MF,14873234,14843628,410,104,58322,53497,22nd Street Station @ Unloading Only,22nd Street Station @ Bay 3,58322,22nd Street Station,47250,47730,in_service_layover,66.67374426458022,71.92327202254417,29.607336554916685,480,8.0,13:07:30,13:15:30,True,5,,7
2160383,medium,100.0,2.0,40-ft,HTC,MF,14842039,14842111,100,100,58322,55933,22nd Street Station @ Unloading Only,22nd Street Station @ Bay 6,58322,22nd Street Station,47310,47910,in_service_layover,69.03223916052676,75.08424193243144,34.133295633542446,600,10.0,13:08:30,13:18:30,True,2,,7
2160808,medium,183.0,9.0,40-ft,PCT,MF,14850662,14850633,155,155,58322,52183,22nd Street Station @ Unloading Only,22nd Street Station @ Bay 8,58322,22nd Street Station,47370,47610,in_service_layover,69.69929986801714,72.29379238299796,14.6329377844919,240,4.0,13:09:30,13:13:30,True,4,,7
2160468,medium,410.0,39.0,40-ft,HTC,MF,14843584,14873325,104,410,58322,52230,22nd Street Station @ Unloading Only,22nd Street Station @ Bay 4,58322,22nd Street Station,47430,47910,in_service_layover,61.444008052335434,67.23519414067414,32.66228953823031,480,8.0,13:10:30,13:18:30,True,3,,7
2160461,medium,410.0,11.0,40-ft,HTC,MF,14870656,14870632,388,388,58322,56919,22nd Street Station @ Unloading Only,22nd Street Station @ Bay 7,58322,22nd Street Station,47670,48030,in_service_layover,62.6643875811454,67.00733881652515,24.494244967541817,360,6.0,13:14:30,13:20:30,True,1,,7
2160471,medium,410.0,12.0,40-ft,HTC,MF,14873249,14873393,410,410,58322,52230,22nd Street Station @ Unloading Only,22nd Street Station @ Bay 4,58322,22nd Street Station,48150,48510,in_service_layover,60.38920173850468,64.89351367194406,25.40431930459812,360,6.0,13:22:30,13:28:30,True,6,,7
2160652,medium,151.0,7.0,40-ft,PCT,MF,14846507,14846471,128,128,58322,52183,22nd Street Station @ Unloading Only,22nd Street Station @ Bay 8,58322,22nd Street Station,48150,48510,in_service_layover,69.47382621169834,73.27899678035764,21.4611620072385,360,6.0,13:22:30,13:28:30,True,7,,7
2160376,medium,100.0,3.0,40-ft,HTC,MF,14842026,14842122,100,100,58322,55933,22nd Street Station @ Unloading Only,22nd Street Station @ Bay 6,58322,22nd Street Station,48210,48690,in_service_layover,69.10030982817528,74.07563523761232,28.060835309224785,480,8.0,13:23:30,13:31:30,True,4,,7
2160374,medium,100.0,8.0,40-ft,HTC,MF,14842016,14842093,100,100,58322,55933,22nd Street Station @ Unloading Only,22nd Street Station @ Bay 6,58322,22nd Street Station,49110,49530,in_service_layover,67.11304831507667,71.72466305399463,26.009507127497386,420,7.0,13:38:30,13:45:30,True,5,,7
2162187,medium,410.0,3.0,40-ft,HTC,MF,14873226,14873344,410,410,58322,52230,22nd Street Station @ Unloading Only,22nd Street Station @ Bay 4,58322,22nd Street Station,49170,49710,in_service_layover,62.276184072685716,68.62876749023391,35.8285704749718,540,9.0,13:39:30,13:48:30,True,2,,7
2160451,medium,388.0,1.0,40-ft,HTC,MF,14843585,14843656,104,104,58322,53497,22nd Street Station @ Unloading Only,22nd Street Station @ Bay 3,58322,22nd Street Station,49290,49890,in_service_layover,63.345177268391076,70.1840898290706,38.57146684223255,600,10.0,13:41:30,13:51:30,True,3,,7
2160653,medium,151.0,5.0,40-ft,PCT,MF,14846498,14846450,128,128,58322,52183,22nd Street Station @ Unloading Only,22nd Street Station @ Bay 8,58322,22nd Street Station,49350,49710,in_service_layover,68.76826419923673,72.63445774451847,21.805331595388964,360,6.0,13:42:30,13:48:30,True,1,,7
2164321,medium,410.0,10.0,40-ft,HTC,MF,14870657,14870633,388,388,58322,56919,22nd Street Station @ Unloading Only,22nd Street Station @ Bay 7,58322,22nd Street Station,49470,49830,in_service_layover,60.40116516321146,64.90462862681348,25.399533934715407,360,6.0,13:44:30,13:50:30,True,6,,7
2160367,medium,100.0,4.0,40-ft,HTC,MF,14842025,14842186,100,100,58322,55933,22nd Street Station @ Unloading Only,22nd Street Station @ Bay 6,58322,22nd Street Station,50010,50310,in_service_layover,68.58387624853606,71.86274000757116,18.492791600957958,300,5.0,13:53:30,13:58:30,True,7,,7
2160453,medium,410.0,15.0,40-ft,HTC,MF,14873250,14843679,410,104,58322,53497,22nd Street Station @ Unloading Only,22nd Street Station @ Bay 3,58322,22nd Street Station,50070,51330,in_service_layover,61.874102462415316,74.67760635178817,72.21176193606289,1260,21.0,13:54:30,14:15:30,True,4,,7
2160414,medium,152.0,6.0,40-ft,PCT,MF,14842615,14842556,101,101,58322,52373,22nd Street Station @ Unloading Only,22nd Street Station @ Bay 5,58322,22nd Street Station,50970,51510,in_service_layover,67.68924359135175,73.38888575354748,32.14598179478389,540,9.0,14:09:30,14:18:30,True,5,,7
2160805,medium,152.0,10.0,40-ft,PCT,MF,14850664,14850600,155,155,58322,52183,22nd Street Station @ Unloading Only,22nd Street Station @ Bay 8,58322,22nd Street Station,51090,51330,in_service_layover,68.12942314512014,70.81250097132009,15.132558939767705,240,4.0,14:11:30,14:15:30,True,1,,7
2160456,medium,410.0,30.0,40-ft,HTC,MF,14873252,14873372,410,410,58322,52230,22nd Street Station @ Unloading Only,22nd Street Station @ Bay 4,58322,22nd Street Station,51090,51510,in_service_layover,59.56364309674299,64.84172303805768,29.768370869014802,420,7.0,14:11:30,14:18:30,True,2,,7
2160648,medium,151.0,13.0,40-ft,PCT,MF,14846526,14846449,128,128,58322,52183,22nd Street Station @ Unloading Only,22nd Street Station @ Bay 8,58322,22nd Street Station,51210,51450,in_service_layover,69.49627509122635,72.10256571991548,14.69947914580672,240,4.0,14:13:30,14:17:30,True,6,,7
2160459,medium,410.0,41.0,40-ft,HTC,MF,14843586,14843641,104,104,58322,53497,22nd Street Station @ Unloading Only,22nd Street Station @ Bay 3,58322,22nd Street Station,51210,52050,in_service_layover,66.53164908178043,75.01206297939967,47.82953438257255,840,14.0,14:13:30,14:27:30,True,3,,7
2160465,medium,388.0,5.0,40-ft,HTC,MF,14870658,14870634,388,388,58322,56919,22nd Street Station @ Unloading Only,22nd Street Station @ Bay 7,58322,22nd Street Station,51270,51570,in_service_layover,61.5499850904004,65.27043514415922,20.983338303199844,300,5.0,14:14:30,14:19:30,True,7,,7
2160373,medium,100.0,6.0,40-ft,HTC,MF,14842004,14842171,100,100,58322,55933,22nd Street Station @ Unloading Only,22nd Street Station @ Bay 6,58322,22nd Street Station,51810,52350,in_service_layover,65.90460447250486,71.82748878159899,33.40506750329092,540,9.0,14:23:30,14:32:30,True,1,,7
2160561,medium,410.0,17.0,40-ft,HTC,MF,14873255,14873370,410,410,58322,52230,22nd Street Station @ Unloading Only,22nd Street Station @ Bay 4,58322,22nd Street Station,51990,53070,in_service_layover,63.676425759118885,74.67069066329395,62.00765405954735,1080,18.0,14:26:30,14:44:30,True,4,,7
2160652,medium,151.0,7.0,40-ft,PCT,MF,14846525,14846448,128,128,58322,52183,22nd Street Station @ Unloading Only,22nd Street Station @ Bay 8,58322,22nd Street Station,52470,52710,in_service_layover,69.06161108747449,71.69281927745898,14.840014191512523,240,4.0,14:34:30,14:38:30,True,6,,7
2160375,medium,100.0,7.0,40-ft,HTC,MF,14842015,14842151,100,100,58322,55933,22nd Street Station @ Unloading Only,22nd Street Station @ Bay 6,58322,22nd Street Station,52710,53370,in_service_layover,69.70312335499068,76.15492901402033,36.38818391692723,660,11.0,14:38:30,14:49:30,True,2,,7
2160823,medium,151.0,4.0,40-ft,PCT,MF,14842616,14842557,101,101,58322,52373,22nd Street Station @ Unloading Only,22nd Street Station @ Bay 5,58322,22nd Street Station,52890,53310,in_service_layover,69.16068159230875,73.5699089710826,24.86804241628454,420,7.0,14:41:30,14:48:30,True,5,,7
2160474,medium,410.0,29.0,40-ft,HTC,MF,14873227,14873369,410,410,58322,52230,22nd Street Station @ Unloading Only,22nd Street Station @ Bay 4,58322,22nd Street Station,52890,53550,in_service_layover,57.727568494608136,65.94721742286222,46.358819955353056,660,11.0,14:41:30,14:52:30,True,7,,7
2160470,medium,388.0,2.0,40-ft,HTC,MF,14870659,14870622,388,388,58322,56919,22nd Street Station @ Unloading Only,22nd Street Station @ Bay 7,58322,22nd Street Station,53070,53250,in_service_layover,57.92671443250102,60.3066556294302,13.422868350680574,180,3.0,14:44:30,14:47:30,True,3,,7
2160369,medium,100.0,1.0,40-ft,HTC,MF,14841981,14842128,100,100,58322,55933,22nd Street Station @ Unloading Only,22nd Street Station @ Bay 6,58322,22nd Street Station,53490,53850,in_service_layover,67.13656455863496,71.13918464531491,22.57477728887494,360,6.0,14:51:30,14:57:30,True,1,,7
2160449,medium,410.0,31.0,40-ft,HTC,MF,14873235,14873309,410,410,58322,52230,22nd Street Station @ Unloading Only,22nd Street Station @ Bay 4,58322,22nd Street Station,53550,53970,in_service_layover,61.13826737755308,66.28167315009597,29.00880855714189,420,7.0,14:52:30,14:59:30,True,6,,7
2160451,medium,388.0,1.0,40-ft,HTC,MF,14843603,14843645,104,104,58322,53497,22nd Street Station @ Unloading Only,22nd Street Station @ Bay 3,58322,22nd Street Station,53550,54150,in_service_layover,64.79246688830686,71.43867543869351,37.484616224180684,600,10.0,14:52:30,15:02:30,True,4,,7
2160452,medium,410.0,2.0,40-ft,HTC,MF,14873197,14843680,410,104,58322,53497,22nd Street Station @ Unloading Only,22nd Street Station @ Bay 3,58322,22nd Street Station,54270,54810,in_service_layover,52.27835429633899,59.34934061053695,39.8803628120765,540,9.0,15:04:30,15:13:30,True,3,,7
2160415,medium,152.0,11.0,40-ft,PCT,MF,14842617,14842559,101,101,58322,52373,22nd Street Station @ Unloading Only,22nd Street Station @ Bay 5,58322,22nd Street Station,54390,55410,in_service_layover,68.08737495111778,77.5563388421491,53.40495634541668,1020,17.0,15:06:30,15:23:30,True,5,,7
2160383,medium,100.0,2.0,40-ft,HTC,MF,14842042,14842157,100,100,58322,55933,22nd Street Station @ Unloading Only,22nd Street Station @ Bay 6,58322,22nd Street Station,54510,54870,in_service_layover,66.50869736839799,70.562066492917,22.861001862287253,360,6.0,15:08:30,15:14:30,True,2,,7
2160450,medium,410.0,4.0,40-ft,HTC,MF,14870660,14873311,388,410,58322,52230,22nd Street Station @ Unloading Only,22nd Street Station @ Bay 4,58322,22nd Street Station,54930,55530,in_service_layover,56.53649347379117,64.18389156575351,43.131325238667614,600,10.0,15:15:30,15:25:30,True,7,,7
2160453,medium,410.0,15.0,40-ft,HTC,MF,14843615,14873368,104,410,58322,52230,22nd Street Station @ Unloading Only,22nd Street Station @ Bay 4,58322,22nd Street Station,55110,56070,in_service_layover,69.28598341102443,78.06008015255725,49.48590562224507,960,16.0,15:18:30,15:34:30,True,1,,7
2160859,medium,152.0,1.0,40-ft,PCT,MF,14850666,14850602,155,155,58322,52183,22nd Street Station @ Unloading Only,22nd Street Station @ Bay 8,58322,22nd Street Station,55170,55710,in_service_layover,68.70915867742752,74.27769701263433,31.406556210566464,540,9.0,15:19:30,15:28:30,True,6,,7
2160376,medium,100.0,3.0,40-ft,HTC,MF,14842003,14842110,100,100,58322,55933,22nd Street Station @ Unloading Only,22nd Street Station @ Bay 6,58322,22nd Street Station,55290,55830,in_service_layover,69.2689175496214,74.76441312838142,30.994595064206464,540,9.0,15:21:30,15:30:30,True,4,,7
2160459,medium,410.0,41.0,40-ft,HTC,MF,14843559,14843633,104,104,58322,53497,22nd Street Station @ Unloading Only,22nd Street Station @ Bay 3,58322,22nd Street Station,55830,56190,in_service_layover,69.62044003863595,73.41277643085516,21.388777252116427,360,6.0,15:30:30,15:36:30,True,3,,7
2160374,medium,100.0,8.0,40-ft,HTC,MF,14841985,14842098,100,100,58322,55933,22nd Street Station @ Unloading Only,22nd Street Station @ Bay 6,58322,22nd Street Station,56190,56730,in_service_layover,66.33510073501905,72.20485164636081,33.10539513996753,540,9.0,15:36:30,15:45:30,True,2,,7
2160471,medium,410.0,12.0,40-ft,HTC,MF,14873243,14843649,410,104,58322,53497,22nd Street Station @ Unloading Only,22nd Street Station @ Bay 3,58322,22nd Street Station,56370,56970,in_service_layover,54.41478075229295,62.195805169781856,43.884977714637444,600,10.0,15:39:30,15:49:30,True,5,,7
2162184,medium,388.0,4.0,40-ft,HTC,MF,14870661,14870612,388,388,58322,56919,22nd Street Station @ Unloading Only,22nd Street Station @ Bay 7,58322,22nd Street Station,56550,56730,in_service_layover,58.479251512986444,60.852766439394266,13.386624184940104,180,3.0,15:42:30,15:45:30,True,7,,7
2160414,medium,152.0,6.0,40-ft,PCT,MF,14842619,14842561,101,101,58322,52373,22nd Street Station @ Unloading Only,22nd Street Station @ Bay 5,58322,22nd Street Station,57030,57810,in_service_layover,66.69422306657708,74.65321165749546,44.888695652779745,780,13.0,15:50:30,16:03:30,True,6,,7
2160367,medium,100.0,4.0,40-ft,HTC,MF,14842014,14842177,100,100,58322,55933,22nd Street Station @ Unloading Only,22nd Street Station @ Bay 6,58322,22nd Street Station,57210,57690,in_service_layover,67.49695434752626,72.6550844082679,29.091853542582896,480,8.0,15:53:30,16:01:30,True,4,,7
2162187,medium,410.0,3.0,40-ft,HTC,MF,14873256,14873395,410,410,58322,52230,22nd Street Station @ Unloading Only,22nd Street Station @ Bay 4,58322,22nd Street Station,57570,58110,in_service_layover,57.658107754457774,64.5094490616687,38.6415649726697,540,9.0,15:59:30,16:08:30,True,1,,7
2160451,medium,388.0,1.0,40-ft,HTC,MF,14843589,14843681,104,104,58322,53497,22nd Street Station @ Unloading Only,22nd Street Station @ Bay 3,58322,22nd Street Station,58050,58290,in_service_layover,66.04705249792978,68.8382705163832,15.74246962407733,240,4.0,16:07:30,16:11:30,True,3,,7
2160377,medium,100.0,5.0,40-ft,HTC,MF,14842061,14842109,100,100,58322,55933,22nd Street Station @ Unloading Only,22nd Street Station @ Bay 6,58322,22nd Street Station,58350,58650,in_service_layover,67.74339315296454,71.08054841393285,18.821555671861233,300,5.0,16:12:30,16:17:30,True,2,,7
2160648,medium,151.0,13.0,40-ft,PCT,MF,14846490,14846491,128,128,58086,52183,Braid Station @ Bay 6,22nd Street Station @ Bay 8,52183,22nd Street Station,58410,58710,interline_end,64.31449585504893,67.8714366898643,20.061146308358616,300,5.0,16:13:30,16:18:30,True,7,,7
2160452,medium,410.0,2.0,40-ft,HTC,MF,14843616,14874088,104,418,58322,52230,22nd Street Station @ Unloading Only,22nd Street Station @ Bay 4,58322,22nd Street Station,58710,58890,in_service_layover,53.95771766977322,56.30759433925304,13.253304415866182,180,3.0,16:18:30,16:21:30,True,5,,7
2160461,medium,410.0,11.0,40-ft,HTC,MF,14870648,14843670,388,104,58322,53497,22nd Street Station @ Unloading Only,22nd Street Station @ Bay 3,58322,22nd Street Station,58830,59370,in_service_layover,58.27870127197392,65.07395357056909,38.325222964076715,540,9.0,16:20:30,16:29:30,True,4,,7
2160823,medium,151.0,4.0,40-ft,PCT,MF,14842579,14842563,101,101,58322,52373,22nd Street Station @ Unloading Only,22nd Street Station @ Bay 5,58322,22nd Street Station,59370,60210,in_service_layover,66.8752462841122,75.28737498277002,47.44440586043021,840,14.0,16:29:30,16:43:30,True,6,,7
2160468,medium,410.0,39.0,40-ft,HTC,MF,14843604,14873328,104,410,58322,52230,22nd Street Station @ Unloading Only,22nd Street Station @ Bay 4,58322,22nd Street Station,59430,59610,in_service_layover,51.364838280259285,53.68949672941488,13.111073653237554,180,3.0,16:30:30,16:33:30,True,1,,7
2160373,medium,100.0,6.0,40-ft,HTC,MF,14841984,14842096,100,100,58322,55933,22nd Street Station @ Unloading Only,22nd Street Station @ Bay 6,58322,22nd Street Station,59430,59730,in_service_layover,66.6976731249659,70.1049254189927,19.21690293831108,300,5.0,16:30:30,16:35:30,True,3,,7
2160456,medium,410.0,30.0,40-ft,HTC,MF,14873262,14874089,410,418,58322,52230,22nd Street Station @ Unloading Only,22nd Street Station @ Bay 4,58322,22nd Street Station,59550,60030,in_service_layover,53.87106330228154,60.16513194637791,35.498547152703566,480,8.0,16:32:30,16:40:30,True,2,,7
2160459,medium,410.0,41.0,40-ft,HTC,MF,14843573,14873299,104,410,58322,52230,22nd Street Station @ Unloading Only,22nd Street Station @ Bay 4,58322,22nd Street Station,60030,60630,in_service_layover,68.02115349009144,74.21887955566856,34.955175009855,600,10.0,16:40:30,16:50:30,True,7,,7
2160859,medium,152.0,1.0,40-ft,PCT,MF,14850676,14850605,155,155,58322,52183,22nd Street Station @ Unloading Only,22nd Street Station @ Bay 8,58322,22nd Street Station,60270,60510,in_service_layover,69.39689216210779,72.00892111567092,14.731843298095953,240,4.0,16:44:30,16:48:30,True,5,,7
2162641,medium,701.0,10.0,40-ft,PCT,MF,14842580,14842564,101,101,58322,52373,22nd Street Station @ Unloading Only,22nd Street Station @ Bay 5,58322,22nd Street Station,60270,61110,in_service_layover,69.61768258829841,77.47436277771392,44.31167626830347,840,14.0,16:44:30,16:58:30,True,4,,7
2160375,medium,100.0,7.0,40-ft,HTC,MF,14842013,14842158,100,100,58322,55933,22nd Street Station @ Unloading Only,22nd Street Station @ Bay 6,58322,22nd Street Station,60450,60750,in_service_layover,67.52303109180919,70.87518170478836,18.906129457202496,300,5.0,16:47:30,16:52:30,True,1,,7
2164321,medium,410.0,10.0,40-ft,HTC,MF,14870647,14874090,388,418,58322,52230,22nd Street Station @ Unloading Only,22nd Street Station @ Bay 4,58322,22nd Street Station,60630,61170,in_service_layover,56.37624420635288,63.323305313054526,39.181424641797264,540,9.0,16:50:30,16:59:30,True,3,,7
2160471,medium,410.0,12.0,40-ft,HTC,MF,14843574,14873323,104,410,58322,52230,22nd Street Station @ Unloading Only,22nd Street Station @ Bay 4,58322,22nd Street Station,60810,61410,in_service_layover,56.80418222901812,64.4294361492536,43.00643211012812,600,10.0,16:53:30,17:03:30,True,2,,7
2160369,medium,100.0,1.0,40-ft,HTC,MF,14842076,14842082,100,100,58322,55933,22nd Street Station @ Unloading Only,22nd Street Station @ Bay 6,58322,22nd Street Station,60930,61290,in_service_layover,66.05581873304547,70.14519086270987,23.064058811307177,360,6.0,16:55:30,17:01:30,True,6,,7
2160561,medium,410.0,17.0,40-ft,HTC,MF,14873264,14843631,410,104,58322,53497,22nd Street Station @ Unloading Only,22nd Street Station @ Bay 3,58322,22nd Street Station,61170,61650,in_service_layover,63.0291124189521,68.66323790199807,31.776467724379245,480,8.0,16:59:30,17:07:30,True,5,,7
2160647,medium,151.0,12.0,40-ft,PCT,MF,14846520,14846492,128,128,58322,52183,22nd Street Station @ Unloading Only,22nd Street Station @ Bay 8,58322,22nd Street Station,61650,62310,in_service_layover,67.15363552406369,74.0099421184783,38.66956919249844,660,11.0,17:07:30,17:18:30,True,7,,7
2160383,medium,100.0,2.0,40-ft,HTC,MF,14842035,14842160,100,100,58322,55933,22nd Street Station @ Unloading Only,22nd Street Station @ Bay 6,58322,22nd Street Station,62010,62370,in_service_layover,66.15086739339391,70.2327249284555,23.021676497747364,360,6.0,17:13:30,17:19:30,True,1,,7
2160451,medium,388.0,1.0,40-ft,HTC,MF,14843617,14873327,104,410,58322,52230,22nd Street Station @ Unloading Only,22nd Street Station @ Bay 4,58322,22nd Street Station,62070,62790,in_service_layover,63.44664757561947,71.43514126318716,45.05510439788179,720,12.0,17:14:30,17:26:30,True,4,,7
2160449,medium,410.0,31.0,40-ft,HTC,MF,14873266,14843664,410,104,58322,53497,22nd Street Station @ Unloading Only,22nd Street Station @ Bay 3,58322,22nd Street Station,62190,62550,in_service_layover,54.64009490575413,59.37761850905361,26.719633122609082,360,6.0,17:16:30,17:22:30,True,3,,7
2160452,medium,410.0,2.0,40-ft,HTC,MF,14874051,14873346,418,410,58322,52230,22nd Street Station @ Unloading Only,22nd Street Station @ Bay 4,58322,22nd Street Station,62610,63450,in_service_layover,50.466816044859755,61.33434447520825,61.292860347165515,840,14.0,17:23:30,17:37:30,True,6,,7
2160648,medium,151.0,13.0,40-ft,PCT,MF,14846551,14850607,128,155,58322,52183,22nd Street Station @ Unloading Only,22nd Street Station @ Bay 8,58322,22nd Street Station,62670,63090,in_service_layover,67.1043492409181,71.71680176577307,26.01423224018214,420,7.0,17:24:30,17:31:30,True,2,,7
2160376,medium,100.0,3.0,40-ft,HTC,MF,14841987,14842104,100,100,58322,55933,22nd Street Station @ Unloading Only,22nd Street Station @ Bay 6,58322,22nd Street Station,63090,63570,in_service_layover,66.29777153307346,71.58848640954996,29.839631903327472,480,8.0,17:31:30,17:39:30,True,5,,7
2160461,medium,410.0,11.0,40-ft,HTC,MF,14843605,14873310,104,410,58322,52230,22nd Street Station @ Unloading Only,22nd Street Station @ Bay 4,58322,22nd Street Station,63090,64230,in_service_layover,59.68233062980536,72.17365280374159,70.45105706100037,1140,19.0,17:31:30,17:50:30,True,7,,7
2160456,medium,410.0,30.0,40-ft,HTC,MF,14874052,14843647,418,104,58322,53497,22nd Street Station @ Unloading Only,22nd Street Station @ Bay 3,58322,22nd Street Station,63630,64590,in_service_layover,54.32435365198462,66.25097877529817,67.26616569548838,960,16.0,17:40:30,17:56:30,True,1,,7
2160450,medium,410.0,4.0,40-ft,HTC,MF,14873269,14874092,410,418,58322,52230,22nd Street Station @ Unloading Only,22nd Street Station @ Bay 4,58322,22nd Street Station,63810,64590,in_service_layover,52.54231332141168,62.591856080043385,56.67942115868283,780,13.0,17:43:30,17:56:30,True,3,,7
2160414,medium,152.0,6.0,40-ft,PCT,MF,14842583,14842567,101,101,58322,52373,22nd Street Station @ Unloading Only,22nd Street Station @ Bay 5,58322,22nd Street Station,63870,64710,in_service_layover,67.95854897052504,76.15348000872132,46.219411055426974,840,14.0,17:44:30,17:58:30,True,4,,7
2160374,medium,100.0,8.0,40-ft,HTC,MF,14842056,14842133,100,100,58322,55933,22nd Street Station @ Unloading Only,22nd Street Station @ Bay 6,58322,22nd Street Station,64050,64470,in_service_layover,68.08578104991065,72.60253852741707,25.47451217313619,420,7.0,17:47:30,17:54:30,True,2,,7
2160453,medium,410.0,15.0,40-ft,HTC,MF,14873270,14873330,410,410,58322,52230,22nd Street Station @ Unloading Only,22nd Street Station @ Bay 4,58322,22nd Street Station,64410,65070,in_service_layover,66.4185019082154,73.3884716092729,39.31062911396424,660,11.0,17:53:30,18:04:30,True,6,,7
2164321,medium,410.0,10.0,40-ft,HTC,MF,14874053,14874105,418,418,58322,52230,22nd Street Station @ Unloading Only,22nd Street Station @ Bay 4,58322,22nd Street Station,64710,65610,in_service_layover,57.48252701866123,68.29093191243756,60.9594036008985,900,15.0,17:58:30,18:13:30,True,5,,7
2160367,medium,100.0,4.0,40-ft,HTC,MF,14841999,14842132,100,100,58322,55933,22nd Street Station @ Unloading Only,22nd Street Station @ Bay 6,58322,22nd Street Station,64890,65610,in_service_layover,67.46787429842706,74.78837075459847,41.28760001280676,720,12.0,18:01:30,18:13:30,True,7,,7
2160561,medium,410.0,17.0,40-ft,HTC,MF,14843560,14870607,104,388,58322,56919,22nd Street Station @ Unloading Only,22nd Street Station @ Bay 7,58322,22nd Street Station,65250,65730,in_service_layover,63.27161496123435,68.88116630368386,31.637869571415308,480,8.0,18:07:30,18:15:30,True,2,,7
2162328,medium,410.0,44.0,40-ft,HTC,MF,14873272,14873337,410,410,58322,52230,22nd Street Station @ Unloading Only,22nd Street Station @ Bay 4,58322,22nd Street Station,65550,65910,in_service_layover,66.43831127775609,70.49730905986974,22.892747491121042,360,6.0,18:12:30,18:18:30,True,1,,7
2160462,medium,410.0,43.0,40-ft,HTC,MF,14870645,14843648,388,104,58322,53497,22nd Street Station @ Unloading Only,22nd Street Station @ Bay 3,58322,22nd Street Station,65790,66570,in_service_layover,63.155599293387155,71.7500626685327,48.472773435820955,780,13.0,18:16:30,18:29:30,True,3,,7
2160449,medium,410.0,31.0,40-ft,HTC,MF,14843557,14874095,104,418,58322,52230,22nd Street Station @ Unloading Only,22nd Street Station @ Bay 4,58322,22nd Street Station,66150,66570,in_service_layover,53.98599556828988,59.50461865380527,31.12503420230678,420,7.0,18:22:30,18:29:30,True,4,,7
2162187,medium,410.0,3.0,40-ft,HTC,MF,14873294,14873362,410,410,58322,52230,22nd Street Station @ Unloading Only,22nd Street Station @ Bay 4,58322,22nd Street Station,66690,66870,in_service_layover,52.86787081732688,55.2071476886997,13.193521554542713,180,3.0,18:31:30,18:34:30,True,6,,7
2160373,medium,100.0,6.0,40-ft,HTC,MF,14842036,14842102,100,100,58322,55933,22nd Street Station @ Unloading Only,22nd Street Station @ Bay 6,58322,22nd Street Station,66690,67530,in_service_layover,65.42343638242008,74.12211222069935,49.06053172789507,840,14.0,18:31:30,18:45:30,True,5,,7
2160472,medium,410.0,47.0,40-ft,HTC,MF,14843595,14870606,104,388,58322,56919,22nd Street Station @ Unloading Only,22nd Street Station @ Bay 7,58322,22nd Street Station,67050,67530,in_service_layover,66.57069225394518,71.8315438198236,29.67120283155424,480,8.0,18:37:30,18:45:30,True,7,,7
2162184,medium,388.0,4.0,40-ft,HTC,MF,14870644,14843626,388,104,58322,53497,22nd Street Station @ Unloading Only,22nd Street Station @ Bay 3,58322,22nd Street Station,67350,67530,in_service_layover,51.73278959811343,54.0610267241021,13.131257390576138,180,3.0,18:42:30,18:45:30,True,2,,7
2160450,medium,410.0,4.0,40-ft,HTC,MF,14874055,14843640,418,104,58322,53497,22nd Street Station @ Unloading Only,22nd Street Station @ Bay 3,58322,22nd Street Station,67890,68670,in_service_layover,56.7510777856501,66.41523905311017,54.505869548474834,780,13.0,18:51:30,19:04:30,True,1,,7
2160456,medium,410.0,30.0,40-ft,HTC,MF,14843601,14873363,104,410,58322,52230,22nd Street Station @ Unloading Only,22nd Street Station @ Bay 4,58322,22nd Street Station,68070,68730,in_service_layover,60.85935583453443,68.64576855586678,43.91536774831445,660,11.0,18:54:30,19:05:30,True,3,,7
2160369,medium,100.0,1.0,40-ft,HTC,MF,14841995,14842135,100,100,58322,55933,22nd Street Station @ Unloading Only,22nd Street Station @ Bay 6,58322,22nd Street Station,68130,68670,in_service_layover,66.38967260151219,72.25265546253875,33.06722333618984,540,9.0,18:55:30,19:04:30,True,4,,7
2160562,medium,410.0,55.0,40-ft,HTC,MF,14843581,14873313,104,410,58322,52230,22nd Street Station @ Unloading Only,22nd Street Station @ Bay 4,58322,22nd Street Station,68910,69570,in_service_layover,67.63327785373062,74.41470638059602,38.24725689152092,660,11.0,19:08:30,19:19:30,True,6,,7
2162330,medium,410.0,46.0,40-ft,HTC,MF,14870643,14870605,388,388,58322,56919,22nd Street Station @ Unloading Only,22nd Street Station @ Bay 7,58322,22nd Street Station,69090,69330,in_service_layover,62.66367247726213,65.61574470055943,16.649687339396735,240,4.0,19:11:30,19:15:30,True,2,,7
2160383,medium,100.0,2.0,40-ft,HTC,MF,14842027,14842168,100,100,58322,55933,22nd Street Station @ Unloading Only,22nd Street Station @ Bay 6,58322,22nd Street Station,69330,69630,in_service_layover,67.56284332419241,70.9122936062051,18.890899590551555,300,5.0,19:15:30,19:20:30,True,5,,7
2160471,medium,410.0,12.0,40-ft,HTC,MF,14873279,14873322,410,410,58322,52230,22nd Street Station @ Unloading Only,22nd Street Station @ Bay 4,58322,22nd Street Station,69870,70410,in_service_layover,52.78785790491176,59.8585364552267,39.87862702377623,540,9.0,19:24:30,19:33:30,True,7,,7
2160462,medium,410.0,43.0,40-ft,HTC,MF,14843600,14843643,104,104,58322,53497,22nd Street Station @ Unloading Only,22nd Street Station @ Bay 3,58322,22nd Street Station,69870,70710,in_service_layover,66.35843972776898,74.87316629824771,48.02305785750002,840,14.0,19:24:30,19:38:30,True,1,,7
2160412,medium,152.0,9.0,40-ft,PCT,MF,14842588,14842571,101,101,58322,52373,22nd Street Station @ Unloading Only,22nd Street Station @ Bay 5,58322,22nd Street Station,70470,71010,in_service_layover,66.6892794620884,72.51497506213902,32.85692318428556,540,9.0,19:34:30,19:43:30,True,4,,7
2160650,medium,151.0,34.0,40-ft,PCT,MF,14846516,14846476,128,128,58322,52183,22nd Street Station @ Unloading Only,22nd Street Station @ Bay 8,58322,22nd Street Station,70830,71310,in_service_layover,69.68861899205861,74.59528152359059,27.673576677840344,480,8.0,19:40:30,19:48:30,True,3,,7
2160451,medium,388.0,1.0,40-ft,HTC,MF,14873224,14873312,410,410,58322,52230,22nd Street Station @ Unloading Only,22nd Street Station @ Bay 4,58322,22nd Street Station,70950,71250,in_service_layover,59.79356301884533,63.61948215631824,21.578183935347226,300,5.0,19:42:30,19:47:30,True,2,,7
2160374,medium,100.0,8.0,40-ft,HTC,MF,14842067,14842137,100,100,58322,55933,22nd Street Station @ Unloading Only,22nd Street Station @ Bay 6,58322,22nd Street Station,71070,71490,in_service_layover,67.75807794628086,72.30705236084391,25.656215698135668,420,7.0,19:44:30,19:51:30,True,6,,7
2160473,medium,410.0,50.0,40-ft,HTC,MF,14870642,14873360,388,410,58322,52230,22nd Street Station @ Unloading Only,22nd Street Station @ Bay 4,58322,22nd Street Station,71070,72210,in_service_layover,62.34689809982168,74.13661335204739,66.49399402255295,1140,19.0,19:44:30,20:03:30,True,5,,7
2160367,medium,100.0,4.0,40-ft,HTC,MF,14842041,14842116,100,100,58322,55933,22nd Street Station @ Unloading Only,22nd Street Station @ Bay 6,58322,22nd Street Station,71790,72270,in_service_layover,66.21282619056502,71.51279838631042,29.891843184004074,480,8.0,19:56:30,20:04:30,True,7,,7
2160450,medium,410.0,4.0,40-ft,HTC,MF,14843577,14843682,104,104,58322,53497,22nd Street Station @ Unloading Only,22nd Street Station @ Bay 3,58322,22nd Street Station,71910,72510,in_service_layover,61.02361611234643,68.16086758587979,40.25409831072807,600,10.0,19:58:30,20:08:30,True,1,,7
2162641,medium,701.0,10.0,40-ft,PCT,MF,14842589,14842572,101,101,58322,52373,22nd Street Station @ Unloading Only,22nd Street Station @ Bay 5,58322,22nd Street Station,72270,72810,in_service_layover,68.66840503061074,74.24223085184823,31.436377631779465,540,9.0,20:04:30,20:13:30,True,4,,7
2160651,medium,151.0,38.0,40-ft,PCT,MF,14846515,14846438,128,128,58322,52183,22nd Street Station @ Unloading Only,22nd Street Station @ Bay 8,58322,22nd Street Station,72630,73110,in_service_layover,68.87694368499194,73.87811547572987,28.206608899761875,480,8.0,20:10:30,20:18:30,True,2,,7
2160371,medium,100.0,21.0,40-ft,HTC,MF,14842044,14842170,100,100,58322,55933,22nd Street Station @ Unloading Only,22nd Street Station @ Bay 6,58322,22nd Street Station,72690,73170,in_service_layover,68.33513354881269,73.39848906682278,28.55732512157681,480,8.0,20:11:30,20:19:30,True,3,,7
2160453,medium,410.0,15.0,40-ft,HTC,MF,14873206,14873341,410,410,58322,52230,22nd Street Station @ Unloading Only,22nd Street Station @ Bay 4,58322,22nd Street Station,72810,73110,in_service_layover,62.23882018105608,65.91855894104094,20.753726606314615,300,5.0,20:13:30,20:18:30,True,6,,7
2162328,medium,410.0,44.0,40-ft,HTC,MF,14873219,14873359,410,410,58322,52230,22nd Street Station @ Unloading Only,22nd Street Station @ Bay 4,58322,22nd Street Station,73230,74130,in_service_layover,59.347657631652915,69.78668396931367,58.876108544406634,900,15.0,20:20:30,20:35:30,True,5,,7
2160462,medium,410.0,43.0,40-ft,HTC,MF,14843580,14843659,104,104,58322,53497,22nd Street Station @ Unloading Only,22nd Street Station @ Bay 3,58322,22nd Street Station,73950,74250,in_service_layover,69.48154335748397,72.6962282204354,18.130822627046086,300,5.0,20:32:30,20:37:30,True,7,,7
2160369,medium,100.0,1.0,40-ft,HTC,MF,14842057,14842134,100,100,58322,55933,22nd Street Station @ Unloading Only,22nd Street Station @ Bay 6,58322,22nd Street Station,74490,74970,in_service_layover,67.60295210182072,72.74919208009453,29.0247934774643,480,8.0,20:41:30,20:49:30,True,1,,7
2160383,medium,100.0,2.0,40-ft,HTC,MF,14842024,14842095,100,100,58322,55933,22nd Street Station @ Unloading Only,22nd Street Station @ Bay 6,58322,22nd Street Station,75330,75930,in_service_layover,66.98563917339341,73.33000098069977,35.78220059320785,600,10.0,20:55:30,21:05:30,True,4,,7
2160456,medium,410.0,30.0,40-ft,HTC,MF,14873280,14873358,410,410,58322,52230,22nd Street Station @ Unloading Only,22nd Street Station @ Bay 4,58322,22nd Street Station,75450,75930,in_service_layover,58.16703563621567,64.27030094028387,34.42241631494471,480,8.0,20:57:30,21:05:30,True,2,,7
2160450,medium,410.0,4.0,40-ft,HTC,MF,14843618,14843683,104,104,58322,53497,22nd Street Station @ Unloading Only,22nd Street Station @ Bay 3,58322,22nd Street Station,75690,76110,in_service_layover,62.76924464511605,67.77601578948284,28.238189254228644,420,7.0,21:01:30,21:08:30,True,6,,7
2160651,medium,151.0,38.0,40-ft,PCT,MF,14846513,14846481,128,128,58322,52183,22nd Street Station @ Unloading Only,22nd Street Station @ Bay 8,58322,22nd Street Station,76170,76710,in_service_layover,69.66072978284672,75.10463926485093,30.703649478503905,540,9.0,21:09:30,21:18:30,True,3,,7
2160562,medium,410.0,55.0,40-ft,HTC,MF,14873281,14873340,410,410,58322,52230,22nd Street Station @ Unloading Only,22nd Street Station @ Bay 4,58322,22nd Street Station,76230,76890,in_service_layover,63.93597346094491,71.27994264635315,41.41998620570246,660,11.0,21:10:30,21:21:30,True,5,,7
2160376,medium,100.0,3.0,40-ft,HTC,MF,14841978,14842180,100,100,58322,55933,22nd Street Station @ Unloading Only,22nd Street Station @ Bay 6,58322,22nd Street Station,76290,76830,in_service_layover,66.01743508151944,71.92643760838959,33.32677425154765,540,9.0,21:11:30,21:20:30,True,7,,7
2160471,medium,410.0,12.0,40-ft,HTC,MF,14873282,14843636,410,104,58322,53497,22nd Street Station @ Unloading Only,22nd Street Station @ Bay 3,58322,22nd Street Station,76950,77850,in_service_layover,49.379803535575576,61.01343221370444,65.61366574464682,900,15.0,21:22:30,21:37:30,True,1,,7
2160374,medium,100.0,8.0,40-ft,HTC,MF,14841994,14842172,100,100,58322,55933,22nd Street Station @ Unloading Only,22nd Street Station @ Bay 6,58322,22nd Street Station,77130,77790,in_service_layover,67.30013395128059,74.13362996468565,38.540917515604576,660,11.0,21:25:30,21:36:30,True,2,,7
2160462,medium,410.0,43.0,40-ft,HTC,MF,14843564,14873349,104,410,58322,52230,22nd Street Station @ Unloading Only,22nd Street Station @ Bay 4,58322,22nd Street Station,77370,77970,in_service_layover,67.30460527967168,73.60408007298432,35.52903783428337,600,10.0,21:29:30,21:39:30,True,4,,7
2162641,medium,701.0,10.0,40-ft,PCT,MF,14842591,14842574,101,101,58322,52373,22nd Street Station @ Unloading Only,22nd Street Station @ Bay 5,58322,22nd Street Station,77490,78210,in_service_layover,67.54756816487783,74.85442303931104,41.210661491803364,720,12.0,21:31:30,21:43:30,True,6,,7
2160860,medium,151.0,37.0,40-ft,PCT,MF,14850677,14905249,155,155,58322,52183,22nd Street Station @ Unloading Only,22nd Street Station @ Bay 8,58322,22nd Street Station,77550,77790,in_service_layover,67.38618584370101,70.10908640554722,15.357159168812643,240,4.0,21:32:30,21:36:30,True,3,,7
2160367,medium,100.0,4.0,40-ft,HTC,MF,14842046,14842142,100,100,58322,55933,22nd Street Station @ Unloading Only,22nd Street Station @ Bay 6,58322,22nd Street Station,78030,78690,in_service_layover,69.76693238591253,76.20840882577276,36.32992712081176,660,11.0,21:40:30,21:51:30,True,7,,7
2160473,medium,410.0,50.0,40-ft,HTC,MF,14873284,14873375,410,410,58322,52230,22nd Street Station @ Unloading Only,22nd Street Station @ Bay 4,58322,22nd Street Station,78630,79050,in_service_layover,63.65788043239626,68.58759284242105,27.803577992539772,420,7.0,21:50:30,21:57:30,True,5,,7
2160453,medium,410.0,15.0,40-ft,HTC,MF,14873285,14873342,410,410,58322,52230,22nd Street Station @ Unloading Only,22nd Street Station @ Bay 4,58322,22nd Street Station,79530,80190,in_service_layover,55.43982602138983,63.877311712275805,47.58741929659698,660,11.0,22:05:30,22:16:30,True,2,,7
2160373,medium,100.0,6.0,40-ft,HTC,MF,14842068,14842088,100,100,58322,55933,22nd Street Station @ Unloading Only,22nd Street Station @ Bay 6,58322,22nd Street Station,79830,80490,in_service_layover,68.76998732283747,75.37170084049947,37.23366423961369,660,11.0,22:10:30,22:21:30,True,3,,7
2162328,medium,410.0,44.0,40-ft,HTC,MF,14873286,14873366,410,410,58322,52230,22nd Street Station @ Unloading Only,22nd Street Station @ Bay 4,58322,22nd Street Station,80430,81330,in_service_layover,59.30795104966254,69.75556674489061,58.924552521086355,900,15.0,22:20:30,22:35:30,True,1,,7
2160369,medium,100.0,1.0,40-ft,HTC,MF,14841993,14842087,100,100,58322,55933,22nd Street Station @ Unloading Only,22nd Street Station @ Bay 6,58322,22nd Street Station,80670,81750,in_service_layover,69.42621527336203,78.96830539509672,53.81738828658365,1080,18.0,22:24:30,22:42:30,True,4,,7
2160471,medium,410.0,12.0,40-ft,HTC,MF,14843561,14843638,104,104,58322,53497,22nd Street Station @ Unloading Only,22nd Street Station @ Bay 3,58322,22nd Street Station,80970,81510,in_service_layover,55.621809272940716,62.612520496136256,39.42761129882285,540,9.0,22:29:30,22:38:30,True,6,,7
2160456,medium,410.0,30.0,40-ft,HTC,MF,14873211,14873332,410,410,58322,52230,22nd Street Station @ Unloading Only,22nd Street Station @ Bay 4,58322,22nd Street Station,82050,82650,in_service_layover,53.791568020632766,61.59771524431038,44.026670341541774,600,10.0,22:47:30,22:57:30,True,7,,7
2160376,medium,100.0,3.0,40-ft,HTC,MF,14842043,14842182,100,100,58322,55933,22nd Street Station @ Unloading Only,22nd Street Station @ Bay 6,58322,22nd Street Station,82350,82890,in_service_layover,68.31665962229245,73.93595517544198,31.692826919763377,540,9.0,22:52:30,23:01:30,True,5,,7
2160462,medium,410.0,43.0,40-ft,HTC,MF,14873203,14873320,410,410,58322,52230,22nd Street Station @ Unloading Only,22nd Street Station @ Bay 4,58322,22nd Street Station,83850,84090,in_service_layover,63.1253471533332,66.05559078674534,16.52657409244449,240,4.0,23:17:30,23:21:30,True,2,,7
2160367,medium,100.0,4.0,40-ft,HTC,MF,14841992,14842138,100,100,58322,55933,22nd Street Station @ Unloading Only,22nd Street Station @ Bay 6,58322,22nd Street Station,84030,85110,in_service_layover,67.63286426173931,77.62190930285374,56.33821403188534,1080,18.0,23:20:30,23:38:30,True,3,,7
2160408,medium,152.0,2.0,40-ft,PCT,MF,14842593,14842576,101,101,58322,52373,22nd Street Station @ Unloading Only,22nd Street Station @ Bay 5,58322,22nd Street Station,84570,85410,in_service_layover,69.02231063213941,77.00115002615772,45.00065418226325,840,14.0,23:29:30,23:43:30,True,1,,7
2160471,medium,410.0,12.0,40-ft,HTC,MF,14843562,14843639,104,104,58322,53497,22nd Street Station @ Unloading Only,22nd Street Station @ Bay 3,58322,22nd Street Station,84630,85050,in_service_layover,57.22089755537252,62.66259960207981,30.691199543429093,420,7.0,23:30:30,23:37:30,True,6,,7
2160473,medium,410.0,50.0,40-ft,HTC,MF,14873230,14873354,410,410,58322,52230,22nd Street Station @ Unloading Only,22nd Street Station @ Bay 4,58322,22nd Street Station,84810,85830,in_service_layover,58.10885992276993,69.95350267790747,66.80378513897574,1020,17.0,23:33:30,23:50:30,True,4,,7
2160650,medium,151.0,34.0,40-ft,PCT,MF,14905286,14905283,128,128,58322,52183,22nd Street Station @ Unloading Only,22nd Street Station @ Bay 8,58322,22nd Street Station,85050,85710,in_service_layover,67.71023966579659,74.47960070733025,38.179196274249875,660,11.0,23:37:30,23:48:30,True,7,,7
2160373,medium,100.0,6.0,40-ft,HTC,MF,14842071,14842183,100,100,58322,55933,22nd Street Station @ Unloading Only,22nd Street Station @ Bay 6,58322,22nd Street Station,85710,86370,in_service_layover,66.24610333648083,73.24253452906913,39.45987192619805,660,11.0,23:48:30,23:59:30,True,5,,7
2162328,medium,410.0,44.0,40-ft,HTC,MF,14873198,14873365,410,410,58322,52230,22nd Street Station @ Unloading Only,22nd Street Station @ Bay 4,58322,22nd Street Station,87030,87330,in_service_layover,59.27683382523951,63.13436568552816,21.756479692027995,300,5.0,24:10:30,24:15:30,True,2,,7
2160376,medium,100.0,3.0,40-ft,HTC,MF,14842000,14842140,100,100,58322,55933,22nd Street Station @ Unloading Only,22nd Street Station @ Bay 6,58322,22nd Street Station,87870,88290,in_service_layover,69.70970537373803,74.06291199032489,24.55208531754988,420,7.0,24:24:30,24:31:30,True,6,,7
2160860,medium,151.0,37.0,40-ft,PCT,MF,14850640,14846479,155,128,58322,52183,22nd Street Station @ Unloading Only,22nd Street Station @ Bay 8,58322,22nd Street Station,87930,88110,in_service_layover,67.70271861853101,69.75727021464762,11.587671002097636,180,3.0,24:25:30,24:28:30,True,3,,7
2160471,medium,410.0,12.0,40-ft,HTC,MF,14843596,14843661,104,104,58322,53497,22nd Street Station @ Unloading Only,22nd Street Station @ Bay 3,58322,22nd Street Station,88110,88470,in_service_layover,57.27097666131608,61.96687482634176,26.484865650744837,360,6.0,24:28:30,24:34:30,True,1,,7
2162641,medium,701.0,10.0,40-ft,PCT,MF,14842594,14846477,101,128,58322,52183,22nd Street Station @ Unloading Only,22nd Street Station @ Bay 8,58322,22nd Street Station,88170,89430,in_service_layover,67.7240384437739,78.86196862627699,62.817926229317436,1260,21.0,24:29:30,24:50:30,True,7,,7
2160456,medium,410.0,30.0,40-ft,HTC,MF,14873247,14873324,410,410,58322,52230,22nd Street Station @ Unloading Only,22nd Street Station @ Bay 4,58322,22nd Street Station,88350,89190,in_service_layover,51.11898232465926,61.95995624473473,61.14309290922563,840,14.0,24:32:30,24:46:30,True,4,,7
2160374,medium,100.0,8.0,40-ft,HTC,MF,14841974,14842139,100,100,58322,55933,22nd Street Station @ Unloading Only,22nd Street Station @ Bay 6,58322,22nd Street Station,89070,89790,in_service_layover,67.1043440491964,74.48686664238558,41.63742742558702,720,12.0,24:44:30,24:56:30,True,5,,7
2162643,medium,701.0,2.0,40-ft,PCT,MF,14880033,14879998,791,791,58079,58084,Braid Station @ Bay 1,Braid Station @ Bay 4,58079,Braid Station,25590,26310,in_service_layover,69.12142896321846,76.15568539871927,39.67320629622452,720,12.0,07:06:30,07:18:30,True,1,,3
2162644,medium,701.0,51.0,40-ft,PCT,MF,14880032,14879996,791,791,58079,58084,Braid Station @ Bay 1,Braid Station @ Bay 4,58079,Braid Station,28530,29610,in_service_layover,69.12142896321846,78.73864215874524,54.241082422770944,1080,18.0,07:55:30,08:13:30,True,2,,3
2160854,medium,151.0,9.0,40-ft,PCT,MF,14880040,14850411,791,153,58079,58082,Braid Station @ Bay 1,Braid Station @ Bay 2,58079,Braid Station,30690,31230,in_service_layover,69.12142896321846,74.63624542104127,31.10356482212063,540,9.0,08:31:30,08:40:30,True,3,,3
2162641,medium,701.0,10.0,40-ft,PCT,MF,14880049,14879993,791,791,58079,58084,Braid Station @ Bay 1,Braid Station @ Bay 4,58079,Braid Station,31470,32010,in_service_layover,69.12142896321846,74.63624542104127,31.10356482212063,540,9.0,08:44:30,08:53:30,True,1,,3
2160855,medium,701.0,8.0,40-ft,PCT,MF,14850429,14850412,153,153,58079,58082,Braid Station @ Bay 1,Braid Station @ Bay 2,58079,Braid Station,31890,32130,in_service_layover,69.99158803717337,72.56891709956756,14.536135911903216,240,4.0,08:51:30,08:55:30,True,2,,3
2160840,medium,151.0,1.0,40-ft,PCT,MF,14850430,14850851,153,156,58079,58085,Braid Station @ Bay 1,Braid Station @ Bay 5,58079,Braid Station,32610,33270,in_service_layover,68.91785785347666,75.49595919284056,37.100491554012365,660,11.0,09:03:30,09:14:30,True,3,,3
2162643,medium,701.0,2.0,40-ft,PCT,MF,14880029,14879992,791,791,58079,58084,Braid Station @ Bay 1,Braid Station @ Bay 4,58079,Braid Station,33510,34050,in_service_layover,66.56305104999916,72.40448281015661,32.94567512728804,540,9.0,09:18:30,09:27:30,True,1,,3
2160810,medium,151.0,6.0,40-ft,PCT,MF,14850432,14850853,153,156,58079,58085,Braid Station @ Bay 1,Braid Station @ Bay 5,58079,Braid Station,34230,35010,in_service_layover,68.24692073532914,75.917337472671,43.26115039860804,780,13.0,09:30:30,09:43:30,True,2,,3
2160854,medium,151.0,9.0,40-ft,PCT,MF,14850433,14850414,153,153,58079,58082,Braid Station @ Bay 1,Braid Station @ Bay 2,58079,Braid Station,35430,35730,in_service_layover,68.61517902446134,71.89183814352182,18.480357431501147,300,5.0,09:50:30,09:55:30,True,3,,3
2160803,medium,152.0,13.0,40-ft,PCT,MF,14851283,14850658,159,155,58079,58086,Braid Station @ Bay 1,Braid Station @ Bay 6,58079,Braid Station,36570,36810,in_service_layover,67.7047309670613,70.41073049453776,15.261837334967197,240,4.0,10:09:30,10:13:30,True,1,,3
2160421,medium,152.0,7.0,40-ft,PCT,MF,14850844,14850415,156,153,58079,58082,Braid Station @ Bay 1,Braid Station @ Bay 2,58079,Braid Station,36990,37530,in_service_layover,67.64326880617585,73.34876041774984,32.178972689277316,540,9.0,10:16:30,10:25:30,True,2,,3
2160857,medium,701.0,13.0,40-ft,PCT,MF,14880027,14879988,791,791,58079,58084,Braid Station @ Bay 1,Braid Station @ Bay 4,58079,Braid Station,37890,39210,in_service_layover,69.95025129756641,80.84311940950964,61.43577615135973,1320,22.0,10:31:30,10:53:30,True,3,,3
2160805,medium,152.0,10.0,40-ft,PCT,MF,14851282,14850659,159,155,58079,58086,Braid Station @ Bay 1,Braid Station @ Bay 6,58079,Braid Station,38190,38550,in_service_layover,68.32883930957355,72.23241814993301,22.016184659627356,360,6.0,10:36:30,10:42:30,True,1,,3
2160808,medium,183.0,9.0,40-ft,PCT,MF,14850637,14851227,155,159,58086,58083,Braid Station @ Bay 6,Braid Station @ Bay 3,58086,Braid Station,38370,38910,in_service_layover,68.27767188868845,73.90198784723297,31.721142006191087,540,9.0,10:39:30,10:48:30,True,2,,3
2160840,medium,151.0,1.0,40-ft,PCT,MF,14850817,14850416,156,153,58079,58082,Braid Station @ Bay 1,Braid Station @ Bay 2,58079,Braid Station,38790,39330,in_service_layover,67.7660795053419,73.45593447565189,32.090782032548304,540,9.0,10:46:30,10:55:30,True,1,,3
2160803,medium,152.0,13.0,40-ft,PCT,MF,14850629,14851226,155,159,58086,58083,Braid Station @ Bay 6,Braid Station @ Bay 3,58086,Braid Station,40230,40710,in_service_layover,68.23440387551089,73.309240532619,28.6220787460897,480,8.0,11:10:30,11:18:30,True,2,,3
2160810,medium,151.0,6.0,40-ft,PCT,MF,14850818,14850417,156,153,58079,58082,Braid Station @ Bay 1,Braid Station @ Bay 2,58079,Braid Station,40590,41130,in_service_layover,68.18745778517236,73.82337748616568,31.786587113602423,540,9.0,11:16:30,11:25:30,True,3,,3
2162643,medium,701.0,2.0,40-ft,PCT,MF,14880025,14879986,791,791,58079,58084,Braid Station @ Bay 1,Braid Station @ Bay 4,58079,Braid Station,41430,42810,in_service_layover,68.7977695867195,80.36447799460862,65.23623542049467,1380,23.0,11:30:30,11:53:30,True,1,,3
2160859,medium,152.0,1.0,40-ft,PCT,MF,14851280,14850653,159,155,58079,58086,Braid Station @ Bay 1,Braid Station @ Bay 6,58079,Braid Station,41850,42150,in_service_layover,68.06696954684348,71.38188918080684,18.696146735553327,300,5.0,11:37:30,11:42:30,True,2,,3
2160421,medium,152.0,7.0,40-ft,PCT,MF,14850437,14850858,153,156,58079,58085,Braid Station @ Bay 1,Braid Station @ Bay 5,58079,Braid Station,42030,42210,in_service_layover,67.32769402116992,69.39657420474546,11.668484235366066,180,3.0,11:40:30,11:43:30,True,3,,3
2162642,medium,701.0,7.0,40-ft,PCT,MF,14880024,14879985,791,791,58079,58084,Braid Station @ Bay 1,Braid Station @ Bay 4,58079,Braid Station,43230,44610,in_service_layover,68.99512708393196,80.50581694293359,64.92029080476925,1380,23.0,12:00:30,12:23:30,True,2,,3
2160828,medium,152.0,15.0,40-ft,PCT,MF,14851271,14850661,159,155,58079,58086,Braid Station @ Bay 1,Braid Station @ Bay 6,58079,Braid Station,43650,43950,in_service_layover,69.2519254406074,72.48321572670257,18.224477213576733,300,5.0,12:07:30,12:12:30,True,3,,3
2160840,medium,151.0,1.0,40-ft,PCT,MF,14850438,14850857,153,156,58079,58085,Braid Station @ Bay 1,Braid Station @ Bay 5,58079,Braid Station,43830,44010,in_service_layover,67.43486807907195,69.49968879667148,11.645588847261308,180,3.0,12:10:30,12:13:30,True,1,,3
2160647,medium,151.0,12.0,40-ft,PCT,MF,14850820,14850371,156,153,58079,58082,Braid Station @ Bay 1,Braid Station @ Bay 2,58079,Braid Station,44370,44730,in_service_layover,66.79222309411145,70.82279565436828,22.7324292398485,360,6.0,12:19:30,12:25:30,True,3,,3
2160883,medium,701.0,5.0,40-ft,PCT,MF,14880023,14879991,791,791,58079,58084,Braid Station @ Bay 1,Braid Station @ Bay 4,58079,Braid Station,44970,46410,in_service_layover,68.77547289908694,80.69832147808764,67.24486598556399,1440,24.0,12:29:30,12:53:30,True,1,,3
2160808,medium,183.0,9.0,40-ft,PCT,MF,14851270,14850662,159,155,58079,58086,Braid Station @ Bay 1,Braid Station @ Bay 6,58079,Braid Station,45330,45690,in_service_layover,68.48664654760782,72.37685417044273,21.940770992788885,360,6.0,12:35:30,12:41:30,True,2,,3
2160810,medium,151.0,6.0,40-ft,PCT,MF,14850439,14850852,153,156,58079,58085,Braid Station @ Bay 1,Braid Station @ Bay 5,58079,Braid Station,45510,45810,in_service_layover,67.80231108958576,71.13543683955025,18.798829229799708,300,5.0,12:38:30,12:43:30,True,3,,3
2160859,medium,152.0,1.0,40-ft,PCT,MF,14850631,14851241,155,159,58086,58083,Braid Station @ Bay 6,Braid Station @ Bay 3,58086,Braid Station,45750,46110,in_service_layover,68.51566904177193,72.40341106104066,21.926864988675618,360,6.0,12:42:30,12:48:30,True,2,,3
2160854,medium,151.0,9.0,40-ft,PCT,MF,14850821,14850372,156,153,58079,58082,Braid Station @ Bay 1,Braid Station @ Bay 2,58079,Braid Station,46170,46530,in_service_layover,66.5790763048967,70.6268051553666,22.82919071665026,360,6.0,12:49:30,12:55:30,True,3,,3
2160857,medium,701.0,13.0,40-ft,PCT,MF,14880022,14850859,791,156,58079,58085,Braid Station @ Bay 1,Braid Station @ Bay 5,58079,Braid Station,46770,47610,in_service_layover,68.66245658935136,76.71470901483505,45.41470367972806,840,14.0,12:59:30,13:13:30,True,2,,3
2160803,medium,152.0,13.0,40-ft,PCT,MF,14851269,14850663,159,155,58079,58086,Braid Station @ Bay 1,Braid Station @ Bay 6,58079,Braid Station,47250,47610,in_service_layover,69.09663142388028,72.9345776688,21.646016821347246,360,6.0,13:07:30,13:13:30,True,1,,3
2160828,medium,152.0,15.0,40-ft,PCT,MF,14850632,14851240,155,159,58086,58083,Braid Station @ Bay 6,Braid Station @ Bay 3,58086,Braid Station,47550,47910,in_service_layover,69.57019845336488,73.36693905003744,21.413616965233246,360,6.0,13:12:30,13:18:30,True,3,,3
2160421,medium,152.0,7.0,40-ft,PCT,MF,14850822,14850373,156,153,58079,58082,Braid Station @ Bay 1,Braid Station @ Bay 2,58079,Braid Station,47970,48330,in_service_layover,67.07239660911577,71.08024787177808,22.60428112141551,360,6.0,13:19:30,13:25:30,True,1,,3
2160884,medium,152.0,16.0,40-ft,PCT,MF,14880021,14879999,791,791,58079,58084,Braid Station @ Bay 1,Braid Station @ Bay 4,58079,Braid Station,48690,50010,in_service_layover,68.98459158071705,80.14319712910769,62.934535292923215,1320,22.0,13:31:30,13:53:30,True,2,,3
2160805,medium,152.0,10.0,40-ft,PCT,MF,14851279,14850664,159,155,58079,58086,Braid Station @ Bay 1,Braid Station @ Bay 6,58079,Braid Station,48930,49410,in_service_layover,65.42163266579063,70.80697744754575,30.373344569098947,480,8.0,13:35:30,13:43:30,True,3,,3
2160840,medium,151.0,1.0,40-ft,PCT,MF,14850823,14850374,156,153,58079,58082,Braid Station @ Bay 1,Braid Station @ Bay 2,58079,Braid Station,49770,50130,in_service_layover,67.16452041292513,71.16485813062609,22.561904727833337,360,6.0,13:49:30,13:55:30,True,1,,3
2162643,medium,701.0,2.0,40-ft,PCT,MF,14880020,14879995,791,791,58079,58084,Braid Station @ Bay 1,Braid Station @ Bay 4,58079,Braid Station,50490,51810,in_service_layover,68.18381517445034,79.5654977711745,64.19268984552428,1320,22.0,14:01:30,14:23:30,True,3,,3
2162641,medium,701.0,10.0,40-ft,PCT,MF,14851268,14850680,159,155,58079,58086,Braid Station @ Bay 1,Braid Station @ Bay 6,58079,Braid Station,51150,51870,in_service_layover,66.3588986458367,73.8675913176247,42.349026668884335,720,12.0,14:12:30,14:24:30,True,2,,3
2160803,medium,152.0,13.0,40-ft,PCT,MF,14850634,14851238,155,159,58086,58083,Braid Station @ Bay 6,Braid Station @ Bay 3,58086,Braid Station,51210,51510,in_service_layover,68.05377281827347,71.36960418851382,18.701288928155634,300,5.0,14:13:30,14:18:30,True,1,,3
2160810,medium,151.0,6.0,40-ft,PCT,MF,14850824,14850375,156,153,58079,58082,Braid Station @ Bay 1,Braid Station @ Bay 2,58079,Braid Station,51510,51750,in_service_layover,66.79483441522035,69.54844798960164,15.53038055951049,240,4.0,14:18:30,14:22:30,True,1,,3
2162642,medium,701.0,7.0,40-ft,PCT,MF,14880019,14880005,791,791,58079,58084,Braid Station @ Bay 1,Braid Station @ Bay 4,58079,Braid Station,52530,53610,in_service_layover,68.32515412277533,78.14025210398495,55.357152614022255,1080,18.0,14:35:30,14:53:30,True,1,,3
2160859,medium,152.0,1.0,40-ft,PCT,MF,14851278,14850666,159,155,58079,58086,Braid Station @ Bay 1,Braid Station @ Bay 6,58079,Braid Station,53130,53310,in_service_layover,69.40140069244383,71.38671297985312,11.197161300988398,180,3.0,14:45:30,14:48:30,True,3,,3
2160805,medium,152.0,10.0,40-ft,PCT,MF,14850600,14851224,155,159,58086,58083,Braid Station @ Bay 6,Braid Station @ Bay 3,58086,Braid Station,53190,53610,in_service_layover,68.60925042321917,73.0739971374918,25.181171468497666,420,7.0,14:46:30,14:53:30,True,2,,3
2160857,medium,701.0,13.0,40-ft,PCT,MF,14850826,14850376,156,153,58079,58082,Braid Station @ Bay 1,Braid Station @ Bay 2,58079,Braid Station,53370,53610,in_service_layover,68.98482932733641,71.62039076159012,14.86456648919085,240,4.0,14:49:30,14:53:30,True,3,,3
2160883,medium,701.0,5.0,40-ft,PCT,MF,14880018,14879994,791,791,58079,58084,Braid Station @ Bay 1,Braid Station @ Bay 4,58079,Braid Station,54510,54810,in_service_layover,68.51765865792936,71.80117793964338,18.51904874886708,300,5.0,15:08:30,15:13:30,True,1,,3
2160652,medium,151.0,7.0,40-ft,PCT,MF,14846448,14846503,128,128,58086,58086,Braid Station @ Bay 6,Braid Station @ Bay 6,58086,Braid Station,54630,55410,in_service_layover,69.85608157115504,77.22116938557028,41.53909527330188,780,13.0,15:10:30,15:23:30,True,2,,3
2160828,medium,152.0,15.0,40-ft,PCT,MF,14851277,14851223,159,159,58079,58083,Braid Station @ Bay 1,Braid Station @ Bay 3,58079,Braid Station,54870,55410,in_service_layover,67.99764725188982,73.65791666179595,31.923919471870647,540,9.0,15:14:30,15:23:30,True,3,,3
2160647,medium,151.0,12.0,40-ft,PCT,MF,14850827,14850639,156,155,58079,58086,Braid Station @ Bay 1,Braid Station @ Bay 6,58079,Braid Station,55290,55590,in_service_layover,68.7155496137874,71.98512333371096,18.440395780368817,300,5.0,15:21:30,15:26:30,True,1,,3
2160653,medium,151.0,5.0,40-ft,PCT,MF,14846447,14846544,128,128,58086,58086,Braid Station @ Bay 6,Braid Station @ Bay 6,58086,Braid Station,56010,56310,in_service_layover,66.58033434533137,69.99528411483608,19.260316700006513,300,5.0,15:33:30,15:38:30,True,2,,3
2160808,medium,183.0,9.0,40-ft,PCT,MF,14851275,14851214,159,159,58079,58083,Braid Station @ Bay 1,Braid Station @ Bay 3,58079,Braid Station,57030,57510,in_service_layover,67.4106870893828,72.5784729775916,29.146312409497625,480,8.0,15:50:30,15:58:30,True,3,,3
2160811,medium,151.0,3.0,40-ft,PCT,MF,14850446,14880006,153,791,58079,58084,Braid Station @ Bay 1,Braid Station @ Bay 4,58079,Braid Station,57210,57510,in_service_layover,69.49220400876368,72.70611479198959,18.12645681739417,300,5.0,15:53:30,15:58:30,True,1,,3
2160854,medium,151.0,9.0,40-ft,PCT,MF,14850828,14850381,156,153,58079,58082,Braid Station @ Bay 1,Braid Station @ Bay 2,58079,Braid Station,57330,58110,in_service_layover,67.64979037526564,75.43188884987147,43.89103539677694,780,13.0,15:55:30,16:08:30,True,2,,3
2160884,medium,152.0,16.0,40-ft,PCT,MF,14880050,14879982,791,791,58079,58084,Braid Station @ Bay 1,Braid Station @ Bay 4,58079,Braid Station,58050,58410,in_service_layover,67.96253430894942,71.89691421153584,22.18990265058744,360,6.0,16:07:30,16:13:30,True,1,,3
2160421,medium,152.0,7.0,40-ft,PCT,MF,14850842,14851236,156,159,58079,58083,Braid Station @ Bay 1,Braid Station @ Bay 3,58079,Braid Station,59130,60510,in_service_layover,67.02622306407443,79.10375677767935,68.11729014473178,1380,23.0,16:25:30,16:48:30,True,3,,3
2160647,medium,151.0,12.0,40-ft,PCT,MF,14846444,14846520,128,128,58086,58086,Braid Station @ Bay 6,Braid Station @ Bay 6,58086,Braid Station,59730,59910,in_service_layover,67.47083132498143,69.53428351064294,11.637870327130884,180,3.0,16:35:30,16:38:30,True,2,,3
2160657,medium,151.0,2.0,40-ft,PCT,MF,14851297,14850861,159,156,58079,58085,Braid Station @ Bay 1,Braid Station @ Bay 5,58079,Braid Station,59910,60210,in_service_layover,66.97652888155393,70.36535215141852,19.1129632420363,300,5.0,16:38:30,16:43:30,True,1,,3
2162643,medium,701.0,2.0,40-ft,PCT,MF,14880015,14879972,791,791,58079,58084,Braid Station @ Bay 1,Braid Station @ Bay 4,58079,Braid Station,60510,60750,in_service_layover,67.38483495101623,70.10780664668553,15.357560363574805,240,4.0,16:48:30,16:52:30,True,2,,3
2160648,medium,151.0,13.0,40-ft,PCT,MF,14846491,14846551,128,128,58086,58086,Braid Station @ Bay 6,Braid Station @ Bay 6,58086,Braid Station,60630,60930,in_service_layover,66.03469898356038,69.48499722749733,19.459682095804453,300,5.0,16:50:30,16:55:30,True,1,,3
2160840,medium,151.0,1.0,40-ft,PCT,MF,14850829,14850871,156,156,58079,58085,Braid Station @ Bay 1,Braid Station @ Bay 5,58079,Braid Station,60930,62010,in_service_layover,67.0940510580061,77.21970322309048,57.108678211075926,1080,18.0,16:55:30,17:13:30,True,3,,3
2160805,medium,152.0,10.0,40-ft,PCT,MF,14851267,14850642,159,155,58079,58086,Braid Station @ Bay 1,Braid Station @ Bay 6,58079,Braid Station,61110,61710,in_service_layover,68.31783981804831,74.47306689104443,34.715480691698076,600,10.0,16:58:30,17:08:30,True,2,,3
2160859,medium,152.0,1.0,40-ft,PCT,MF,14850605,14850668,155,155,58086,58086,Braid Station @ Bay 6,Braid Station @ Bay 6,58086,Braid Station,62670,62970,in_service_layover,69.80567056756996,72.99669422974804,17.99737345468435,300,5.0,17:24:30,17:29:30,True,1,,3
2160803,medium,152.0,13.0,40-ft,PCT,MF,14851298,14851234,159,159,58079,58083,Braid Station @ Bay 1,Braid Station @ Bay 3,58079,Braid Station,63030,63270,in_service_layover,66.98461528371344,69.72846614318543,15.475318847422045,240,4.0,17:30:30,17:34:30,True,2,,3
2160883,medium,701.0,5.0,40-ft,PCT,MF,14880046,14879980,791,791,58079,58084,Braid Station @ Bay 1,Braid Station @ Bay 4,58079,Braid Station,63570,64110,in_service_layover,67.80550249209072,73.49032960422883,32.06242491245894,540,9.0,17:39:30,17:48:30,True,3,,3
2160854,medium,151.0,9.0,40-ft,PCT,MF,14851273,14851233,159,159,58079,58083,Braid Station @ Bay 1,Braid Station @ Bay 3,58079,Braid Station,63810,64110,in_service_layover,67.64639110677196,70.99016204650351,18.858868100086,300,5.0,17:43:30,17:48:30,True,1,,3
2160648,medium,151.0,13.0,40-ft,PCT,MF,14850607,14850670,155,155,58086,58086,Braid Station @ Bay 6,Braid Station @ Bay 6,58086,Braid Station,65010,65610,in_service_layover,69.51355121767214,75.49529988091118,33.73706246066814,600,10.0,18:03:30,18:13:30,True,2,,3
2160900,medium,183.0,7.0,40-ft,PCT,MF,14851289,14851231,159,159,58079,58083,Braid Station @ Bay 1,Braid Station @ Bay 3,58079,Braid Station,65550,65910,in_service_layover,69.37002194144202,73.18424725512321,21.512230769161988,360,6.0,18:12:30,18:18:30,True,1,,3
2160811,medium,151.0,3.0,40-ft,PCT,MF,14880043,14879979,791,791,58079,58084,Braid Station @ Bay 1,Braid Station @ Bay 4,58079,Braid Station,65670,66210,in_service_layover,66.39208757579993,72.25477075976751,33.065533157577136,540,9.0,18:14:30,18:23:30,True,3,,3
2160805,medium,152.0,10.0,40-ft,PCT,MF,14850599,14850390,155,153,58086,58082,Braid Station @ Bay 6,Braid Station @ Bay 2,58086,Braid Station,66030,66210,in_service_layover,69.59226204051788,71.56935058831087,11.150779409552399,180,3.0,18:20:30,18:23:30,True,2,,3
2160657,medium,151.0,2.0,40-ft,PCT,MF,14850832,14846505,156,128,58079,58086,Braid Station @ Bay 1,Braid Station @ Bay 6,58079,Braid Station,66270,66450,in_service_layover,66.71346838076066,68.80506828237188,11.79662344508722,180,3.0,18:24:30,18:27:30,True,1,,3
2160884,medium,152.0,16.0,40-ft,PCT,MF,14880045,14879978,791,791,58079,58084,Braid Station @ Bay 1,Braid Station @ Bay 4,58079,Braid Station,66630,67410,in_service_layover,68.8782633730901,76.42964648456999,42.58980074874643,780,13.0,18:30:30,18:43:30,True,2,,3
2160421,medium,152.0,7.0,40-ft,PCT,MF,14851258,14851230,159,159,58079,58083,Braid Station @ Bay 1,Braid Station @ Bay 3,58079,Braid Station,67650,68310,in_service_layover,69.60488879414898,76.07257789930394,36.47776655307399,660,11.0,18:47:30,18:58:30,True,3,,3
2160840,medium,151.0,1.0,40-ft,PCT,MF,14850833,14850392,156,153,58079,58082,Braid Station @ Bay 1,Braid Station @ Bay 2,58079,Braid Station,67950,68610,in_service_layover,69.48982353559184,75.97608495491343,36.582514404973836,660,11.0,18:52:30,19:03:30,True,1,,3
2162643,medium,701.0,2.0,40-ft,PCT,MF,14880044,14879973,791,791,58079,58084,Braid Station @ Bay 1,Braid Station @ Bay 4,58079,Braid Station,68010,68610,in_service_layover,57.927143826527264,65.44661865735311,42.40983804585784,600,10.0,18:53:30,19:03:30,True,2,,3
2160837,medium,152.0,33.0,40-ft,PCT,MF,14850461,14850875,153,156,58079,58085,Braid Station @ Bay 1,Braid Station @ Bay 5,58079,Braid Station,69090,69690,in_service_layover,67.72907720094537,73.96843007344822,35.18995020091609,600,10.0,19:11:30,19:21:30,True,3,,3
2162642,medium,701.0,7.0,40-ft,PCT,MF,14880047,14879976,791,791,58079,58084,Braid Station @ Bay 1,Braid Station @ Bay 4,58079,Braid Station,69570,69810,in_service_layover,53.778926463668405,56.91645529040238,17.69566258277962,240,4.0,19:19:30,19:23:30,True,1,,3
2160808,medium,183.0,9.0,40-ft,PCT,MF,14850462,14851229,153,159,58079,58083,Braid Station @ Bay 1,Braid Station @ Bay 3,58079,Braid Station,70290,70710,in_service_layover,68.42219280254909,72.90560236430483,25.28642992830231,420,7.0,19:31:30,19:38:30,True,2,,3
2160883,medium,701.0,5.0,40-ft,PCT,MF,14880054,14880014,791,791,58079,58084,Braid Station @ Bay 1,Braid Station @ Bay 4,58079,Braid Station,71250,72030,in_service_layover,67.63171081073415,75.41717586348898,43.91002289753726,780,13.0,19:47:30,20:00:30,True,3,,3
2160885,medium,152.0,40.0,40-ft,PCT,MF,14850611,14850673,155,155,58086,58086,Braid Station @ Bay 6,Braid Station @ Bay 6,58086,Braid Station,72210,72510,in_service_layover,68.60391504099768,71.88136757764944,18.484832306715987,300,5.0,20:03:30,20:08:30,True,1,,3
2160828,medium,152.0,15.0,40-ft,PCT,MF,14851294,14851215,159,159,58079,58083,Braid Station @ Bay 1,Braid Station @ Bay 3,58079,Braid Station,72270,72510,in_service_layover,66.51378322481881,69.28169170711024,15.611003840123601,240,4.0,20:04:30,20:08:30,True,2,,3
2160830,medium,152.0,47.0,40-ft,PCT,MF,14850464,14850395,153,153,58079,58082,Braid Station @ Bay 1,Braid Station @ Bay 2,58079,Braid Station,73770,74010,in_service_layover,67.77950444764093,70.48150054964637,15.239258015310725,240,4.0,20:29:30,20:33:30,True,3,,3
2160891,medium,151.0,31.0,40-ft,PCT,MF,14850835,14851216,156,159,58079,58083,Braid Station @ Bay 1,Braid Station @ Bay 3,58079,Braid Station,74490,74970,in_service_layover,69.73553241658963,74.63668288427974,27.642488637772203,480,8.0,20:41:30,20:49:30,True,1,,3
2160834,medium,151.0,36.0,40-ft,PCT,MF,14850465,14850396,153,153,58079,58082,Braid Station @ Bay 1,Braid Station @ Bay 2,58079,Braid Station,75630,75810,in_service_layover,69.73023194581465,71.7013199690254,11.11693645090861,180,3.0,21:00:30,21:03:30,True,2,,3
2160885,medium,152.0,40.0,40-ft,PCT,MF,14850613,14850883,155,156,58086,58085,Braid Station @ Bay 6,Braid Station @ Bay 5,58086,Braid Station,75630,76050,in_service_layover,67.00056272712291,71.6229967419298,26.070527843510774,420,7.0,21:00:30,21:07:30,True,3,,3
2160650,medium,151.0,34.0,40-ft,PCT,MF,14846486,14905284,128,128,58086,58086,Braid Station @ Bay 6,Braid Station @ Bay 6,58086,Braid Station,76230,76710,in_service_layover,68.5411581244035,73.58095345446002,28.424445661518803,480,8.0,21:10:30,21:18:30,True,1,,3
2160830,medium,152.0,47.0,40-ft,PCT,MF,14850466,14905252,153,155,58079,58086,Braid Station @ Bay 1,Braid Station @ Bay 6,58079,Braid Station,77610,78090,in_service_layover,67.17679004471026,72.37066447913372,29.293451810148383,480,8.0,21:33:30,21:41:30,True,2,,3
2160825,medium,151.0,10.0,40-ft,PCT,MF,14850846,14850862,156,156,58079,58085,Braid Station @ Bay 1,Braid Station @ Bay 5,58079,Braid Station,78210,78450,in_service_layover,68.94515531066504,71.5829603412764,14.877220372648083,240,4.0,21:43:30,21:47:30,True,3,,3
2160860,medium,151.0,37.0,40-ft,PCT,MF,14905249,14850681,155,155,58086,58086,Braid Station @ Bay 6,Braid Station @ Bay 6,58086,Braid Station,79230,79830,in_service_layover,67.90583585744628,74.12002204487096,35.04801009707518,600,10.0,22:00:30,22:10:30,True,1,,3
2160650,medium,151.0,34.0,40-ft,PCT,MF,14905281,14905285,128,128,58086,58086,Braid Station @ Bay 6,Braid Station @ Bay 6,58086,Braid Station,79830,80310,in_service_layover,69.36356776157686,74.30827334525898,27.888139491967195,480,8.0,22:10:30,22:18:30,True,2,,3
2160891,medium,151.0,31.0,40-ft,PCT,MF,14851260,14851218,159,159,58079,58083,Braid Station @ Bay 1,Braid Station @ Bay 3,58079,Braid Station,80550,80790,in_service_layover,67.97350683399685,70.66505158971455,15.180312422247823,240,4.0,22:22:30,22:26:30,True,3,,3
2160885,medium,152.0,40.0,40-ft,PCT,MF,14850836,14850882,156,156,58079,58085,Braid Station @ Bay 1,Braid Station @ Bay 5,58079,Braid Station,80730,80970,in_service_layover,63.89311705443114,66.7870595104864,16.321835452151674,240,4.0,22:25:30,22:29:30,True,1,,3
2160830,medium,152.0,47.0,40-ft,PCT,MF,14850615,14905253,155,155,58086,58086,Braid Station @ Bay 6,Braid Station @ Bay 6,58086,Braid Station,81030,81690,in_service_layover,67.48985962860718,74.29373711555823,38.373869026403895,660,11.0,22:30:30,22:41:30,True,2,,3
2160860,medium,151.0,37.0,40-ft,PCT,MF,14905250,14850678,155,155,58086,58086,Braid Station @ Bay 6,Braid Station @ Bay 6,58086,Braid Station,82770,83370,in_service_layover,69.23921719434442,75.26107777148316,33.963293655062444,600,10.0,22:59:30,23:09:30,True,3,,3
2160825,medium,151.0,10.0,40-ft,PCT,MF,14850837,14850863,156,156,58079,58085,Braid Station @ Bay 1,Braid Station @ Bay 5,58079,Braid Station,83010,83310,in_service_layover,63.85308065377776,67.43741394847174,20.215639782074106,300,5.0,23:03:30,23:08:30,True,1,,3
2160828,medium,152.0,15.0,40-ft,PCT,MF,14851261,14851219,159,159,58079,58083,Braid Station @ Bay 1,Braid Station @ Bay 3,58079,Braid Station,83550,83790,in_service_layover,56.894773072839286,60.06420327225334,17.875586324695234,240,4.0,23:12:30,23:16:30,True,2,,3
2160830,medium,152.0,47.0,40-ft,PCT,MF,14846485,14846511,128,128,58086,58086,Braid Station @ Bay 6,Braid Station @ Bay 6,58086,Braid Station,85110,85710,in_service_layover,69.7794451068287,75.72213758601313,33.516785582600164,600,10.0,23:38:30,23:48:30,True,1,,3
2160885,medium,152.0,40.0,40-ft,PCT,MF,14850838,14850878,156,156,58079,58085,Braid Station @ Bay 1,Braid Station @ Bay 5,58079,Braid Station,85470,85710,in_service_layover,62.01125472323293,64.99417412166164,16.823665407137867,240,4.0,23:44:30,23:48:30,True,3,,3
2160891,medium,151.0,31.0,40-ft,PCT,MF,14851262,14851220,159,159,58079,58083,Braid Station @ Bay 1,Braid Station @ Bay 3,58079,Braid Station,85830,86190,in_service_layover,65.51753213088105,69.64903951940404,23.301701671269655,360,6.0,23:50:30,23:56:30,True,2,,3
2160825,medium,151.0,10.0,40-ft,PCT,MF,14850845,14850881,156,156,58079,58085,Braid Station @ Bay 1,Braid Station @ Bay 5,58079,Braid Station,87810,88110,in_service_layover,62.630859542401005,66.28742812736549,20.623046819199658,300,5.0,24:23:30,24:28:30,True,1,,3
2160828,medium,152.0,15.0,40-ft,PCT,MF,14851263,14851221,159,159,58079,58083,Braid Station @ Bay 1,Braid Station @ Bay 3,58079,Braid Station,88710,88890,in_service_layover,53.979639757992636,56.329729640648864,13.254506938181123,180,3.0,24:38:30,24:41:30,True,3,,3
2160885,medium,152.0,40.0,40-ft,PCT,MF,14850839,14850879,156,156,58079,58085,Braid Station @ Bay 1,Braid Station @ Bay 5,58079,Braid Station,90210,90510,in_service_layover,60.303139329151655,64.09728003073843,21.398953556949436,300,5.0,25:03:30,25:08:30,True,2,,3
2160891,medium,151.0,31.0,40-ft,PCT,MF,14851264,14851252,159,159,58079,58083,Braid Station @ Bay 1,Braid Station @ Bay 3,58079,Braid Station,91170,91530,in_service_layover,63.92370745532327,68.17579037073037,23.981747642896096,360,6.0,25:19:30,25:25:30,True,1,,3
2160738,medium,410.0,25.0,40-ft,HTC,MF,14848007,14848166,134,136,52751,52751,Brentwood Station @ Bay 3,Brentwood Station @ Bay 3,52751,Brentwood Station,35550,35790,in_service_layover,69.87544251665922,72.45961702031289,14.574744200606688,240,4.0,09:52:30,09:56:30,True,1,,2
2160742,medium,410.0,9.0,40-ft,HTC,MF,14848008,14848167,134,136,52751,52751,Brentwood Station @ Bay 3,Brentwood Station @ Bay 3,52751,Brentwood Station,37230,37590,in_service_layover,63.413173446280005,67.7025562804787,24.19211918488071,360,6.0,10:20:30,10:26:30,True,2,,2
2160505,medium,106.0,5.0,40-ft,HTC,MF,14846154,14845991,123,123,60690,60690,Brentwood Station @ Bay 8,Brentwood Station @ Bay 8,60690,Brentwood Station,38730,38910,in_service_layover,69.37741848667267,71.3637576898983,11.202953106192581,180,3.0,10:45:30,10:48:30,True,1,,2
2160737,medium,410.0,18.0,40-ft,HTC,MF,14848009,14848163,134,136,52751,52751,Brentwood Station @ Bay 3,Brentwood Station @ Bay 3,52751,Brentwood Station,38970,39390,in_service_layover,63.413173446280005,68.36430015751735,27.92435465137868,420,7.0,10:49:30,10:56:30,True,2,,2
2160740,medium,410.0,5.0,40-ft,HTC,MF,14848215,14847958,136,134,61802,61802,Brentwood Station @ Bay 2,Brentwood Station @ Bay 2,61802,Brentwood Station,39570,39810,in_service_layover,67.28605250224035,70.01421422353312,15.386832108091198,240,4.0,10:59:30,11:03:30,True,1,,2
2160564,medium,410.0,20.0,40-ft,HTC,MF,14846093,14846043,123,123,60690,60690,Brentwood Station @ Bay 8,Brentwood Station @ Bay 8,60690,Brentwood Station,39630,39810,in_service_layover,67.04979530290582,69.12906987570592,11.727108590592593,180,3.0,11:00:30,11:03:30,True,2,,2
2160496,medium,123.0,1.0,40-ft,HTC,MF,14846149,14846012,123,123,60690,60690,Brentwood Station @ Bay 8,Brentwood Station @ Bay 8,60690,Brentwood Station,40530,40770,in_service_layover,59.488044383387475,62.59209432686751,17.5068416812274,240,4.0,11:15:30,11:19:30,True,1,,2
2160736,medium,410.0,13.0,40-ft,HTC,MF,14847990,14848168,134,136,52751,52751,Brentwood Station @ Bay 3,Brentwood Station @ Bay 3,52751,Brentwood Station,40830,41190,in_service_layover,65.65424790936049,69.77512120937995,23.24172541210976,360,6.0,11:20:30,11:26:30,True,2,,2
2160499,medium,123.0,3.0,40-ft,HTC,MF,14846134,14846025,123,123,60690,60690,Brentwood Station @ Bay 8,Brentwood Station @ Bay 8,60690,Brentwood Station,41370,41550,in_service_layover,61.82496176203644,64.0900340399784,12.775007647592702,180,3.0,11:29:30,11:32:30,True,1,,2
2160505,medium,106.0,5.0,40-ft,HTC,MF,14846151,14846051,123,123,60690,60690,Brentwood Station @ Bay 8,Brentwood Station @ Bay 8,60690,Brentwood Station,44130,44310,in_service_layover,64.06200225038481,66.24774685143498,12.327599549923036,180,3.0,12:15:30,12:18:30,True,2,,2
2160740,medium,410.0,5.0,40-ft,HTC,MF,14847998,14848170,134,136,52751,52751,Brentwood Station @ Bay 3,Brentwood Station @ Bay 3,52751,Brentwood Station,44430,44790,in_service_layover,63.290308320365206,67.58857161173125,24.24220496330446,360,6.0,12:20:30,12:26:30,True,1,,2
2160564,medium,410.0,20.0,40-ft,HTC,MF,14846140,14845998,123,123,60690,60690,Brentwood Station @ Bay 8,Brentwood Station @ Bay 8,60690,Brentwood Station,45030,45270,in_service_layover,61.827314436192424,64.81893077490673,16.872716150348708,240,4.0,12:30:30,12:34:30,True,2,,2
2160738,medium,410.0,25.0,40-ft,HTC,MF,14847988,14848171,134,136,52751,52751,Brentwood Station @ Bay 3,Brentwood Station @ Bay 3,52751,Brentwood Station,46290,46590,in_service_layover,66.66561173988374,70.0749706478865,19.228784241135543,300,5.0,12:51:30,12:56:30,True,1,,2
2160742,medium,410.0,9.0,40-ft,HTC,MF,14847983,14848179,134,136,52751,52751,Brentwood Station @ Bay 3,Brentwood Station @ Bay 3,52751,Brentwood Station,48150,48390,in_service_layover,64.32276786451224,67.19639586146202,16.207261902796745,240,4.0,13:22:30,13:26:30,True,2,,2
2160505,medium,106.0,5.0,40-ft,HTC,MF,14846139,14846046,123,123,60690,60690,Brentwood Station @ Bay 8,Brentwood Station @ Bay 8,60690,Brentwood Station,49590,49830,in_service_layover,58.94599141192148,62.07289036317819,17.635710085087794,240,4.0,13:46:30,13:50:30,True,1,,2
2160737,medium,410.0,18.0,40-ft,HTC,MF,14848003,14848180,134,136,52751,52751,Brentwood Station @ Bay 3,Brentwood Station @ Bay 3,52751,Brentwood Station,50010,50190,in_service_layover,64.82713736533306,66.98574951549855,12.174572526933389,180,3.0,13:53:30,13:56:30,True,2,,2
2160564,medium,410.0,20.0,40-ft,HTC,MF,14846119,14846045,123,123,60690,60690,Brentwood Station @ Bay 8,Brentwood Station @ Bay 8,60690,Brentwood Station,50550,51570,in_service_layover,59.80223388804142,71.23504036125196,64.48102850890746,1020,17.0,14:02:30,14:19:30,True,1,,2
2160496,medium,123.0,1.0,40-ft,HTC,MF,14846101,14846024,123,123,60690,60690,Brentwood Station @ Bay 8,Brentwood Station @ Bay 8,60690,Brentwood Station,51510,52350,in_service_layover,51.09957767915609,61.94144762738887,61.14814650803282,840,14.0,14:18:30,14:32:30,True,2,,2
2160736,medium,410.0,13.0,40-ft,HTC,MF,14848006,14848181,134,136,52751,52751,Brentwood Station @ Bay 3,Brentwood Station @ Bay 3,52751,Brentwood Station,51810,51990,in_service_layover,65.89884369601913,68.01945207559291,11.96023126079615,180,3.0,14:23:30,14:26:30,True,1,,2
2160499,medium,123.0,3.0,40-ft,HTC,MF,14846084,14846034,123,123,60690,60690,Brentwood Station @ Bay 8,Brentwood Station @ Bay 8,60690,Brentwood Station,52470,53190,in_service_layover,55.75230966378805,64.85843263245937,51.35853354330618,720,12.0,14:34:30,14:46:30,True,1,,2
2160558,medium,106.0,8.0,40-ft,HTC,MF,14846147,14845992,123,123,60690,60690,Brentwood Station @ Bay 8,Brentwood Station @ Bay 8,60690,Brentwood Station,53550,54030,in_service_layover,54.88203074658179,61.15862317604163,35.399981302153435,480,8.0,14:52:30,15:00:30,True,2,,2
2160742,medium,410.0,9.0,40-ft,HTC,MF,14848190,14847956,136,134,61802,61802,Brentwood Station @ Bay 2,Brentwood Station @ Bay 2,61802,Brentwood Station,53970,54150,in_service_layover,67.51614164835243,69.57786505179536,11.628119995418047,180,3.0,14:59:30,15:02:30,True,1,,2
2163954,medium,123.0,32.0,40-ft,HTC,MF,14846129,14846007,123,123,60690,60690,Brentwood Station @ Bay 8,Brentwood Station @ Bay 8,60690,Brentwood Station,54390,54870,in_service_layover,58.233288009406735,64.33122354098309,34.39235639809067,480,8.0,15:06:30,15:14:30,True,2,,2
2160492,medium,106.0,1.0,40-ft,HTC,MF,14846141,14846042,123,123,60690,60690,Brentwood Station @ Bay 8,Brentwood Station @ Bay 8,60690,Brentwood Station,55230,55890,in_service_layover,66.03523135606903,73.06393173024051,39.64187011032715,660,11.0,15:20:30,15:31:30,True,1,,2
2160737,medium,410.0,18.0,40-ft,HTC,MF,14848199,14847975,136,134,61802,61802,Brentwood Station @ Bay 2,Brentwood Station @ Bay 2,61802,Brentwood Station,55770,56070,in_service_layover,66.14035326206535,69.58386429547826,19.42140222844887,300,5.0,15:29:30,15:34:30,True,2,,2
2160505,medium,106.0,5.0,40-ft,HTC,MF,14846120,14845989,123,123,60690,60690,Brentwood Station @ Bay 8,Brentwood Station @ Bay 8,60690,Brentwood Station,56010,56610,in_service_layover,63.542691453241595,70.35560998291729,38.42486050737091,600,10.0,15:33:30,15:43:30,True,1,,2
2160736,medium,410.0,13.0,40-ft,HTC,MF,14848219,14847973,136,134,61802,61802,Brentwood Station @ Bay 2,Brentwood Station @ Bay 2,61802,Brentwood Station,57630,57870,in_service_layover,67.64339178495577,70.35266516718207,15.280301875756379,240,4.0,16:00:30,16:04:30,True,2,,2
2160564,medium,410.0,20.0,40-ft,HTC,MF,14846102,14846041,123,123,60690,60690,Brentwood Station @ Bay 8,Brentwood Station @ Bay 8,60690,Brentwood Station,57810,58590,in_service_layover,68.4901447230696,76.11482037430297,43.00317067295612,780,13.0,16:03:30,16:16:30,True,1,,2
2160740,medium,410.0,5.0,40-ft,HTC,MF,14848223,14847965,136,134,61802,61802,Brentwood Station @ Bay 2,Brentwood Station @ Bay 2,61802,Brentwood Station,61230,61410,in_service_layover,59.02724827336425,61.38940819252483,13.322581944065632,180,3.0,17:00:30,17:03:30,True,2,,2
2160737,medium,410.0,18.0,40-ft,HTC,MF,14847999,14848159,134,136,52751,52751,Brentwood Station @ Bay 3,Brentwood Station @ Bay 3,52751,Brentwood Station,61230,62910,in_service_layover,62.85995839231035,78.05201775765664,85.68321482055313,1680,28.0,17:00:30,17:28:30,True,1,,2
2160736,medium,410.0,13.0,40-ft,HTC,MF,14848000,14848160,134,136,52751,52751,Brentwood Station @ Bay 3,Brentwood Station @ Bay 3,52751,Brentwood Station,63090,64710,in_service_layover,63.62875926401416,78.20723743262516,82.22261687096608,1620,27.0,17:31:30,17:58:30,True,2,,2
2160738,medium,410.0,25.0,40-ft,HTC,MF,14848191,14847966,136,134,61802,61802,Brentwood Station @ Bay 2,Brentwood Station @ Bay 2,61802,Brentwood Station,63150,63330,in_service_layover,60.256970622660354,62.57764542327523,13.08860587546792,180,3.0,17:32:30,17:35:30,True,1,,2
2160504,medium,123.0,10.0,40-ft,HTC,MF,14846145,14846033,123,123,60690,60690,Brentwood Station @ Bay 8,Brentwood Station @ Bay 8,60690,Brentwood Station,67230,67710,in_service_layover,68.8442211489035,73.84916949901155,28.227908694609425,480,8.0,18:40:30,18:48:30,True,1,,2
2160496,medium,123.0,1.0,40-ft,HTC,MF,14846158,14846005,123,123,60690,60690,Brentwood Station @ Bay 8,Brentwood Station @ Bay 8,60690,Brentwood Station,69150,69330,in_service_layover,48.73078393917255,51.0316658982073,12.976974248956026,180,3.0,19:12:30,19:15:30,True,2,,2
2160742,medium,410.0,9.0,40-ft,HTC,MF,14847996,14848184,134,136,52751,52751,Brentwood Station @ Bay 3,Brentwood Station @ Bay 3,52751,Brentwood Station,69630,69870,in_service_layover,52.18469247265599,55.30154737515664,17.579061650103597,240,4.0,19:20:30,19:24:30,True,1,,2
2160633,medium,123.0,33.0,40-ft,HTC,MF,14846168,14845999,123,123,60690,60690,Brentwood Station @ Bay 8,Brentwood Station @ Bay 8,60690,Brentwood Station,70050,70230,in_service_layover,69.83121883848126,71.7978849663292,11.09199696106242,180,3.0,19:27:30,19:30:30,True,2,,2
2160564,medium,410.0,20.0,40-ft,HTC,MF,14846108,14846000,123,123,60690,60690,Brentwood Station @ Bay 8,Brentwood Station @ Bay 8,60690,Brentwood Station,70830,71190,in_service_layover,69.73238992400582,73.51489090545303,21.33330553536223,360,6.0,19:40:30,19:46:30,True,1,,2
2160631,medium,106.0,15.0,40-ft,HTC,MF,14846113,14845996,123,123,60690,60690,Brentwood Station @ Bay 8,Brentwood Station @ Bay 8,60690,Brentwood Station,71850,72090,in_service_layover,69.40363579344067,72.01527600652562,14.729650801799096,240,4.0,19:57:30,20:01:30,True,2,,2
2160740,medium,410.0,5.0,40-ft,HTC,MF,14848201,14847970,136,134,61802,61802,Brentwood Station @ Bay 2,Brentwood Station @ Bay 2,61802,Brentwood Station,71850,72210,in_service_layover,55.45357848007802,60.19044103647969,26.7159048181054,360,6.0,19:57:30,20:03:30,True,1,,2
2159982,medium,25.0,39.0,40-ft,VTC,MF,14836565,14836638,025,025,61804,61804,Brentwood Station @ Bay 5,Brentwood Station @ Bay 5,61804,Brentwood Station,72210,72450,in_service_layover,68.34939378332565,71.02042468217107,15.064614269488175,240,4.0,20:03:30,20:07:30,True,2,,2
2160504,medium,123.0,10.0,40-ft,HTC,MF,14846156,14845990,123,123,60690,60690,Brentwood Station @ Bay 8,Brentwood Station @ Bay 8,60690,Brentwood Station,72810,72990,in_service_layover,66.54741405949804,68.6449966820708,11.830365991310373,180,3.0,20:13:30,20:16:30,True,1,,2
2160738,medium,410.0,25.0,40-ft,HTC,MF,14848224,14847972,136,134,61802,61802,Brentwood Station @ Bay 2,Brentwood Station @ Bay 2,61802,Brentwood Station,73650,74010,in_service_layover,59.56882739594923,64.13483280924498,25.75227053098797,360,6.0,20:27:30,20:33:30,True,2,,2
2160492,medium,106.0,1.0,40-ft,HTC,MF,14846097,14846020,123,123,60690,60690,Brentwood Station @ Bay 8,Brentwood Station @ Bay 8,60690,Brentwood Station,73710,73890,in_service_layover,60.25821472033033,62.57884540400656,13.088357055933955,180,3.0,20:28:30,20:31:30,True,1,,2
2159961,medium,25.0,41.0,40-ft,VTC,MF,14836575,14836644,025,025,61804,61804,Brentwood Station @ Bay 5,Brentwood Station @ Bay 5,61804,Brentwood Station,74010,74430,in_service_layover,68.34939378332565,72.84004372395722,25.327265665162088,420,7.0,20:33:30,20:40:30,True,1,,2
2160496,medium,123.0,1.0,40-ft,HTC,MF,14846107,14846001,123,123,60690,60690,Brentwood Station @ Bay 8,Brentwood Station @ Bay 8,60690,Brentwood Station,74490,74790,in_service_layover,52.27476008626428,56.18063681193905,22.02914473280572,300,5.0,20:41:30,20:46:30,True,2,,2
2160742,medium,410.0,9.0,40-ft,HTC,MF,14848202,14847951,136,134,61802,61802,Brentwood Station @ Bay 2,Brentwood Station @ Bay 2,61802,Brentwood Station,75450,75810,in_service_layover,62.41880232970855,66.77917095880723,24.592479068116575,360,6.0,20:57:30,21:03:30,True,1,,2
2160740,medium,410.0,5.0,40-ft,HTC,MF,14847995,14848186,134,136,52751,52751,Brentwood Station @ Bay 3,Brentwood Station @ Bay 3,52751,Brentwood Station,76530,76710,in_service_layover,53.46653513331178,55.81163458504904,13.226360907798153,180,3.0,21:15:30,21:18:30,True,2,,2
2163954,medium,123.0,32.0,40-ft,HTC,MF,14846127,14846017,123,123,60690,60690,Brentwood Station @ Bay 8,Brentwood Station @ Bay 8,60690,Brentwood Station,77910,78210,in_service_layover,66.5717970357261,69.98730557116576,19.26346813987965,300,5.0,21:38:30,21:43:30,True,1,,2
2160738,medium,410.0,25.0,40-ft,HTC,MF,14847994,14848153,134,136,52751,52751,Brentwood Station @ Bay 3,Brentwood Station @ Bay 3,52751,Brentwood Station,78270,78510,in_service_layover,57.410926906077066,60.57619851064452,17.852131849760497,240,4.0,21:44:30,21:48:30,True,2,,2
2160496,medium,123.0,1.0,40-ft,HTC,MF,14846128,14846018,123,123,60690,60690,Brentwood Station @ Bay 8,Brentwood Station @ Bay 8,60690,Brentwood Station,79890,80070,in_service_layover,57.46536127244055,59.846805510975685,13.431345505338186,180,3.0,22:11:30,22:14:30,True,1,,2
2164557,medium,106.0,6.0,40-ft,HTC,MF,14846124,14846021,123,123,60690,60690,Brentwood Station @ Bay 8,Brentwood Station @ Bay 8,60690,Brentwood Station,84030,84270,in_service_layover,63.947089076742984,66.83847966413101,16.30744291286851,240,4.0,23:20:30,23:24:30,True,2,,2
2160736,medium,410.0,13.0,40-ft,HTC,MF,14848196,14847963,136,134,61802,61802,Brentwood Station @ Bay 2,Brentwood Station @ Bay 2,61802,Brentwood Station,84630,84930,in_service_layover,53.55051546319552,57.47707208133873,22.145779326327727,300,5.0,23:30:30,23:35:30,True,1,,2
2160740,medium,410.0,5.0,40-ft,HTC,MF,14848013,14848162,134,136,52751,52751,Brentwood Station @ Bay 3,Brentwood Station @ Bay 3,52751,Brentwood Station,85530,86430,in_service_layover,42.03396284440027,53.59579665508241,65.20874269224723,900,15.0,23:45:30,24:00:30,True,2,,2
2160462,medium,410.0,43.0,40-ft,HTC,MF,14846104,14846030,123,123,60690,60690,Brentwood Station @ Bay 8,Brentwood Station @ Bay 8,60690,Brentwood Station,92130,92310,in_service_layover,55.19968816899482,57.56164418385886,13.321431923833188,180,3.0,25:35:30,25:38:30,True,1,,2
2162493,medium,601.0,1.0,40-ft,RTC,MF,14877366,14877381,603,603,61321,58597,Bridgeport Station @ Bay 1 Unloading Only,South Delta Exchange @ Bay 2,61321,Bridgeport Station,24450,24750,interline_start,69.57587501355306,72.7837005165376,18.09213583683288,300,5.0,06:47:30,06:52:30,True,1,,4
2162075,medium,601.0,6.0,40-ft,RTC,MF,14877014,14877081,601,601,61321,61326,Bridgeport Station @ Bay 1 Unloading Only,Bridgeport Station @ Bay 7,61321,Bridgeport Station,26250,26490,in_service_layover,66.69253059103514,69.45137012430959,15.559854967667945,240,4.0,07:17:30,07:21:30,True,2,,4
2162484,medium,601.0,4.0,40-ft,RTC,MF,14877016,14877083,601,601,61321,61326,Bridgeport Station @ Bay 1 Unloading Only,Bridgeport Station @ Bay 7,61321,Bridgeport Station,27630,27990,in_service_layover,66.08674302143973,70.17367262651419,23.050282972619982,360,6.0,07:40:30,07:46:30,True,3,,4
2162478,medium,601.0,8.0,40-ft,RTC,MF,14877393,14877084,604,601,61321,61326,Bridgeport Station @ Bay 1 Unloading Only,Bridgeport Station @ Bay 7,61321,Bridgeport Station,28230,28890,in_service_layover,67.70687454443814,74.4767635536725,38.182174012081816,660,11.0,07:50:30,08:01:30,True,4,,4
2162078,medium,601.0,2.0,40-ft,RTC,MF,14868735,14877085,354,601,61321,61326,Bridgeport Station @ Bay 1 Unloading Only,Bridgeport Station @ Bay 7,61321,Bridgeport Station,29130,29850,in_service_layover,54.773042592613706,63.96437043199663,51.83908901411968,720,12.0,08:05:30,08:17:30,True,1,,4
2162256,medium,403.0,5.0,40-ft,RTC,MF,14873733,14871478,412,403,61321,61323,Bridgeport Station @ Bay 1 Unloading Only,Bridgeport Station @ Bay 3,61321,Bridgeport Station,29250,29790,in_service_layover,68.2213310650956,73.85289635513989,31.76202823584981,540,9.0,08:07:30,08:16:30,True,2,,4
2162059,medium,601.0,7.0,40-ft,RTC,MF,14877394,14868717,604,352,61321,55488,Bridgeport Station @ Bay 1 Unloading Only,Southbound White Rock Centre @ Bay 11,61321,Bridgeport Station,29550,29850,interline_start,65.94164125227849,69.39789498475986,19.493271051194938,300,5.0,08:12:30,08:17:30,True,3,,4
2162066,medium,601.0,9.0,40-ft,RTC,MF,14877019,14877352,601,602,61321,57359,Bridgeport Station @ Bay 1 Unloading Only,Westbound 2nd Ave @ 52A St,61321,Bridgeport Station,29550,29850,interline_start,63.63568475632449,67.23286650831476,20.288105081225183,300,5.0,08:12:30,08:17:30,True,4,,4
2162068,medium,601.0,3.0,40-ft,RTC,MF,14877020,14877086,601,601,61321,61326,Bridgeport Station @ Bay 1 Unloading Only,Bridgeport Station @ Bay 7,61321,Bridgeport Station,30390,30750,in_service_layover,62.332860594152095,66.69932438180088,24.626855762339176,360,6.0,08:26:30,08:32:30,True,2,,4
2162067,medium,601.0,5.0,40-ft,RTC,MF,14868737,14877087,354,601,61321,61326,Bridgeport Station @ Bay 1 Unloading Only,Bridgeport Station @ Bay 7,61321,Bridgeport Station,31170,31710,in_service_layover,55.45196147943625,62.45119867703042,39.475697794431085,540,9.0,08:39:30,08:48:30,True,1,,4
2162079,medium,601.0,18.0,40-ft,RTC,MF,14877370,14877088,603,601,61321,61326,Bridgeport Station @ Bay 1 Unloading Only,Bridgeport Station @ Bay 7,61321,Bridgeport Station,32250,32730,in_service_layover,64.86988507159941,70.3138523065069,30.703975204878304,480,8.0,08:57:30,09:05:30,True,3,,4
2162075,medium,601.0,6.0,40-ft,RTC,MF,14877024,14877089,601,601,61321,61326,Bridgeport Station @ Bay 1 Unloading Only,Bridgeport Station @ Bay 7,61321,Bridgeport Station,33630,34050,in_service_layover,56.031421879432976,61.52150028550197,30.964042210229138,420,7.0,09:20:30,09:27:30,True,4,,4
2162256,medium,403.0,5.0,40-ft,RTC,MF,14871405,14871484,403,403,61321,61323,Bridgeport Station @ Bay 1 Unloading Only,Bridgeport Station @ Bay 3,61321,Bridgeport Station,36090,36330,in_service_layover,66.17508856578637,68.95996551015311,15.70670596622847,240,4.0,10:01:30,10:05:30,True,2,,4
2162478,medium,601.0,8.0,40-ft,RTC,MF,14877027,14877091,601,601,61321,61326,Bridgeport Station @ Bay 1 Unloading Only,Bridgeport Station @ Bay 7,61321,Bridgeport Station,36210,36690,in_service_layover,61.056815308795876,66.88542620693653,32.873365465513245,480,8.0,10:03:30,10:11:30,True,1,,4
2162261,medium,403.0,3.0,40-ft,RTC,MF,14871396,14871455,403,403,61321,61323,Bridgeport Station @ Bay 1 Unloading Only,Bridgeport Station @ Bay 3,61321,Bridgeport Station,37110,37470,in_service_layover,62.66520101108991,67.00809455640268,24.493919595564023,360,6.0,10:18:30,10:24:30,True,3,,4
2162078,medium,601.0,2.0,40-ft,RTC,MF,14877028,14877131,601,601,61321,61326,Bridgeport Station @ Bay 1 Unloading Only,Bridgeport Station @ Bay 7,61321,Bridgeport Station,37110,37890,in_service_layover,50.544422187120006,60.67256212385743,57.12270924319904,780,13.0,10:18:30,10:31:30,True,4,,4
2162068,medium,601.0,3.0,40-ft,RTC,MF,14877029,14877092,601,601,61321,61326,Bridgeport Station @ Bay 1 Unloading Only,Bridgeport Station @ Bay 7,61321,Bridgeport Station,38010,39030,in_service_layover,53.27937613692427,65.98575992856077,71.6640045848298,1020,17.0,10:33:30,10:50:30,True,2,,4
2162067,medium,601.0,5.0,40-ft,RTC,MF,14877030,14877132,601,601,61321,61326,Bridgeport Station @ Bay 1 Unloading Only,Bridgeport Station @ Bay 7,61321,Bridgeport Station,38910,40230,in_service_layover,48.94992091288595,65.38435639214633,92.69021610302849,1320,22.0,10:48:30,11:10:30,True,1,,4
2162255,medium,403.0,6.0,40-ft,RTC,MF,14871424,14871456,403,403,61321,61323,Bridgeport Station @ Bay 1 Unloading Only,Bridgeport Station @ Bay 3,61321,Bridgeport Station,39210,39690,in_service_layover,64.97580394854843,70.40857579462778,30.640833211887582,480,8.0,10:53:30,11:01:30,True,3,,4
2162259,medium,403.0,2.0,40-ft,RTC,MF,14871397,14871453,403,403,61321,61323,Bridgeport Station @ Bay 1 Unloading Only,Bridgeport Station @ Bay 3,61321,Bridgeport Station,40410,40890,in_service_layover,58.26025935670436,64.35600745208254,34.38001925793293,480,8.0,11:13:30,11:21:30,True,4,,4
2162075,medium,601.0,6.0,40-ft,RTC,MF,14877031,14877093,601,601,61321,61326,Bridgeport Station @ Bay 1 Unloading Only,Bridgeport Station @ Bay 7,61321,Bridgeport Station,40710,41430,in_service_layover,48.02022252135751,57.37598887974305,52.766522261294426,720,12.0,11:18:30,11:30:30,True,2,,4
2162484,medium,601.0,4.0,40-ft,RTC,MF,14877032,14877133,601,601,61321,61326,Bridgeport Station @ Bay 1 Unloading Only,Bridgeport Station @ Bay 7,61321,Bridgeport Station,42690,43830,in_service_layover,42.94443772011159,57.65413602150032,82.96269841983246,1140,19.0,11:51:30,12:10:30,True,3,,4
2162256,medium,403.0,5.0,40-ft,RTC,MF,14871407,14871457,403,403,61321,61323,Bridgeport Station @ Bay 1 Unloading Only,Bridgeport Station @ Bay 3,61321,Bridgeport Station,42810,43290,in_service_layover,61.280086311035475,67.08716175277048,32.75190549138546,480,8.0,11:53:30,12:01:30,True,1,,4
2162478,medium,601.0,8.0,40-ft,RTC,MF,14877074,14877095,601,601,61321,61326,Bridgeport Station @ Bay 1 Unloading Only,Bridgeport Station @ Bay 7,61321,Bridgeport Station,43890,45030,in_service_layover,53.38414844279205,67.32106898568607,78.60423186192224,1140,19.0,12:11:30,12:30:30,True,4,,4
2162261,medium,403.0,3.0,40-ft,RTC,MF,14871398,14871439,403,403,61321,61323,Bridgeport Station @ Bay 1 Unloading Only,Bridgeport Station @ Bay 3,61321,Bridgeport Station,44010,44490,in_service_layover,59.32821535728504,65.32757429801956,33.836384425742665,480,8.0,12:13:30,12:21:30,True,2,,4
2162078,medium,601.0,2.0,40-ft,RTC,MF,14877033,14877096,601,601,61321,61326,Bridgeport Station @ Bay 1 Unloading Only,Bridgeport Station @ Bay 7,61321,Bridgeport Station,45090,46230,in_service_layover,47.17128435971296,61.75939349243962,82.27693550857833,1140,19.0,12:31:30,12:50:30,True,1,,4
2162262,medium,403.0,34.0,40-ft,RTC,MF,14871408,14871441,403,403,61321,61323,Bridgeport Station @ Bay 1 Unloading Only,Bridgeport Station @ Bay 3,61321,Bridgeport Station,45210,45690,in_service_layover,62.5919397872095,68.27000057784166,32.02426285916545,480,8.0,12:33:30,12:41:30,True,3,,4
2162068,medium,601.0,3.0,40-ft,RTC,MF,14877034,14877134,601,601,61321,61326,Bridgeport Station @ Bay 1 Unloading Only,Bridgeport Station @ Bay 7,61321,Bridgeport Station,46350,47370,in_service_layover,52.4844821644163,65.28830596158983,72.21356621605872,1020,17.0,12:52:30,13:09:30,True,2,,4
2162255,medium,403.0,6.0,40-ft,RTC,MF,14871378,14871458,403,403,61321,61323,Bridgeport Station @ Bay 1 Unloading Only,Bridgeport Station @ Bay 3,61321,Bridgeport Station,46410,46890,in_service_layover,62.728696595510144,68.39306422364884,31.947033422702248,480,8.0,12:53:30,13:01:30,True,4,,4
2162067,medium,601.0,5.0,40-ft,RTC,MF,14877072,14877097,601,601,61321,61326,Bridgeport Station @ Bay 1 Unloading Only,Bridgeport Station @ Bay 7,61321,Bridgeport Station,47550,48690,in_service_layover,51.883078628001854,66.04827800642936,79.89172449433107,1140,19.0,13:12:30,13:31:30,True,3,,4
2162259,medium,403.0,2.0,40-ft,RTC,MF,14871399,14871444,403,403,61321,61323,Bridgeport Station @ Bay 1 Unloading Only,Bridgeport Station @ Bay 3,61321,Bridgeport Station,47670,48090,in_service_layover,56.676128252964894,62.1428872629358,30.8325208162359,420,7.0,13:14:30,13:21:30,True,1,,4
2162075,medium,601.0,6.0,40-ft,RTC,MF,14877035,14877098,601,601,61321,61326,Bridgeport Station @ Bay 1 Unloading Only,Bridgeport Station @ Bay 7,61321,Bridgeport Station,48750,49290,in_service_layover,43.87471111559857,50.76838762487774,38.88033551233451,540,9.0,13:32:30,13:41:30,True,4,,4
2162263,medium,403.0,35.0,40-ft,RTC,MF,14871376,14871445,403,403,61321,61323,Bridgeport Station @ Bay 1 Unloading Only,Bridgeport Station @ Bay 3,61321,Bridgeport Station,48870,49110,in_service_layover,62.5919397872095,65.54740362705775,16.668816056744106,240,4.0,13:34:30,13:38:30,True,2,,4
2162256,medium,403.0,5.0,40-ft,RTC,MF,14871388,14871459,403,403,61321,61323,Bridgeport Station @ Bay 1 Unloading Only,Bridgeport Station @ Bay 3,61321,Bridgeport Station,50010,50310,in_service_layover,59.40728255365284,63.2572496839962,21.713814615136528,300,5.0,13:53:30,13:58:30,True,1,,4
2162484,medium,601.0,4.0,40-ft,RTC,MF,14877036,14877355,601,602,61321,61327,Bridgeport Station @ Bay 1 Unloading Only,Bridgeport Station @ Bay 8,61321,Bridgeport Station,51090,51390,in_service_layover,44.15285825735586,47.96373526806081,21.493346340375922,300,5.0,14:11:30,14:16:30,True,3,,4
2162261,medium,403.0,3.0,40-ft,RTC,MF,14871400,14871438,403,403,61321,61323,Bridgeport Station @ Bay 1 Unloading Only,Bridgeport Station @ Bay 3,61321,Bridgeport Station,51210,51510,in_service_layover,57.64769509890192,61.57602327627075,22.155770920360283,300,5.0,14:13:30,14:18:30,True,2,,4
2162478,medium,601.0,8.0,40-ft,RTC,MF,14877073,14877356,601,602,61321,61327,Bridgeport Station @ Bay 1 Unloading Only,Bridgeport Station @ Bay 8,61321,Bridgeport Station,52350,52710,in_service_layover,53.819791221541614,58.546914819977566,26.660977095178794,360,6.0,14:32:30,14:38:30,True,4,,4
2162262,medium,403.0,34.0,40-ft,RTC,MF,14871392,14871469,403,403,61321,61323,Bridgeport Station @ Bay 1 Unloading Only,Bridgeport Station @ Bay 3,61321,Bridgeport Station,52410,52590,in_service_layover,60.59012137872403,62.898982322740906,13.021975724255185,180,3.0,14:33:30,14:36:30,True,1,,4
2162255,medium,403.0,6.0,40-ft,RTC,MF,14871412,14871465,403,403,61321,61323,Bridgeport Station @ Bay 1 Unloading Only,Bridgeport Station @ Bay 3,61321,Bridgeport Station,53610,53910,in_service_layover,60.644066620179004,64.41805795468379,21.285311126606985,300,5.0,14:53:30,14:58:30,True,3,,4
2162078,medium,601.0,2.0,40-ft,RTC,MF,14877037,14877357,601,602,61321,61327,Bridgeport Station @ Bay 1 Unloading Only,Bridgeport Station @ Bay 8,61321,Bridgeport Station,53610,54030,in_service_layover,48.25811572829515,53.66392540005045,30.488766548699857,420,7.0,14:53:30,15:00:30,True,2,,4
2162259,medium,403.0,2.0,40-ft,RTC,MF,14871381,14871473,403,403,61321,61323,Bridgeport Station @ Bay 1 Unloading Only,Bridgeport Station @ Bay 3,61321,Bridgeport Station,54510,54810,in_service_layover,54.39388965946597,58.33411730577407,22.22288392517771,300,5.0,15:08:30,15:13:30,True,1,,4
2162068,medium,601.0,3.0,40-ft,RTC,MF,14877038,14877104,601,601,61321,61326,Bridgeport Station @ Bay 1 Unloading Only,Bridgeport Station @ Bay 7,61321,Bridgeport Station,54690,54990,in_service_layover,51.78702819744536,55.684998828271084,21.984554357857064,300,5.0,15:11:30,15:16:30,True,4,,4
2162072,medium,601.0,31.0,40-ft,RTC,MF,14877099,14868720,601,352,57359,61329,Westbound 2nd Ave @ 52A St,Bridgeport Station @ Bay 10,61329,Bridgeport Station,56190,56490,interline_end,63.25172782756985,66.87160206943923,20.416090724143373,300,5.0,15:36:30,15:41:30,True,3,,4
2162263,medium,403.0,35.0,40-ft,RTC,MF,14871387,14871485,403,403,61321,61323,Bridgeport Station @ Bay 1 Unloading Only,Bridgeport Station @ Bay 3,61321,Bridgeport Station,56310,56610,in_service_layover,57.79840602358791,61.722025195937455,22.129212132051464,300,5.0,15:38:30,15:43:30,True,2,,4
2162067,medium,601.0,5.0,40-ft,RTC,MF,14877040,14877106,601,601,61321,61326,Bridgeport Station @ Bay 1 Unloading Only,Bridgeport Station @ Bay 7,61321,Bridgeport Station,56490,56790,in_service_layover,52.547000242284895,56.45728995908155,22.054034002733147,300,5.0,15:41:30,15:46:30,True,1,,4
2162478,medium,601.0,8.0,40-ft,RTC,MF,14877356,14877385,602,603,57359,61327,Westbound 2nd Ave @ 52A St,Bridgeport Station @ Bay 8,61327,Bridgeport Station,57210,57510,interline_end,48.58087620592316,52.429934722629234,21.70869003422223,300,5.0,15:53:30,15:58:30,True,4,,4
2162256,medium,403.0,5.0,40-ft,RTC,MF,14871413,14871486,403,403,61321,61323,Bridgeport Station @ Bay 1 Unloading Only,Bridgeport Station @ Bay 3,61321,Bridgeport Station,57210,57630,in_service_layover,55.461935098991155,60.96690263047162,31.0480168775498,420,7.0,15:53:30,16:00:30,True,3,,4
2162075,medium,601.0,6.0,40-ft,RTC,MF,14877041,14868721,601,352,61321,61329,Bridgeport Station @ Bay 1 Unloading Only,Bridgeport Station @ Bay 10,61321,Bridgeport Station,57270,57750,in_service_layover,37.267109860733285,43.32857798375988,34.186680213870034,480,8.0,15:54:30,16:02:30,True,2,,4
2162261,medium,403.0,3.0,40-ft,RTC,MF,14871389,14871487,403,403,61321,61323,Bridgeport Station @ Bay 1 Unloading Only,Bridgeport Station @ Bay 3,61321,Bridgeport Station,58110,58530,in_service_layover,53.78070869126572,59.298378095770474,31.11965544140685,420,7.0,16:08:30,16:15:30,True,1,,4
2162484,medium,601.0,4.0,40-ft,RTC,MF,14877042,14877108,601,601,61321,61326,Bridgeport Station @ Bay 1 Unloading Only,Bridgeport Station @ Bay 7,61321,Bridgeport Station,58170,58590,in_service_layover,35.7960830474446,41.08739363982462,29.842991741023354,420,7.0,16:09:30,16:16:30,True,4,,4
2162078,medium,601.0,2.0,40-ft,RTC,MF,14877357,14877109,602,601,57359,61326,Westbound 2nd Ave @ 52A St,Bridgeport Station @ Bay 7,61326,Bridgeport Station,58950,59250,interline_end,43.79681362205575,47.606096504470315,21.484355456818122,300,5.0,16:22:30,16:27:30,True,3,,4
2162068,medium,601.0,3.0,40-ft,RTC,MF,14877104,14877110,601,601,58597,61326,South Delta Exchange @ Bay 2,Bridgeport Station @ Bay 7,61326,Bridgeport Station,59670,59970,interline_end,46.85490653223871,50.685001749823634,21.601737027179013,300,5.0,16:34:30,16:39:30,True,2,,4
2162262,medium,403.0,34.0,40-ft,RTC,MF,14871380,14871489,403,403,61321,61323,Bridgeport Station @ Bay 1 Unloading Only,Bridgeport Station @ Bay 3,61321,Bridgeport Station,59910,60330,in_service_layover,55.10366773773586,60.61525731579318,31.085365220243318,420,7.0,16:38:30,16:45:30,True,1,,4
2162255,medium,403.0,6.0,40-ft,RTC,MF,14871425,14871490,403,403,61321,61323,Bridgeport Station @ Bay 1 Unloading Only,Bridgeport Station @ Bay 3,61321,Bridgeport Station,60810,61230,in_service_layover,56.62274336967875,62.09169436232376,30.84488359851781,420,7.0,16:53:30,17:00:30,True,4,,4
2162259,medium,403.0,2.0,40-ft,RTC,MF,14871426,14871491,403,403,61321,61323,Bridgeport Station @ Bay 1 Unloading Only,Bridgeport Station @ Bay 3,61321,Bridgeport Station,61710,62070,in_service_layover,50.53880272076904,55.20210484626771,26.301023987812528,360,6.0,17:08:30,17:14:30,True,3,,4
2162487,medium,601.0,33.0,40-ft,RTC,MF,14877105,14877113,601,601,57359,61326,Westbound 2nd Ave @ 52A St,Bridgeport Station @ Bay 7,61326,Bridgeport Station,62130,62430,interline_end,68.96025037545681,72.21244658202647,18.342386605052866,300,5.0,17:15:30,17:20:30,True,2,,4
2162478,medium,601.0,8.0,40-ft,RTC,MF,14877372,14877412,603,604,57377,61327,South Delta Exchange @ Bay 1,Bridgeport Station @ Bay 8,61327,Bridgeport Station,62610,62910,interline_end,41.70683117207404,45.50702373343365,21.43308604606821,300,5.0,17:23:30,17:28:30,True,1,,4
2162072,medium,601.0,31.0,40-ft,RTC,MF,14868720,14868725,352,352,56081,61329,White Rock Centre @ Bay 5,Bridgeport Station @ Bay 10,61329,Bridgeport Station,62730,63030,interline_end,52.06998866070133,55.97254605797048,22.010423720598055,300,5.0,17:25:30,17:30:30,True,4,,4
2162257,medium,403.0,4.0,40-ft,RTC,MF,14871428,14871493,403,403,61321,61323,Bridgeport Station @ Bay 1 Unloading Only,Bridgeport Station @ Bay 3,61321,Bridgeport Station,63510,63870,in_service_layover,69.23168079633132,73.05793231400088,21.58005855965638,360,6.0,17:38:30,17:44:30,True,3,,4
2162067,medium,601.0,5.0,40-ft,RTC,MF,14877049,14877116,601,601,61321,61326,Bridgeport Station @ Bay 1 Unloading Only,Bridgeport Station @ Bay 7,61321,Bridgeport Station,64290,65370,in_service_layover,42.95601219493708,56.90552201067739,78.67523536077533,1080,18.0,17:51:30,18:09:30,True,2,,4
2162256,medium,403.0,5.0,40-ft,RTC,MF,14871429,14871494,403,403,61321,61323,Bridgeport Station @ Bay 1 Unloading Only,Bridgeport Station @ Bay 3,61321,Bridgeport Station,64410,64710,in_service_layover,53.17158804546658,57.09200228052157,22.11113628571013,300,5.0,17:53:30,17:58:30,True,1,,4
2162075,medium,601.0,6.0,40-ft,RTC,MF,14868721,14877413,352,604,56081,61327,White Rock Centre @ Bay 5,Bridgeport Station @ Bay 8,61327,Bridgeport Station,65310,65610,interline_end,28.50687454525318,32.2496542591268,21.109277586247174,300,5.0,18:08:30,18:13:30,True,4,,4
2162347,medium,403.0,21.0,40-ft,RTC,MF,14873737,14873749,412,412,61321,61693,Bridgeport Station @ Bay 1 Unloading Only,Bridgeport Station @ Bay 6,61321,Bridgeport Station,65310,66030,in_service_layover,69.12386335992062,76.15769358729571,39.670802482395516,720,12.0,18:08:30,18:20:30,True,3,,4
2162261,medium,403.0,3.0,40-ft,RTC,MF,14871430,14871495,403,403,61321,61323,Bridgeport Station @ Bay 1 Unloading Only,Bridgeport Station @ Bay 3,61321,Bridgeport Station,65370,65610,in_service_layover,51.503063510765436,54.6110790925686,17.52920788136987,240,4.0,18:09:30,18:13:30,True,1,,4
2162088,medium,601.0,30.0,40-ft,RTC,MF,14868740,14877389,354,603,56280,61327,White Rock Centre @ Bay 1,Bridgeport Station @ Bay 8,61327,Bridgeport Station,66210,66510,interline_end,59.14715289760557,63.01192622526647,21.797321568007476,300,5.0,18:23:30,18:28:30,True,2,,4
2162078,medium,601.0,2.0,40-ft,RTC,MF,14877052,14877414,601,604,61321,61327,Bridgeport Station @ Bay 1 Unloading Only,Bridgeport Station @ Bay 8,61321,Bridgeport Station,67050,67590,in_service_layover,34.10481874032585,40.90373391882154,38.34588160671569,540,9.0,18:37:30,18:46:30,True,1,,4
2162255,medium,403.0,6.0,40-ft,RTC,MF,14871432,14871497,403,403,61321,61323,Bridgeport Station @ Bay 1 Unloading Only,Bridgeport Station @ Bay 3,61321,Bridgeport Station,67170,67470,in_service_layover,54.29637977731871,58.235026796248036,22.213969186761346,300,5.0,18:39:30,18:44:30,True,4,,4
2162478,medium,601.0,8.0,40-ft,RTC,MF,14877400,14877390,604,603,57377,61327,South Delta Exchange @ Bay 1,Bridgeport Station @ Bay 8,61327,Bridgeport Station,68010,68310,interline_end,34.76775979299819,38.53777105467293,21.262863515845538,300,5.0,18:53:30,18:58:30,True,3,,4
2162068,medium,601.0,3.0,40-ft,RTC,MF,14877053,14877119,601,601,61321,61326,Bridgeport Station @ Bay 1 Unloading Only,Bridgeport Station @ Bay 7,61321,Bridgeport Station,68070,68370,in_service_layover,37.183723985679165,40.96424341701291,21.32212959272229,300,5.0,18:54:30,18:59:30,True,2,,4
2162259,medium,403.0,2.0,40-ft,RTC,MF,14871433,14871498,403,403,61321,61323,Bridgeport Station @ Bay 1 Unloading Only,Bridgeport Station @ Bay 3,61321,Bridgeport Station,68070,68370,in_service_layover,47.40679026126267,51.24238202953813,21.63273757307354,300,5.0,18:54:30,18:59:30,True,4,,4
2162482,medium,601.0,44.0,40-ft,RTC,MF,14877054,14877120,601,601,61321,61326,Bridgeport Station @ Bay 1 Unloading Only,Bridgeport Station @ Bay 7,61321,Bridgeport Station,69150,69570,in_service_layover,67.67902205427137,72.23572908566507,25.699827657060496,420,7.0,19:12:30,19:19:30,True,1,,4
2162257,medium,403.0,4.0,40-ft,RTC,MF,14871435,14871460,403,403,61321,61323,Bridgeport Station @ Bay 1 Unloading Only,Bridgeport Station @ Bay 3,61321,Bridgeport Station,69870,70530,in_service_layover,65.33173613334804,72.46729699426186,40.24456325555394,660,11.0,19:24:30,19:35:30,True,3,,4
2162480,medium,601.0,43.0,40-ft,RTC,MF,14877055,14877121,601,601,61321,61326,Bridgeport Station @ Bay 1 Unloading Only,Bridgeport Station @ Bay 7,61321,Bridgeport Station,70350,70770,in_service_layover,62.631813469373675,67.65032836291248,28.304423999558878,420,7.0,19:32:30,19:39:30,True,2,,4
2162078,medium,601.0,2.0,40-ft,RTC,MF,14877402,14877122,604,601,57377,61326,South Delta Exchange @ Bay 1,Bridgeport Station @ Bay 7,61326,Bridgeport Station,71670,71970,interline_end,30.199454602694427,33.949596146871194,21.150798309156983,300,5.0,19:54:30,19:59:30,True,4,,4
2162478,medium,601.0,8.0,40-ft,RTC,MF,14877377,14877123,603,601,57377,61326,South Delta Exchange @ Bay 1,Bridgeport Station @ Bay 7,61326,Bridgeport Station,72870,73170,interline_end,27.84965212842608,31.589573271514315,21.09315524701765,300,5.0,20:14:30,20:19:30,True,1,,4
2165159,medium,601.0,50.0,40-ft,RTC,MF,14877058,14877124,601,601,61321,61326,Bridgeport Station @ Bay 1 Unloading Only,Bridgeport Station @ Bay 7,61321,Bridgeport Station,73770,74370,in_service_layover,64.09518637386277,70.83488119768413,38.0118788063524,600,10.0,20:29:30,20:39:30,True,3,,4
2162068,medium,601.0,3.0,40-ft,RTC,MF,14877059,14877125,601,601,61321,61326,Bridgeport Station @ Bay 1 Unloading Only,Bridgeport Station @ Bay 7,61321,Bridgeport Station,74970,75810,in_service_layover,27.462965652868448,37.993333455790406,59.39127440847986,840,14.0,20:49:30,21:03:30,True,2,,4
2162257,medium,403.0,4.0,40-ft,RTC,MF,14871410,14871463,403,403,61321,61323,Bridgeport Station @ Bay 1 Unloading Only,Bridgeport Station @ Bay 3,61321,Bridgeport Station,75750,76110,in_service_layover,64.78741779514422,68.97493604316142,23.617602918817056,360,6.0,21:02:30,21:08:30,True,4,,4
2162480,medium,601.0,43.0,40-ft,RTC,MF,14877061,14877126,601,601,61321,61326,Bridgeport Station @ Bay 1 Unloading Only,Bridgeport Station @ Bay 7,61321,Bridgeport Station,77370,77670,in_service_layover,54.149050598768014,58.08530942351451,22.200499771570207,300,5.0,21:29:30,21:34:30,True,1,,4
2162260,medium,403.0,37.0,40-ft,RTC,MF,14871374,14871446,403,403,61321,61323,Bridgeport Station @ Bay 1 Unloading Only,Bridgeport Station @ Bay 3,61321,Bridgeport Station,77490,77910,in_service_layover,62.47443299155798,67.50633939841507,28.379952134673943,420,7.0,21:31:30,21:38:30,True,3,,4
2162078,medium,601.0,2.0,40-ft,RTC,MF,14877062,14877127,601,601,61321,61326,Bridgeport Station @ Bay 1 Unloading Only,Bridgeport Station @ Bay 7,61321,Bridgeport Station,78990,79470,in_service_layover,20.44831838272673,26.395903506779895,33.54438009965986,480,8.0,21:56:30,22:04:30,True,2,,4
2162258,medium,403.0,36.0,40-ft,RTC,MF,14871401,14871447,403,403,61321,61323,Bridgeport Station @ Bay 1 Unloading Only,Bridgeport Station @ Bay 3,61321,Bridgeport Station,79290,79710,in_service_layover,54.74823681090513,60.26430107105833,31.110602427263984,420,7.0,22:01:30,22:08:30,True,4,,4
2162257,medium,403.0,4.0,40-ft,RTC,MF,14871403,14871448,403,403,61321,61323,Bridgeport Station @ Bay 1 Unloading Only,Bridgeport Station @ Bay 3,61321,Bridgeport Station,81090,81510,in_service_layover,61.295056844043785,66.42548949288177,28.935640139446207,420,7.0,22:31:30,22:38:30,True,1,,4
2162068,medium,601.0,3.0,40-ft,RTC,MF,14877064,14877128,601,601,61321,61326,Bridgeport Station @ Bay 1 Unloading Only,Bridgeport Station @ Bay 7,61321,Bridgeport Station,82530,83670,in_service_layover,24.511034503869457,38.80137348824805,80.5975118718953,1140,19.0,22:55:30,23:14:30,True,3,,4
2162260,medium,403.0,37.0,40-ft,RTC,MF,14871375,14871449,403,403,61321,61323,Bridgeport Station @ Bay 1 Unloading Only,Bridgeport Station @ Bay 3,61321,Bridgeport Station,82890,83310,in_service_layover,59.82646019929743,65.08052735894273,29.632938780399513,420,7.0,23:01:30,23:08:30,True,2,,4
2162258,medium,403.0,36.0,40-ft,RTC,MF,14871390,14871470,403,403,61321,61323,Bridgeport Station @ Bay 1 Unloading Only,Bridgeport Station @ Bay 3,61321,Bridgeport Station,84570,85110,in_service_layover,52.58442187194068,59.65573764080704,39.88222093640627,540,9.0,23:29:30,23:38:30,True,4,,4
2162257,medium,403.0,4.0,40-ft,RTC,MF,14871414,14871442,403,403,61321,61323,Bridgeport Station @ Bay 1 Unloading Only,Bridgeport Station @ Bay 3,61321,Bridgeport Station,86370,86910,in_service_layover,58.74561029376413,65.49446755425703,38.06355494918,540,9.0,23:59:30,24:08:30,True,1,,4
2162260,medium,403.0,37.0,40-ft,RTC,MF,14871404,14871471,403,403,61321,61323,Bridgeport Station @ Bay 1 Unloading Only,Bridgeport Station @ Bay 3,61321,Bridgeport Station,88170,88470,in_service_layover,57.40064815982508,61.33588324180519,22.19472586236776,300,5.0,24:29:30,24:34:30,True,2,,4
2162258,medium,403.0,36.0,40-ft,RTC,MF,14871415,14871443,403,403,61321,61323,Bridgeport Station @ Bay 1 Unloading Only,Bridgeport Station @ Bay 3,61321,Bridgeport Station,89970,90270,in_service_layover,51.975858441689404,55.87688999564848,22.001817964329234,300,5.0,24:59:30,25:04:30,True,3,,4
2162257,medium,403.0,4.0,40-ft,RTC,MF,14871406,14871472,403,403,61321,61323,Bridgeport Station @ Bay 1 Unloading Only,Bridgeport Station @ Bay 3,61321,Bridgeport Station,91590,92490,in_service_layover,57.81458835513939,68.56228950130773,60.61703446438946,900,15.0,25:26:30,25:41:30,True,4,,4
2160811,medium,151.0,3.0,40-ft,PCT,MF,14849960,14849910,151,151,59554,59561,Burquitlam Station @ Bay 1,Burquitlam Station @ Bay 3,59554,Burquitlam Station,26790,27090,in_service_layover,68.32599699496544,71.62293068706911,18.594706023464823,300,5.0,07:26:30,07:31:30,True,1,,2
2160657,medium,151.0,2.0,40-ft,PCT,MF,14849961,14849911,151,151,59554,59561,Burquitlam Station @ Bay 1,Burquitlam Station @ Bay 3,59554,Burquitlam Station,28710,28890,in_service_layover,68.71553408667546,70.72965805166596,11.359659162546507,180,3.0,07:58:30,08:01:30,True,2,,2
2160811,medium,151.0,3.0,40-ft,PCT,MF,14849989,14849914,151,151,59554,59561,Burquitlam Station @ Bay 1,Burquitlam Station @ Bay 3,59554,Burquitlam Station,33990,34290,in_service_layover,66.21694797309605,69.65552092973226,19.39355147542824,300,5.0,09:26:30,09:31:30,True,1,,2
2160657,medium,151.0,2.0,40-ft,PCT,MF,14849962,14849909,151,151,59554,59561,Burquitlam Station @ Bay 1,Burquitlam Station @ Bay 3,59554,Burquitlam Station,35730,36090,in_service_layover,69.55834197115601,73.35612085884729,21.419472926578862,360,6.0,09:55:30,10:01:30,True,2,,2
2160804,medium,151.0,8.0,40-ft,PCT,MF,14851005,14851060,157,157,59554,59557,Burquitlam Station @ Bay 1,Burquitlam Station @ Bay 2,59554,Burquitlam Station,37830,38430,in_service_layover,68.44157408366301,74.57901244506792,34.615152358323655,600,10.0,10:30:30,10:40:30,True,1,,2
2160657,medium,151.0,2.0,40-ft,PCT,MF,14849966,14849916,151,151,59554,59561,Burquitlam Station @ Bay 1,Burquitlam Station @ Bay 3,59554,Burquitlam Station,39270,39690,in_service_layover,68.91623910138468,73.35016959144144,25.00736796392016,420,7.0,10:54:30,11:01:30,True,2,,2
2160894,medium,151.0,11.0,40-ft,PCT,MF,14851004,14851059,157,157,59554,59557,Burquitlam Station @ Bay 1,Burquitlam Station @ Bay 2,59554,Burquitlam Station,39630,40230,in_service_layover,68.44157408366301,74.57901244506792,34.615152358323655,600,10.0,11:00:30,11:10:30,True,1,,2
2160657,medium,151.0,2.0,40-ft,PCT,MF,14849968,14849918,151,151,59554,59561,Burquitlam Station @ Bay 1,Burquitlam Station @ Bay 3,59554,Burquitlam Station,42990,43290,in_service_layover,68.91028783397883,72.1660442693131,18.362466295285344,300,5.0,11:56:30,12:01:30,True,2,,2
2160804,medium,151.0,8.0,40-ft,PCT,MF,14851003,14851044,157,157,59554,59557,Burquitlam Station @ Bay 1,Burquitlam Station @ Bay 2,59554,Burquitlam Station,43230,43830,in_service_layover,69.17717692328337,75.20808327047193,34.01431179814347,600,10.0,12:00:30,12:10:30,True,1,,2
2160894,medium,151.0,11.0,40-ft,PCT,MF,14851017,14851043,157,157,59554,59557,Burquitlam Station @ Bay 1,Burquitlam Station @ Bay 2,59554,Burquitlam Station,45030,45630,in_service_layover,69.17717692328337,75.20808327047193,34.01431179814347,600,10.0,12:30:30,12:40:30,True,2,,2
2160657,medium,151.0,2.0,40-ft,PCT,MF,14849970,14849920,151,151,59554,59561,Burquitlam Station @ Bay 1,Burquitlam Station @ Bay 3,59554,Burquitlam Station,46590,46890,in_service_layover,67.72616251185048,71.06449448039554,18.82819230259412,300,5.0,12:56:30,13:01:30,True,1,,2
2160811,medium,151.0,3.0,40-ft,PCT,MF,14849971,14849921,151,151,59554,59561,Burquitlam Station @ Bay 1,Burquitlam Station @ Bay 3,59554,Burquitlam Station,48450,48630,in_service_layover,69.6783870598678,71.65173538340817,11.129684544767656,180,3.0,13:27:30,13:30:30,True,2,,2
2160804,medium,151.0,8.0,40-ft,PCT,MF,14850996,14851056,157,157,59554,59557,Burquitlam Station @ Bay 1,Burquitlam Station @ Bay 2,59554,Burquitlam Station,48630,49230,in_service_layover,69.80624774868738,75.7449939570076,33.494528614926026,600,10.0,13:30:30,13:40:30,True,1,,2
2160894,medium,151.0,11.0,40-ft,PCT,MF,14851013,14851041,157,157,59554,59557,Burquitlam Station @ Bay 1,Burquitlam Station @ Bay 2,59554,Burquitlam Station,50430,51030,in_service_layover,69.80624774868738,75.7449939570076,33.494528614926026,600,10.0,14:00:30,14:10:30,True,2,,2
2160811,medium,151.0,3.0,40-ft,PCT,MF,14849973,14849924,151,151,59554,59561,Burquitlam Station @ Bay 1,Burquitlam Station @ Bay 3,59554,Burquitlam Station,52050,52710,in_service_layover,67.21185362594554,74.0591022211076,38.618482076713974,660,11.0,14:27:30,14:38:30,True,1,,2
2160810,medium,151.0,6.0,40-ft,PCT,MF,14849950,14849926,151,151,59554,59561,Burquitlam Station @ Bay 1,Burquitlam Station @ Bay 3,59554,Burquitlam Station,55590,55830,in_service_layover,63.654398047902994,66.55962745462153,16.385493853892513,240,4.0,15:26:30,15:30:30,True,2,,2
2160808,medium,183.0,9.0,40-ft,PCT,MF,14849978,14849929,151,151,59554,59561,Burquitlam Station @ Bay 1,Burquitlam Station @ Bay 3,59554,Burquitlam Station,62850,63090,in_service_layover,68.2979113017435,70.97177237424731,15.080576448921477,240,4.0,17:27:30,17:31:30,True,1,,2
2160804,medium,151.0,8.0,40-ft,PCT,MF,14851000,14851050,157,157,59554,59557,Burquitlam Station @ Bay 1,Burquitlam Station @ Bay 2,59554,Burquitlam Station,64950,65430,in_service_layover,67.23179333433164,72.41954491286639,29.25891890293599,480,8.0,18:02:30,18:10:30,True,2,,2
2160808,medium,183.0,9.0,40-ft,PCT,MF,14849980,14849931,151,151,59554,59561,Burquitlam Station @ Bay 1,Burquitlam Station @ Bay 3,59554,Burquitlam Station,66390,66810,in_service_layover,68.51492237925794,72.98909101489302,25.234311104981828,420,7.0,18:26:30,18:33:30,True,1,,2
2160891,medium,151.0,31.0,40-ft,PCT,MF,14850999,14851049,157,157,59554,59557,Burquitlam Station @ Bay 1,Burquitlam Station @ Bay 2,59554,Burquitlam Station,68370,69030,in_service_layover,68.937628620388,75.51256991232728,37.08266888653753,660,11.0,18:59:30,19:10:30,True,2,,2
2160804,medium,151.0,8.0,40-ft,PCT,MF,14850998,14851048,157,157,59554,59557,Burquitlam Station @ Bay 1,Burquitlam Station @ Bay 2,59554,Burquitlam Station,70170,70830,in_service_layover,67.01770939108184,73.89513272554876,38.78866760639346,660,11.0,19:29:30,19:40:30,True,1,,2
2160894,medium,151.0,11.0,40-ft,PCT,MF,14850997,14851032,157,157,59554,59557,Burquitlam Station @ Bay 1,Burquitlam Station @ Bay 2,59554,Burquitlam Station,71790,72630,in_service_layover,67.75850695763174,75.9937620512548,46.44683872803415,840,14.0,19:56:30,20:10:30,True,2,,2
2160804,medium,151.0,8.0,40-ft,PCT,MF,14850994,14849936,157,151,59554,59561,Burquitlam Station @ Bay 1,Burquitlam Station @ Bay 3,59554,Burquitlam Station,75330,75810,in_service_layover,68.49329720376421,73.53857510418406,28.455367358367937,480,8.0,20:55:30,21:03:30,True,1,,2
2160805,medium,152.0,10.0,40-ft,PCT,MF,14849986,14849937,151,151,59554,59561,Burquitlam Station @ Bay 1,Burquitlam Station @ Bay 3,59554,Burquitlam Station,77010,77610,in_service_layover,69.99937071286553,75.90962913055314,33.33385747575818,600,10.0,21:23:30,21:33:30,True,2,,2
2160804,medium,151.0,8.0,40-ft,PCT,MF,14849952,14849938,151,151,59554,59561,Burquitlam Station @ Bay 1,Burquitlam Station @ Bay 3,59554,Burquitlam Station,78810,79410,in_service_layover,69.09869334672145,75.14103015366263,34.078779591148304,600,10.0,21:53:30,22:03:30,True,1,,2
2160805,medium,152.0,10.0,40-ft,PCT,MF,14849957,14849943,151,151,59554,59561,Burquitlam Station @ Bay 1,Burquitlam Station @ Bay 3,59554,Burquitlam Station,87690,88410,in_service_layover,67.99523167370309,75.22516968281093,40.7768503713682,720,12.0,24:21:30,24:33:30,True,2,,2
2160804,medium,151.0,8.0,40-ft,PCT,MF,14849958,14849944,151,151,59554,59561,Burquitlam Station @ Bay 1,Burquitlam Station @ Bay 3,59554,Burquitlam Station,89490,90210,in_service_layover,68.35686616578245,75.52430890990466,40.42437707684928,720,12.0,24:51:30,25:03:30,True,1,,2
2160071,medium,210.0,1.0,40-ft,BTC,MF,14855708,14855661,210,210,50405,50405,Burrard Station @ Bay 2,Burrard Station @ Bay 2,50405,Burrard Station,32970,33450,in_service_layover,65.32461004063859,70.72031776766171,30.431791580410447,480,8.0,09:09:30,09:17:30,True,1,,2
2161080,medium,210.0,4.0,40-ft,BTC,MF,14855734,14855895,210,211,50405,50405,Burrard Station @ Bay 2,Burrard Station @ Bay 2,50405,Burrard Station,35970,36390,in_service_layover,63.12407036169334,68.1003059709888,28.06596883642635,420,7.0,09:59:30,10:06:30,True,2,,2
2161083,medium,210.0,15.0,40-ft,BTC,MF,14855712,14855887,210,211,50405,50405,Burrard Station @ Bay 2,Burrard Station @ Bay 2,50405,Burrard Station,37170,38130,in_service_layover,66.36161447841991,75.81065192869524,53.29257121955288,960,16.0,10:19:30,10:35:30,True,1,,2
2160063,medium,210.0,11.0,40-ft,BTC,MF,14855928,14855694,211,210,50405,50405,Burrard Station @ Bay 2,Burrard Station @ Bay 2,50405,Burrard Station,38430,38730,in_service_layover,62.50970597673305,66.17343493791905,20.663431341088994,300,5.0,10:40:30,10:45:30,True,2,,2
2161088,medium,210.0,13.0,40-ft,BTC,MF,14855707,14855885,210,211,50405,50405,Burrard Station @ Bay 2,Burrard Station @ Bay 2,50405,Burrard Station,38670,39930,in_service_layover,63.12407036169334,75.56315249085439,70.15642320846831,1260,21.0,10:44:30,11:05:30,True,1,,2
2160712,medium,210.0,25.0,40-ft,BTC,MF,14855927,14855668,211,210,50405,50405,Burrard Station @ Bay 2,Burrard Station @ Bay 2,50405,Burrard Station,39810,40650,in_service_layover,64.73448413776698,73.56732414941189,49.81721766567722,840,14.0,11:03:30,11:17:30,True,2,,2
2160071,medium,210.0,1.0,40-ft,BTC,MF,14855709,14855884,210,211,50405,50405,Burrard Station @ Bay 2,Burrard Station @ Bay 2,50405,Burrard Station,40470,41490,in_service_layover,60.71685211537204,71.93481746677865,63.26932458193329,1020,17.0,11:14:30,11:31:30,True,1,,2
2160701,medium,210.0,16.0,40-ft,BTC,MF,14855951,14855690,211,210,50405,50405,Burrard Station @ Bay 2,Burrard Station @ Bay 2,50405,Burrard Station,41430,42390,in_service_layover,65.19643500856395,74.90881764376755,54.777838062548255,960,16.0,11:30:30,11:46:30,True,2,,2
2161062,medium,210.0,21.0,40-ft,BTC,MF,14855730,14855883,210,211,50405,50405,Burrard Station @ Bay 2,Burrard Station @ Bay 2,50405,Burrard Station,42210,43350,in_service_layover,62.29439341713,74.09785509193718,66.57152384591245,1140,19.0,11:43:30,12:02:30,True,1,,2
2161080,medium,210.0,4.0,40-ft,BTC,MF,14855952,14855700,211,210,50405,50405,Burrard Station @ Bay 2,Burrard Station @ Bay 2,50405,Burrard Station,43170,44130,in_service_layover,56.80902861423897,68.34136455866762,65.04237472657763,960,16.0,11:59:30,12:15:30,True,2,,2
2161083,medium,210.0,15.0,40-ft,BTC,MF,14855950,14855697,211,210,50405,50405,Burrard Station @ Bay 2,Burrard Station @ Bay 2,50405,Burrard Station,45090,45810,in_service_layover,64.5193745719454,72.33356364441327,44.072026368718696,720,12.0,12:31:30,12:43:30,True,1,,2
2161089,medium,210.0,23.0,40-ft,BTC,MF,14855733,14855904,210,211,50405,50405,Burrard Station @ Bay 2,Burrard Station @ Bay 2,50405,Burrard Station,45750,46890,in_service_layover,61.12813270922718,73.23519595788765,68.28383672244513,1140,19.0,12:42:30,13:01:30,True,2,,2
2161088,medium,210.0,13.0,40-ft,BTC,MF,14855941,14855669,211,210,50405,50405,Burrard Station @ Bay 2,Burrard Station @ Bay 2,50405,Burrard Station,46830,47610,in_service_layover,64.27187513410456,72.66920529429406,47.360942103468744,780,13.0,13:00:30,13:13:30,True,1,,2
2161085,medium,240.0,28.0,40-ft,BTC,MF,14855720,14855881,210,211,50405,50405,Burrard Station @ Bay 2,Burrard Station @ Bay 2,50405,Burrard Station,47490,48450,in_service_layover,62.09902194856901,72.49520179352297,58.63445432554033,960,16.0,13:11:30,13:27:30,True,2,,2
2160071,medium,210.0,1.0,40-ft,BTC,MF,14855949,14855691,211,210,50405,50405,Burrard Station @ Bay 2,Burrard Station @ Bay 2,50405,Burrard Station,48570,49290,in_service_layover,60.64354011002882,69.07412740886596,47.54851236544147,720,12.0,13:29:30,13:41:30,True,1,,2
2160701,medium,210.0,16.0,40-ft,BTC,MF,14855719,14855880,210,211,50405,50405,Burrard Station @ Bay 2,Burrard Station @ Bay 2,50405,Burrard Station,49050,50310,in_service_layover,64.90535199147789,76.83130705463344,67.26238655619738,1260,21.0,13:37:30,13:58:30,True,2,,2
2161062,medium,210.0,21.0,40-ft,BTC,MF,14855953,14855675,211,210,50405,50405,Burrard Station @ Bay 2,Burrard Station @ Bay 2,50405,Burrard Station,50490,50970,in_service_layover,62.80657773518734,68.46312691159967,31.902937354965502,480,8.0,14:01:30,14:09:30,True,1,,2
2161097,medium,210.0,86.0,40-ft,BTC,MF,14855718,14855879,210,211,50405,50405,Burrard Station @ Bay 2,Burrard Station @ Bay 2,50405,Burrard Station,51390,51870,in_service_layover,66.46961735671336,71.74154996339642,29.73369990169249,480,8.0,14:16:30,14:24:30,True,2,,2
2160073,medium,210.0,7.0,40-ft,BTC,MF,14855711,14855899,210,211,50405,50405,Burrard Station @ Bay 2,Burrard Station @ Bay 2,50405,Burrard Station,53130,53490,in_service_layover,68.79077533096627,72.65504054058823,21.794455782267903,360,6.0,14:45:30,14:51:30,True,1,,2
2161089,medium,210.0,23.0,40-ft,BTC,MF,14855938,14859115,211,246,50405,54444,Burrard Station @ Bay 2,Westbound W Georgia St @ Homer St,50405,Burrard Station,54210,54510,interline_start,61.94391860113784,65.64108653251266,20.85202713295405,300,5.0,15:03:30,15:08:30,True,2,,2
2161088,medium,210.0,13.0,40-ft,BTC,MF,14855717,14855890,210,211,50405,50405,Burrard Station @ Bay 2,Burrard Station @ Bay 2,50405,Burrard Station,54810,55170,in_service_layover,62.66573964200439,67.00859498654309,24.493704143198215,360,6.0,15:13:30,15:19:30,True,1,,2
2161085,medium,240.0,28.0,40-ft,BTC,MF,14855930,14855693,211,210,50405,50405,Burrard Station @ Bay 2,Burrard Station @ Bay 2,50405,Burrard Station,55770,55950,in_service_layover,61.203924436773136,63.491019314901756,12.89921511264538,180,3.0,15:29:30,15:32:30,True,2,,2
2160071,medium,210.0,1.0,40-ft,BTC,MF,14855714,14855688,210,210,50405,50405,Burrard Station @ Bay 2,Burrard Station @ Bay 2,50405,Burrard Station,56910,57150,in_service_layover,59.07066175657631,62.19273529812646,17.608494774342887,240,4.0,15:48:30,15:52:30,True,1,,2
2160701,medium,210.0,16.0,40-ft,BTC,MF,14855955,14855889,211,211,50405,50405,Burrard Station @ Bay 2,Burrard Station @ Bay 2,50405,Burrard Station,58110,58410,in_service_layover,65.54002969788361,69.0217412053724,19.636852902236626,300,5.0,16:08:30,16:13:30,True,2,,2
2161062,medium,210.0,21.0,40-ft,BTC,MF,14855747,14855684,210,210,50405,50405,Burrard Station @ Bay 2,Burrard Station @ Bay 2,50405,Burrard Station,58830,59130,in_service_layover,58.45966125931,62.358183317447015,21.98766440789268,300,5.0,16:20:30,16:25:30,True,1,,2
2161094,medium,210.0,6.0,40-ft,BTC,MF,14855746,14855888,210,211,50405,50405,Burrard Station @ Bay 2,Burrard Station @ Bay 2,50405,Burrard Station,59250,59490,in_service_layover,66.21831794619615,69.00104489694499,15.694580002223518,240,4.0,16:27:30,16:31:30,True,2,,2
2161097,medium,210.0,86.0,40-ft,BTC,MF,14855961,14856297,211,214,50405,50405,Burrard Station @ Bay 2,Burrard Station @ Bay 2,50405,Burrard Station,59370,59850,in_service_layover,60.45027260664661,66.33676842348557,33.19983640697177,480,8.0,16:29:30,16:37:30,True,1,,2
2161095,medium,210.0,24.0,40-ft,BTC,MF,14855745,14856298,210,214,50405,50405,Burrard Station @ Bay 2,Burrard Station @ Bay 2,50405,Burrard Station,61050,61470,in_service_layover,60.679004798576976,65.86041102091694,29.223131093997438,420,7.0,16:57:30,17:04:30,True,2,,2
2161096,medium,210.0,3.0,40-ft,BTC,MF,14855726,14855907,210,211,50405,50405,Burrard Station @ Bay 2,Burrard Station @ Bay 2,50405,Burrard Station,61950,62250,in_service_layover,58.79117919417786,62.67440148199047,21.901373703263175,300,5.0,17:12:30,17:17:30,True,1,,2
2160703,medium,130.0,5.0,40-ft,BTC,MF,14846979,14855892,130,211,58043,50405,Kootenay Loop @ Bay 4,Burrard Station @ Bay 2,50405,Burrard Station,62850,63150,interline_end,68.9224038144691,72.17729741032154,18.357599880607722,300,5.0,17:27:30,17:32:30,True,2,,2
2161087,medium,210.0,17.0,40-ft,BTC,MF,14857943,14855685,236,210,54290,50405,Grouse Mountain @ Skyride,Burrard Station @ Bay 2,50405,Burrard Station,63510,63810,interline_end,61.98963548969327,65.68410147730006,20.83678817010224,300,5.0,17:38:30,17:43:30,True,1,,2
2161064,medium,210.0,26.0,40-ft,BTC,MF,14857787,14855680,232,210,54290,50405,Grouse Mountain @ Skyride,Burrard Station @ Bay 2,50405,Burrard Station,64830,65130,interline_end,59.927837900177494,63.74481952306426,21.52777635308132,300,5.0,18:00:30,18:05:30,True,2,,2
2160071,medium,210.0,1.0,40-ft,BTC,MF,14855735,14855692,210,210,50405,50405,Burrard Station @ Bay 2,Burrard Station @ Bay 2,50405,Burrard Station,65130,65490,in_service_layover,52.18926964583679,56.884676495313414,26.48209463104814,360,6.0,18:05:30,18:11:30,True,1,,2
2161084,medium,210.0,20.0,40-ft,BTC,MF,14855723,14855696,210,210,50405,50405,Burrard Station @ Bay 2,Burrard Station @ Bay 2,50405,Burrard Station,66150,66330,in_service_layover,56.334762250491266,58.70775794131836,13.383695696264795,180,3.0,18:22:30,18:25:30,True,2,,2
2161062,medium,210.0,21.0,40-ft,BTC,MF,14855729,14855665,210,210,50405,50405,Burrard Station @ Bay 2,Burrard Station @ Bay 2,50405,Burrard Station,66870,67050,in_service_layover,52.354717665157345,54.68900363363517,13.165372862214895,180,3.0,18:34:30,18:37:30,True,1,,2
2160073,medium,210.0,7.0,40-ft,BTC,MF,14855727,14855695,210,210,50405,50405,Burrard Station @ Bay 2,Burrard Station @ Bay 2,50405,Burrard Station,68490,68790,in_service_layover,51.36029753154874,55.25135089246261,21.945540955554236,300,5.0,19:01:30,19:06:30,True,2,,2
2161062,medium,210.0,21.0,40-ft,BTC,MF,14855597,14855594,209,209,50405,50405,Burrard Station @ Bay 2,Burrard Station @ Bay 2,50405,Burrard Station,73230,73470,in_service_layover,44.52147981046938,47.56941819262487,17.190372475356952,240,4.0,20:20:30,20:24:30,True,1,,2
2160073,medium,210.0,7.0,40-ft,BTC,MF,14855596,14855593,209,209,50405,50405,Burrard Station @ Bay 2,Burrard Station @ Bay 2,50405,Burrard Station,74850,75030,in_service_layover,45.08382706929683,47.36974131205543,12.89255632915851,180,3.0,20:47:30,20:50:30,True,2,,2
2161063,medium,210.0,70.0,40-ft,BTC,MF,14855595,14855592,209,209,50405,50405,Burrard Station @ Bay 2,Burrard Station @ Bay 2,50405,Burrard Station,76470,76950,in_service_layover,67.67879070739487,72.8165072159117,28.97672110803495,480,8.0,21:14:30,21:22:30,True,1,,2
2161064,medium,210.0,26.0,40-ft,BTC,MF,14855608,14855591,209,209,50405,50405,Burrard Station @ Bay 2,Burrard Station @ Bay 2,50405,Burrard Station,78270,78750,in_service_layover,43.5738300476088,49.68767157140719,34.48206619422294,480,8.0,21:44:30,21:52:30,True,2,,2
2161062,medium,210.0,21.0,40-ft,BTC,MF,14855607,14855590,209,209,50405,50405,Burrard Station @ Bay 2,Burrard Station @ Bay 2,50405,Burrard Station,80070,80550,in_service_layover,37.37886391188959,43.44110974878012,34.191066520062606,480,8.0,22:14:30,22:22:30,True,1,,2
2160073,medium,210.0,7.0,40-ft,BTC,MF,14855606,14855589,209,209,50405,50405,Burrard Station @ Bay 2,Burrard Station @ Bay 2,50405,Burrard Station,81750,82410,in_service_layover,37.17918703132014,45.52947244226573,47.09560971773308,660,11.0,22:42:30,22:53:30,True,2,,2
2161063,medium,210.0,70.0,40-ft,BTC,MF,14855605,14855588,209,209,50405,50405,Burrard Station @ Bay 2,Burrard Station @ Bay 2,50405,Burrard Station,83610,84210,in_service_layover,62.702639461723265,69.62545238231328,39.04466487212767,600,10.0,23:13:30,23:23:30,True,1,,2
2161064,medium,210.0,26.0,40-ft,BTC,MF,14855604,14855587,209,209,50405,50405,Burrard Station @ Bay 2,Burrard Station @ Bay 2,50405,Burrard Station,85170,85890,in_service_layover,39.57380381721877,48.726397932742316,51.620630811552815,720,12.0,23:39:30,23:51:30,True,2,,2
2159900,medium,22.0,17.0,40-ft,VTC,MF,14835671,14835532,022,022,51843,51843,Burrard Station @ Bay 3,Burrard Station @ Bay 3,51843,Burrard Station,85770,86310,in_service_layover,49.15969516272599,56.16145087214799,39.489902201140126,540,9.0,23:49:30,23:58:30,True,1,,2
2161062,medium,210.0,21.0,40-ft,BTC,MF,14855603,14855585,209,209,50405,50405,Burrard Station @ Bay 2,Burrard Station @ Bay 2,50405,Burrard Station,87210,87690,in_service_layover,33.327241994591695,39.36129196293083,34.03204182143273,480,8.0,24:13:30,24:21:30,True,2,,2
2159915,medium,22.0,16.0,40-ft,VTC,MF,14835648,14835531,022,022,51843,51843,Burrard Station @ Bay 3,Burrard Station @ Bay 3,51843,Burrard Station,87210,88050,in_service_layover,46.52390733821481,57.420443329941286,61.45646299333731,840,14.0,24:13:30,24:27:30,True,1,,2
2160073,medium,210.0,7.0,40-ft,BTC,MF,14855602,14855586,209,209,50405,50405,Burrard Station @ Bay 2,Burrard Station @ Bay 2,50405,Burrard Station,88890,89430,in_service_layover,35.4156046880773,42.22478207579827,38.40376046674626,540,9.0,24:41:30,24:50:30,True,2,,2
2159906,medium,22.0,18.0,40-ft,VTC,MF,14835630,14835517,022,022,51843,51843,Burrard Station @ Bay 3,Burrard Station @ Bay 3,51843,Burrard Station,89010,89850,in_service_layover,46.54508517100657,57.441963179990005,61.45839197066658,840,14.0,24:43:30,24:57:30,True,1,,2
2159906,medium,22.0,18.0,40-ft,VTC,MF,14835633,14886248,022,N8,51843,61917,Burrard Station @ Bay 3,Westbound W Pender St @ Howe St,51843,Burrard Station,94350,95250,in_service_layover,50.00248696155902,61.614518902074956,65.49186014450981,900,15.0,26:12:30,26:27:30,True,2,,2
2164411,medium,802.0,51.0,40-ft,BTC,MF,14900452,14900586,245,245,61070,61070,Capilano University @ Bay 2,Capilano University @ Bay 2,61070,Capilano University,41370,42150,in_service_layover,68.10882672749128,75.80514989527795,43.4072626663168,780,13.0,11:29:30,11:42:30,True,1,,2
2164412,medium,802.0,52.0,40-ft,BTC,MF,14900455,14900589,245,245,61070,61070,Capilano University @ Bay 2,Capilano University @ Bay 2,61070,Capilano University,42690,43470,in_service_layover,68.10882672749128,75.80514989527795,43.4072626663168,780,13.0,11:51:30,12:04:30,True,2,,2
2164414,medium,802.0,53.0,40-ft,BTC,MF,14900458,14900592,245,245,61070,61070,Capilano University @ Bay 2,Capilano University @ Bay 2,61070,Capilano University,44010,44850,in_service_layover,68.10882672749128,76.27339880805937,46.04818653440401,840,14.0,12:13:30,12:27:30,True,1,,2
2164416,medium,802.0,54.0,40-ft,BTC,MF,14900461,14900595,245,245,61070,61070,Capilano University @ Bay 2,Capilano University @ Bay 2,61070,Capilano University,45390,46170,in_service_layover,68.10882672749128,75.80514989527795,43.4072626663168,780,13.0,12:36:30,12:49:30,True,2,,2
2164411,medium,802.0,51.0,40-ft,BTC,MF,14900467,14900601,245,245,61070,61070,Capilano University @ Bay 2,Capilano University @ Bay 2,61070,Capilano University,48030,48870,in_service_layover,68.60668481676186,76.67028539045883,45.478707235650916,840,14.0,13:20:30,13:34:30,True,1,,2
2164412,medium,802.0,52.0,40-ft,BTC,MF,14900470,14900604,245,245,61070,61070,Capilano University @ Bay 2,Capilano University @ Bay 2,61070,Capilano University,49410,50070,in_service_layover,68.60668481676186,75.23441365574732,37.38039065187809,660,11.0,13:43:30,13:54:30,True,2,,2
2164414,medium,802.0,53.0,40-ft,BTC,MF,14900473,14900607,245,245,61070,61070,Capilano University @ Bay 2,Capilano University @ Bay 2,61070,Capilano University,50730,51150,in_service_layover,69.07493372954328,73.49284360065428,24.9170116730661,420,7.0,14:05:30,14:12:30,True,1,,2
2164416,medium,802.0,54.0,40-ft,BTC,MF,14900476,14900610,245,245,61070,61070,Capilano University @ Bay 2,Capilano University @ Bay 2,61070,Capilano University,51930,52110,in_service_layover,68.60668481676186,70.62527476600994,11.384847313759224,180,3.0,14:25:30,14:28:30,True,2,,2
2164417,medium,802.0,61.0,40-ft,BTC,MF,14900509,14900643,245,245,61070,61070,Capilano University @ Bay 2,Capilano University @ Bay 2,61070,Capilano University,63930,64110,in_service_layover,59.28603035319075,61.641104359097746,13.282617393315434,180,3.0,17:45:30,17:48:30,True,1,,2
2164412,medium,802.0,52.0,40-ft,BTC,MF,14900510,14900644,245,245,61070,61070,Capilano University @ Bay 2,Capilano University @ Bay 2,61070,Capilano University,64290,64590,in_service_layover,56.03850677970442,59.99372711969241,22.30744271753224,300,5.0,17:51:30,17:56:30,True,2,,2
2164416,medium,802.0,54.0,40-ft,BTC,MF,14900511,14900645,245,245,61070,61070,Capilano University @ Bay 2,Capilano University @ Bay 2,61070,Capilano University,64650,64950,in_service_layover,53.8288562494724,57.75992474946528,22.171226339959844,300,5.0,17:57:30,18:02:30,True,1,,2
2164411,medium,802.0,51.0,40-ft,BTC,MF,14900512,14900646,245,245,61070,61070,Capilano University @ Bay 2,Capilano University @ Bay 2,61070,Capilano University,65010,65490,in_service_layover,55.07489015491055,61.34623448917074,35.37038204522747,480,8.0,18:03:30,18:11:30,True,2,,2
2164414,medium,802.0,53.0,40-ft,BTC,MF,14900513,14900647,245,245,61070,61070,Capilano University @ Bay 2,Capilano University @ Bay 2,61070,Capilano University,65370,65910,in_service_layover,54.29693672461138,61.341541868761354,39.73157301300586,540,9.0,18:09:30,18:18:30,True,1,,2
2164417,medium,802.0,61.0,40-ft,BTC,MF,14900514,14900648,245,245,61070,61070,Capilano University @ Bay 2,Capilano University @ Bay 2,61070,Capilano University,65790,66270,in_service_layover,59.241615999592376,65.24949212841801,33.88442136657659,480,8.0,18:16:30,18:24:30,True,2,,2
2164416,medium,802.0,54.0,40-ft,BTC,MF,14900515,14900649,245,245,61070,61070,Capilano University @ Bay 2,Capilano University @ Bay 2,61070,Capilano University,66510,66870,in_service_layover,55.36043638995991,60.0979287583934,26.719456957964894,360,6.0,18:28:30,18:34:30,True,1,,2
2164414,medium,802.0,53.0,40-ft,BTC,MF,14900516,14900650,245,245,61070,61070,Capilano University @ Bay 2,Capilano University @ Bay 2,61070,Capilano University,67470,67710,in_service_layover,58.942053509255985,62.06910066664112,17.636545967652182,240,4.0,18:44:30,18:48:30,True,2,,2
2164416,medium,802.0,54.0,40-ft,BTC,MF,14900517,14900651,245,245,61070,61070,Capilano University @ Bay 2,Capilano University @ Bay 2,61070,Capilano University,68430,68610,in_service_layover,57.69844039888804,60.07956479146033,13.429541574107702,180,3.0,19:00:30,19:03:30,True,1,,2
2164414,medium,802.0,53.0,40-ft,BTC,MF,14900518,14900652,245,245,61070,61070,Capilano University @ Bay 2,Capilano University @ Bay 2,61070,Capilano University,69210,69510,in_service_layover,59.66961230713576,63.503515823718224,21.623215833525137,300,5.0,19:13:30,19:18:30,True,2,,2
2164416,medium,802.0,54.0,40-ft,BTC,MF,14900519,14900653,245,245,61070,61070,Capilano University @ Bay 2,Capilano University @ Bay 2,61070,Capilano University,70110,70410,in_service_layover,57.680076431954966,61.60742370923001,22.1502386438313,300,5.0,19:28:30,19:33:30,True,1,,2
2164414,medium,802.0,53.0,40-ft,BTC,MF,14900520,14900654,245,245,61070,61070,Capilano University @ Bay 2,Capilano University @ Bay 2,61070,Capilano University,71010,71310,in_service_layover,61.10402746421286,64.85083435167074,21.131990845262408,300,5.0,19:43:30,19:48:30,True,2,,2
2164416,medium,802.0,54.0,40-ft,BTC,MF,14900521,14900655,245,245,61070,61070,Capilano University @ Bay 2,Capilano University @ Bay 2,61070,Capilano University,71910,72150,in_service_layover,59.20793534972465,62.32439843944514,17.57685182602353,240,4.0,19:58:30,20:02:30,True,1,,2
2164414,medium,802.0,53.0,40-ft,BTC,MF,14900522,14900656,245,245,61070,61070,Capilano University @ Bay 2,Capilano University @ Bay 2,61070,Capilano University,72810,73050,in_service_layover,62.45134599216537,65.41345729277222,16.70630773542257,240,4.0,20:13:30,20:17:30,True,2,,2
2164416,medium,802.0,54.0,40-ft,BTC,MF,14900523,14900657,245,245,61070,61070,Capilano University @ Bay 2,Capilano University @ Bay 2,61070,Capilano University,73710,73890,in_service_layover,59.92491007993978,62.25775272159212,13.1572324989192,180,3.0,20:28:30,20:31:30,True,1,,2
2164414,medium,802.0,53.0,40-ft,BTC,MF,14900524,14900658,245,245,61070,61070,Capilano University @ Bay 2,Capilano University @ Bay 2,61070,Capilano University,74610,74850,in_service_layover,63.01396893326685,65.94947867637481,16.55627495112884,240,4.0,20:43:30,20:47:30,True,2,,2
2164416,medium,802.0,54.0,40-ft,BTC,MF,14900525,14900659,245,245,61070,61070,Capilano University @ Bay 2,Capilano University @ Bay 2,61070,Capilano University,75450,75810,in_service_layover,59.85826436208676,64.4017226543508,25.625104768369226,360,6.0,20:57:30,21:03:30,True,1,,2
2164414,medium,802.0,53.0,40-ft,BTC,MF,14900526,14900660,245,245,61070,61070,Capilano University @ Bay 2,Capilano University @ Bay 2,61070,Capilano University,76410,76710,in_service_layover,63.54999031686944,67.15223675204264,20.316669894376844,300,5.0,21:13:30,21:18:30,True,2,,2
2164416,medium,802.0,54.0,40-ft,BTC,MF,14900527,14900661,245,245,61070,61070,Capilano University @ Bay 2,Capilano University @ Bay 2,61070,Capilano University,77250,77550,in_service_layover,62.00223429484544,65.69595567221863,20.832588568384836,300,5.0,21:27:30,21:32:30,True,1,,2
2164414,medium,802.0,53.0,40-ft,BTC,MF,14900528,14900662,245,245,61070,61070,Capilano University @ Bay 2,Capilano University @ Bay 2,61070,Capilano University,78150,78510,in_service_layover,64.75274839253727,68.9428937215682,23.632419655734395,360,6.0,21:42:30,21:48:30,True,2,,2
2164416,medium,802.0,54.0,40-ft,BTC,MF,14900529,14900663,245,245,61070,61070,Capilano University @ Bay 2,Capilano University @ Bay 2,61070,Capilano University,78990,79410,in_service_layover,63.29646731271327,68.25775464636281,27.98166056178343,420,7.0,21:56:30,22:03:30,True,1,,2
2164414,medium,802.0,53.0,40-ft,BTC,MF,14900530,14900664,245,245,61070,61070,Capilano University @ Bay 2,Capilano University @ Bay 2,61070,Capilano University,79950,80190,in_service_layover,66.54340536206284,69.30981638068114,15.602558145007265,240,4.0,22:12:30,22:16:30,True,2,,2
2164416,medium,802.0,54.0,40-ft,BTC,MF,14900531,14900665,245,245,61070,61070,Capilano University @ Bay 2,Capilano University @ Bay 2,61070,Capilano University,80850,81210,in_service_layover,65.85826628685744,69.96318470550813,23.151739881189826,360,6.0,22:27:30,22:33:30,True,1,,2
2164416,medium,802.0,54.0,40-ft,BTC,MF,14900532,14900666,245,245,61070,61070,Capilano University @ Bay 2,Capilano University @ Bay 2,61070,Capilano University,82650,83010,in_service_layover,67.56369634600277,71.53123721876952,22.376930522404507,360,6.0,22:57:30,23:03:30,True,2,,2
2164416,medium,802.0,54.0,40-ft,BTC,MF,14900533,14900667,245,245,61070,61070,Capilano University @ Bay 2,Capilano University @ Bay 2,61070,Capilano University,84450,84810,in_service_layover,69.13174885926415,72.96665850615759,21.62889040847898,360,6.0,23:27:30,23:33:30,True,1,,2
2164416,medium,802.0,54.0,40-ft,BTC,MF,14900535,14900669,245,245,61070,61070,Capilano University @ Bay 2,Capilano University @ Bay 2,61070,Capilano University,87990,88410,in_service_layover,68.16768178714686,72.6763462243558,25.428867425858357,420,7.0,24:26:30,24:33:30,True,2,,2
2164416,medium,802.0,54.0,40-ft,BTC,MF,14900537,14900671,245,245,61070,61070,Capilano University @ Bay 2,Capilano University @ Bay 2,61070,Capilano University,91590,91890,in_service_layover,67.87736950534506,71.20534927679572,18.76980591098163,300,5.0,25:26:30,25:31:30,True,1,,2
2160461,medium,410.0,11.0,40-ft,HTC,MF,14870620,14870635,388,388,61709,61715,Carvolth Exchange @ Bay 1 Unloading Only,Carvolth Exchange @ Bay 7,61709,Carvolth Exchange,31290,31770,in_service_layover,69.3031868229768,74.25493025012489,27.927832929115198,480,8.0,08:41:30,08:49:30,True,1,,1
2164321,medium,410.0,10.0,40-ft,HTC,MF,14870615,14870649,388,388,61709,61715,Carvolth Exchange @ Bay 1 Unloading Only,Carvolth Exchange @ Bay 7,61709,Carvolth Exchange,33090,33630,in_service_layover,65.90435401971015,71.827269106542,33.405241089731646,540,9.0,09:11:30,09:20:30,True,1,,1
2160470,medium,388.0,2.0,40-ft,HTC,MF,14870613,14870653,388,388,61709,61715,Carvolth Exchange @ Bay 1 Unloading Only,Carvolth Exchange @ Bay 7,61709,Carvolth Exchange,36690,37350,in_service_layover,64.32345137122384,71.61004532025682,41.09638987254601,660,11.0,10:11:30,10:22:30,True,1,,1
2160450,medium,410.0,4.0,40-ft,HTC,MF,14870624,14870654,388,388,61709,61715,Carvolth Exchange @ Bay 1 Unloading Only,Carvolth Exchange @ Bay 7,61709,Carvolth Exchange,38730,39150,in_service_layover,64.26325037464208,69.1393542470334,27.501225840286963,420,7.0,10:45:30,10:52:30,True,1,,1
2162184,medium,388.0,4.0,40-ft,HTC,MF,14870625,14870655,388,388,61709,61715,Carvolth Exchange @ Bay 1 Unloading Only,Carvolth Exchange @ Bay 7,61709,Carvolth Exchange,40530,40950,in_service_layover,65.90435401971015,70.63059010396225,26.655971515181875,420,7.0,11:15:30,11:22:30,True,1,,1
2160461,medium,410.0,11.0,40-ft,HTC,MF,14870626,14870656,388,388,61709,61715,Carvolth Exchange @ Bay 1 Unloading Only,Carvolth Exchange @ Bay 7,61709,Carvolth Exchange,42390,42750,in_service_layover,66.31812733870049,70.38670792443654,22.946794503551303,360,6.0,11:46:30,11:52:30,True,1,,1
2164321,medium,410.0,10.0,40-ft,HTC,MF,14870627,14870657,388,388,61709,61715,Carvolth Exchange @ Bay 1 Unloading Only,Carvolth Exchange @ Bay 7,61709,Carvolth Exchange,44130,44550,in_service_layover,63.14944579608572,68.12348550650259,28.053583966751148,420,7.0,12:15:30,12:22:30,True,1,,1
2160465,medium,388.0,5.0,40-ft,HTC,MF,14870628,14870658,388,388,61709,61715,Carvolth Exchange @ Bay 1 Unloading Only,Carvolth Exchange @ Bay 7,61709,Carvolth Exchange,45930,46350,in_service_layover,64.4092676197998,69.27230543369153,27.42753327034933,420,7.0,12:45:30,12:52:30,True,1,,1
2160470,medium,388.0,2.0,40-ft,HTC,MF,14870629,14870659,388,388,61709,61715,Carvolth Exchange @ Bay 1 Unloading Only,Carvolth Exchange @ Bay 7,61709,Carvolth Exchange,47730,48150,in_service_layover,60.448561108660016,65.64903477579217,29.33067148262535,420,7.0,13:15:30,13:22:30,True,1,,1
2160450,medium,410.0,4.0,40-ft,HTC,MF,14870630,14870660,388,388,61709,61715,Carvolth Exchange @ Bay 1 Unloading Only,Carvolth Exchange @ Bay 7,61709,Carvolth Exchange,49530,50010,in_service_layover,58.1545532373932,64.25881381708231,34.42802966944663,480,8.0,13:45:30,13:53:30,True,1,,1
2162184,medium,388.0,4.0,40-ft,HTC,MF,14870631,14870661,388,388,61709,61715,Carvolth Exchange @ Bay 1 Unloading Only,Carvolth Exchange @ Bay 7,61709,Carvolth Exchange,51330,51870,in_service_layover,59.54001324042459,66.20157185627758,37.57119059341085,540,9.0,14:15:30,14:24:30,True,1,,1
2160461,medium,410.0,11.0,40-ft,HTC,MF,14870632,14870648,388,388,61709,61715,Carvolth Exchange @ Bay 1 Unloading Only,Carvolth Exchange @ Bay 7,61709,Carvolth Exchange,53130,53670,in_service_layover,59.31344211498052,66.00102161526506,37.717948381604856,540,9.0,14:45:30,14:54:30,True,1,,1
2164321,medium,410.0,10.0,40-ft,HTC,MF,14870633,14870647,388,388,61709,61715,Carvolth Exchange @ Bay 1 Unloading Only,Carvolth Exchange @ Bay 7,61709,Carvolth Exchange,54930,55470,in_service_layover,57.210731925268846,64.09856454964402,38.84737600147605,540,9.0,15:15:30,15:24:30,True,1,,1
2160465,medium,388.0,5.0,40-ft,HTC,MF,14870634,14870650,388,388,61709,61715,Carvolth Exchange @ Bay 1 Unloading Only,Carvolth Exchange @ Bay 7,61709,Carvolth Exchange,56670,57270,in_service_layover,57.57653844261459,65.13127430003033,42.60871023582479,600,10.0,15:44:30,15:54:30,True,1,,1
2160470,medium,388.0,2.0,40-ft,HTC,MF,14870622,14870646,388,388,61709,61715,Carvolth Exchange @ Bay 1 Unloading Only,Carvolth Exchange @ Bay 7,61709,Carvolth Exchange,58530,59070,in_service_layover,52.61275892788556,59.68402530321916,39.881942356881495,540,9.0,16:15:30,16:24:30,True,1,,1
2162184,medium,388.0,4.0,40-ft,HTC,MF,14870612,14870644,388,388,61709,61715,Carvolth Exchange @ Bay 1 Unloading Only,Carvolth Exchange @ Bay 7,61709,Carvolth Exchange,62190,62670,in_service_layover,53.15886973784962,59.45510994140457,35.510794748049875,480,8.0,17:16:30,17:24:30,True,1,,1
2160918,medium,160.0,3.0,40-ft,PCT,MF,14851465,14886299,160,N9,53740,53161,Port Coquitlam Station @ Bay 4,Coquitlam Central Station @ Bay 6,53161,Coquitlam Central Station,8370,8670,interline_end,68.73692660959931,72.00498827406393,18.431867787580416,300,5.0,02:19:30,02:24:30,True,1,,5
2160840,medium,151.0,1.0,40-ft,PCT,MF,14855428,14850425,191,153,53864,53730,Coquitlam Central Station @ Bay 10,Coquitlam Central Station @ Bay 12,53864,Coquitlam Central Station,25230,26010,in_service_layover,67.57869374708847,75.37403017879065,43.96569747480032,780,13.0,07:00:30,07:13:30,True,2,,5
2162571,medium,701.0,4.0,40-ft,PCT,MF,14878676,14878624,701,701,53864,53161,Coquitlam Central Station @ Bay 10,Coquitlam Central Station @ Bay 6,53864,Coquitlam Central Station,26250,27030,in_service_layover,68.91463761794067,76.45913342740062,42.550956365354125,780,13.0,07:17:30,07:30:30,True,3,,5
2160826,medium,152.0,3.0,40-ft,PCT,MF,14850153,14850231,152,152,53864,53864,Coquitlam Central Station @ Bay 10,Coquitlam Central Station @ Bay 10,53864,Coquitlam Central Station,28110,28830,in_service_layover,69.86619632655263,76.76933013591486,38.93367468480301,720,12.0,07:48:30,08:00:30,True,4,,5
2160840,medium,151.0,1.0,40-ft,PCT,MF,14850408,14850430,153,153,53864,53730,Coquitlam Central Station @ Bay 10,Coquitlam Central Station @ Bay 12,53864,Coquitlam Central Station,30270,30510,in_service_layover,69.35296378221072,71.96752125685268,14.746104156980664,240,4.0,08:24:30,08:28:30,True,5,,5
2160657,medium,151.0,2.0,40-ft,PCT,MF,14849911,14849988,151,151,53864,53021,Coquitlam Central Station @ Bay 10,Coquitlam Central Station @ Bay 3,53864,Coquitlam Central Station,30390,30750,in_service_layover,69.21242324269808,73.04034510040668,21.58947927747647,360,6.0,08:26:30,08:32:30,True,1,,5
2160832,medium,183.0,4.0,40-ft,PCT,MF,14878681,14878609,701,701,53864,53161,Coquitlam Central Station @ Bay 10,Coquitlam Central Station @ Bay 6,53864,Coquitlam Central Station,32070,32430,in_service_layover,69.04211308281975,72.88476722024238,21.672569335063542,360,6.0,08:54:30,09:00:30,True,2,,5
2160811,medium,151.0,3.0,40-ft,PCT,MF,14849912,14849989,151,151,53864,53021,Coquitlam Central Station @ Bay 10,Coquitlam Central Station @ Bay 3,53864,Coquitlam Central Station,32250,32550,in_service_layover,65.66581412063861,69.1395949215908,19.59212371737027,300,5.0,08:57:30,09:02:30,True,3,,5
2161036,medium,183.0,2.0,40-ft,PCT,MF,14855443,14853810,191,183,53864,53866,Coquitlam Central Station @ Bay 10,Coquitlam Central Station @ Bay 5,53864,Coquitlam Central Station,32610,32910,in_service_layover,69.02480194580767,72.27238944930848,18.316393519744565,300,5.0,09:03:30,09:08:30,True,4,,5
2160924,medium,183.0,1.0,40-ft,PCT,MF,14855031,14855410,188,191,53161,53887,Coquitlam Central Station @ Bay 6,Coquitlam Central Station @ Bay 11,53161,Coquitlam Central Station,32850,33630,in_service_layover,67.97331545089195,75.69501384749722,43.55037895685376,780,13.0,09:07:30,09:20:30,True,5,,5
2162571,medium,701.0,4.0,40-ft,PCT,MF,14878682,14878611,701,701,53864,53161,Coquitlam Central Station @ Bay 10,Coquitlam Central Station @ Bay 6,53864,Coquitlam Central Station,32970,33450,in_service_layover,67.4300628353501,72.59568159182123,29.134089786497157,480,8.0,09:09:30,09:17:30,True,1,,5
2160549,medium,701.0,3.0,40-ft,PCT,MF,14878683,14878612,701,701,53864,53161,Coquitlam Central Station @ Bay 10,Coquitlam Central Station @ Bay 6,53864,Coquitlam Central Station,33870,34110,in_service_layover,59.508691095543995,62.611774793447886,17.501392056177906,240,4.0,09:24:30,09:28:30,True,2,,5
2160657,medium,151.0,2.0,40-ft,PCT,MF,14849913,14849962,151,151,53864,53021,Coquitlam Central Station @ Bay 10,Coquitlam Central Station @ Bay 3,53864,Coquitlam Central Station,33990,34350,in_service_layover,68.60046334294407,72.48098891965076,21.886164252625747,360,6.0,09:26:30,09:32:30,True,3,,5
2160855,medium,701.0,8.0,40-ft,PCT,MF,14850412,14850434,153,153,53864,53730,Coquitlam Central Station @ Bay 10,Coquitlam Central Station @ Bay 12,53864,Coquitlam Central Station,34110,34710,in_service_layover,69.59751410636366,75.5669481022173,33.66760773661457,600,10.0,09:28:30,09:38:30,True,4,,5
2161037,medium,701.0,1.0,40-ft,PCT,MF,14853756,14854954,183,188,53161,53495,Coquitlam Central Station @ Bay 6,Coquitlam Central Station @ Bay 8,53161,Coquitlam Central Station,34770,35010,in_service_layover,65.84834162598969,68.64932083315327,15.797522728402612,240,4.0,09:39:30,09:43:30,True,1,,5
2160805,medium,152.0,10.0,40-ft,PCT,MF,14851245,14851282,159,159,53864,53299,Coquitlam Central Station @ Bay 10,Coquitlam Central Station @ Bay 1,53864,Coquitlam Central Station,34830,35190,in_service_layover,69.04446221738442,72.88691364472955,21.671426050226444,360,6.0,09:40:30,09:46:30,True,5,,5
2160811,medium,151.0,3.0,40-ft,PCT,MF,14849914,14849965,151,151,53864,53021,Coquitlam Central Station @ Bay 10,Coquitlam Central Station @ Bay 3,53864,Coquitlam Central Station,35670,36150,in_service_layover,68.13828612076438,73.2240549244943,28.683736053036682,480,8.0,09:54:30,10:02:30,True,2,,5
2160647,medium,151.0,12.0,40-ft,PCT,MF,14850413,14850435,153,153,53864,53730,Coquitlam Central Station @ Bay 10,Coquitlam Central Station @ Bay 12,53864,Coquitlam Central Station,35670,36510,in_service_layover,69.74036502144712,77.57176618498612,44.169102562360024,840,14.0,09:54:30,10:08:30,True,3,,5
2160884,medium,152.0,16.0,40-ft,PCT,MF,14878638,14851281,701,159,53864,53299,Coquitlam Central Station @ Bay 10,Coquitlam Central Station @ Bay 1,53864,Coquitlam Central Station,36270,36990,in_service_layover,68.91463761794067,75.98505990767995,39.87718171412956,720,12.0,10:04:30,10:16:30,True,4,,5
2160913,medium,183.0,3.0,40-ft,PCT,MF,14855033,14855412,188,191,53161,53887,Coquitlam Central Station @ Bay 6,Coquitlam Central Station @ Bay 11,53161,Coquitlam Central Station,36510,36870,in_service_layover,69.19294472921138,73.02255510553324,21.59900252245535,360,6.0,10:08:30,10:14:30,True,1,,5
2160858,medium,152.0,51.0,40-ft,PCT,MF,14851244,14878561,159,701,53864,53161,Coquitlam Central Station @ Bay 10,Coquitlam Central Station @ Bay 6,53864,Coquitlam Central Station,36630,36810,in_service_layover,67.16360091835736,69.23864173896523,11.703230228228449,180,3.0,10:10:30,10:13:30,True,5,,5
2160825,medium,151.0,10.0,40-ft,PCT,MF,14850188,14850215,152,152,53864,53864,Coquitlam Central Station @ Bay 10,Coquitlam Central Station @ Bay 10,53864,Coquitlam Central Station,36750,37230,in_service_layover,69.14603731213998,74.1160563710166,28.03090749206416,480,8.0,10:12:30,10:20:30,True,2,,5
2162572,medium,701.0,12.0,40-ft,PCT,MF,14878686,14878586,701,701,53864,53161,Coquitlam Central Station @ Bay 10,Coquitlam Central Station @ Bay 6,53864,Coquitlam Central Station,37230,37710,in_service_layover,68.67256416689351,73.69727749053416,28.339383145333272,480,8.0,10:20:30,10:28:30,True,3,,5
2160854,medium,151.0,9.0,40-ft,PCT,MF,14850414,14850436,153,153,53864,53730,Coquitlam Central Station @ Bay 10,Coquitlam Central Station @ Bay 12,53864,Coquitlam Central Station,37410,38310,in_service_layover,68.92043515031793,77.35861939577137,47.591359144357455,900,15.0,10:23:30,10:38:30,True,5,,5
2161035,medium,183.0,6.0,40-ft,PCT,MF,14855446,14853813,191,183,53864,53866,Coquitlam Central Station @ Bay 10,Coquitlam Central Station @ Bay 5,53864,Coquitlam Central Station,37530,38310,in_service_layover,66.58712490448426,74.56579815869252,44.99971715373454,780,13.0,10:25:30,10:38:30,True,1,,5
2160869,medium,701.0,6.0,40-ft,PCT,MF,14878687,14878587,701,701,53864,53161,Coquitlam Central Station @ Bay 10,Coquitlam Central Station @ Bay 6,53864,Coquitlam Central Station,38130,38610,in_service_layover,60.63065878855471,66.50003403973048,33.10327641663133,480,8.0,10:35:30,10:43:30,True,4,,5
2160900,medium,183.0,7.0,40-ft,PCT,MF,14855034,14854956,188,188,53161,53495,Coquitlam Central Station @ Bay 6,Coquitlam Central Station @ Bay 8,53161,Coquitlam Central Station,38190,38610,in_service_layover,67.78711634809434,72.3332463440054,25.640173176938333,420,7.0,10:36:30,10:43:30,True,2,,5
2160859,medium,152.0,1.0,40-ft,PCT,MF,14851243,14851280,159,159,53864,53299,Coquitlam Central Station @ Bay 10,Coquitlam Central Station @ Bay 1,53864,Coquitlam Central Station,38370,38790,in_service_layover,68.11075206623688,72.62504388199947,25.460605840900996,420,7.0,10:39:30,10:46:30,True,3,,5
2160826,medium,152.0,3.0,40-ft,PCT,MF,14850187,14850214,152,152,53864,53864,Coquitlam Central Station @ Bay 10,Coquitlam Central Station @ Bay 10,53864,Coquitlam Central Station,38370,39030,in_service_layover,66.95913490056881,73.8456434103259,38.83990799502993,660,11.0,10:39:30,10:50:30,True,1,,5
2162571,medium,701.0,4.0,40-ft,PCT,MF,14878688,14878588,701,701,53864,53161,Coquitlam Central Station @ Bay 10,Coquitlam Central Station @ Bay 6,53864,Coquitlam Central Station,39030,39510,in_service_layover,65.61445134633873,70.97913249391232,30.256801672314964,480,8.0,10:50:30,10:58:30,True,5,,5
2160811,medium,151.0,3.0,40-ft,PCT,MF,14849915,14849967,151,151,53864,53021,Coquitlam Central Station @ Bay 10,Coquitlam Central Station @ Bay 3,53864,Coquitlam Central Station,39270,39750,in_service_layover,68.78417316703167,73.79604369063344,28.266949753113977,480,8.0,10:54:30,11:02:30,True,2,,5
2160913,medium,183.0,3.0,40-ft,PCT,MF,14855447,14854957,191,188,53864,53495,Coquitlam Central Station @ Bay 10,Coquitlam Central Station @ Bay 8,53864,Coquitlam Central Station,39330,40410,in_service_layover,69.35260490916153,78.91281134192947,53.91956428081119,1080,18.0,10:55:30,11:13:30,True,4,,5
2160832,medium,183.0,4.0,40-ft,PCT,MF,14878689,14853814,701,183,53864,53866,Coquitlam Central Station @ Bay 10,Coquitlam Central Station @ Bay 5,53864,Coquitlam Central Station,39930,40170,in_service_layover,61.22867606927373,64.24859682249956,17.03235304819367,240,4.0,11:05:30,11:09:30,True,3,,5
2160828,medium,152.0,15.0,40-ft,PCT,MF,14851228,14851271,159,159,53864,53299,Coquitlam Central Station @ Bay 10,Coquitlam Central Station @ Bay 1,53864,Coquitlam Central Station,40110,40590,in_service_layover,68.79994665788946,73.80999977576339,28.256699584808928,480,8.0,11:08:30,11:16:30,True,1,,5
2161040,medium,183.0,10.0,40-ft,PCT,MF,14850186,14850213,152,152,53864,53864,Coquitlam Central Station @ Bay 10,Coquitlam Central Station @ Bay 10,53864,Coquitlam Central Station,40230,40830,in_service_layover,68.26967299421996,74.431813998168,34.75447526226691,600,10.0,11:10:30,11:20:30,True,5,,5
2161036,medium,183.0,2.0,40-ft,PCT,MF,14855448,14853815,191,183,53864,53866,Coquitlam Central Station @ Bay 10,Coquitlam Central Station @ Bay 5,53864,Coquitlam Central Station,41130,41910,in_service_layover,66.84976728267179,74.78011525427365,44.72716255983454,780,13.0,11:25:30,11:38:30,True,2,,5
2160549,medium,701.0,3.0,40-ft,PCT,MF,14878691,14878591,701,701,53864,53161,Coquitlam Central Station @ Bay 10,Coquitlam Central Station @ Bay 6,53864,Coquitlam Central Station,41790,42210,in_service_layover,50.95568364247926,56.41735079002685,30.803802712168476,420,7.0,11:36:30,11:43:30,True,3,,5
2160808,medium,183.0,9.0,40-ft,PCT,MF,14851227,14851270,159,159,53864,53299,Coquitlam Central Station @ Bay 10,Coquitlam Central Station @ Bay 1,53864,Coquitlam Central Station,41910,42270,in_service_layover,69.21721461359822,73.04472088276381,21.587135358093917,360,6.0,11:38:30,11:44:30,True,4,,5
2160825,medium,151.0,10.0,40-ft,PCT,MF,14850185,14850212,152,152,53864,53864,Coquitlam Central Station @ Bay 10,Coquitlam Central Station @ Bay 10,53864,Coquitlam Central Station,42270,42930,in_service_layover,67.57835218904536,74.36838375086515,38.2957780086636,660,11.0,11:44:30,11:55:30,True,1,,5
2160811,medium,151.0,3.0,40-ft,PCT,MF,14849917,14849969,151,151,53864,53021,Coquitlam Central Station @ Bay 10,Coquitlam Central Station @ Bay 3,53864,Coquitlam Central Station,42990,43350,in_service_layover,69.35616193317081,73.1715943602635,21.519038888802754,360,6.0,11:56:30,12:02:30,True,5,,5
2161034,medium,183.0,5.0,40-ft,PCT,MF,14855449,14855416,191,191,53864,53887,Coquitlam Central Station @ Bay 10,Coquitlam Central Station @ Bay 11,53864,Coquitlam Central Station,43230,44010,in_service_layover,66.53944030392785,74.52687021956882,45.04910472421511,780,13.0,12:00:30,12:13:30,True,2,,5
2161035,medium,183.0,6.0,40-ft,PCT,MF,14853761,14853816,183,183,53161,53866,Coquitlam Central Station @ Bay 6,Coquitlam Central Station @ Bay 5,53161,Coquitlam Central Station,43530,43770,in_service_layover,67.7946192221318,70.49580424755591,15.234683543391952,240,4.0,12:05:30,12:09:30,True,3,,5
2160803,medium,152.0,13.0,40-ft,PCT,MF,14851226,14851269,159,159,53864,53299,Coquitlam Central Station @ Bay 10,Coquitlam Central Station @ Bay 1,53864,Coquitlam Central Station,43710,44190,in_service_layover,68.62446729898424,73.65470575903628,28.370544914693426,480,8.0,12:08:30,12:16:30,True,4,,5
2160826,medium,152.0,3.0,40-ft,PCT,MF,14850184,14850211,152,152,53864,53864,Coquitlam Central Station @ Bay 10,Coquitlam Central Station @ Bay 10,53864,Coquitlam Central Station,43830,44730,in_service_layover,67.30793922835467,76.09601333307415,49.56473795061794,900,15.0,12:10:30,12:25:30,True,1,,5
2160869,medium,701.0,6.0,40-ft,PCT,MF,14878694,14878594,701,701,53864,53161,Coquitlam Central Station @ Bay 10,Coquitlam Central Station @ Bay 6,53864,Coquitlam Central Station,44370,44910,in_service_layover,59.737641597746894,66.37566774375873,37.438467463506754,540,9.0,12:19:30,12:28:30,True,5,,5
2160855,medium,701.0,8.0,40-ft,PCT,MF,14850370,14850440,153,153,53864,53730,Coquitlam Central Station @ Bay 10,Coquitlam Central Station @ Bay 12,53864,Coquitlam Central Station,44670,45450,in_service_layover,67.96638721922473,75.68938228783986,43.5576921869893,780,13.0,12:24:30,12:37:30,True,3,,5
2161016,medium,183.0,11.0,40-ft,PCT,MF,14855450,14855417,191,191,53864,53887,Coquitlam Central Station @ Bay 10,Coquitlam Central Station @ Bay 11,53864,Coquitlam Central Station,44970,45690,in_service_layover,66.94234011218893,74.3523981607131,41.79272739367627,720,12.0,12:29:30,12:41:30,True,2,,5
2162572,medium,701.0,12.0,40-ft,PCT,MF,14878695,14878595,701,701,53864,53161,Coquitlam Central Station @ Bay 10,Coquitlam Central Station @ Bay 6,53864,Coquitlam Central Station,45330,45810,in_service_layover,62.041186339565535,67.77392785596298,32.33266215248159,480,8.0,12:35:30,12:43:30,True,4,,5
2160832,medium,183.0,4.0,40-ft,PCT,MF,14853762,14854960,183,188,53161,53495,Coquitlam Central Station @ Bay 6,Coquitlam Central Station @ Bay 8,53161,Coquitlam Central Station,45390,45810,in_service_layover,64.65486032299548,69.4958039780202,27.302922214339503,420,7.0,12:36:30,12:43:30,True,1,,5
2160805,medium,152.0,10.0,40-ft,PCT,MF,14851242,14851279,159,159,53864,53299,Coquitlam Central Station @ Bay 10,Coquitlam Central Station @ Bay 1,53864,Coquitlam Central Station,45510,45870,in_service_layover,65.87619519147893,69.97970700094662,23.143806605397742,360,6.0,12:38:30,12:44:30,True,5,,5
2161040,medium,183.0,10.0,40-ft,PCT,MF,14850183,14850210,152,152,53864,53864,Coquitlam Central Station @ Bay 10,Coquitlam Central Station @ Bay 10,53864,Coquitlam Central Station,45630,46530,in_service_layover,67.89410981619676,76.5557329000748,48.85155419307216,900,15.0,12:40:30,12:55:30,True,3,,5
2161037,medium,701.0,1.0,40-ft,PCT,MF,14878696,14878596,701,701,53864,53161,Coquitlam Central Station @ Bay 10,Coquitlam Central Station @ Bay 6,53864,Coquitlam Central Station,46290,46710,in_service_layover,61.212989742698035,66.35021281363319,28.97393812007425,420,7.0,12:51:30,12:58:30,True,2,,5
2160647,medium,151.0,12.0,40-ft,PCT,MF,14850371,14850441,153,153,53864,53730,Coquitlam Central Station @ Bay 10,Coquitlam Central Station @ Bay 12,53864,Coquitlam Central Station,46470,47250,in_service_layover,67.85139266116437,75.5958823509647,43.67892185047384,780,13.0,12:54:30,13:07:30,True,1,,5
2160811,medium,151.0,3.0,40-ft,PCT,MF,14849919,14849971,151,151,53864,53021,Coquitlam Central Station @ Bay 10,Coquitlam Central Station @ Bay 3,53864,Coquitlam Central Station,46590,46950,in_service_layover,68.73171260280088,72.60103400836255,21.822972727367755,360,6.0,12:56:30,13:02:30,True,4,,5
2161036,medium,183.0,2.0,40-ft,PCT,MF,14853763,14855418,183,191,53161,53887,Coquitlam Central Station @ Bay 6,Coquitlam Central Station @ Bay 11,53161,Coquitlam Central Station,47130,47670,in_service_layover,68.00893631771295,73.66775959140725,31.915763263635824,540,9.0,13:05:30,13:14:30,True,5,,5
2162571,medium,701.0,4.0,40-ft,PCT,MF,14878697,14878597,701,701,53864,53161,Coquitlam Central Station @ Bay 10,Coquitlam Central Station @ Bay 6,53864,Coquitlam Central Station,47190,47610,in_service_layover,59.323041342943675,64.6221008557539,29.886695652249614,420,7.0,13:06:30,13:13:30,True,3,,5
2160924,medium,183.0,1.0,40-ft,PCT,MF,14855039,14854961,188,188,53161,53495,Coquitlam Central Station @ Bay 6,Coquitlam Central Station @ Bay 8,53161,Coquitlam Central Station,47190,47670,in_service_layover,67.03955274743375,72.2486718216314,29.379431578474794,480,8.0,13:06:30,13:14:30,True,2,,5
2162641,medium,701.0,10.0,40-ft,PCT,MF,14851225,14851268,159,159,53864,53299,Coquitlam Central Station @ Bay 10,Coquitlam Central Station @ Bay 1,53864,Coquitlam Central Station,47430,47910,in_service_layover,65.54481951015346,70.9169729809927,30.29894557553331,480,8.0,13:10:30,13:18:30,True,4,,5
2160825,medium,151.0,10.0,40-ft,PCT,MF,14850182,14850209,152,152,53864,53864,Coquitlam Central Station @ Bay 10,Coquitlam Central Station @ Bay 10,53864,Coquitlam Central Station,47550,48270,in_service_layover,67.83067956889391,75.08894897677867,40.93663946046996,720,12.0,13:12:30,13:24:30,True,1,,5
2160549,medium,701.0,3.0,40-ft,PCT,MF,14878698,14878598,701,701,53864,53161,Coquitlam Central Station @ Bay 10,Coquitlam Central Station @ Bay 6,53864,Coquitlam Central Station,48030,48390,in_service_layover,47.38828019797634,51.99984149488968,26.00920571459119,360,6.0,13:20:30,13:26:30,True,3,,5
2160657,medium,151.0,2.0,40-ft,PCT,MF,14849920,14849972,151,151,53864,53021,Coquitlam Central Station @ Bay 10,Coquitlam Central Station @ Bay 3,53864,Coquitlam Central Station,48390,48690,in_service_layover,69.54725967142765,72.7571683491461,18.103884942332,300,5.0,13:26:30,13:31:30,True,2,,5
2160854,medium,151.0,9.0,40-ft,PCT,MF,14850372,14850442,153,153,53864,53730,Coquitlam Central Station @ Bay 10,Coquitlam Central Station @ Bay 12,53864,Coquitlam Central Station,48390,49050,in_service_layover,67.6554021621627,74.43336312940157,38.227699855227286,660,11.0,13:26:30,13:37:30,True,5,,5
2160900,medium,183.0,7.0,40-ft,PCT,MF,14855040,14854962,188,188,53161,53495,Coquitlam Central Station @ Bay 6,Coquitlam Central Station @ Bay 8,53161,Coquitlam Central Station,48990,49590,in_service_layover,67.29355851356237,73.59459251413874,35.537831763250665,600,10.0,13:36:30,13:46:30,True,4,,5
2160859,medium,152.0,1.0,40-ft,PCT,MF,14851241,14851278,159,159,53864,53299,Coquitlam Central Station @ Bay 10,Coquitlam Central Station @ Bay 1,53864,Coquitlam Central Station,49230,49830,in_service_layover,67.7186378274059,73.95947502759982,35.19832180909367,600,10.0,13:40:30,13:50:30,True,1,,5
2160826,medium,152.0,3.0,40-ft,PCT,MF,14850181,14850208,152,152,53864,53864,Coquitlam Central Station @ Bay 10,Coquitlam Central Station @ Bay 10,53864,Coquitlam Central Station,49410,50070,in_service_layover,69.55830915110293,76.0335198389771,36.52018827961035,660,11.0,13:43:30,13:54:30,True,3,,5
2160421,medium,152.0,7.0,40-ft,PCT,MF,14850373,14850443,153,153,53864,53730,Coquitlam Central Station @ Bay 10,Coquitlam Central Station @ Bay 12,53864,Coquitlam Central Station,50190,50730,in_service_layover,68.10884487857419,73.75486032166944,31.843527099057212,540,9.0,13:56:30,14:05:30,True,2,,5
2161036,medium,183.0,2.0,40-ft,PCT,MF,14855453,14855420,191,191,53864,53887,Coquitlam Central Station @ Bay 10,Coquitlam Central Station @ Bay 11,53864,Coquitlam Central Station,50430,51510,in_service_layover,69.99780939503555,79.3999434530096,53.0280360869736,1080,18.0,14:00:30,14:18:30,True,5,,5
2160832,medium,183.0,4.0,40-ft,PCT,MF,14855041,14853820,188,183,53161,53866,Coquitlam Central Station @ Bay 6,Coquitlam Central Station @ Bay 5,53161,Coquitlam Central Station,50790,51030,in_service_layover,68.74192948873585,71.39116678917547,14.941698374479472,240,4.0,14:06:30,14:10:30,True,4,,5
2160828,medium,152.0,15.0,40-ft,PCT,MF,14851240,14851277,159,159,53864,53299,Coquitlam Central Station @ Bay 10,Coquitlam Central Station @ Bay 1,53864,Coquitlam Central Station,51150,51510,in_service_layover,68.6821658164027,72.55572158704581,21.846854546427153,360,6.0,14:12:30,14:18:30,True,1,,5
2160657,medium,151.0,2.0,40-ft,PCT,MF,14849922,14849974,151,151,53864,53021,Coquitlam Central Station @ Bay 10,Coquitlam Central Station @ Bay 3,53864,Coquitlam Central Station,51930,52710,in_service_layover,68.31728659168347,75.97448497417255,43.186598877238396,780,13.0,14:25:30,14:38:30,True,3,,5
2162572,medium,701.0,12.0,40-ft,PCT,MF,14878702,14878602,701,701,53864,53161,Coquitlam Central Station @ Bay 10,Coquitlam Central Station @ Bay 6,53864,Coquitlam Central Station,51990,52410,in_service_layover,61.67849461689852,66.77719288481242,28.756658231034407,420,7.0,14:26:30,14:33:30,True,2,,5
2160840,medium,151.0,1.0,40-ft,PCT,MF,14850374,14850444,153,153,53864,53730,Coquitlam Central Station @ Bay 10,Coquitlam Central Station @ Bay 12,53864,Coquitlam Central Station,51990,52530,in_service_layover,68.19345513742218,73.82860416935368,31.78224054009371,540,9.0,14:26:30,14:35:30,True,4,,5
2161016,medium,183.0,11.0,40-ft,PCT,MF,14855454,14855421,191,191,53864,53887,Coquitlam Central Station @ Bay 10,Coquitlam Central Station @ Bay 11,53864,Coquitlam Central Station,52290,53190,in_service_layover,67.01249776796969,75.8639863978857,49.92239587272627,900,15.0,14:31:30,14:46:30,True,1,,5
2160869,medium,701.0,6.0,40-ft,PCT,MF,14878703,14878603,701,701,53864,53161,Coquitlam Central Station @ Bay 10,Coquitlam Central Station @ Bay 6,53864,Coquitlam Central Station,52890,53310,in_service_layover,54.7195765927901,60.235909116338604,31.112115432813596,420,7.0,14:41:30,14:48:30,True,5,,5
2160808,medium,183.0,9.0,40-ft,PCT,MF,14851239,14851275,159,159,53864,53299,Coquitlam Central Station @ Bay 10,Coquitlam Central Station @ Bay 1,53864,Coquitlam Central Station,53010,53610,in_service_layover,65.40576860126227,71.9687614245388,37.01527952327962,600,10.0,14:43:30,14:53:30,True,2,,5
2160825,medium,151.0,10.0,40-ft,PCT,MF,14850179,14850237,152,152,53864,53864,Coquitlam Central Station @ Bay 10,Coquitlam Central Station @ Bay 10,53864,Coquitlam Central Station,53070,53610,in_service_layover,68.55124479480743,74.14024948079859,31.52198642899009,540,9.0,14:44:30,14:53:30,True,4,,5
2162571,medium,701.0,4.0,40-ft,PCT,MF,14878659,14878604,701,701,53864,53161,Coquitlam Central Station @ Bay 10,Coquitlam Central Station @ Bay 6,53864,Coquitlam Central Station,53970,54210,in_service_layover,58.676376533928355,61.8128330002478,17.689614470041704,240,4.0,14:59:30,15:03:30,True,3,,5
2161035,medium,183.0,6.0,40-ft,PCT,MF,14853767,14855422,183,191,53161,53887,Coquitlam Central Station @ Bay 6,Coquitlam Central Station @ Bay 11,53161,Coquitlam Central Station,54750,54990,in_service_layover,64.8645394837166,67.71255180127137,16.062789471008898,240,4.0,15:12:30,15:16:30,True,1,,5
2161037,medium,701.0,1.0,40-ft,PCT,MF,14878660,14878605,701,701,53864,53161,Coquitlam Central Station @ Bay 10,Coquitlam Central Station @ Bay 6,53864,Coquitlam Central Station,54810,55230,in_service_layover,54.694121662664564,60.21068186233563,31.11339952614486,420,7.0,15:13:30,15:20:30,True,5,,5
2160826,medium,152.0,3.0,40-ft,PCT,MF,14850178,14850234,152,152,53864,53864,Coquitlam Central Station @ Bay 10,Coquitlam Central Station @ Bay 10,53864,Coquitlam Central Station,54930,55470,in_service_layover,69.49581565700586,74.96148387590301,30.826368754579903,540,9.0,15:15:30,15:24:30,True,2,,5
2160803,medium,152.0,13.0,40-ft,PCT,MF,14851238,14849975,159,151,53864,53021,Coquitlam Central Station @ Bay 10,Coquitlam Central Station @ Bay 3,53864,Coquitlam Central Station,54990,55650,in_service_layover,66.68483095487908,73.61377583812,39.07924914147884,660,11.0,15:16:30,15:27:30,True,4,,5
2160900,medium,183.0,7.0,40-ft,PCT,MF,14855043,14854749,188,187,53161,53357,Coquitlam Central Station @ Bay 6,Coquitlam Central Station @ Bay 9,53161,Coquitlam Central Station,55470,56250,in_service_layover,67.594469354326,75.3868684864786,43.94913110534077,780,13.0,15:24:30,15:37:30,True,3,,5
2160857,medium,701.0,13.0,40-ft,PCT,MF,14850376,14878552,153,701,53864,53161,Coquitlam Central Station @ Bay 10,Coquitlam Central Station @ Bay 6,53864,Coquitlam Central Station,55830,56070,in_service_layover,68.6489877683862,71.30341958834781,14.970995464583439,240,4.0,15:30:30,15:34:30,True,1,,5
2160913,medium,183.0,3.0,40-ft,PCT,MF,14855044,14855236,188,189,53161,53035,Coquitlam Central Station @ Bay 6,Coquitlam Central Station @ Bay 4,53161,Coquitlam Central Station,56670,56910,in_service_layover,64.52966584183318,67.39351142850772,16.152089108844507,240,4.0,15:44:30,15:48:30,True,5,,5
2160805,medium,152.0,10.0,40-ft,PCT,MF,14851224,14851267,159,159,53864,53299,Coquitlam Central Station @ Bay 10,Coquitlam Central Station @ Bay 1,53864,Coquitlam Central Station,57090,57510,in_service_layover,68.38922390385704,72.8759141532043,25.30493300631855,420,7.0,15:51:30,15:58:30,True,2,,5
2160549,medium,701.0,3.0,40-ft,PCT,MF,14878661,14878562,701,701,53864,53161,Coquitlam Central Station @ Bay 10,Coquitlam Central Station @ Bay 6,53864,Coquitlam Central Station,57390,58710,in_service_layover,40.343750343921045,57.31865909702405,95.73848536750094,1320,22.0,15:56:30,16:18:30,True,4,,5
2160810,medium,151.0,6.0,40-ft,PCT,MF,14849926,14849976,151,151,53864,53021,Coquitlam Central Station @ Bay 10,Coquitlam Central Station @ Bay 3,53864,Coquitlam Central Station,57570,57810,in_service_layover,65.04239264565365,67.88199583025632,16.015361961159044,240,4.0,15:59:30,16:03:30,True,1,,5
2161035,medium,183.0,6.0,40-ft,PCT,MF,14855457,14854969,191,188,53864,53495,Coquitlam Central Station @ Bay 10,Coquitlam Central Station @ Bay 8,53864,Coquitlam Central Station,58050,58350,in_service_layover,64.04260160489966,67.61573139175104,20.15245199784181,300,5.0,16:07:30,16:12:30,True,3,,5
2161034,medium,183.0,5.0,40-ft,PCT,MF,14853769,14855424,183,191,53161,53887,Coquitlam Central Station @ Bay 6,Coquitlam Central Station @ Bay 11,53161,Coquitlam Central Station,58650,59010,in_service_layover,65.0052825566093,69.17622472717316,23.52411384198018,360,6.0,16:17:30,16:23:30,True,5,,5
2160913,medium,183.0,3.0,40-ft,PCT,MF,14855269,14854970,189,188,53864,53495,Coquitlam Central Station @ Bay 10,Coquitlam Central Station @ Bay 8,53864,Coquitlam Central Station,58710,59070,in_service_layover,65.39018249671145,69.53155381037752,23.35733420907667,360,6.0,16:18:30,16:24:30,True,2,,5
2160828,medium,152.0,15.0,40-ft,PCT,MF,14851223,14850204,159,152,53864,53864,Coquitlam Central Station @ Bay 10,Coquitlam Central Station @ Bay 10,53864,Coquitlam Central Station,58890,59250,in_service_layover,68.97314342816121,72.82174337148763,21.706103680360968,360,6.0,16:21:30,16:27:30,True,1,,5
2160803,medium,152.0,13.0,40-ft,PCT,MF,14849945,14851298,151,159,53864,53299,Coquitlam Central Station @ Bay 10,Coquitlam Central Station @ Bay 1,53864,Coquitlam Central Station,59250,59490,in_service_layover,69.17389408065738,71.79871003360905,14.80396197464745,240,4.0,16:27:30,16:31:30,True,3,,5
2160855,medium,701.0,8.0,40-ft,PCT,MF,14850380,14878551,153,701,53864,53161,Coquitlam Central Station @ Bay 10,Coquitlam Central Station @ Bay 6,53864,Coquitlam Central Station,59370,59970,in_service_layover,67.81812259805663,74.04480718734212,35.11850108357021,600,10.0,16:29:30,16:39:30,True,4,,5
2161016,medium,183.0,11.0,40-ft,PCT,MF,14855458,14853800,191,183,53864,53866,Coquitlam Central Station @ Bay 10,Coquitlam Central Station @ Bay 5,53864,Coquitlam Central Station,59850,60210,in_service_layover,68.5240860051423,72.41111229348117,21.92282826623125,360,6.0,16:37:30,16:43:30,True,5,,5
2161036,medium,183.0,2.0,40-ft,PCT,MF,14855047,14854975,188,188,53161,53495,Coquitlam Central Station @ Bay 6,Coquitlam Central Station @ Bay 8,53161,Coquitlam Central Station,60090,60810,in_service_layover,69.72987009682514,76.65710698514121,39.06961605010264,720,12.0,16:41:30,16:53:30,True,2,,5
2160826,medium,152.0,3.0,40-ft,PCT,MF,14850176,14853801,152,183,53864,53866,Coquitlam Central Station @ Bay 10,Coquitlam Central Station @ Bay 5,53864,Coquitlam Central Station,60450,61110,in_service_layover,68.35037327859888,75.01879940059001,37.609923328030106,660,11.0,16:47:30,16:58:30,True,1,,5
2160808,medium,183.0,9.0,40-ft,PCT,MF,14851214,14849978,159,151,53864,53021,Coquitlam Central Station @ Bay 10,Coquitlam Central Station @ Bay 3,53864,Coquitlam Central Station,61110,61410,in_service_layover,67.89369974395686,71.22055825023824,18.763481975427,300,5.0,16:58:30,17:03:30,True,3,,5
2160810,medium,151.0,6.0,40-ft,PCT,MF,14849927,14854705,151,187,53864,53357,Coquitlam Central Station @ Bay 10,Coquitlam Central Station @ Bay 9,53864,Coquitlam Central Station,61230,62190,in_service_layover,63.442114072793686,73.54468986716918,56.978527480277705,960,16.0,17:00:30,17:16:30,True,4,,5
2160900,medium,183.0,7.0,40-ft,PCT,MF,14854787,14851289,187,159,53864,53299,Coquitlam Central Station @ Bay 10,Coquitlam Central Station @ Bay 1,53864,Coquitlam Central Station,61650,62250,in_service_layover,67.98059856503062,74.18411669133764,34.987842232371634,600,10.0,17:07:30,17:17:30,True,5,,5
2162572,medium,701.0,12.0,40-ft,PCT,MF,14878666,14878583,701,701,53864,53161,Coquitlam Central Station @ Bay 10,Coquitlam Central Station @ Bay 6,53864,Coquitlam Central Station,61830,62550,in_service_layover,55.121101733843794,64.28395732245316,51.67850551975681,720,12.0,17:10:30,17:22:30,True,2,,5
2160832,medium,183.0,4.0,40-ft,PCT,MF,14855049,14850200,188,152,53161,53864,Coquitlam Central Station @ Bay 6,Coquitlam Central Station @ Bay 10,53161,Coquitlam Central Station,61890,62610,in_service_layover,61.31832597665845,69.6442586406911,46.95826022514416,720,12.0,17:11:30,17:23:30,True,1,,5
2161034,medium,183.0,5.0,40-ft,PCT,MF,14855459,14855403,191,191,53864,53887,Coquitlam Central Station @ Bay 10,Coquitlam Central Station @ Bay 11,53864,Coquitlam Central Station,62130,62610,in_service_layover,65.50627453080146,70.88255971820898,30.3222484569784,480,8.0,17:15:30,17:23:30,True,3,,5
2160869,medium,701.0,6.0,40-ft,PCT,MF,14878667,14878584,701,701,53864,53161,Coquitlam Central Station @ Bay 10,Coquitlam Central Station @ Bay 6,53864,Coquitlam Central Station,62790,63450,in_service_layover,48.57981796536998,57.15658099803148,48.372943504210866,660,11.0,17:26:30,17:37:30,True,4,,5
2161035,medium,183.0,6.0,40-ft,PCT,MF,14855051,14854974,188,188,53161,53495,Coquitlam Central Station @ Bay 6,Coquitlam Central Station @ Bay 8,53161,Coquitlam Central Station,63630,64050,in_service_layover,63.77435065138993,68.6938189707602,27.74580132124828,420,7.0,17:40:30,17:47:30,True,5,,5
2162571,medium,701.0,4.0,40-ft,PCT,MF,14878668,14878585,701,701,53864,53161,Coquitlam Central Station @ Bay 10,Coquitlam Central Station @ Bay 6,53864,Coquitlam Central Station,63690,64470,in_service_layover,50.15674184927917,60.29249749146792,57.165661821944525,780,13.0,17:41:30,17:54:30,True,2,,5
2160828,medium,152.0,15.0,40-ft,PCT,MF,14850172,14850198,152,152,53864,53864,Coquitlam Central Station @ Bay 10,Coquitlam Central Station @ Bay 10,53864,Coquitlam Central Station,64050,64410,in_service_layover,68.1962738654781,72.11103781538995,22.079268677502853,360,6.0,17:47:30,17:53:30,True,1,,5
2160913,medium,183.0,3.0,40-ft,PCT,MF,14855052,14855244,188,189,53161,53035,Coquitlam Central Station @ Bay 6,Coquitlam Central Station @ Bay 4,53161,Coquitlam Central Station,64410,64950,in_service_layover,66.93594510590651,72.73077465304833,32.682838645879826,540,9.0,17:53:30,18:02:30,True,3,,5
2160810,medium,151.0,6.0,40-ft,PCT,MF,14854790,14854708,187,187,53864,53357,Coquitlam Central Station @ Bay 10,Coquitlam Central Station @ Bay 9,53864,Coquitlam Central Station,64530,65250,in_service_layover,69.84155490644517,76.7490487303128,38.95826516661339,720,12.0,17:55:30,18:07:30,True,4,,5
2161037,medium,701.0,1.0,40-ft,PCT,MF,14878669,14854996,701,188,53864,53495,Coquitlam Central Station @ Bay 10,Coquitlam Central Station @ Bay 8,53864,Coquitlam Central Station,64710,65370,in_service_layover,48.554590711367,57.13061136176187,48.36875646822705,660,11.0,17:58:30,18:09:30,True,5,,5
2160808,medium,183.0,9.0,40-ft,PCT,MF,14849929,14849980,151,151,53864,53021,Coquitlam Central Station @ Bay 10,Coquitlam Central Station @ Bay 3,53864,Coquitlam Central Station,64830,65010,in_service_layover,69.45453756527942,71.43756932775268,11.18429914034914,180,3.0,18:00:30,18:03:30,True,1,,5
2160857,medium,701.0,13.0,40-ft,PCT,MF,14878631,14878553,701,701,53864,53161,Coquitlam Central Station @ Bay 10,Coquitlam Central Station @ Bay 6,53864,Coquitlam Central Station,65310,66150,in_service_layover,59.64732843737918,69.44416830822585,55.254176871575226,840,14.0,18:08:30,18:22:30,True,2,,5
2161034,medium,183.0,5.0,40-ft,PCT,MF,14855438,14853774,191,183,53864,53866,Coquitlam Central Station @ Bay 10,Coquitlam Central Station @ Bay 5,53864,Coquitlam Central Station,65550,66390,in_service_layover,67.21260952183728,75.55740849428268,47.06466620459213,840,14.0,18:12:30,18:26:30,True,3,,5
2161016,medium,183.0,11.0,40-ft,PCT,MF,14853738,14855402,183,191,53161,53887,Coquitlam Central Station @ Bay 6,Coquitlam Central Station @ Bay 11,53161,Coquitlam Central Station,65730,66690,in_service_layover,68.89889320783251,77.76293825880651,49.99321408749336,960,16.0,18:15:30,18:31:30,True,1,,5
2160803,medium,152.0,13.0,40-ft,PCT,MF,14851234,14850242,159,152,53864,53864,Coquitlam Central Station @ Bay 10,Coquitlam Central Station @ Bay 10,53864,Coquitlam Central Station,66330,66570,in_service_layover,65.04369290955069,67.8832346159549,16.015015224119793,240,4.0,18:25:30,18:29:30,True,4,,5
2160826,medium,152.0,3.0,40-ft,PCT,MF,14853739,14878563,183,701,53161,53161,Coquitlam Central Station @ Bay 6,Coquitlam Central Station @ Bay 6,53161,Coquitlam Central Station,66510,66690,in_service_layover,68.24762046402931,70.2807356035032,11.466769386632734,180,3.0,18:28:30,18:31:30,True,5,,5
2160832,medium,183.0,4.0,40-ft,PCT,MF,14850168,14850236,152,152,53864,53864,Coquitlam Central Station @ Bay 10,Coquitlam Central Station @ Bay 10,53864,Coquitlam Central Station,67650,68010,in_service_layover,68.91761499052245,72.77099371215525,21.733055990009007,360,6.0,18:47:30,18:53:30,True,2,,5
2160805,medium,152.0,10.0,40-ft,PCT,MF,14850390,14849982,153,151,53864,53021,Coquitlam Central Station @ Bay 10,Coquitlam Central Station @ Bay 3,53864,Coquitlam Central Station,68070,68610,in_service_layover,68.59794759510696,74.18090600383925,31.48788542525017,540,9.0,18:54:30,19:03:30,True,3,,5
2161035,medium,183.0,6.0,40-ft,PCT,MF,14855006,14854989,188,188,53161,53495,Coquitlam Central Station @ Bay 6,Coquitlam Central Station @ Bay 8,53161,Coquitlam Central Station,68670,69510,in_service_layover,65.49207077218958,74.17731626256379,48.98478456571047,840,14.0,19:04:30,19:18:30,True,4,,5
2162572,medium,701.0,12.0,40-ft,PCT,MF,14878647,14878577,701,701,53864,53161,Coquitlam Central Station @ Bay 10,Coquitlam Central Station @ Bay 6,53864,Coquitlam Central Station,69930,70410,in_service_layover,52.62786617148453,58.92027691529859,35.48919659511131,480,8.0,19:25:30,19:33:30,True,1,,5
2160806,medium,183.0,33.0,40-ft,PCT,MF,14853742,14849983,183,151,53161,53021,Coquitlam Central Station @ Bay 6,Coquitlam Central Station @ Bay 3,53161,Coquitlam Central Station,69990,70410,in_service_layover,68.58672753964706,73.05372554843326,25.193868769554115,420,7.0,19:26:30,19:33:30,True,5,,5
2160833,medium,701.0,32.0,40-ft,PCT,MF,14850166,14850463,152,153,53864,53730,Coquitlam Central Station @ Bay 10,Coquitlam Central Station @ Bay 12,53864,Coquitlam Central Station,70170,70410,in_service_layover,68.01431642761263,70.70365072747268,15.167845451210667,240,4.0,19:29:30,19:33:30,True,2,,5
2160869,medium,701.0,6.0,40-ft,PCT,MF,14878648,14878578,701,701,53864,53161,Coquitlam Central Station @ Bay 10,Coquitlam Central Station @ Bay 6,53864,Coquitlam Central Station,70830,71190,in_service_layover,45.500489847062845,50.09005940662969,25.885172315956993,360,6.0,19:40:30,19:46:30,True,3,,5
2161034,medium,183.0,5.0,40-ft,PCT,MF,14853716,14855397,183,191,53161,53887,Coquitlam Central Station @ Bay 6,Coquitlam Central Station @ Bay 11,53161,Coquitlam Central Station,71190,71850,in_service_layover,68.78622955772198,75.38535231475441,37.219052349662945,660,11.0,19:46:30,19:57:30,True,4,,5
2162571,medium,701.0,4.0,40-ft,PCT,MF,14878649,14878579,701,701,53864,53161,Coquitlam Central Station @ Bay 10,Coquitlam Central Station @ Bay 6,53864,Coquitlam Central Station,71730,72210,in_service_layover,48.63640634049929,54.83549153704538,34.962840508519946,480,8.0,19:55:30,20:03:30,True,1,,5
2160805,medium,152.0,10.0,40-ft,PCT,MF,14849933,14849984,151,151,53864,53021,Coquitlam Central Station @ Bay 10,Coquitlam Central Station @ Bay 3,53864,Coquitlam Central Station,71850,72210,in_service_layover,69.74102424637664,73.52276554346756,21.32902091559282,360,6.0,19:57:30,20:03:30,True,2,,5
2160860,medium,151.0,37.0,40-ft,PCT,MF,14850393,14851295,153,159,53864,53299,Coquitlam Central Station @ Bay 10,Coquitlam Central Station @ Bay 1,53864,Coquitlam Central Station,72210,72870,in_service_layover,67.87895755686775,74.6218144812826,38.029713053699766,660,11.0,20:03:30,20:14:30,True,5,,5
2165174,medium,152.0,36.0,40-ft,PCT,MF,14878639,14878557,701,701,53864,53161,Coquitlam Central Station @ Bay 10,Coquitlam Central Station @ Bay 6,53864,Coquitlam Central Station,72630,73110,in_service_layover,63.1332419803604,68.7568332435994,31.717054724667946,480,8.0,20:10:30,20:18:30,True,3,,5
2160913,medium,183.0,3.0,40-ft,PCT,MF,14853735,14855400,183,191,53161,53887,Coquitlam Central Station @ Bay 6,Coquitlam Central Station @ Bay 11,53161,Coquitlam Central Station,72690,73770,in_service_layover,67.33141578689388,77.39675512564622,56.76851387056314,1080,18.0,20:11:30,20:29:30,True,4,,5
2160806,medium,183.0,33.0,40-ft,PCT,MF,14849934,14849985,151,151,53864,53021,Coquitlam Central Station @ Bay 10,Coquitlam Central Station @ Bay 3,53864,Coquitlam Central Station,73530,74010,in_service_layover,68.61384379097063,73.64530201657561,28.377424392412138,480,8.0,20:25:30,20:33:30,True,1,,5
2160857,medium,701.0,13.0,40-ft,PCT,MF,14878630,14878554,701,701,53864,53161,Coquitlam Central Station @ Bay 10,Coquitlam Central Station @ Bay 6,53864,Coquitlam Central Station,73710,74010,in_service_layover,57.78807715725722,61.71203003200152,22.131094213557844,300,5.0,20:28:30,20:33:30,True,2,,5
2161035,medium,183.0,6.0,40-ft,PCT,MF,14855015,14853822,188,183,53161,53866,Coquitlam Central Station @ Bay 6,Coquitlam Central Station @ Bay 5,53161,Coquitlam Central Station,73950,74310,in_service_layover,68.17719310275105,72.09356323067061,22.08832752146634,360,6.0,20:32:30,20:38:30,True,5,,5
2160549,medium,701.0,3.0,40-ft,PCT,MF,14878643,14878567,701,701,53864,53161,Coquitlam Central Station @ Bay 10,Coquitlam Central Station @ Bay 6,53864,Coquitlam Central Station,74550,74910,in_service_layover,34.00647679508678,38.52953107819644,25.510026156738462,360,6.0,20:42:30,20:48:30,True,3,,5
2160828,medium,152.0,15.0,40-ft,PCT,MF,14851215,14851296,159,159,53864,53299,Coquitlam Central Station @ Bay 10,Coquitlam Central Station @ Bay 1,53864,Coquitlam Central Station,75210,75390,in_service_layover,64.59691847347548,66.76369441413239,12.22061630530493,180,3.0,20:53:30,20:56:30,True,4,,5
2160805,medium,152.0,10.0,40-ft,PCT,MF,14849935,14849986,151,151,53864,53021,Coquitlam Central Station @ Bay 10,Coquitlam Central Station @ Bay 3,53864,Coquitlam Central Station,75450,75810,in_service_layover,69.08288378600493,72.92201766136027,21.65271505700406,360,6.0,20:57:30,21:03:30,True,1,,5
2160830,medium,152.0,47.0,40-ft,PCT,MF,14850395,14850466,153,153,53864,53730,Coquitlam Central Station @ Bay 10,Coquitlam Central Station @ Bay 12,53864,Coquitlam Central Station,75690,75930,in_service_layover,67.51009755644247,70.22645344808627,15.320247228871096,240,4.0,21:01:30,21:05:30,True,2,,5
2160836,medium,701.0,36.0,40-ft,PCT,MF,14850156,14850467,152,153,53864,53730,Coquitlam Central Station @ Bay 10,Coquitlam Central Station @ Bay 12,53864,Coquitlam Central Station,76530,77310,in_service_layover,65.9862762147358,74.07486706632193,45.6196524029458,780,13.0,21:15:30,21:28:30,True,5,,5
2162572,medium,701.0,12.0,40-ft,PCT,MF,14878651,14878569,701,701,53864,53161,Coquitlam Central Station @ Bay 10,Coquitlam Central Station @ Bay 6,53864,Coquitlam Central Station,76950,77610,in_service_layover,47.26418576432996,55.80321635423912,48.16013252708768,660,11.0,21:22:30,21:33:30,True,3,,5
2160912,medium,160.0,1.0,40-ft,PCT,MF,14855008,14855399,188,191,53161,53887,Coquitlam Central Station @ Bay 6,Coquitlam Central Station @ Bay 11,53161,Coquitlam Central Station,77010,77310,in_service_layover,69.25451971858344,72.48562306623523,18.22342288075606,300,5.0,21:23:30,21:28:30,True,4,,5
2160834,medium,151.0,36.0,40-ft,PCT,MF,14850396,14850239,153,152,53864,53864,Coquitlam Central Station @ Bay 10,Coquitlam Central Station @ Bay 10,53864,Coquitlam Central Station,77490,77910,in_service_layover,68.72991697582151,73.18257866670301,25.113011936571638,420,7.0,21:31:30,21:38:30,True,1,,5
2160891,medium,151.0,31.0,40-ft,PCT,MF,14851216,14851260,159,159,53864,53299,Coquitlam Central Station @ Bay 10,Coquitlam Central Station @ Bay 1,53864,Coquitlam Central Station,77670,77910,in_service_layover,69.95190965064499,72.53158116915284,14.549347364384346,240,4.0,21:34:30,21:38:30,True,2,,5
2162571,medium,701.0,4.0,40-ft,PCT,MF,14878652,14878570,701,701,53864,53161,Coquitlam Central Station @ Bay 10,Coquitlam Central Station @ Bay 6,53864,Coquitlam Central Station,78690,79410,in_service_layover,43.17940038607674,52.40456674627314,52.02993827150769,720,12.0,21:51:30,22:03:30,True,4,,5
2160912,medium,160.0,1.0,40-ft,PCT,MF,14855434,14854993,191,188,53864,53495,Coquitlam Central Station @ Bay 10,Coquitlam Central Station @ Bay 8,53864,Coquitlam Central Station,79470,79830,in_service_layover,68.81567286986352,72.67780430544072,21.7824212966554,360,6.0,22:04:30,22:10:30,True,5,,5
2160869,medium,701.0,6.0,40-ft,PCT,MF,14878653,14905811,701,191,53864,53887,Coquitlam Central Station @ Bay 10,Coquitlam Central Station @ Bay 11,53864,Coquitlam Central Station,79830,80910,in_service_layover,31.871987887168864,45.52391811776341,76.99688650055322,1080,18.0,22:10:30,22:28:30,True,3,,5
2160913,medium,183.0,3.0,40-ft,PCT,MF,14855010,14854994,188,188,53161,53495,Coquitlam Central Station @ Bay 6,Coquitlam Central Station @ Bay 8,53161,Coquitlam Central Station,80550,81630,in_service_layover,67.72668176946178,77.6920499833126,56.204676726118635,1080,18.0,22:22:30,22:40:30,True,1,,5
2160828,medium,152.0,15.0,40-ft,PCT,MF,14851217,14851261,159,159,53864,53299,Coquitlam Central Station @ Bay 10,Coquitlam Central Station @ Bay 1,53864,Coquitlam Central Station,80730,81030,in_service_layover,57.520846845341644,61.45284740799528,22.176483173366535,300,5.0,22:25:30,22:30:30,True,2,,5
2160857,medium,701.0,13.0,40-ft,PCT,MF,14878632,14878555,701,701,53864,53161,Coquitlam Central Station @ Bay 10,Coquitlam Central Station @ Bay 6,53864,Coquitlam Central Station,80850,81210,in_service_layover,50.055938881032894,54.70984838553553,26.248049605394897,360,6.0,22:27:30,22:33:30,True,4,,5
2160836,medium,701.0,36.0,40-ft,PCT,MF,14850398,14850238,153,152,53864,53864,Coquitlam Central Station @ Bay 10,Coquitlam Central Station @ Bay 10,53864,Coquitlam Central Station,80850,81450,in_service_layover,68.05380066974199,74.24686053932533,34.928857664449936,600,10.0,22:27:30,22:37:30,True,5,,5
2160805,medium,152.0,10.0,40-ft,PCT,MF,14849939,14849955,151,151,53864,53021,Coquitlam Central Station @ Bay 10,Coquitlam Central Station @ Bay 3,53864,Coquitlam Central Station,82470,83010,in_service_layover,69.95251256412264,75.35776037966045,30.4855976796332,540,9.0,22:54:30,23:03:30,True,3,,5
2160891,medium,151.0,31.0,40-ft,PCT,MF,14851218,14851262,159,159,53864,53299,Coquitlam Central Station @ Bay 10,Coquitlam Central Station @ Bay 1,53864,Coquitlam Central Station,83130,83490,in_service_layover,65.98027835607981,70.07560646603706,23.09765054015884,360,6.0,23:05:30,23:11:30,True,2,,5
2160804,medium,151.0,8.0,40-ft,PCT,MF,14849940,14849956,151,151,53864,53021,Coquitlam Central Station @ Bay 10,Coquitlam Central Station @ Bay 3,53864,Coquitlam Central Station,84150,84810,in_service_layover,69.18391358723213,75.71939487173981,36.86011444462338,660,11.0,23:22:30,23:33:30,True,4,,5
2162572,medium,701.0,12.0,40-ft,PCT,MF,14878654,14878566,701,701,53864,53161,Coquitlam Central Station @ Bay 10,Coquitlam Central Station @ Bay 6,53864,Coquitlam Central Station,84390,84810,in_service_layover,44.14712520327049,49.49489792349795,30.161438142082915,420,7.0,23:26:30,23:33:30,True,5,,5
2162571,medium,701.0,4.0,40-ft,PCT,MF,14878655,14878571,701,701,53864,53161,Coquitlam Central Station @ Bay 10,Coquitlam Central Station @ Bay 6,53864,Coquitlam Central Station,85770,86610,in_service_layover,40.748475595304505,51.48623461347941,60.56096086250645,840,14.0,23:49:30,24:03:30,True,1,,5
2160828,medium,152.0,15.0,40-ft,PCT,MF,14851219,14851263,159,159,53864,53299,Coquitlam Central Station @ Bay 10,Coquitlam Central Station @ Bay 1,53864,Coquitlam Central Station,86130,86370,in_service_layover,55.379430038618594,58.53771409314863,17.81272206754943,240,4.0,23:55:30,23:59:30,True,3,,5
2160857,medium,701.0,13.0,40-ft,PCT,MF,14878633,14878556,701,701,53864,53161,Coquitlam Central Station @ Bay 10,Coquitlam Central Station @ Bay 6,53864,Coquitlam Central Station,87570,88410,in_service_layover,43.053757234566895,53.85336203780307,60.909771090252065,840,14.0,24:19:30,24:33:30,True,2,,5
2160891,medium,151.0,31.0,40-ft,PCT,MF,14851220,14851264,159,159,53864,53299,Coquitlam Central Station @ Bay 10,Coquitlam Central Station @ Bay 1,53864,Coquitlam Central Station,88530,88830,in_service_layover,64.9642662857693,68.48178179047926,19.838787446564197,300,5.0,24:35:30,24:40:30,True,4,,5
2160913,medium,183.0,3.0,40-ft,PCT,MF,14855012,14854991,188,188,53161,53495,Coquitlam Central Station @ Bay 6,Coquitlam Central Station @ Bay 8,53161,Coquitlam Central Station,88650,89010,in_service_layover,68.33217683038762,72.23547361877695,22.01459388651574,360,6.0,24:37:30,24:43:30,True,5,,5
2160806,medium,183.0,33.0,40-ft,PCT,MF,14850151,14886298,152,N9,53864,53161,Coquitlam Central Station @ Bay 10,Coquitlam Central Station @ Bay 6,53864,Coquitlam Central Station,89190,89370,in_service_layover,66.82155605345062,68.90922524065532,11.77445421583451,180,3.0,24:46:30,24:49:30,True,3,,5
2162572,medium,701.0,12.0,40-ft,PCT,MF,14878640,14878565,701,701,53864,53161,Coquitlam Central Station @ Bay 10,Coquitlam Central Station @ Bay 6,53864,Coquitlam Central Station,91050,92010,in_service_layover,37.83880677252932,50.07233623742399,68.99710618200592,960,16.0,25:17:30,25:33:30,True,1,,5
2160828,medium,152.0,15.0,40-ft,PCT,MF,14851221,14886297,159,N9,53864,53161,Coquitlam Central Station @ Bay 10,Coquitlam Central Station @ Bay 6,53864,Coquitlam Central Station,91170,91470,in_service_layover,51.64495640701412,55.540624065497305,21.971565593845185,300,5.0,25:19:30,25:24:30,True,2,,5
2160913,medium,183.0,3.0,40-ft,PCT,MF,14855011,14854990,188,188,53161,53495,Coquitlam Central Station @ Bay 6,Coquitlam Central Station @ Bay 8,53161,Coquitlam Central Station,92190,92610,in_service_layover,69.45281671469387,73.83232804618693,24.7004439096209,420,7.0,25:36:30,25:43:30,True,4,,5
2162571,medium,701.0,4.0,40-ft,PCT,MF,14878704,14878573,701,701,53864,53161,Coquitlam Central Station @ Bay 10,Coquitlam Central Station @ Bay 6,53864,Coquitlam Central Station,92790,93810,in_service_layover,39.830143462510776,52.90896510764765,73.76455407857199,1020,17.0,25:46:30,26:03:30,True,5,,5
2159342,medium,22.0,72.0,40-ft,VTC,MF,14827668,14827572,002,002,50640,50640,Dunbar Loop @ Bay 2,Dunbar Loop @ Bay 2,50640,Dunbar Loop,69090,69450,in_service_layover,69.83216247561492,73.60587188052499,21.283721043692765,360,6.0,19:11:30,19:17:30,True,1,,1
2159342,medium,22.0,72.0,40-ft,VTC,MF,14827675,14827577,002,002,50640,50640,Dunbar Loop @ Bay 2,Dunbar Loop @ Bay 2,50640,Dunbar Loop,73770,74130,in_service_layover,67.55332685071363,71.52172464166,22.38176354093747,360,6.0,20:29:30,20:35:30,True,1,,1
2159342,medium,22.0,72.0,40-ft,VTC,MF,14827680,14827582,002,002,50640,50640,Dunbar Loop @ Bay 2,Dunbar Loop @ Bay 2,50640,Dunbar Loop,78090,78570,in_service_layover,65.46917961184865,70.84943750788632,30.34465453365243,480,8.0,21:41:30,21:49:30,True,1,,1
2159342,medium,22.0,72.0,40-ft,VTC,MF,14827685,14827587,002,002,50640,50640,Dunbar Loop @ Bay 2,Dunbar Loop @ Bay 2,50640,Dunbar Loop,82650,83070,in_service_layover,64.79689247807497,69.62499083021196,27.230474706052576,420,7.0,22:57:30,23:04:30,True,1,,1
2160492,medium,106.0,1.0,40-ft,HTC,MF,14844162,14844044,106,106,52992,52771,Edmonds Station @ Bay 2,Edmonds Station @ Bay 4,52992,Edmonds Station,32670,32850,in_service_layover,68.48443544795576,70.5080063345595,11.41293980044503,180,3.0,09:04:30,09:07:30,True,1,,3
2160666,medium,123.0,8.0,40-ft,HTC,MF,14847731,14847751,133,133,52992,52992,Edmonds Station @ Bay 2,Edmonds Station @ Bay 2,52992,Edmonds Station,32670,33150,in_service_layover,68.40391754132906,73.45941923426122,28.513029548137354,480,8.0,09:04:30,09:12:30,True,2,,3
2160598,medium,123.0,4.0,40-ft,HTC,MF,14845294,14845312,116,116,52667,52667,Edmonds Station @ Bay 6,Edmonds Station @ Bay 6,52667,Edmonds Station,32730,32910,in_service_layover,67.17703750535452,69.25157641132729,11.700399429686456,180,3.0,09:05:30,09:08:30,True,3,,3
2160506,medium,123.0,2.0,40-ft,HTC,MF,14844133,14844034,106,106,52992,52771,Edmonds Station @ Bay 2,Edmonds Station @ Bay 4,52992,Edmonds Station,33270,33510,in_service_layover,68.48443544795576,71.14801169101918,15.022570010877644,240,4.0,09:14:30,09:18:30,True,1,,3
2160500,medium,123.0,6.0,40-ft,HTC,MF,14845265,14844047,116,106,52667,52771,Edmonds Station @ Bay 6,Edmonds Station @ Bay 4,52667,Edmonds Station,34650,34950,in_service_layover,66.65310850216997,70.06328851896197,19.233415294706845,300,5.0,09:37:30,09:42:30,True,3,,3
2160569,medium,410.0,8.0,40-ft,HTC,MF,14845037,14845662,112,119,52605,52453,Edmonds Station @ Bay 5,Edmonds Station @ Bay 3,52605,Edmonds Station,34830,35370,in_service_layover,69.3315332037122,74.81881025294533,30.948242557674803,540,9.0,09:40:30,09:49:30,True,2,,3
2160498,medium,106.0,3.0,40-ft,HTC,MF,14844130,14844079,106,106,52992,52771,Edmonds Station @ Bay 2,Edmonds Station @ Bay 4,52992,Edmonds Station,35250,35670,in_service_layover,69.12120415186334,73.534430985341,24.890599340814106,420,7.0,09:47:30,09:54:30,True,1,,3
2160504,medium,123.0,10.0,40-ft,HTC,MF,14845574,14845644,119,119,52453,52453,Edmonds Station @ Bay 3,Edmonds Station @ Bay 3,52453,Edmonds Station,35790,36030,in_service_layover,69.64942020738172,72.24682069385541,14.649338743711496,240,4.0,09:56:30,10:00:30,True,3,,3
2160664,medium,123.0,23.0,40-ft,HTC,MF,14847727,14847749,133,133,52992,52992,Edmonds Station @ Bay 2,Edmonds Station @ Bay 2,52992,Edmonds Station,36150,36870,in_service_layover,68.40391754132906,75.56320649117508,40.378389677131565,720,12.0,10:02:30,10:14:30,True,2,,3
2160490,medium,106.0,2.0,40-ft,HTC,MF,14845264,14845349,116,116,52667,52667,Edmonds Station @ Bay 6,Edmonds Station @ Bay 6,52667,Edmonds Station,36210,36510,in_service_layover,64.64605203620572,68.18300521852707,19.94841594829245,300,5.0,10:03:30,10:08:30,True,1,,3
2160492,medium,106.0,1.0,40-ft,HTC,MF,14844126,14844050,106,106,52992,52771,Edmonds Station @ Bay 2,Edmonds Station @ Bay 4,52992,Edmonds Station,36690,37110,in_service_layover,69.01403434212149,73.43809927694925,24.95172623242854,420,7.0,10:11:30,10:18:30,True,3,,3
2160605,medium,106.0,4.0,40-ft,HTC,MF,14845497,14845641,119,119,52453,52453,Edmonds Station @ Bay 3,Edmonds Station @ Bay 3,52453,Edmonds Station,37950,38190,in_service_layover,68.51958943606704,71.18121763152024,15.011583022356092,240,4.0,10:32:30,10:36:30,True,1,,3
2160598,medium,123.0,4.0,40-ft,HTC,MF,14845263,14845348,116,116,52667,52667,Edmonds Station @ Bay 6,Edmonds Station @ Bay 6,52667,Edmonds Station,38070,38310,in_service_layover,63.526864520625615,66.43812388135254,16.419502794499863,240,4.0,10:34:30,10:38:30,True,2,,3
2160670,medium,123.0,11.0,40-ft,HTC,MF,14847725,14847748,133,133,52992,52992,Edmonds Station @ Bay 2,Edmonds Station @ Bay 2,52992,Edmonds Station,38130,38730,in_service_layover,63.179037856625264,70.03974210770264,38.6943719760763,600,10.0,10:35:30,10:45:30,True,3,,3
2160500,medium,123.0,6.0,40-ft,HTC,MF,14844151,14844080,106,106,52992,52771,Edmonds Station @ Bay 2,Edmonds Station @ Bay 4,52992,Edmonds Station,38850,39210,in_service_layover,69.21355086422474,73.04137491556494,21.58892764955874,360,6.0,10:47:30,10:53:30,True,1,,3
2160498,medium,106.0,3.0,40-ft,HTC,MF,14844194,14844063,106,106,52992,52771,Edmonds Station @ Bay 2,Edmonds Station @ Bay 4,52992,Edmonds Station,39630,39870,in_service_layover,69.4138077419496,72.0248615789444,14.726343640650725,240,4.0,11:00:30,11:04:30,True,2,,3
2160596,medium,123.0,12.0,40-ft,HTC,MF,14845261,14845331,116,116,52667,52667,Edmonds Station @ Bay 6,Edmonds Station @ Bay 6,52667,Edmonds Station,39750,39990,in_service_layover,64.46785897628963,67.33462687339178,16.168570939656092,240,4.0,11:02:30,11:06:30,True,3,,3
2160671,medium,123.0,20.0,40-ft,HTC,MF,14847724,14847775,133,133,52992,52992,Edmonds Station @ Bay 2,Edmonds Station @ Bay 2,52992,Edmonds Station,39930,40470,in_service_layover,63.179037856625264,69.42772992311967,35.242623255028434,540,9.0,11:05:30,11:14:30,True,1,,3
2160502,medium,106.0,7.0,40-ft,HTC,MF,14844188,14844048,106,106,52992,52771,Edmonds Station @ Bay 2,Edmonds Station @ Bay 4,52992,Edmonds Station,40350,40590,in_service_layover,69.68245502266352,72.27793035263073,14.638480861015125,240,4.0,11:12:30,11:16:30,True,2,,3
2160492,medium,106.0,1.0,40-ft,HTC,MF,14844207,14844092,106,106,52992,52771,Edmonds Station @ Bay 2,Edmonds Station @ Bay 4,52992,Edmonds Station,41070,41310,in_service_layover,69.31747603355782,71.93407275109293,14.757605486898001,240,4.0,11:24:30,11:28:30,True,3,,3
2160605,medium,106.0,4.0,40-ft,HTC,MF,14845493,14845637,119,119,52453,52453,Edmonds Station @ Bay 3,Edmonds Station @ Bay 3,52453,Edmonds Station,41610,41790,in_service_layover,69.48368541263349,71.46546321887693,11.177226827213019,180,3.0,11:33:30,11:36:30,True,1,,3
2160490,medium,106.0,2.0,40-ft,HTC,MF,14845260,14845332,116,116,52667,52667,Edmonds Station @ Bay 6,Edmonds Station @ Bay 6,52667,Edmonds Station,41610,41850,in_service_layover,63.88733110761111,66.78154713089191,16.323378371303704,240,4.0,11:33:30,11:37:30,True,2,,3
2160506,medium,123.0,2.0,40-ft,HTC,MF,14844145,14844107,106,106,52992,52771,Edmonds Station @ Bay 2,Edmonds Station @ Bay 4,52992,Edmonds Station,41790,42030,in_service_layover,68.10795224646847,70.79219956723311,15.139154889112604,240,4.0,11:36:30,11:40:30,True,3,,3
2160666,medium,123.0,8.0,40-ft,HTC,MF,14847733,14847760,133,133,52992,52992,Edmonds Station @ Bay 2,Edmonds Station @ Bay 2,52992,Edmonds Station,41790,42270,in_service_layover,60.89091918193552,66.73545236155712,32.96316713306578,480,8.0,11:36:30,11:44:30,True,1,,3
2160569,medium,410.0,8.0,40-ft,HTC,MF,14845576,14845664,119,119,52453,52453,Edmonds Station @ Bay 3,Edmonds Station @ Bay 3,52453,Edmonds Station,42330,42510,in_service_layover,69.42123342325826,71.40569538114218,11.192365442465416,180,3.0,11:45:30,11:48:30,True,2,,3
2160497,medium,123.0,7.0,40-ft,HTC,MF,14844121,14844081,106,106,52992,52771,Edmonds Station @ Bay 2,Edmonds Station @ Bay 4,52992,Edmonds Station,42510,42750,in_service_layover,67.71256883929742,70.41814935729373,15.259474121499181,240,4.0,11:48:30,11:52:30,True,3,,3
2160504,medium,123.0,10.0,40-ft,HTC,MF,14845556,14845636,119,119,52453,52453,Edmonds Station @ Bay 3,Edmonds Station @ Bay 3,52453,Edmonds Station,43110,43290,in_service_layover,67.41837865058767,69.4838257692565,11.649121749292249,180,3.0,11:58:30,12:01:30,True,1,,3
2160500,medium,123.0,6.0,40-ft,HTC,MF,14844195,14844052,106,106,52992,52771,Edmonds Station @ Bay 2,Edmonds Station @ Bay 4,52992,Edmonds Station,43290,43470,in_service_layover,68.92075167217354,70.92637628955049,11.311722842006077,180,3.0,12:01:30,12:04:30,True,2,,3
2160598,medium,123.0,4.0,40-ft,HTC,MF,14845273,14845342,116,116,52667,52667,Edmonds Station @ Bay 6,Edmonds Station @ Bay 6,52667,Edmonds Station,43470,43650,in_service_layover,62.245575144974076,64.49573205472676,12.690884971005175,180,3.0,12:04:30,12:07:30,True,3,,3
2160662,medium,123.0,28.0,40-ft,HTC,MF,14847723,14847747,133,133,52992,52992,Edmonds Station @ Bay 2,Edmonds Station @ Bay 2,52992,Edmonds Station,43590,44190,in_service_layover,63.179037856625264,70.03974210770264,38.6943719760763,600,10.0,12:06:30,12:16:30,True,1,,3
2160597,medium,123.0,31.0,40-ft,HTC,MF,14845560,14845635,119,119,52453,52453,Edmonds Station @ Bay 3,Edmonds Station @ Bay 3,52453,Edmonds Station,43830,44010,in_service_layover,69.70149309120673,71.67383482254792,11.124007364764282,180,3.0,12:10:30,12:13:30,True,2,,3
2160498,medium,106.0,3.0,40-ft,HTC,MF,14844140,14844036,106,106,52992,52771,Edmonds Station @ Bay 2,Edmonds Station @ Bay 4,52992,Edmonds Station,44010,44250,in_service_layover,67.90423833555298,70.59952532891397,15.20141864255595,240,4.0,12:13:30,12:17:30,True,3,,3
2160603,medium,123.0,25.0,40-ft,HTC,MF,14845559,14845634,119,119,52453,52453,Edmonds Station @ Bay 3,Edmonds Station @ Bay 3,52453,Edmonds Station,44610,44790,in_service_layover,66.69402422526628,68.78632819273122,11.800594376502204,180,3.0,12:23:30,12:26:30,True,2,,3
2160502,medium,106.0,7.0,40-ft,HTC,MF,14844208,14844093,106,106,52992,52771,Edmonds Station @ Bay 2,Edmonds Station @ Bay 4,52992,Edmonds Station,44730,45030,in_service_layover,68.15730710923931,71.46597284400816,18.660874744096304,300,5.0,12:25:30,12:30:30,True,1,,3
2160596,medium,123.0,12.0,40-ft,HTC,MF,14845286,14845341,116,116,52667,52667,Edmonds Station @ Bay 6,Edmonds Station @ Bay 6,52667,Edmonds Station,45210,45390,in_service_layover,63.773364754132174,65.9693447273899,12.385327049173554,180,3.0,12:33:30,12:36:30,True,3,,3
2160605,medium,106.0,4.0,40-ft,HTC,MF,14845558,14845633,119,119,52453,52453,Edmonds Station @ Bay 3,Edmonds Station @ Bay 3,52453,Edmonds Station,45390,45570,in_service_layover,69.75598064256296,71.72594354352522,11.110590761427204,180,3.0,12:36:30,12:39:30,True,2,,3
2160492,medium,106.0,1.0,40-ft,HTC,MF,14844143,14844108,106,106,52992,52771,Edmonds Station @ Bay 2,Edmonds Station @ Bay 4,52992,Edmonds Station,45450,45750,in_service_layover,67.8134495077015,71.1458123421196,18.794526386118036,300,5.0,12:37:30,12:42:30,True,1,,3
2160664,medium,123.0,23.0,40-ft,HTC,MF,14847722,14847746,133,133,52992,52992,Edmonds Station @ Bay 2,Edmonds Station @ Bay 2,52992,Edmonds Station,45450,45990,in_service_layover,62.99470643884939,69.2647731158259,35.36317605814753,540,9.0,12:37:30,12:46:30,True,3,,3
2160569,medium,410.0,8.0,40-ft,HTC,MF,14845577,14845665,119,119,52453,52453,Edmonds Station @ Bay 3,Edmonds Station @ Bay 3,52453,Edmonds Station,46110,46290,in_service_layover,69.69874211091415,71.67120376074033,11.124683705019606,180,3.0,12:48:30,12:51:30,True,2,,3
2160506,medium,123.0,2.0,40-ft,HTC,MF,14844141,14844082,106,106,52992,52771,Edmonds Station @ Bay 2,Edmonds Station @ Bay 4,52992,Edmonds Station,46170,46470,in_service_layover,68.6558378055345,71.92962959337964,18.464185683446658,300,5.0,12:49:30,12:54:30,True,1,,3
2160504,medium,123.0,10.0,40-ft,HTC,MF,14845557,14845632,119,119,52453,52453,Edmonds Station @ Bay 3,Edmonds Station @ Bay 3,52453,Edmonds Station,46890,47070,in_service_layover,67.85351406562022,69.90220646319365,11.554625122314178,180,3.0,13:01:30,13:04:30,True,3,,3
2160497,medium,123.0,7.0,40-ft,HTC,MF,14844196,14844051,106,106,52992,52771,Edmonds Station @ Bay 2,Edmonds Station @ Bay 4,52992,Edmonds Station,47010,47190,in_service_layover,68.29766672913439,70.32877639892666,11.45545853762843,180,3.0,13:03:30,13:06:30,True,2,,3
2160490,medium,106.0,2.0,40-ft,HTC,MF,14845283,14845340,116,116,52667,52667,Edmonds Station @ Bay 6,Edmonds Station @ Bay 6,52667,Edmonds Station,47130,47310,in_service_layover,63.25956320699186,65.47376309326873,12.488087358601604,180,3.0,13:05:30,13:08:30,True,1,,3
2160559,medium,123.0,9.0,40-ft,HTC,MF,14844983,14844967,112,112,52605,52605,Edmonds Station @ Bay 5,Edmonds Station @ Bay 5,52605,Edmonds Station,47190,47430,in_service_layover,69.74885676865145,72.34045406627601,14.616608758602524,240,4.0,13:06:30,13:10:30,True,3,,3
2160670,medium,123.0,11.0,40-ft,HTC,MF,14847721,14847745,133,133,52992,52992,Edmonds Station @ Bay 2,Edmonds Station @ Bay 2,52992,Edmonds Station,47310,47790,in_service_layover,57.47124205537693,63.62610037252545,34.71340090871763,480,8.0,13:08:30,13:16:30,True,2,,3
2160597,medium,123.0,31.0,40-ft,HTC,MF,14845555,14845631,119,119,52453,52453,Edmonds Station @ Bay 3,Edmonds Station @ Bay 3,52453,Edmonds Station,47610,47790,in_service_layover,69.95546552177126,71.91665688376735,11.061119281657966,180,3.0,13:13:30,13:16:30,True,1,,3
2160500,medium,123.0,6.0,40-ft,HTC,MF,14844113,14844023,106,106,52992,52771,Edmonds Station @ Bay 2,Edmonds Station @ Bay 4,52992,Edmonds Station,47730,47910,in_service_layover,68.78423449444641,70.79552465788115,11.343676521771897,180,3.0,13:15:30,13:18:30,True,3,,3
2164977,medium,410.0,33.0,40-ft,HTC,MF,14845554,14845630,119,119,52453,52453,Edmonds Station @ Bay 3,Edmonds Station @ Bay 3,52453,Edmonds Station,48210,48450,in_service_layover,68.29527187406997,70.96927788823741,15.081393919904428,240,4.0,13:23:30,13:27:30,True,1,,3
2160598,medium,123.0,4.0,40-ft,HTC,MF,14845282,14845338,116,116,52667,52667,Edmonds Station @ Bay 6,Edmonds Station @ Bay 6,52667,Edmonds Station,48930,49110,in_service_layover,59.68591670692505,62.02786483641527,13.208587450324842,180,3.0,13:35:30,13:38:30,True,2,,3
2160620,medium,123.0,16.0,40-ft,HTC,MF,14845578,14845666,119,119,52453,52453,Edmonds Station @ Bay 3,Edmonds Station @ Bay 3,52453,Edmonds Station,48990,49170,in_service_layover,66.46764743248276,68.56807975457389,11.846438296593874,180,3.0,13:36:30,13:39:30,True,3,,3
2160671,medium,123.0,20.0,40-ft,HTC,MF,14847720,14847744,133,133,52992,52992,Edmonds Station @ Bay 2,Edmonds Station @ Bay 2,52992,Edmonds Station,49110,49830,in_service_layover,56.85922987079398,65.84929592484623,50.70397254485471,720,12.0,13:38:30,13:50:30,True,1,,3
2160569,medium,410.0,8.0,40-ft,HTC,MF,14845553,14845628,119,119,52453,52453,Edmonds Station @ Bay 3,Edmonds Station @ Bay 3,52453,Edmonds Station,49890,50550,in_service_layover,69.95294735932488,76.36425526354256,36.15977657978772,660,11.0,13:51:30,14:02:30,True,2,,3
2160504,medium,123.0,10.0,40-ft,HTC,MF,14845552,14845627,119,119,52453,52453,Edmonds Station @ Bay 3,Edmonds Station @ Bay 3,52453,Edmonds Station,50670,51210,in_service_layover,68.25598479172722,73.88309239281034,31.73688687010889,540,9.0,14:04:30,14:13:30,True,3,,3
2160559,medium,123.0,9.0,40-ft,HTC,MF,14844987,14844971,112,112,52605,52605,Edmonds Station @ Bay 5,Edmonds Station @ Bay 5,52605,Edmonds Station,50730,50970,in_service_layover,69.35851362201008,71.97275182773977,14.74430348031541,240,4.0,14:05:30,14:09:30,True,1,,3
2160596,medium,123.0,12.0,40-ft,HTC,MF,14845281,14845353,116,116,52667,52667,Edmonds Station @ Bay 6,Edmonds Station @ Bay 6,52667,Edmonds Station,50790,50970,in_service_layover,61.08985502154266,63.38099491439575,12.922028995691448,180,3.0,14:06:30,14:09:30,True,2,,3
2160666,medium,123.0,8.0,40-ft,HTC,MF,14847719,14847743,133,133,52992,52992,Edmonds Station @ Bay 2,Edmonds Station @ Bay 2,52992,Edmonds Station,51030,51390,in_service_layover,54.166952309231434,58.89983354968966,26.693450196184415,360,6.0,14:10:30,14:16:30,True,1,,3
2164977,medium,410.0,33.0,40-ft,HTC,MF,14845579,14845667,119,119,52453,52453,Edmonds Station @ Bay 3,Edmonds Station @ Bay 3,52453,Edmonds Station,52050,52590,in_service_layover,69.28052658593712,74.7744993552852,30.986006419123157,540,9.0,14:27:30,14:36:30,True,2,,3
2160458,medium,123.0,21.0,40-ft,HTC,MF,14844989,14844973,112,112,52605,52605,Edmonds Station @ Bay 5,Edmonds Station @ Bay 5,52605,Edmonds Station,52650,52890,in_service_layover,68.94591846687872,71.5836803655694,14.87697710861545,240,4.0,14:37:30,14:41:30,True,3,,3
2160490,medium,106.0,2.0,40-ft,HTC,MF,14845280,14844104,116,106,52667,52771,Edmonds Station @ Bay 6,Edmonds Station @ Bay 4,52667,Edmonds Station,52710,52950,in_service_layover,60.6177051431719,63.66651341063422,17.195278628487472,240,4.0,14:38:30,14:42:30,True,1,,3
2160498,medium,106.0,3.0,40-ft,HTC,MF,14844150,14844045,106,106,52992,52771,Edmonds Station @ Bay 2,Edmonds Station @ Bay 4,52992,Edmonds Station,52890,53490,in_service_layover,66.42798425571182,72.85021871362838,36.221402342649355,600,10.0,14:41:30,14:51:30,True,2,,3
2160662,medium,123.0,28.0,40-ft,HTC,MF,14847718,14847789,133,133,52992,52992,Edmonds Station @ Bay 2,Edmonds Station @ Bay 2,52992,Edmonds Station,53010,54090,in_service_layover,57.47124205537693,70.01687292911805,70.75735812789992,1080,18.0,14:43:30,15:01:30,True,3,,3
2160599,medium,123.0,18.0,40-ft,HTC,MF,14845291,14845355,116,116,52667,52667,Edmonds Station @ Bay 6,Edmonds Station @ Bay 6,52667,Edmonds Station,53610,53790,in_service_layover,64.78823958198319,66.94823108616819,12.182352083603348,180,3.0,14:53:30,14:56:30,True,1,,3
2160502,medium,106.0,7.0,40-ft,HTC,MF,14844131,14844053,106,106,52992,52771,Edmonds Station @ Bay 2,Edmonds Station @ Bay 4,52992,Edmonds Station,53610,54090,in_service_layover,65.34249039754698,70.73628958652739,30.421027425849502,480,8.0,14:53:30,15:01:30,True,2,,3
2160598,medium,123.0,4.0,40-ft,HTC,MF,14845258,14845335,116,116,52667,52667,Edmonds Station @ Bay 6,Edmonds Station @ Bay 6,52667,Edmonds Station,54630,54810,in_service_layover,58.07469909501,60.45341397567835,13.415951926969512,180,3.0,15:10:30,15:13:30,True,1,,3
2160664,medium,123.0,23.0,40-ft,HTC,MF,14847717,14847788,133,133,52992,52992,Edmonds Station @ Bay 2,Edmonds Station @ Bay 2,52992,Edmonds Station,54930,55770,in_service_layover,56.696273063500215,67.01249008026956,58.183463974579126,840,14.0,15:15:30,15:29:30,True,2,,3
2160506,medium,123.0,2.0,40-ft,HTC,MF,14844112,14844101,106,106,52992,52771,Edmonds Station @ Bay 2,Edmonds Station @ Bay 4,52992,Edmonds Station,55110,55770,in_service_layover,63.68838310659682,71.06882089440816,41.625669123256046,660,11.0,15:18:30,15:29:30,True,3,,3
2160497,medium,123.0,7.0,40-ft,HTC,MF,14844211,14844102,106,106,52992,52771,Edmonds Station @ Bay 2,Edmonds Station @ Bay 4,52992,Edmonds Station,55830,56310,in_service_layover,62.08752991214382,67.81569911816833,32.30687432197823,480,8.0,15:30:30,15:38:30,True,1,,3
2160458,medium,123.0,21.0,40-ft,HTC,MF,14845022,14847793,112,133,52605,52992,Edmonds Station @ Bay 5,Edmonds Station @ Bay 2,52605,Edmonds Station,56130,56670,in_service_layover,68.60173992130348,74.18420695557738,31.48511407330483,540,9.0,15:35:30,15:44:30,True,2,,3
2160500,medium,123.0,6.0,40-ft,HTC,MF,14844184,14844096,106,106,52992,52771,Edmonds Station @ Bay 2,Edmonds Station @ Bay 4,52992,Edmonds Station,56610,56910,in_service_layover,62.55427817109831,66.21537284183717,20.648573942967232,300,5.0,15:43:30,15:48:30,True,3,,3
2160596,medium,123.0,12.0,40-ft,HTC,MF,14845262,14845302,116,116,52667,61987,Edmonds Station @ Bay 6,Eastbound North Fraser Way @ Byrne Rd,52667,Edmonds Station,56670,56970,interline_start,59.370954612571516,63.223055896132706,21.725851239285134,300,5.0,15:44:30,15:49:30,True,1,,3
2160670,medium,123.0,11.0,40-ft,HTC,MF,14847716,14847787,133,133,52992,52992,Edmonds Station @ Bay 2,Edmonds Station @ Bay 2,52992,Edmonds Station,57150,57630,in_service_layover,51.05760032019976,57.31550590356926,35.29458749020398,480,8.0,15:52:30,16:00:30,True,2,,3
2160490,medium,106.0,2.0,40-ft,HTC,MF,14844125,14844054,106,106,52992,52771,Edmonds Station @ Bay 2,Edmonds Station @ Bay 4,52992,Edmonds Station,57330,57510,in_service_layover,59.545890167242796,61.89273491946531,13.236204402534952,180,3.0,15:55:30,15:58:30,True,3,,3
2160597,medium,123.0,31.0,40-ft,HTC,MF,14845300,14845334,116,116,52667,52667,Edmonds Station @ Bay 6,Edmonds Station @ Bay 6,52667,Edmonds Station,57570,58110,in_service_layover,65.76937894700589,71.70885982219892,33.4986721360886,540,9.0,15:59:30,16:08:30,True,1,,3
2160496,medium,123.0,1.0,40-ft,HTC,MF,14844204,14844103,106,106,52992,52771,Edmonds Station @ Bay 2,Edmonds Station @ Bay 4,52992,Edmonds Station,57870,58050,in_service_layover,58.775005539624104,61.14300839630159,13.355536111661024,180,3.0,16:04:30,16:07:30,True,3,,3
2160502,medium,106.0,7.0,40-ft,HTC,MF,14844165,14844086,106,106,52992,52771,Edmonds Station @ Bay 2,Edmonds Station @ Bay 4,52992,Edmonds Station,58470,58650,in_service_layover,66.61566634313598,68.71079818130585,11.816543567278131,180,3.0,16:14:30,16:17:30,True,2,,3
2160569,medium,410.0,8.0,40-ft,HTC,MF,14845570,14845621,119,119,52453,52453,Edmonds Station @ Bay 3,Edmonds Station @ Bay 3,52453,Edmonds Station,58470,58650,in_service_layover,68.95874294698636,70.96278273835402,11.302784423313597,180,3.0,16:14:30,16:17:30,True,3,,3
2160596,medium,123.0,12.0,40-ft,HTC,MF,14845302,14845298,116,116,52667,61987,Edmonds Station @ Bay 6,Eastbound North Fraser Way @ Byrne Rd,52667,Edmonds Station,58830,59130,interline_start,60.27024675242959,64.06633145973281,21.40991774919013,300,5.0,16:20:30,16:25:30,True,1,,3
2160558,medium,106.0,8.0,40-ft,HTC,MF,14845025,14844935,112,112,52605,52605,Edmonds Station @ Bay 5,Edmonds Station @ Bay 5,52605,Edmonds Station,58890,59130,in_service_layover,59.98319083854193,63.06212808207449,17.365206053523593,240,4.0,16:21:30,16:25:30,True,2,,3
2160566,medium,410.0,1.0,40-ft,HTC,MF,14845256,14845358,116,116,52667,52667,Edmonds Station @ Bay 6,Edmonds Station @ Bay 6,52667,Edmonds Station,59430,59670,in_service_layover,66.72459189005664,69.48179637620932,15.550633301901087,240,4.0,16:30:30,16:34:30,True,3,,3
2160599,medium,123.0,18.0,40-ft,HTC,MF,14845247,14845252,116,116,52667,61987,Edmonds Station @ Bay 6,Eastbound North Fraser Way @ Byrne Rd,52667,Edmonds Station,59790,60090,interline_start,64.08785186236975,67.65830019892243,20.137328618157085,300,5.0,16:36:30,16:41:30,True,1,,3
2160671,medium,123.0,20.0,40-ft,HTC,MF,14847714,14847785,133,133,52992,52992,Edmonds Station @ Bay 2,Edmonds Station @ Bay 2,52992,Edmonds Station,59790,60150,in_service_layover,53.28079587252055,57.997434985237405,26.601844595723094,360,6.0,16:36:30,16:42:30,True,2,,3
2160506,medium,123.0,2.0,40-ft,HTC,MF,14844202,14844058,106,106,52992,52771,Edmonds Station @ Bay 2,Edmonds Station @ Bay 4,52992,Edmonds Station,60150,60330,in_service_layover,66.94819765101676,69.0312247858815,11.74827304063723,180,3.0,16:42:30,16:45:30,True,3,,3
2160595,medium,106.0,10.0,40-ft,HTC,MF,14845303,14845317,116,116,52667,52667,Edmonds Station @ Bay 6,Edmonds Station @ Bay 6,52667,Edmonds Station,60150,60390,in_service_layover,62.74093939236061,65.68935833362015,16.629082828703815,240,4.0,16:42:30,16:46:30,True,1,,3
2163954,medium,123.0,32.0,40-ft,HTC,MF,14844199,14844068,106,106,52992,52771,Edmonds Station @ Bay 2,Edmonds Station @ Bay 4,52992,Edmonds Station,60690,60870,in_service_layover,61.78564711556383,64.05211352990554,12.782870576887206,180,3.0,16:51:30,16:54:30,True,2,,3
2160596,medium,123.0,12.0,40-ft,HTC,MF,14845298,14845359,116,116,52667,52667,Edmonds Station @ Bay 6,Edmonds Station @ Bay 6,52667,Edmonds Station,60690,60930,in_service_layover,61.11352231602968,64.1388876911583,17.06306071572544,240,4.0,16:51:30,16:55:30,True,3,,3
2160560,medium,123.0,26.0,40-ft,HTC,MF,14844166,14844072,106,106,52992,52771,Edmonds Station @ Bay 2,Edmonds Station @ Bay 4,52992,Edmonds Station,61230,61410,in_service_layover,68.27171657977726,70.30386684345389,11.461327487136145,180,3.0,17:00:30,17:03:30,True,1,,3
2160666,medium,123.0,8.0,40-ft,HTC,MF,14847712,14847783,133,133,52992,52992,Edmonds Station @ Bay 2,Edmonds Station @ Bay 2,52992,Edmonds Station,61470,62070,in_service_layover,46.33133349736397,54.05563195647497,43.565043309386056,600,10.0,17:04:30,17:14:30,True,2,,3
2160499,medium,123.0,3.0,40-ft,HTC,MF,14845028,14844926,112,112,52605,52605,Edmonds Station @ Bay 5,Edmonds Station @ Bay 5,52605,Edmonds Station,61650,61890,in_service_layover,66.11948304399561,68.90711890454064,15.722266253474004,240,4.0,17:07:30,17:11:30,True,3,,3
2160500,medium,123.0,6.0,40-ft,HTC,MF,14844154,14844029,106,106,52992,52771,Edmonds Station @ Bay 2,Edmonds Station @ Bay 4,52992,Edmonds Station,61770,61950,in_service_layover,68.73331568566768,70.74670730789538,11.355528749364225,180,3.0,17:09:30,17:12:30,True,1,,3
2160490,medium,106.0,2.0,40-ft,HTC,MF,14844185,14844087,106,106,52992,52771,Edmonds Station @ Bay 2,Edmonds Station @ Bay 4,52992,Edmonds Station,62310,62550,in_service_layover,64.32032319835106,67.19406678235337,16.207913813773075,240,4.0,17:18:30,17:22:30,True,3,,3
2160558,medium,106.0,8.0,40-ft,HTC,MF,14845029,14844946,112,112,52605,52605,Edmonds Station @ Bay 5,Edmonds Station @ Bay 5,52605,Edmonds Station,62610,62910,in_service_layover,65.77931545009073,69.24590686361655,19.551575572285685,300,5.0,17:23:30,17:28:30,True,1,,3
2160606,medium,410.0,34.0,40-ft,HTC,MF,14845259,14845345,116,116,52667,52667,Edmonds Station @ Bay 6,Edmonds Station @ Bay 6,52667,Edmonds Station,62910,63510,in_service_layover,65.01585330481917,71.63185884812424,37.314271264240574,600,10.0,17:28:30,17:38:30,True,2,,3
2160502,medium,106.0,7.0,40-ft,HTC,MF,14844111,14844030,106,106,52992,52771,Edmonds Station @ Bay 2,Edmonds Station @ Bay 4,52992,Edmonds Station,63330,63570,in_service_layover,69.76535714013205,72.35598913970055,14.61116447756632,240,4.0,17:35:30,17:39:30,True,3,,3
2160608,medium,410.0,37.0,40-ft,HTC,MF,14845246,14845344,116,116,52667,52667,Edmonds Station @ Bay 6,Edmonds Station @ Bay 6,52667,Edmonds Station,63870,64410,in_service_layover,66.47554076025422,72.32786003544588,33.00708071208089,540,9.0,17:44:30,17:53:30,True,1,,3
2160662,medium,123.0,28.0,40-ft,HTC,MF,14847708,14847780,133,133,52992,52992,Edmonds Station @ Bay 2,Edmonds Station @ Bay 2,52992,Edmonds Station,64290,64770,in_service_layover,57.44837287679236,63.604788749247085,34.72218552064464,480,8.0,17:51:30,17:59:30,True,2,,3
2160474,medium,410.0,29.0,40-ft,HTC,MF,14845031,14844950,112,112,52605,52605,Edmonds Station @ Bay 5,Edmonds Station @ Bay 5,52605,Edmonds Station,64470,64710,in_service_layover,56.17188341449138,59.33974001907595,17.866711249856962,240,4.0,17:54:30,17:58:30,True,3,,3
2163954,medium,123.0,32.0,40-ft,HTC,MF,14844129,14844031,106,106,52992,52771,Edmonds Station @ Bay 2,Edmonds Station @ Bay 4,52992,Edmonds Station,65370,65910,in_service_layover,65.60015614583037,71.56034171953176,33.61544663567588,540,9.0,18:09:30,18:18:30,True,1,,3
2160605,medium,106.0,4.0,40-ft,HTC,MF,14845255,14845316,116,116,52667,52667,Edmonds Station @ Bay 6,Edmonds Station @ Bay 6,52667,Edmonds Station,65430,65670,in_service_layover,60.39332235545372,63.45273973817458,17.255114038545685,240,4.0,18:10:30,18:14:30,True,3,,3
2160664,medium,123.0,23.0,40-ft,HTC,MF,14847706,14847779,133,133,52992,52992,Edmonds Station @ Bay 2,Edmonds Station @ Bay 2,52992,Edmonds Station,65790,65970,in_service_layover,54.443990027943876,56.798596159008184,13.279978579202748,180,3.0,18:16:30,18:19:30,True,2,,3
2160569,medium,410.0,8.0,40-ft,HTC,MF,14845540,14845610,119,119,52453,52453,Edmonds Station @ Bay 3,Edmonds Station @ Bay 3,52453,Edmonds Station,66270,66990,in_service_layover,68.31338478903494,75.48835868987764,40.466852800752804,720,12.0,18:24:30,18:36:30,True,3,,3
2160497,medium,123.0,7.0,40-ft,HTC,MF,14844175,14844022,106,106,52992,52771,Edmonds Station @ Bay 2,Edmonds Station @ Bay 4,52992,Edmonds Station,66990,67530,in_service_layover,56.393320435263405,63.33928337841,39.17523099934681,540,9.0,18:36:30,18:45:30,True,1,,3
2160599,medium,123.0,18.0,40-ft,HTC,MF,14845566,14845658,119,119,52453,52453,Edmonds Station @ Bay 3,Edmonds Station @ Bay 3,52453,Edmonds Station,66990,67710,in_service_layover,67.99697158940998,75.22660962908797,40.775158543783846,720,12.0,18:36:30,18:48:30,True,2,,3
2160609,medium,123.0,36.0,40-ft,HTC,MF,14845245,14845330,116,116,52667,52667,Edmonds Station @ Bay 6,Edmonds Station @ Bay 6,52667,Edmonds Station,67110,67410,in_service_layover,66.47372409674045,69.89563836638129,19.299596480774255,300,5.0,18:38:30,18:43:30,True,3,,3
2160670,medium,123.0,11.0,40-ft,HTC,MF,14847693,14847766,133,133,52992,52992,Edmonds Station @ Bay 2,Edmonds Station @ Bay 2,52992,Edmonds Station,67470,67710,in_service_layover,44.74700585124358,47.79572896883717,17.19479838322789,240,4.0,18:44:30,18:48:30,True,3,,3
2160502,medium,106.0,7.0,40-ft,HTC,MF,14844135,14844071,106,106,52992,52771,Edmonds Station @ Bay 2,Edmonds Station @ Bay 4,52992,Edmonds Station,67530,68070,in_service_layover,68.23536589630913,73.86512581307171,31.75184593054098,540,9.0,18:45:30,18:54:30,True,1,,3
2160550,medium,106.0,12.0,40-ft,HTC,MF,14845254,14845609,116,119,52667,52453,Edmonds Station @ Bay 6,Edmonds Station @ Bay 3,52667,Edmonds Station,67890,68430,in_service_layover,66.6825203189953,72.50905918592252,32.86167920946957,540,9.0,18:51:30,19:00:30,True,2,,3
2164557,medium,106.0,6.0,40-ft,HTC,MF,14844124,14844067,106,106,52992,52771,Edmonds Station @ Bay 2,Edmonds Station @ Bay 4,52992,Edmonds Station,68610,69150,in_service_layover,68.5813142684373,74.16642684959436,31.50003495772586,540,9.0,19:03:30,19:12:30,True,3,,3
2160606,medium,410.0,34.0,40-ft,HTC,MF,14845253,14845329,116,116,52667,52667,Edmonds Station @ Bay 6,Edmonds Station @ Bay 6,52667,Edmonds Station,68790,69210,in_service_layover,66.47919023646092,71.15136257669512,26.351051998920866,420,7.0,19:06:30,19:13:30,True,1,,3
2160565,medium,123.0,39.0,40-ft,HTC,MF,14845569,14845607,119,119,52453,52453,Edmonds Station @ Bay 3,Edmonds Station @ Bay 3,52453,Edmonds Station,69090,69870,in_service_layover,68.82462404222724,76.38616007152973,42.64706320526602,780,13.0,19:11:30,19:24:30,True,2,,3
2160506,medium,123.0,2.0,40-ft,HTC,MF,14844193,14844049,106,106,52992,52771,Edmonds Station @ Bay 2,Edmonds Station @ Bay 4,52992,Edmonds Station,69150,69690,in_service_layover,65.92925341283235,71.84910865362875,33.387983558091605,540,9.0,19:12:30,19:21:30,True,3,,3
2160671,medium,123.0,20.0,40-ft,HTC,MF,14847695,14847765,133,133,52992,52992,Edmonds Station @ Bay 2,Edmonds Station @ Bay 2,52992,Edmonds Station,69510,69690,in_service_layover,45.428934932911716,47.71574979795416,12.897635838839392,180,3.0,19:18:30,19:21:30,True,1,,3
2163954,medium,123.0,32.0,40-ft,HTC,MF,14844157,14844013,106,106,52992,52771,Edmonds Station @ Bay 2,Edmonds Station @ Bay 4,52992,Edmonds Station,69690,70230,in_service_layover,67.43971847614034,73.17104596923203,32.32468706103714,540,9.0,19:21:30,19:30:30,True,1,,3
2160604,medium,123.0,34.0,40-ft,HTC,MF,14845537,14845606,119,119,52453,52453,Edmonds Station @ Bay 3,Edmonds Station @ Bay 3,52453,Edmonds Station,69750,70590,in_service_layover,69.70149309120673,77.54090685414444,44.21429362296868,840,14.0,19:22:30,19:36:30,True,3,,3
2160560,medium,123.0,26.0,40-ft,HTC,MF,14844134,14844033,106,106,52992,52771,Edmonds Station @ Bay 2,Edmonds Station @ Bay 4,52992,Edmonds Station,70230,70770,in_service_layover,68.12837320175743,73.77188183494977,31.829388691204827,540,9.0,19:30:30,19:39:30,True,2,,3
2160567,medium,410.0,58.0,40-ft,HTC,MF,14845279,14845328,116,116,52667,52667,Edmonds Station @ Bay 6,Edmonds Station @ Bay 6,52667,Edmonds Station,70530,71010,in_service_layover,68.03975306681119,73.13670514239877,28.746809706313854,480,8.0,19:35:30,19:43:30,True,1,,3
2160666,medium,123.0,8.0,40-ft,HTC,MF,14847694,14847764,133,133,52992,52992,Edmonds Station @ Bay 2,Edmonds Station @ Bay 2,52992,Edmonds Station,70770,71310,in_service_layover,41.29842178623116,48.157133340889516,38.683133168273116,540,9.0,19:39:30,19:48:30,True,3,,3
2160500,medium,123.0,6.0,40-ft,HTC,MF,14844128,14844010,106,106,52992,52771,Edmonds Station @ Bay 2,Edmonds Station @ Bay 4,52992,Edmonds Station,70830,71310,in_service_layover,68.50669946040017,73.550443063908,28.446713923784273,480,8.0,19:40:30,19:48:30,True,2,,3
2160497,medium,123.0,7.0,40-ft,HTC,MF,14844122,14844110,106,106,52992,52771,Edmonds Station @ Bay 2,Edmonds Station @ Bay 4,52992,Edmonds Station,71430,71850,in_service_layover,64.29282760595635,69.16628896002017,27.486322036919944,420,7.0,19:50:30,19:57:30,True,1,,3
2160550,medium,106.0,12.0,40-ft,HTC,MF,14845534,14845584,119,119,52453,52453,Edmonds Station @ Bay 3,Edmonds Station @ Bay 3,52453,Edmonds Station,71910,72630,in_service_layover,68.80630302764442,75.89562796678696,39.98379265676391,720,12.0,19:58:30,20:10:30,True,2,,3
2160502,medium,106.0,7.0,40-ft,HTC,MF,14844149,14844060,106,106,52992,52771,Edmonds Station @ Bay 2,Edmonds Station @ Bay 4,52992,Edmonds Station,72030,72450,in_service_layover,69.7445025696803,74.09413369656505,24.531919555630054,420,7.0,20:00:30,20:07:30,True,3,,3
2160603,medium,123.0,25.0,40-ft,HTC,MF,14845278,14845327,116,116,52667,52667,Edmonds Station @ Bay 6,Edmonds Station @ Bay 6,52667,Edmonds Station,72330,72810,in_service_layover,66.06067715062609,71.37718646648781,29.985112541460126,480,8.0,20:05:30,20:13:30,True,1,,3
2160661,medium,123.0,40.0,40-ft,HTC,MF,14847704,14847763,133,133,52992,52992,Edmonds Station @ Bay 2,Edmonds Station @ Bay 2,52992,Edmonds Station,72510,73110,in_service_layover,62.99032773870715,69.87570068970572,38.83350344363191,600,10.0,20:08:30,20:18:30,True,3,,3
2163954,medium,123.0,32.0,40-ft,HTC,MF,14844123,14844040,106,106,52992,52771,Edmonds Station @ Bay 2,Edmonds Station @ Bay 4,52992,Edmonds Station,73770,74010,in_service_layover,69.0504227258406,71.68226605334166,14.843596367105874,240,4.0,20:29:30,20:33:30,True,2,,3
2160596,medium,123.0,12.0,40-ft,HTC,MF,14845277,14845315,116,116,52667,52667,Edmonds Station @ Bay 6,Edmonds Station @ Bay 6,52667,Edmonds Station,74130,74610,in_service_layover,68.16712093993337,73.24961322023,28.665256460873024,480,8.0,20:35:30,20:43:30,True,1,,3
2160664,medium,123.0,23.0,40-ft,HTC,MF,14847703,14847762,133,133,52992,52992,Edmonds Station @ Bay 2,Edmonds Station @ Bay 2,52992,Edmonds Station,74310,74970,in_service_layover,43.822294324879465,52.276901685038425,47.68398551129653,660,11.0,20:38:30,20:49:30,True,3,,3
2160500,medium,123.0,6.0,40-ft,HTC,MF,14844192,14844028,106,106,52992,52771,Edmonds Station @ Bay 2,Edmonds Station @ Bay 4,52992,Edmonds Station,74790,74970,in_service_layover,69.4298198205166,71.41391322491687,11.190286800817546,180,3.0,20:46:30,20:49:30,True,2,,3
2160499,medium,123.0,3.0,40-ft,HTC,MF,14845008,14844912,112,112,52605,52605,Edmonds Station @ Bay 5,Edmonds Station @ Bay 5,52605,Edmonds Station,74970,75570,in_service_layover,68.0980661173002,74.28479509964097,34.89315146040195,600,10.0,20:49:30,20:59:30,True,1,,3
2160670,medium,123.0,11.0,40-ft,HTC,MF,14847702,14847761,133,133,52992,52992,Edmonds Station @ Bay 2,Edmonds Station @ Bay 2,52992,Edmonds Station,75990,76890,in_service_layover,34.81942713470844,46.21071843774484,64.24688294912528,900,15.0,21:06:30,21:21:30,True,2,,3
2160504,medium,123.0,10.0,40-ft,HTC,MF,14844163,14844074,106,106,52992,52771,Edmonds Station @ Bay 2,Edmonds Station @ Bay 4,52992,Edmonds Station,77310,77610,in_service_layover,68.35557640381532,71.65044571651048,18.583062923600664,300,5.0,21:28:30,21:33:30,True,3,,3
2160492,medium,106.0,1.0,40-ft,HTC,MF,14846020,14844914,123,112,61678,52605,New Westminster Station @ Unloading Only,Edmonds Station @ Bay 5,52605,Edmonds Station,77430,77730,interline_end,57.31522667831164,61.252616006866866,22.206875813051454,300,5.0,21:30:30,21:35:30,True,1,,3
2160565,medium,123.0,39.0,40-ft,HTC,MF,14845528,14845599,119,119,52453,52453,Edmonds Station @ Bay 3,Edmonds Station @ Bay 3,52453,Edmonds Station,77550,77850,in_service_layover,68.98064775497352,72.23138888352238,18.334179965015608,300,5.0,21:32:30,21:37:30,True,2,,3
2160603,medium,123.0,25.0,40-ft,HTC,MF,14845275,14845324,116,116,52667,52667,Edmonds Station @ Bay 6,Edmonds Station @ Bay 6,52667,Edmonds Station,77730,78210,in_service_layover,69.27793211691964,74.23261723114246,27.944424044216703,480,8.0,21:35:30,21:43:30,True,3,,3
2160671,medium,123.0,20.0,40-ft,HTC,MF,14847701,14847759,133,133,52992,52992,Edmonds Station @ Bay 2,Edmonds Station @ Bay 2,52992,Edmonds Station,77790,78690,in_service_layover,34.73944796382543,46.129359547782634,64.23910133351865,900,15.0,21:36:30,21:51:30,True,1,,3
2160497,medium,123.0,7.0,40-ft,HTC,MF,14844178,14844025,106,106,52992,52771,Edmonds Station @ Bay 2,Edmonds Station @ Bay 4,52992,Edmonds Station,79050,79350,in_service_layover,68.59744712722764,71.8753551636159,18.48740132522977,300,5.0,21:57:30,22:02:30,True,2,,3
2160564,medium,410.0,20.0,40-ft,HTC,MF,14846003,14844942,123,112,61678,52605,New Westminster Station @ Unloading Only,Edmonds Station @ Bay 5,52605,Edmonds Station,79230,79530,interline_end,66.86598683500547,70.26213870649192,19.154296555183635,300,5.0,22:00:30,22:05:30,True,3,,3
2160666,medium,123.0,8.0,40-ft,HTC,MF,14847697,14847758,133,133,52992,52992,Edmonds Station @ Bay 2,Edmonds Station @ Bay 2,52992,Edmonds Station,79290,80370,in_service_layover,35.18083150676078,48.91130087444884,77.43984723376064,1080,18.0,22:01:30,22:19:30,True,1,,3
2164557,medium,106.0,6.0,40-ft,HTC,MF,14844191,14844026,106,106,52992,52771,Edmonds Station @ Bay 2,Edmonds Station @ Bay 4,52992,Edmonds Station,79890,80250,in_service_layover,61.80455711942011,66.20848923861017,24.838177152231935,360,6.0,22:11:30,22:17:30,True,2,,3
2160504,medium,123.0,10.0,40-ft,HTC,MF,14844177,14844075,106,106,52992,52771,Edmonds Station @ Bay 2,Edmonds Station @ Bay 4,52992,Edmonds Station,80670,81210,in_service_layover,67.52982247311905,73.24972576832445,32.260254584958375,540,9.0,22:24:30,22:33:30,True,3,,3
2160661,medium,123.0,40.0,40-ft,HTC,MF,14847696,14847757,133,133,52992,52992,Edmonds Station @ Bay 2,Edmonds Station @ Bay 2,52992,Edmonds Station,81030,82170,in_service_layover,56.899398855577,70.12661703131991,74.60151051118993,1140,19.0,22:30:30,22:49:30,True,2,,3
2160567,medium,410.0,58.0,40-ft,HTC,MF,14845272,14844910,116,112,52667,52605,Edmonds Station @ Bay 6,Edmonds Station @ Bay 5,52667,Edmonds Station,81210,81450,in_service_layover,66.35377245001017,69.12973268728504,15.656415738230294,240,4.0,22:33:30,22:37:30,True,1,,3
2163954,medium,123.0,32.0,40-ft,HTC,MF,14844179,14844077,106,106,52992,52771,Edmonds Station @ Bay 2,Edmonds Station @ Bay 4,52992,Edmonds Station,81990,82170,in_service_layover,63.675395905876385,65.8748499517673,12.404920818824735,180,3.0,22:46:30,22:49:30,True,3,,3
2160664,medium,123.0,23.0,40-ft,HTC,MF,14847700,14847756,133,133,52992,52992,Edmonds Station @ Bay 2,Edmonds Station @ Bay 2,52992,Edmonds Station,82590,84030,in_service_layover,39.3005998509097,57.76412654443598,104.13429055148822,1440,24.0,22:56:30,23:20:30,True,1,,3
2160562,medium,410.0,55.0,40-ft,HTC,MF,14873212,14845361,410,116,58322,52667,22nd Street Station @ Unloading Only,Edmonds Station @ Bay 6,52667,Edmonds Station,83310,83610,interline_end,59.953013313720504,63.76828631516821,21.51813972816501,300,5.0,23:08:30,23:13:30,True,2,,3
2160496,medium,123.0,1.0,40-ft,HTC,MF,14844181,14844039,106,106,52992,52771,Edmonds Station @ Bay 2,Edmonds Station @ Bay 4,52992,Edmonds Station,83790,83970,in_service_layover,53.534895845686314,55.8806601704266,13.230110791535253,180,3.0,23:16:30,23:19:30,True,3,,3
2160565,medium,123.0,39.0,40-ft,HTC,MF,14845297,14844940,116,112,52667,52605,Edmonds Station @ Bay 6,Edmonds Station @ Bay 5,52667,Edmonds Station,84810,85050,in_service_layover,68.63934720321565,71.29431644256809,14.974026509947805,240,4.0,23:33:30,23:37:30,True,2,,3
2163954,medium,123.0,32.0,40-ft,HTC,MF,14844190,14844069,106,106,52992,52771,Edmonds Station @ Bay 2,Edmonds Station @ Bay 4,52992,Edmonds Station,85230,85710,in_service_layover,64.61907047130356,70.08943869246691,30.852876767361295,480,8.0,23:40:30,23:48:30,True,3,,3
2160500,medium,123.0,6.0,40-ft,HTC,MF,14845012,14844920,112,112,52605,52605,Edmonds Station @ Bay 5,Edmonds Station @ Bay 5,52605,Edmonds Station,85650,86490,in_service_layover,58.695759197285035,68.67897198676339,56.30532013265798,840,14.0,23:47:30,24:01:30,True,1,,3
2160496,medium,123.0,1.0,40-ft,HTC,MF,14844164,14844070,106,106,52992,52771,Edmonds Station @ Bay 2,Edmonds Station @ Bay 4,52992,Edmonds Station,86970,87450,in_service_layover,55.70221746300965,61.95223139171889,35.25007855792006,480,8.0,24:09:30,24:17:30,True,2,,3
2160565,medium,123.0,39.0,40-ft,HTC,MF,14845007,14847755,112,133,52605,52992,Edmonds Station @ Bay 5,Edmonds Station @ Bay 2,52605,Edmonds Station,87330,87630,in_service_layover,68.31237599830217,71.61025984056305,18.60006487035139,300,5.0,24:15:30,24:20:30,True,3,,3
2160500,medium,123.0,6.0,40-ft,HTC,MF,14845000,14844057,112,106,52605,52771,Edmonds Station @ Bay 5,Edmonds Station @ Bay 4,52605,Edmonds Station,88770,89250,in_service_layover,69.01674757656234,74.0017565623787,28.115450680004244,480,8.0,24:39:30,24:47:30,True,1,,3
2160496,medium,123.0,1.0,40-ft,HTC,MF,14844160,14844038,106,106,52992,52771,Edmonds Station @ Bay 2,Edmonds Station @ Bay 4,52992,Edmonds Station,90570,90930,in_service_layover,63.70523559192112,67.97335881042558,24.07221495236513,360,6.0,25:09:30,25:15:30,True,2,,3
2160562,medium,410.0,55.0,40-ft,HTC,MF,14845520,14845590,119,119,52453,52453,Edmonds Station @ Bay 3,Edmonds Station @ Bay 3,52453,Edmonds Station,91770,92010,in_service_layover,68.67529595622328,71.32825954774171,14.96271465616394,240,4.0,25:29:30,25:33:30,True,3,,3
2164557,medium,106.0,6.0,40-ft,HTC,MF,14844142,14844061,106,106,52992,52771,Edmonds Station @ Bay 2,Edmonds Station @ Bay 4,52992,Edmonds Station,92310,92730,in_service_layover,64.89357177978434,69.71289840967131,27.18100219256246,420,7.0,25:38:30,25:45:30,True,1,,3
2162328,medium,410.0,44.0,40-ft,HTC,MF,14845517,14844949,119,112,52453,52605,Edmonds Station @ Bay 3,Edmonds Station @ Bay 5,52453,Edmonds Station,95370,95850,in_service_layover,52.94674350107519,59.242011040710096,35.505308923540895,480,8.0,26:29:30,26:37:30,True,2,,3
2162643,medium,701.0,2.0,40-ft,PCT,MF,14879998,14880029,791,791,61058,61062,Haney Place @ Bay 7,Haney Place @ Bay 3,61058,Haney Place,29550,29790,in_service_layover,69.80980339122465,72.39783186266281,14.596480578911269,240,4.0,08:12:30,08:16:30,True,1,,2
2162642,medium,701.0,7.0,40-ft,PCT,MF,14880004,14880041,791,791,61058,61062,Haney Place @ Bay 7,Haney Place @ Bay 3,61058,Haney Place,30210,30870,in_service_layover,69.6012913883435,76.06956182893168,36.481045284917286,660,11.0,08:23:30,08:34:30,True,2,,2
2160883,medium,701.0,5.0,40-ft,PCT,MF,14879997,14880028,791,791,61058,61062,Haney Place @ Bay 7,Haney Place @ Bay 3,61058,Haney Place,31770,32610,in_service_layover,68.24741950694262,76.38394517119484,45.89000474638249,840,14.0,08:49:30,09:03:30,True,1,,2
2162641,medium,701.0,10.0,40-ft,PCT,MF,14879993,14880026,791,791,61058,61062,Haney Place @ Bay 7,Haney Place @ Bay 3,61058,Haney Place,35190,36210,in_service_layover,68.29036341354666,77.70998188523822,53.12664818034045,1020,17.0,09:46:30,10:03:30,True,2,,2
2162571,medium,701.0,4.0,40-ft,PCT,MF,14878611,14878688,701,701,61058,61063,Haney Place @ Bay 7,Haney Place @ Bay 2,61058,Haney Place,36030,36210,in_service_layover,67.8753237202033,69.9231640667713,11.549819554643591,180,3.0,10:00:30,10:03:30,True,1,,2
2162643,medium,701.0,2.0,40-ft,PCT,MF,14879992,14880025,791,791,61058,61062,Haney Place @ Bay 7,Haney Place @ Bay 3,61058,Haney Place,37170,38010,in_service_layover,66.058600802662,74.63255039938315,48.357075725507286,840,14.0,10:19:30,10:33:30,True,1,,2
2162642,medium,701.0,7.0,40-ft,PCT,MF,14879990,14880024,791,791,61058,61062,Haney Place @ Bay 7,Haney Place @ Bay 3,61058,Haney Place,38730,39810,in_service_layover,63.8888990087734,74.82990789659561,61.707290127317265,1080,18.0,10:45:30,11:03:30,True,2,,2
2160883,medium,701.0,5.0,40-ft,PCT,MF,14879989,14880023,791,791,61058,61062,Haney Place @ Bay 7,Haney Place @ Bay 3,61058,Haney Place,40590,41610,in_service_layover,64.20328235103656,74.61025371175057,58.69531847442704,1020,17.0,11:16:30,11:33:30,True,1,,2
2160869,medium,701.0,6.0,40-ft,PCT,MF,14878587,14878694,701,701,61058,61063,Haney Place @ Bay 7,Haney Place @ Bay 2,61058,Haney Place,41250,41430,in_service_layover,61.77967616811254,64.04635431817947,12.784064766377469,180,3.0,11:27:30,11:30:30,True,2,,2
2160884,medium,152.0,16.0,40-ft,PCT,MF,14879987,14880021,791,791,61058,61062,Haney Place @ Bay 7,Haney Place @ Bay 3,61058,Haney Place,44250,45210,in_service_layover,65.08110356502932,74.8193723933807,54.92383619190173,960,16.0,12:17:30,12:33:30,True,2,,2
2162572,medium,701.0,12.0,40-ft,PCT,MF,14878595,14878702,701,701,61058,61063,Haney Place @ Bay 7,Haney Place @ Bay 2,61058,Haney Place,48570,48810,in_service_layover,63.053569984345046,65.9872073373311,16.545714670841335,240,4.0,13:29:30,13:33:30,True,1,,2
2162571,medium,701.0,4.0,40-ft,PCT,MF,14878597,14878659,701,701,61058,61063,Haney Place @ Bay 7,Haney Place @ Bay 2,61058,Haney Place,50370,50610,in_service_layover,59.90174298413595,62.98508925436093,17.39007296406885,240,4.0,13:59:30,14:03:30,True,2,,2
2160855,medium,701.0,8.0,40-ft,PCT,MF,14879984,14880016,791,791,61058,61062,Haney Place @ Bay 7,Haney Place @ Bay 3,61058,Haney Place,51810,52890,in_service_layover,66.29383687696921,76.62430640392418,58.263848132026055,1080,18.0,14:23:30,14:41:30,True,1,,2
2160883,medium,701.0,5.0,40-ft,PCT,MF,14879994,14880046,791,791,61058,61062,Haney Place @ Bay 7,Haney Place @ Bay 3,61058,Haney Place,58830,59610,in_service_layover,65.45529593214876,73.64028330475438,46.163328781495636,780,13.0,16:20:30,16:33:30,True,2,,2
2160811,medium,151.0,3.0,40-ft,PCT,MF,14880006,14880043,791,791,61058,61062,Haney Place @ Bay 7,Haney Place @ Bay 3,61058,Haney Place,61470,62010,in_service_layover,66.36023278449498,72.22686838846359,33.08782480638291,540,9.0,17:04:30,17:13:30,True,1,,2
2160884,medium,152.0,16.0,40-ft,PCT,MF,14879982,14880045,791,791,61058,61062,Haney Place @ Bay 7,Haney Place @ Bay 3,61058,Haney Place,62310,63210,in_service_layover,65.55103220404122,74.71304418575376,51.673747576858716,900,15.0,17:18:30,17:33:30,True,2,,2
2160883,medium,701.0,5.0,40-ft,PCT,MF,14879980,14880054,791,791,61058,61062,Haney Place @ Bay 7,Haney Place @ Bay 3,61058,Haney Place,67410,68010,in_service_layover,67.14444759673421,73.46649162339779,35.656328310382605,600,10.0,18:43:30,18:53:30,True,1,,2
2160883,medium,701.0,5.0,40-ft,PCT,MF,14880014,14880056,791,791,61058,61062,Haney Place @ Bay 7,Haney Place @ Bay 3,61058,Haney Place,74730,75210,in_service_layover,69.07129385599436,74.04998383931797,28.0798115059452,480,8.0,20:45:30,20:53:30,True,2,,2
2164870,medium,106.0,60.0,40-ft,HTC,MF,14903712,14903772,026,026,51722,58249,Joyce Station @ Bay 1 Unload Only,Joyce Station @ Bay 6,51722,Joyce Station,34950,35130,in_service_layover,65.65491557373034,67.78417388671862,12.009016885253914,180,3.0,09:42:30,09:45:30,True,1,,3
2160017,medium,106.0,62.0,40-ft,HTC,MF,14903714,14903774,026,026,51722,58249,Joyce Station @ Bay 1 Unload Only,Joyce Station @ Bay 6,51722,Joyce Station,37230,37530,in_service_layover,64.11828799949737,67.68692979364278,20.12713971898006,300,5.0,10:20:30,10:25:30,True,2,,3
2164875,medium,106.0,70.0,40-ft,HTC,MF,14903715,14903775,026,026,51722,58249,Joyce Station @ Bay 1 Unload Only,Joyce Station @ Bay 6,51722,Joyce Station,38430,38730,in_service_layover,63.48978687791569,67.0955914359585,20.336737707361465,300,5.0,10:40:30,10:45:30,True,3,,3
2160034,medium,27.0,6.0,40-ft,BTC,MF,14904019,14903947,028,028,51722,51671,Joyce Station @ Bay 1 Unload Only,Joyce Station @ Bay 2,51722,Joyce Station,39630,39810,in_service_layover,68.04136473609658,70.08267993636478,11.513017729512683,180,3.0,11:00:30,11:03:30,True,1,,3
2164873,medium,106.0,67.0,40-ft,HTC,MF,14903716,14903776,026,026,51722,58249,Joyce Station @ Bay 1 Unload Only,Joyce Station @ Bay 6,51722,Joyce Station,39630,39930,in_service_layover,65.18393219321925,68.68788385463694,19.76228737039571,300,5.0,11:00:30,11:05:30,True,2,,3
2164872,medium,106.0,65.0,40-ft,HTC,MF,14903891,14903834,027,027,51722,59664,Joyce Station @ Bay 1 Unload Only,Joyce Station @ Bay 7,51722,Joyce Station,40230,40410,in_service_layover,68.04079306726584,70.08213084426603,11.513145062281126,180,3.0,11:10:30,11:13:30,True,3,,3
2160026,medium,106.0,64.0,40-ft,HTC,MF,14903717,14903777,026,026,51722,58249,Joyce Station @ Bay 1 Unload Only,Joyce Station @ Bay 6,51722,Joyce Station,40830,41130,in_service_layover,61.48076589660446,65.20530691926378,21.006411367798535,300,5.0,11:20:30,11:25:30,True,1,,3
2164870,medium,106.0,60.0,40-ft,HTC,MF,14903718,14903778,026,026,51722,58249,Joyce Station @ Bay 1 Unload Only,Joyce Station @ Bay 6,51722,Joyce Station,42030,42330,in_service_layover,58.83926177935152,62.720114688495975,21.88801040757471,300,5.0,11:40:30,11:45:30,True,2,,3
2160021,medium,106.0,71.0,40-ft,HTC,MF,14903719,14903779,026,026,51722,58249,Joyce Station @ Bay 1 Unload Only,Joyce Station @ Bay 6,51722,Joyce Station,43230,43530,in_service_layover,68.59936650551981,71.87713937060904,18.48663895910329,300,5.0,12:00:30,12:05:30,True,3,,3
2164872,medium,106.0,65.0,40-ft,HTC,MF,14903894,14903837,027,027,51722,59664,Joyce Station @ Bay 1 Unload Only,Joyce Station @ Bay 7,51722,Joyce Station,43830,44010,in_service_layover,69.51059931470292,71.49121753675199,11.170686772356703,180,3.0,12:10:30,12:13:30,True,1,,3
2160017,medium,106.0,62.0,40-ft,HTC,MF,14903720,14903780,026,026,51722,58249,Joyce Station @ Bay 1 Unload Only,Joyce Station @ Bay 6,51722,Joyce Station,44490,44670,in_service_layover,58.74201768627567,61.11070709110385,13.359408243230916,180,3.0,12:21:30,12:24:30,True,2,,3
2160030,medium,106.0,63.0,40-ft,HTC,MF,14903895,14903838,027,027,51722,59664,Joyce Station @ Bay 1 Unload Only,Joyce Station @ Bay 7,51722,Joyce Station,45030,45210,in_service_layover,68.87562673363725,70.88312917154263,11.32231374978636,180,3.0,12:30:30,12:33:30,True,3,,3
2164875,medium,106.0,70.0,40-ft,HTC,MF,14903721,14903781,026,026,51722,58249,Joyce Station @ Bay 1 Unload Only,Joyce Station @ Bay 6,51722,Joyce Station,45690,45870,in_service_layover,58.1506793285914,60.52862362981065,13.411605858876555,180,3.0,12:41:30,12:44:30,True,1,,3
2164871,medium,106.0,68.0,40-ft,HTC,MF,14903896,14903839,027,027,51722,59664,Joyce Station @ Bay 1 Unload Only,Joyce Station @ Bay 7,51722,Joyce Station,46230,46410,in_service_layover,69.22037464250566,71.21340393326332,11.240685199873155,180,3.0,12:50:30,12:53:30,True,2,,3
2160021,medium,106.0,71.0,40-ft,HTC,MF,14903725,14903785,026,026,51722,58249,Joyce Station @ Bay 1 Unload Only,Joyce Station @ Bay 6,51722,Joyce Station,50550,50730,in_service_layover,62.93222726324195,65.15803480709862,12.55355454735161,180,3.0,14:02:30,14:05:30,True,3,,3
2160017,medium,106.0,62.0,40-ft,HTC,MF,14903726,14903786,026,026,51722,58249,Joyce Station @ Bay 1 Unload Only,Joyce Station @ Bay 6,51722,Joyce Station,51750,51930,in_service_layover,52.165794983736745,54.498243499295015,13.155009627748655,180,3.0,14:22:30,14:25:30,True,1,,3
2164875,medium,106.0,70.0,40-ft,HTC,MF,14903727,14903845,026,027,51722,59664,Joyce Station @ Bay 1 Unload Only,Joyce Station @ Bay 7,51722,Joyce Station,53130,53490,in_service_layover,51.58371152244355,56.26733911351223,26.415659613627327,360,6.0,14:45:30,14:51:30,True,2,,3
2164871,medium,106.0,68.0,40-ft,HTC,MF,14903902,14903788,027,026,51722,58249,Joyce Station @ Bay 1 Unload Only,Joyce Station @ Bay 6,51722,Joyce Station,53550,54210,in_service_layover,65.61711441569616,72.70947417811038,40.00090906001623,660,11.0,14:52:30,15:03:30,True,3,,3
2164873,medium,106.0,67.0,40-ft,HTC,MF,14903728,14903847,026,027,51722,59664,Joyce Station @ Bay 1 Unload Only,Joyce Station @ Bay 7,51722,Joyce Station,54330,55230,in_service_layover,50.79805963990274,62.37189779405811,65.27644718943628,900,15.0,15:05:30,15:20:30,True,1,,3
2164872,medium,106.0,65.0,40-ft,HTC,MF,14903903,14903789,027,026,51722,58249,Joyce Station @ Bay 1 Unload Only,Joyce Station @ Bay 6,51722,Joyce Station,54810,55650,in_service_layover,59.90443230109729,69.64782757387148,54.95274933844644,840,14.0,15:13:30,15:27:30,True,2,,3
2160030,medium,106.0,63.0,40-ft,HTC,MF,14903904,14903790,027,026,51722,58249,Joyce Station @ Bay 1 Unload Only,Joyce Station @ Bay 6,51722,Joyce Station,56070,56850,in_service_layover,59.29634393588794,68.56384181780103,52.26868805398988,780,13.0,15:34:30,15:47:30,True,3,,3
2160021,medium,106.0,71.0,40-ft,HTC,MF,14903730,14903849,026,027,51722,59664,Joyce Station @ Bay 1 Unload Only,Joyce Station @ Bay 7,51722,Joyce Station,56730,57090,in_service_layover,58.85064480262443,63.466617936570756,26.034088475457338,360,6.0,15:45:30,15:51:30,True,1,,3
2164875,medium,106.0,70.0,40-ft,HTC,MF,14903905,14903850,027,027,51722,59664,Joyce Station @ Bay 1 Unload Only,Joyce Station @ Bay 7,51722,Joyce Station,57210,58290,in_service_layover,52.405077368293995,65.8658192416944,75.91858416597825,1080,18.0,15:53:30,16:11:30,True,2,,3
2160026,medium,106.0,64.0,40-ft,HTC,MF,14903732,14903851,026,027,51722,59664,Joyce Station @ Bay 1 Unload Only,Joyce Station @ Bay 7,51722,Joyce Station,58290,59190,in_service_layover,44.677960601636656,56.32136869265655,65.6688216333522,900,15.0,16:11:30,16:26:30,True,3,,3
2164873,medium,106.0,67.0,40-ft,HTC,MF,14903907,14903795,027,026,51722,58249,Joyce Station @ Bay 1 Unload Only,Joyce Station @ Bay 6,51722,Joyce Station,59070,60150,in_service_layover,60.81443897185056,72.51521701193589,65.99238814608128,1080,18.0,16:24:30,16:42:30,True,1,,3
2164871,medium,106.0,68.0,40-ft,HTC,MF,14903734,14903852,026,027,51722,59664,Joyce Station @ Bay 1 Unload Only,Joyce Station @ Bay 7,51722,Joyce Station,60030,60210,in_service_layover,66.4020841736362,68.50484709977837,11.85958290344189,180,3.0,16:40:30,16:43:30,True,2,,3
2164872,medium,106.0,65.0,40-ft,HTC,MF,14903735,14903853,026,027,51722,59664,Joyce Station @ Bay 1 Unload Only,Joyce Station @ Bay 7,51722,Joyce Station,60990,61230,in_service_layover,63.34043756939729,66.26051144318465,16.46921664816074,240,4.0,16:56:30,17:00:30,True,3,,3
2160021,medium,106.0,71.0,40-ft,HTC,MF,14903909,14903797,027,026,51722,58249,Joyce Station @ Bay 1 Unload Only,Joyce Station @ Bay 6,51722,Joyce Station,61050,61830,in_service_layover,63.31007263853863,71.8774388746852,48.31994557186664,780,13.0,16:57:30,17:10:30,True,1,,3
2160030,medium,106.0,63.0,40-ft,HTC,MF,14903736,14903854,026,027,51722,59664,Joyce Station @ Bay 1 Unload Only,Joyce Station @ Bay 7,51722,Joyce Station,62010,62250,in_service_layover,62.256451813326855,65.2277779687251,16.75827951644618,240,4.0,17:13:30,17:17:30,True,2,,3
2164875,medium,106.0,70.0,40-ft,HTC,MF,14903910,14903798,027,026,51722,58249,Joyce Station @ Bay 1 Unload Only,Joyce Station @ Bay 6,51722,Joyce Station,62130,62790,in_service_layover,62.003557496476155,69.62814653050273,43.00268215190982,660,11.0,17:15:30,17:26:30,True,3,,3
2160026,medium,106.0,64.0,40-ft,HTC,MF,14903911,14903799,027,026,51722,58249,Joyce Station @ Bay 1 Unload Only,Joyce Station @ Bay 6,51722,Joyce Station,63090,63690,in_service_layover,55.607984040907965,63.323009045934384,43.51274102834901,600,10.0,17:31:30,17:41:30,True,1,,3
2164871,medium,106.0,68.0,40-ft,HTC,MF,14903912,14903800,027,026,51722,58249,Joyce Station @ Bay 1 Unload Only,Joyce Station @ Bay 6,51722,Joyce Station,64050,64650,in_service_layover,67.39401148910612,73.68085992963117,35.45782520456129,600,10.0,17:47:30,17:57:30,True,2,,3
2164872,medium,106.0,65.0,40-ft,HTC,MF,14903913,14903801,027,026,51722,58249,Joyce Station @ Bay 1 Unload Only,Joyce Station @ Bay 6,51722,Joyce Station,64950,65550,in_service_layover,65.25909266627728,71.84207116932451,37.12799875718633,600,10.0,18:02:30,18:12:30,True,3,,3
2164870,medium,106.0,60.0,40-ft,HTC,MF,14903740,14903858,026,027,51722,59664,Joyce Station @ Bay 1 Unload Only,Joyce Station @ Bay 7,51722,Joyce Station,65370,66090,in_service_layover,36.91772416508302,46.031410029569344,51.40118827570285,720,12.0,18:09:30,18:21:30,True,1,,3
2160030,medium,106.0,63.0,40-ft,HTC,MF,14903914,14903802,027,026,51722,58249,Joyce Station @ Bay 1 Unload Only,Joyce Station @ Bay 6,51722,Joyce Station,65970,66450,in_service_layover,64.27518819770236,69.78150216140403,31.055610755277428,480,8.0,18:19:30,18:27:30,True,2,,3
2164875,medium,106.0,70.0,40-ft,HTC,MF,14903743,14903861,026,027,51722,59664,Joyce Station @ Bay 1 Unload Only,Joyce Station @ Bay 7,51722,Joyce Station,67890,69330,in_service_layover,63.32075652602853,76.89230864703622,76.54355396248326,1440,24.0,18:51:30,19:15:30,True,3,,3
2160027,medium,27.0,4.0,40-ft,BTC,MF,14904050,14903978,028,028,51722,51671,Joyce Station @ Bay 1 Unload Only,Joyce Station @ Bay 2,51722,Joyce Station,68010,68190,in_service_layover,58.486147920086104,60.859550387643914,13.385989917026052,180,3.0,18:53:30,18:56:30,True,1,,3
2164881,medium,27.0,1.0,40-ft,BTC,MF,14904051,14903979,028,028,51722,51671,Joyce Station @ Bay 1 Unload Only,Joyce Station @ Bay 2,51722,Joyce Station,68790,68970,in_service_layover,60.105219454934655,62.43127550263201,13.118956109013084,180,3.0,19:06:30,19:09:30,True,2,,3
2160017,medium,106.0,62.0,40-ft,HTC,MF,14903746,14903862,026,027,51722,59664,Joyce Station @ Bay 1 Unload Only,Joyce Station @ Bay 7,51722,Joyce Station,70950,71130,in_service_layover,35.003242980356255,37.26285008954327,12.744184095814774,180,3.0,19:42:30,19:45:30,True,1,,3
2164882,medium,27.0,2.0,40-ft,BTC,MF,14904053,14903984,028,028,51722,51671,Joyce Station @ Bay 1 Unload Only,Joyce Station @ Bay 2,51722,Joyce Station,71010,71190,in_service_layover,63.72865293768689,65.92621843635047,12.39426941246262,180,3.0,19:43:30,19:46:30,True,2,,3
2160035,medium,106.0,74.0,40-ft,HTC,MF,14903919,14903806,027,026,51722,58249,Joyce Station @ Bay 1 Unload Only,Joyce Station @ Bay 6,51722,Joyce Station,71010,71730,in_service_layover,68.79716353842056,75.88808208214728,39.99278058661872,720,12.0,19:43:30,19:55:30,True,3,,3
2160034,medium,27.0,6.0,40-ft,BTC,MF,14904054,14903985,028,028,51722,51671,Joyce Station @ Bay 1 Unload Only,Joyce Station @ Bay 2,51722,Joyce Station,72150,72510,in_service_layover,58.22828924348175,62.88067167693836,26.239436924695326,360,6.0,20:02:30,20:08:30,True,1,,3
2164878,medium,106.0,75.0,40-ft,HTC,MF,14903747,14903807,026,026,51722,58249,Joyce Station @ Bay 1 Unload Only,Joyce Station @ Bay 6,51722,Joyce Station,72690,73530,in_service_layover,66.52097410290622,75.0035040817144,47.84146908047808,840,14.0,20:11:30,20:25:30,True,2,,3
2160017,medium,106.0,62.0,40-ft,HTC,MF,14903921,14903864,027,027,51722,59664,Joyce Station @ Bay 1 Unload Only,Joyce Station @ Bay 7,51722,Joyce Station,74490,74670,in_service_layover,38.69067759417529,40.95990774048658,12.798458025195657,180,3.0,20:41:30,20:44:30,True,3,,3
2164877,medium,106.0,76.0,40-ft,HTC,MF,14903748,14903808,026,026,51722,58249,Joyce Station @ Bay 1 Unload Only,Joyce Station @ Bay 6,51722,Joyce Station,74490,75330,in_service_layover,66.75581010239029,75.1917062185171,47.57845409495525,840,14.0,20:41:30,20:55:30,True,1,,3
2164882,medium,27.0,2.0,40-ft,BTC,MF,14904057,14903987,028,028,51722,51671,Joyce Station @ Bay 1 Unload Only,Joyce Station @ Bay 2,51722,Joyce Station,75510,76170,in_service_layover,59.5124483638279,67.49424383853919,45.01732647737168,660,11.0,20:58:30,21:09:30,True,2,,3
2160035,medium,106.0,74.0,40-ft,HTC,MF,14903749,14903865,026,027,51722,59664,Joyce Station @ Bay 1 Unload Only,Joyce Station @ Bay 7,51722,Joyce Station,76230,76470,in_service_layover,69.58069207767309,72.18208936828312,14.671880719040473,240,4.0,21:10:30,21:14:30,True,3,,3
2164875,medium,106.0,70.0,40-ft,HTC,MF,14903922,14903809,027,026,51722,58249,Joyce Station @ Bay 1 Unload Only,Joyce Station @ Bay 6,51722,Joyce Station,76290,77130,in_service_layover,69.16778515659975,77.11685755945388,44.832768352097276,840,14.0,21:11:30,21:25:30,True,1,,3
2160034,medium,27.0,6.0,40-ft,BTC,MF,14904058,14903988,028,028,51722,51671,Joyce Station @ Bay 1 Unload Only,Joyce Station @ Bay 2,51722,Joyce Station,77310,77670,in_service_layover,64.9303256316745,69.1069839476669,23.556352902197148,360,6.0,21:28:30,21:34:30,True,2,,3
2164878,medium,106.0,75.0,40-ft,HTC,MF,14903750,14903866,026,027,51722,59664,Joyce Station @ Bay 1 Unload Only,Joyce Station @ Bay 7,51722,Joyce Station,77970,78570,in_service_layover,68.6961140772402,74.79683971994068,34.408092624830715,600,10.0,21:39:30,21:49:30,True,3,,3
2160017,medium,106.0,62.0,40-ft,HTC,MF,14903923,14903810,027,026,51722,58249,Joyce Station @ Bay 1 Unload Only,Joyce Station @ Bay 6,51722,Joyce Station,78090,78930,in_service_layover,43.93717632031117,54.76294559312851,61.05733869868982,840,14.0,21:41:30,21:55:30,True,1,,3
2164881,medium,27.0,1.0,40-ft,BTC,MF,14904059,14903989,028,028,51722,51671,Joyce Station @ Bay 1 Unload Only,Joyce Station @ Bay 2,51722,Joyce Station,79110,79650,in_service_layover,68.28535223848216,73.90867920726052,31.71556410390997,540,9.0,21:58:30,22:07:30,True,2,,3
2160035,medium,106.0,74.0,40-ft,HTC,MF,14903924,14903811,027,026,51722,58249,Joyce Station @ Bay 1 Unload Only,Joyce Station @ Bay 6,51722,Joyce Station,79890,80730,in_service_layover,68.31982762306488,76.44168212259969,45.80725937737634,840,14.0,22:11:30,22:25:30,True,3,,3
2164882,medium,27.0,2.0,40-ft,BTC,MF,14904060,14903990,028,028,51722,51671,Joyce Station @ Bay 1 Unload Only,Joyce Station @ Bay 2,51722,Joyce Station,80790,81210,in_service_layover,67.69268026909839,72.24805203585161,25.692296764488162,420,7.0,22:26:30,22:33:30,True,1,,3
2160030,medium,106.0,63.0,40-ft,HTC,MF,14903752,14903812,026,026,51722,58249,Joyce Station @ Bay 1 Unload Only,Joyce Station @ Bay 6,51722,Joyce Station,82230,84090,in_service_layover,50.286501642465275,71.2617998172693,118.30068170589465,1860,31.0,22:50:30,23:21:30,True,2,,3
2164881,medium,27.0,1.0,40-ft,BTC,MF,14904062,14903992,028,028,51722,51671,Joyce Station @ Bay 1 Unload Only,Joyce Station @ Bay 2,51722,Joyce Station,84330,84990,in_service_layover,67.49490913473794,74.29799685840266,38.369414761469045,660,11.0,23:25:30,23:36:30,True,3,,3
2164878,medium,106.0,75.0,40-ft,HTC,MF,14903926,14903868,027,027,51722,59664,Joyce Station @ Bay 1 Unload Only,Joyce Station @ Bay 7,51722,Joyce Station,85290,86250,in_service_layover,69.69179454714602,78.3721919122493,48.957441139182606,960,16.0,23:41:30,23:57:30,True,1,,3
2164875,medium,106.0,70.0,40-ft,HTC,MF,14903753,14903813,026,026,51722,58249,Joyce Station @ Bay 1 Unload Only,Joyce Station @ Bay 6,51722,Joyce Station,86130,87810,in_service_layover,65.53442334919386,79.82941511528648,80.62375356076234,1680,28.0,23:55:30,24:23:30,True,2,,3
2164881,medium,27.0,1.0,40-ft,BTC,MF,14904065,14903994,028,028,51722,51671,Joyce Station @ Bay 1 Unload Only,Joyce Station @ Bay 2,51722,Joyce Station,89670,89910,in_service_layover,67.88422678588009,70.58059264948628,15.207503470738857,240,4.0,24:54:30,24:58:30,True,3,,3
2160030,medium,106.0,63.0,40-ft,HTC,MF,14903754,14903814,026,026,51722,58249,Joyce Station @ Bay 1 Unload Only,Joyce Station @ Bay 6,51722,Joyce Station,90150,92010,in_service_layover,62.31688770990219,78.73460522261614,92.59592677170667,1860,31.0,25:02:30,25:33:30,True,1,,3
2162005,medium,321.0,10.0,40-ft,STC,MF,14867925,14867952,345,345,54990,54990,King George Station @ Bay 2,King George Station @ Bay 2,54990,King George Station,28770,29250,in_service_layover,69.71750487409017,74.62077447804116,27.654440566283597,480,8.0,07:59:30,08:07:30,True,1,,2
2162016,medium,321.0,16.0,40-ft,STC,MF,14867898,14867974,345,345,54990,54990,King George Station @ Bay 2,King George Station @ Bay 2,54990,King George Station,30810,31170,in_service_layover,69.2967273589458,73.11733009186639,21.548199413672194,360,6.0,08:33:30,08:39:30,True,2,,2
2162012,medium,321.0,24.0,40-ft,STC,MF,14867920,14867954,345,345,54990,54990,King George Station @ Bay 2,King George Station @ Bay 2,54990,King George Station,31710,32070,in_service_layover,69.71750487409017,73.50131550545288,21.34069196088575,360,6.0,08:48:30,08:54:30,True,1,,2
2162018,medium,320.0,17.0,40-ft,STC,MF,14867890,14867955,345,345,54990,54990,King George Station @ Bay 2,King George Station @ Bay 2,54990,King George Station,32610,32970,in_service_layover,67.13702002884789,71.1396029631899,22.574567749689038,360,6.0,09:03:30,09:09:30,True,2,,2
2162009,medium,321.0,20.0,40-ft,STC,MF,14867926,14867956,345,345,54990,54990,King George Station @ Bay 2,King George Station @ Bay 2,54990,King George Station,33390,33870,in_service_layover,66.85476730477157,72.08433965555022,29.494788058391634,480,8.0,09:16:30,09:24:30,True,1,,2
2162011,medium,801.0,44.0,40-ft,STC,MF,14867891,14867957,345,345,54990,54990,King George Station @ Bay 2,King George Station @ Bay 2,54990,King George Station,34290,34770,in_service_layover,69.71750487409017,74.62077447804116,27.654440566283597,480,8.0,09:31:30,09:39:30,True,2,,2
2162015,medium,321.0,22.0,40-ft,STC,MF,14866162,14867984,335,345,55714,54990,Surrey Central Station @ Bay 6,King George Station @ Bay 2,54990,King George Station,35370,35670,interline_end,67.82787545545847,71.1592501980577,18.788953548259656,300,5.0,09:49:30,09:54:30,True,1,,2
2162014,medium,321.0,23.0,40-ft,STC,MF,14867900,14867958,345,345,54990,54990,King George Station @ Bay 2,King George Station @ Bay 2,54990,King George Station,36690,37110,in_service_layover,62.367553470564104,67.40851953790947,28.431048619827834,420,7.0,10:11:30,10:18:30,True,2,,2
2162003,medium,321.0,15.0,40-ft,STC,MF,14867915,14867959,345,345,54990,54990,King George Station @ Bay 2,King George Station @ Bay 2,54990,King George Station,37890,38910,in_service_layover,58.45934304733274,70.22341971584845,66.34939241042866,1020,17.0,10:31:30,10:48:30,True,1,,2
2162018,medium,320.0,17.0,40-ft,STC,MF,14867902,14867960,345,345,54990,54990,King George Station @ Bay 2,King George Station @ Bay 2,54990,King George Station,40290,40710,in_service_layover,59.88144113643248,65.1303404865842,29.60379233485571,420,7.0,11:11:30,11:18:30,True,2,,2
2162008,medium,321.0,29.0,40-ft,STC,MF,14867927,14867961,345,345,54990,54990,King George Station @ Bay 2,King George Station @ Bay 2,54990,King George Station,41490,42510,in_service_layover,57.00445902444897,69.08702667837889,68.14568156816478,1020,17.0,11:31:30,11:48:30,True,1,,2
2162002,medium,321.0,14.0,40-ft,STC,MF,14867936,14867962,345,345,54990,54990,King George Station @ Bay 2,King George Station @ Bay 2,54990,King George Station,43950,44310,in_service_layover,50.38702599374309,55.047375772936945,26.28437275465336,360,6.0,12:12:30,12:18:30,True,2,,2
2162005,medium,321.0,10.0,40-ft,STC,MF,14867883,14867963,345,345,54990,54990,King George Station @ Bay 2,King George Station @ Bay 2,54990,King George Station,45150,46110,in_service_layover,51.28583188079148,63.5291072185556,69.0520729049897,960,16.0,12:32:30,12:48:30,True,1,,2
2162016,medium,321.0,16.0,40-ft,STC,MF,14867904,14867965,345,345,54990,54990,King George Station @ Bay 2,King George Station @ Bay 2,54990,King George Station,47010,47910,in_service_layover,49.78238749461672,61.40313560304666,65.54101933154482,900,15.0,13:03:30,13:18:30,True,2,,2
2162012,medium,321.0,24.0,40-ft,STC,MF,14867905,14867947,345,345,54990,54990,King George Station @ Bay 2,King George Station @ Bay 2,54990,King George Station,48810,49710,in_service_layover,50.16637290820321,61.771390390582404,65.45229860061869,900,15.0,13:33:30,13:48:30,True,1,,2
2162009,medium,321.0,20.0,40-ft,STC,MF,14867906,14867948,345,345,54990,54990,King George Station @ Bay 2,King George Station @ Bay 2,54990,King George Station,50670,51510,in_service_layover,48.749397058300545,59.65323730948433,61.49765901667655,840,14.0,14:04:30,14:18:30,True,2,,2
2162015,medium,321.0,22.0,40-ft,STC,MF,14867907,14867946,345,345,54990,54990,King George Station @ Bay 2,King George Station @ Bay 2,54990,King George Station,52530,52950,in_service_layover,47.824307600808034,53.222597051104025,30.446352499669388,420,7.0,14:35:30,14:42:30,True,1,,2
2162014,medium,321.0,23.0,40-ft,STC,MF,14867908,14867942,345,345,54990,54990,King George Station @ Bay 2,King George Station @ Bay 2,54990,King George Station,54450,55350,in_service_layover,44.07357694065979,55.69998592227893,65.57294665633191,900,15.0,15:07:30,15:22:30,True,2,,2
2162003,medium,321.0,15.0,40-ft,STC,MF,14867909,14867979,345,345,54990,54990,King George Station @ Bay 2,King George Station @ Bay 2,54990,King George Station,56370,57150,in_service_layover,46.88847711859877,57.0073164641182,57.07025390872957,780,13.0,15:39:30,15:52:30,True,1,,2
2162008,medium,321.0,29.0,40-ft,STC,MF,14867896,14867980,345,345,54990,54990,King George Station @ Bay 2,King George Station @ Bay 2,54990,King George Station,60450,60750,in_service_layover,45.75208408112922,49.572792308501064,21.54879440237721,300,5.0,16:47:30,16:52:30,True,2,,2
2161716,medium,321.0,12.0,40-ft,STC,MF,14874465,14870731,501,395,61035,54990,Surrey Central Station @ Bay 12,King George Station @ Bay 2,54990,King George Station,60990,61290,interline_end,59.818418723690115,63.64270607708811,21.568980673164674,300,5.0,16:56:30,17:01:30,True,1,,2
2161575,medium,320.0,5.0,40-ft,STC,MF,14866683,14870732,337,395,61035,54990,Surrey Central Station @ Bay 12,King George Station @ Bay 2,54990,King George Station,63330,63630,interline_end,65.5936941111664,69.07202684200207,19.6177966019132,300,5.0,17:35:30,17:40:30,True,2,,2
2162020,medium,620.0,45.0,40-ft,RTC,MF,14878298,14867990,640,345,53104,54990,Scott Road Station @ Bay 1,King George Station @ Bay 2,54990,King George Station,63330,63630,interline_end,66.8579109876606,70.25459694263242,19.157308786041085,300,5.0,17:35:30,17:40:30,True,1,,2
2162005,medium,321.0,10.0,40-ft,STC,MF,14867893,14867982,345,345,54990,54990,King George Station @ Bay 2,King George Station @ Bay 2,54990,King George Station,63630,64230,in_service_layover,40.19416462130593,47.810166088303646,42.95424827386711,600,10.0,17:40:30,17:50:30,True,1,,2
2162191,medium,350.0,61.0,40-ft,RTC,MF,14870698,14870713,394,394,54990,54990,King George Station @ Bay 2,King George Station @ Bay 2,54990,King George Station,64050,64290,in_service_layover,69.07922709323785,71.70943443325662,14.834369397705927,240,4.0,17:47:30,17:51:30,True,2,,2
2161538,medium,319.0,4.0,40-ft,STC,MF,14862486,14870734,314,395,56395,54990,Surrey Central Station @ Bay 1 Unloading Only,King George Station @ Bay 2,54990,King George Station,64530,64830,interline_end,66.34824406956692,69.7783193513245,19.34562458911273,300,5.0,17:55:30,18:00:30,True,1,,2
2162003,medium,321.0,15.0,40-ft,STC,MF,14867894,14867972,345,345,54990,54990,King George Station @ Bay 2,King George Station @ Bay 2,54990,King George Station,65310,65490,in_service_layover,45.74915463736077,48.03680517446972,12.902349029294498,180,3.0,18:08:30,18:11:30,True,2,,2
2161659,medium,502.0,18.0,40-ft,STC,MF,14863406,14867968,320,345,61035,54990,Surrey Central Station @ Bay 12,King George Station @ Bay 2,54990,King George Station,66030,66330,interline_end,58.325164540252004,62.229376422301364,22.019755014758402,300,5.0,18:20:30,18:25:30,True,1,,2
2161729,medium,502.0,61.0,40-ft,STC,MF,14867929,14867988,345,345,54990,54990,King George Station @ Bay 2,King George Station @ Bay 2,54990,King George Station,66930,67170,in_service_layover,69.71750487409017,72.310934547049,14.626943355487867,240,4.0,18:35:30,18:39:30,True,2,,2
2162189,medium,350.0,64.0,40-ft,RTC,MF,14870700,14870701,394,394,54990,54990,King George Station @ Bay 2,King George Station @ Bay 2,54990,King George Station,67410,67710,in_service_layover,69.07922709323785,72.3229208552716,18.294432817870415,300,5.0,18:43:30,18:48:30,True,1,,2
2162013,medium,320.0,43.0,40-ft,STC,MF,14867911,14867983,345,345,54990,54990,King George Station @ Bay 2,King George Station @ Bay 2,54990,King George Station,67830,68010,in_service_layover,63.089919120627705,65.310134754648,12.522016175874455,180,3.0,18:50:30,18:53:30,True,2,,2
2165204,medium,502.0,40.0,40-ft,STC,MF,14874474,14870733,501,395,61035,54990,Surrey Central Station @ Bay 12,King George Station @ Bay 2,54990,King George Station,68130,68430,interline_end,67.51644900117215,70.86904556121125,18.908644598620526,300,5.0,18:55:30,19:00:30,True,1,,2
2162008,medium,321.0,29.0,40-ft,STC,MF,14867913,14867969,345,345,54990,54990,King George Station @ Bay 2,King George Station @ Bay 2,54990,King George Station,68430,69210,in_service_layover,38.31463048174363,48.22054363553261,55.86935018736983,780,13.0,19:00:30,19:13:30,True,2,,2
2162408,medium,502.0,8.0,40-ft,STC,MF,14863442,14870727,320,395,61035,54990,Surrey Central Station @ Bay 12,King George Station @ Bay 2,54990,King George Station,69270,69570,interline_end,69.63095408823769,72.83476416752748,18.069488847194464,300,5.0,19:14:30,19:19:30,True,1,,2
2162002,medium,321.0,14.0,40-ft,STC,MF,14867912,14867967,345,345,54990,54990,King George Station @ Bay 2,King George Station @ Bay 2,54990,King George Station,69330,70410,in_service_layover,20.454271348929847,33.92988725972138,76.00247373686425,1080,18.0,19:15:30,19:33:30,True,2,,2
2162006,medium,502.0,59.0,40-ft,STC,MF,14867930,14867941,345,345,54990,54990,King George Station @ Bay 2,King George Station @ Bay 2,54990,King George Station,70590,71610,in_service_layover,63.089919120627705,73.75912807576154,60.174338506954825,1020,17.0,19:36:30,19:53:30,True,1,,2
2161708,medium,321.0,6.0,40-ft,STC,MF,14867914,14867986,345,345,54990,54990,King George Station @ Bay 2,King George Station @ Bay 2,54990,King George Station,71850,72810,in_service_layover,46.23439178880459,58.66485153850736,70.10779298832364,960,16.0,19:57:30,20:13:30,True,2,,2
2161659,medium,502.0,18.0,40-ft,STC,MF,14867884,14867938,345,345,54990,54990,King George Station @ Bay 2,King George Station @ Bay 2,54990,King George Station,73410,74010,in_service_layover,50.971214595543934,58.810836747488146,44.21546893696535,600,10.0,20:23:30,20:33:30,True,1,,2
2162013,medium,320.0,43.0,40-ft,STC,MF,14867885,14867940,345,345,54990,54990,King George Station @ Bay 2,King George Station @ Bay 2,54990,King George Station,74910,75210,in_service_layover,54.05197292789056,57.98665813136833,22.191624547614595,300,5.0,20:48:30,20:53:30,True,2,,2
2160915,medium,183.0,32.0,40-ft,PCT,MF,14851545,14886289,160,N9,58042,58065,Kootenay Loop @ Bay 2,Northbound Seymour St @ W Georgia St,58042,Kootenay Loop,7050,7350,interline_start,64.95471590412123,68.47281818883148,19.842096885765898,300,5.0,01:57:30,02:02:30,True,1,,3
2160069,medium,130.0,1.0,40-ft,BTC,MF,14847038,14847081,130,130,58043,58043,Kootenay Loop @ Bay 4,Kootenay Loop @ Bay 4,58043,Kootenay Loop,35070,35490,in_service_layover,69.73007420238454,74.08118787627596,24.54028112074758,420,7.0,09:44:30,09:51:30,True,2,,3
2160030,medium,106.0,63.0,40-ft,HTC,MF,14903829,14903889,027,027,51695,51695,Kootenay Loop @ Bay 3,Kootenay Loop @ Bay 3,51695,Kootenay Loop,35910,36270,in_service_layover,68.32223050306735,72.22636784987493,22.019334635994767,360,6.0,09:58:30,10:04:30,True,3,,3
2160914,medium,183.0,8.0,40-ft,PCT,MF,14851557,14851484,160,160,58042,58042,Kootenay Loop @ Bay 2,Kootenay Loop @ Bay 2,58042,Kootenay Loop,36870,37350,in_service_layover,66.10847648885266,71.41979665451333,29.95584573432626,480,8.0,10:14:30,10:22:30,True,1,,3
2164871,medium,106.0,68.0,40-ft,HTC,MF,14903830,14903890,027,027,51695,51695,Kootenay Loop @ Bay 3,Kootenay Loop @ Bay 3,51695,Kootenay Loop,37110,37470,in_service_layover,68.75833778101207,72.62538081529064,21.81012271333111,360,6.0,10:18:30,10:24:30,True,2,,3
2164872,medium,106.0,65.0,40-ft,HTC,MF,14903831,14903891,027,027,51695,51695,Kootenay Loop @ Bay 3,Kootenay Loop @ Bay 3,51695,Kootenay Loop,38310,38670,in_service_layover,66.15411407315268,70.23571458952458,23.020226912337478,360,6.0,10:38:30,10:44:30,True,3,,3
2160925,medium,160.0,4.0,40-ft,PCT,MF,14851516,14851445,160,160,58042,58042,Kootenay Loop @ Bay 2,Kootenay Loop @ Bay 2,58042,Kootenay Loop,38670,39210,in_service_layover,69.534228712891,74.99483455374116,30.79781694239489,540,9.0,10:44:30,10:53:30,True,1,,3
2160030,medium,106.0,63.0,40-ft,HTC,MF,14903832,14903892,027,027,51695,51695,Kootenay Loop @ Bay 3,Kootenay Loop @ Bay 3,51695,Kootenay Loop,39510,39870,in_service_layover,68.36410610465671,72.26470203553534,21.99936105015547,360,6.0,10:58:30,11:04:30,True,2,,3
2160912,medium,160.0,1.0,40-ft,PCT,MF,14851553,14851480,160,160,58042,58042,Kootenay Loop @ Bay 2,Kootenay Loop @ Bay 2,58042,Kootenay Loop,39630,40110,in_service_layover,69.36898788204766,74.31306148214257,27.884575104535315,480,8.0,11:00:30,11:08:30,True,3,,3
2160922,medium,160.0,2.0,40-ft,PCT,MF,14851500,14851429,160,160,58042,58042,Kootenay Loop @ Bay 2,Kootenay Loop @ Bay 2,58042,Kootenay Loop,40530,41010,in_service_layover,61.300460469385456,67.10556449945503,32.7407867295924,480,8.0,11:15:30,11:23:30,True,1,,3
2164871,medium,106.0,68.0,40-ft,HTC,MF,14903833,14903893,027,027,51695,51695,Kootenay Loop @ Bay 3,Kootenay Loop @ Bay 3,51695,Kootenay Loop,40710,41070,in_service_layover,68.7631190700724,72.62975292831632,21.807814960495705,360,6.0,11:18:30,11:24:30,True,2,,3
2160921,medium,160.0,5.0,40-ft,PCT,MF,14851501,14851430,160,160,58042,58042,Kootenay Loop @ Bay 2,Kootenay Loop @ Bay 2,58042,Kootenay Loop,41490,41850,in_service_layover,59.92737617003571,64.46524645060865,25.593588382431335,360,6.0,11:31:30,11:37:30,True,3,,3
2164872,medium,106.0,65.0,40-ft,HTC,MF,14903834,14903894,027,027,51695,51695,Kootenay Loop @ Bay 3,Kootenay Loop @ Bay 3,51695,Kootenay Loop,41910,42210,in_service_layover,68.41479062130654,71.70552083696167,18.559718416294857,300,5.0,11:38:30,11:43:30,True,1,,3
2160030,medium,106.0,63.0,40-ft,HTC,MF,14903835,14903895,027,027,51695,51695,Kootenay Loop @ Bay 3,Kootenay Loop @ Bay 3,51695,Kootenay Loop,43170,43410,in_service_layover,68.4024402903171,71.070548255896,15.048128925864944,240,4.0,11:59:30,12:03:30,True,2,,3
2160919,medium,160.0,6.0,40-ft,PCT,MF,14851503,14851432,160,160,58042,58042,Kootenay Loop @ Bay 2,Kootenay Loop @ Bay 2,58042,Kootenay Loop,43350,43710,in_service_layover,59.92737617003571,64.46524645060865,25.593588382431335,360,6.0,12:02:30,12:08:30,True,3,,3
2160918,medium,160.0,3.0,40-ft,PCT,MF,14851504,14851433,160,160,58042,58042,Kootenay Loop @ Bay 2,Kootenay Loop @ Bay 2,58042,Kootenay Loop,44190,44610,in_service_layover,65.76203947007602,70.50153408651131,26.730749636695066,420,7.0,12:16:30,12:23:30,True,1,,3
2164871,medium,106.0,68.0,40-ft,HTC,MF,14903836,14903896,027,027,51695,51695,Kootenay Loop @ Bay 3,Kootenay Loop @ Bay 3,51695,Kootenay Loop,44370,44610,in_service_layover,68.7674911830981,71.41529616476441,14.933620096597963,240,4.0,12:19:30,12:23:30,True,2,,3
2160923,medium,160.0,7.0,40-ft,PCT,MF,14851505,14851434,160,160,58042,58042,Kootenay Loop @ Bay 2,Kootenay Loop @ Bay 2,58042,Kootenay Loop,45210,45450,in_service_layover,68.07354417572458,70.75966338956277,15.149712366047481,240,4.0,12:33:30,12:37:30,True,3,,3
2160917,medium,160.0,8.0,40-ft,PCT,MF,14851506,14851435,160,160,58042,58042,Kootenay Loop @ Bay 2,Kootenay Loop @ Bay 2,58042,Kootenay Loop,46110,46350,in_service_layover,68.5227199338334,71.18417454744923,15.010604020793323,240,4.0,12:48:30,12:52:30,True,1,,3
2160916,medium,151.0,14.0,40-ft,PCT,MF,14851517,14851446,160,160,58042,58042,Kootenay Loop @ Bay 2,Kootenay Loop @ Bay 2,58042,Kootenay Loop,47970,48150,in_service_layover,68.91916294998043,70.92485377827064,11.312096271556754,180,3.0,13:19:30,13:22:30,True,2,,3
2160922,medium,160.0,2.0,40-ft,PCT,MF,14851507,14851436,160,160,58042,58042,Kootenay Loop @ Bay 2,Kootenay Loop @ Bay 2,58042,Kootenay Loop,50550,50910,in_service_layover,65.02606462858573,69.19541917360158,23.515159633889425,360,6.0,14:02:30,14:08:30,True,3,,3
2160069,medium,130.0,1.0,40-ft,BTC,MF,14847000,14847143,130,130,58043,58043,Kootenay Loop @ Bay 4,Kootenay Loop @ Bay 4,58043,Kootenay Loop,50610,51030,in_service_layover,68.10298159697352,72.61804115239843,25.464935892596486,420,7.0,14:03:30,14:10:30,True,1,,3
2160921,medium,160.0,5.0,40-ft,PCT,MF,14851508,14851437,160,160,58042,58042,Kootenay Loop @ Bay 2,Kootenay Loop @ Bay 2,58042,Kootenay Loop,51450,51810,in_service_layover,61.19558422851501,65.64270591443592,25.081766308594013,360,6.0,14:17:30,14:23:30,True,2,,3
2164871,medium,106.0,68.0,40-ft,HTC,MF,14903842,14903902,027,027,51695,51695,Kootenay Loop @ Bay 3,Kootenay Loop @ Bay 3,51695,Kootenay Loop,51630,51810,in_service_layover,65.68380196508559,67.8120359379549,12.003239606982902,180,3.0,14:20:30,14:23:30,True,3,,3
2160690,medium,130.0,10.0,40-ft,BTC,MF,14847001,14847068,130,130,58043,58043,Kootenay Loop @ Bay 4,Kootenay Loop @ Bay 4,58043,Kootenay Loop,51990,52410,in_service_layover,69.6633578016534,74.02132245593701,24.578920650159546,420,7.0,14:26:30,14:33:30,True,1,,3
2160687,medium,130.0,6.0,40-ft,BTC,MF,14846964,14847117,130,130,58043,58043,Kootenay Loop @ Bay 4,Kootenay Loop @ Bay 4,58043,Kootenay Loop,52830,53190,in_service_layover,68.04624002330813,71.973610910762,22.150371805239843,360,6.0,14:40:30,14:46:30,True,2,,3
2160919,medium,160.0,6.0,40-ft,PCT,MF,14851510,14851439,160,160,58042,58042,Kootenay Loop @ Bay 2,Kootenay Loop @ Bay 2,58042,Kootenay Loop,53250,53670,in_service_layover,60.56663558945606,65.75733950049397,29.275570058253834,420,7.0,14:47:30,14:54:30,True,3,,3
2160918,medium,160.0,3.0,40-ft,PCT,MF,14851511,14851440,160,160,58042,58042,Kootenay Loop @ Bay 2,Kootenay Loop @ Bay 2,58042,Kootenay Loop,54390,54570,in_service_layover,66.17475898526418,68.28558313472288,11.905048202947171,180,3.0,15:06:30,15:09:30,True,1,,3
2160923,medium,160.0,7.0,40-ft,PCT,MF,14851512,14851441,160,160,58042,58042,Kootenay Loop @ Bay 2,Kootenay Loop @ Bay 2,58042,Kootenay Loop,55350,55530,in_service_layover,66.90152949145832,68.98627184929089,11.75794689817559,180,3.0,15:22:30,15:25:30,True,2,,3
2160069,medium,130.0,1.0,40-ft,BTC,MF,14846977,14847060,130,130,58043,58043,Kootenay Loop @ Bay 4,Kootenay Loop @ Bay 4,58043,Kootenay Loop,55590,55770,in_service_layover,69.36807677952945,71.35481570787495,11.205207555868697,180,3.0,15:26:30,15:29:30,True,3,,3
2160917,medium,160.0,8.0,40-ft,PCT,MF,14851513,14851442,160,160,58042,58042,Kootenay Loop @ Bay 2,Kootenay Loop @ Bay 2,58042,Kootenay Loop,56310,56610,in_service_layover,66.73462929690726,70.13945027420621,19.203190311966125,300,5.0,15:38:30,15:43:30,True,1,,3
2164873,medium,106.0,67.0,40-ft,HTC,MF,14903847,14903907,027,027,51695,51695,Kootenay Loop @ Bay 3,Kootenay Loop @ Bay 3,51695,Kootenay Loop,57090,57270,in_service_layover,60.70455757109862,63.0093604941093,12.999088485780248,180,3.0,15:51:30,15:54:30,True,2,,3
2160690,medium,130.0,10.0,40-ft,BTC,MF,14847029,14847145,130,130,58043,58043,Kootenay Loop @ Bay 4,Kootenay Loop @ Bay 4,58043,Kootenay Loop,57150,57930,in_service_layover,68.7873602274804,76.35594250055773,42.68680402015616,780,13.0,15:52:30,16:05:30,True,3,,3
2160914,medium,183.0,8.0,40-ft,PCT,MF,14851555,14851482,160,160,58042,58042,Kootenay Loop @ Bay 2,Kootenay Loop @ Bay 2,58042,Kootenay Loop,57210,57450,in_service_layover,66.36916428186636,69.14435267020936,15.652062510254495,240,4.0,15:53:30,15:57:30,True,1,,3
2160916,medium,151.0,14.0,40-ft,PCT,MF,14851519,14851448,160,160,58042,58042,Kootenay Loop @ Bay 2,Kootenay Loop @ Bay 2,58042,Kootenay Loop,58110,58410,in_service_layover,66.52208048081985,69.94083914892077,19.28179888808927,300,5.0,16:08:30,16:13:30,True,2,,3
2160925,medium,160.0,4.0,40-ft,PCT,MF,14851520,14851449,160,160,58042,58042,Kootenay Loop @ Bay 2,Kootenay Loop @ Bay 2,58042,Kootenay Loop,58830,59190,in_service_layover,65.19223183397204,69.34885680484581,23.443364835727948,360,6.0,16:20:30,16:26:30,True,1,,3
2160021,medium,106.0,71.0,40-ft,HTC,MF,14903849,14903909,027,027,51695,51695,Kootenay Loop @ Bay 3,Kootenay Loop @ Bay 3,51695,Kootenay Loop,58950,59250,in_service_layover,61.799277713611275,65.50499416079737,20.900240762129556,300,5.0,16:22:30,16:27:30,True,3,,3
2160682,medium,130.0,8.0,40-ft,BTC,MF,14846950,14847054,130,130,58043,58043,Kootenay Loop @ Bay 4,Kootenay Loop @ Bay 4,58043,Kootenay Loop,59190,59490,in_service_layover,68.63620006237905,71.9113772241128,18.471999192178316,300,5.0,16:26:30,16:31:30,True,2,,3
2160912,medium,160.0,1.0,40-ft,PCT,MF,14851551,14851478,160,160,58042,58042,Kootenay Loop @ Bay 2,Kootenay Loop @ Bay 2,58042,Kootenay Loop,59730,60270,in_service_layover,63.42125071498824,69.64173002441837,35.08350330518584,540,9.0,16:35:30,16:44:30,True,1,,3
2160924,medium,183.0,1.0,40-ft,PCT,MF,14851521,14851450,160,160,58042,58042,Kootenay Loop @ Bay 2,Kootenay Loop @ Bay 2,58042,Kootenay Loop,60630,61110,in_service_layover,67.22055635256062,72.40955942145621,29.265977308571053,480,8.0,16:50:30,16:58:30,True,3,,3
2160026,medium,106.0,64.0,40-ft,HTC,MF,14903851,14903911,027,027,51695,51695,Kootenay Loop @ Bay 3,Kootenay Loop @ Bay 3,51695,Kootenay Loop,61050,61290,in_service_layover,54.65402846969707,57.80290556316672,17.7596668071688,240,4.0,16:57:30,17:01:30,True,2,,3
2160922,medium,160.0,2.0,40-ft,PCT,MF,14851522,14851451,160,160,58042,58042,Kootenay Loop @ Bay 2,Kootenay Loop @ Bay 2,58042,Kootenay Loop,61530,61830,in_service_layover,68.06264366993379,71.37786217030845,18.697832342112974,300,5.0,17:05:30,17:10:30,True,1,,3
2164871,medium,106.0,68.0,40-ft,HTC,MF,14903852,14903912,027,027,51695,51695,Kootenay Loop @ Bay 3,Kootenay Loop @ Bay 3,51695,Kootenay Loop,62070,62310,in_service_layover,66.83750687681889,69.58893301136486,15.518043398839268,240,4.0,17:14:30,17:18:30,True,3,,3
2160921,medium,160.0,5.0,40-ft,PCT,MF,14851523,14851452,160,160,58042,58042,Kootenay Loop @ Bay 2,Kootenay Loop @ Bay 2,58042,Kootenay Loop,62430,62910,in_service_layover,65.44070144312127,70.8240063049474,30.361839420699425,480,8.0,17:20:30,17:28:30,True,2,,3
2164872,medium,106.0,65.0,40-ft,HTC,MF,14903853,14903913,027,027,51695,51695,Kootenay Loop @ Bay 3,Kootenay Loop @ Bay 3,51695,Kootenay Loop,63030,63270,in_service_layover,64.59317122022516,67.45401418853604,16.135154341273278,240,4.0,17:30:30,17:34:30,True,1,,3
2160030,medium,106.0,63.0,40-ft,HTC,MF,14903854,14903914,027,027,51695,51695,Kootenay Loop @ Bay 3,Kootenay Loop @ Bay 3,51695,Kootenay Loop,64050,64290,in_service_layover,63.56043774576562,66.4701097199611,16.410549934462495,240,4.0,17:47:30,17:51:30,True,3,,3
2160919,medium,160.0,6.0,40-ft,PCT,MF,14851525,14851454,160,160,58042,58042,Kootenay Loop @ Bay 2,Kootenay Loop @ Bay 2,58042,Kootenay Loop,64170,64830,in_service_layover,64.50301561318372,71.76289618845209,40.94572644451358,660,11.0,17:49:30,18:00:30,True,2,,3
2160918,medium,160.0,3.0,40-ft,PCT,MF,14851526,14851455,160,160,58042,58042,Kootenay Loop @ Bay 2,Kootenay Loop @ Bay 2,58042,Kootenay Loop,65010,65850,in_service_layover,63.19327133055804,72.32201098167323,51.486091632289686,840,14.0,18:03:30,18:17:30,True,1,,3
2160923,medium,160.0,7.0,40-ft,PCT,MF,14851527,14851456,160,160,58042,58042,Kootenay Loop @ Bay 2,Kootenay Loop @ Bay 2,58042,Kootenay Loop,65670,66210,in_service_layover,60.643531581880914,67.17888715230404,36.85940541718651,540,9.0,18:14:30,18:23:30,True,3,,3
2160917,medium,160.0,8.0,40-ft,PCT,MF,14851528,14851457,160,160,58042,58042,Kootenay Loop @ Bay 2,Kootenay Loop @ Bay 2,58042,Kootenay Loop,66750,67110,in_service_layover,62.9909028845664,67.31065181107732,24.363383945521548,360,6.0,18:32:30,18:38:30,True,2,,3
2160914,medium,183.0,8.0,40-ft,PCT,MF,14851550,14851477,160,160,58042,58042,Kootenay Loop @ Bay 2,Kootenay Loop @ Bay 2,58042,Kootenay Loop,67650,68010,in_service_layover,62.725763523549695,67.06436185521282,24.469694590580104,360,6.0,18:47:30,18:53:30,True,1,,3
2164870,medium,106.0,60.0,40-ft,HTC,MF,14903858,14903918,027,027,51695,51695,Kootenay Loop @ Bay 3,Kootenay Loop @ Bay 3,51695,Kootenay Loop,67710,68010,in_service_layover,44.364069806609855,48.17598871988057,21.499222670846848,300,5.0,18:48:30,18:53:30,True,3,,3
2160916,medium,151.0,14.0,40-ft,PCT,MF,14851535,14851473,160,160,58042,58042,Kootenay Loop @ Bay 2,Kootenay Loop @ Bay 2,58042,Kootenay Loop,68430,68910,in_service_layover,64.60679717769554,70.07845357198251,30.860142063778483,480,8.0,19:00:30,19:08:30,True,2,,3
2160915,medium,183.0,32.0,40-ft,PCT,MF,14851547,14851474,160,160,58042,58042,Kootenay Loop @ Bay 2,Kootenay Loop @ Bay 2,58042,Kootenay Loop,69330,69810,in_service_layover,67.29447974366826,72.47524452803829,29.219513383846902,480,8.0,19:15:30,19:23:30,True,1,,3
2160912,medium,160.0,1.0,40-ft,PCT,MF,14851548,14851475,160,160,58042,58042,Kootenay Loop @ Bay 2,Kootenay Loop @ Bay 2,58042,Kootenay Loop,70050,70710,in_service_layover,63.767229698348885,71.13607093702802,41.56026458615031,660,11.0,19:27:30,19:38:30,True,3,,3
2160922,medium,160.0,2.0,40-ft,PCT,MF,14851529,14851467,160,160,58042,58042,Kootenay Loop @ Bay 2,Kootenay Loop @ Bay 2,58042,Kootenay Loop,70950,71490,in_service_layover,58.72863974413859,65.4792438425336,38.07340711494794,540,9.0,19:42:30,19:51:30,True,2,,3
2160921,medium,160.0,5.0,40-ft,PCT,MF,14851530,14851468,160,160,58042,58042,Kootenay Loop @ Bay 2,Kootenay Loop @ Bay 2,58042,Kootenay Loop,71730,72510,in_service_layover,62.34506978253871,71.08074964634132,49.26923443184671,780,13.0,19:55:30,20:08:30,True,1,,3
2160017,medium,106.0,62.0,40-ft,HTC,MF,14903862,14903921,027,027,51695,51695,Kootenay Loop @ Bay 3,Kootenay Loop @ Bay 3,51695,Kootenay Loop,72630,73050,in_service_layover,35.59550986658378,40.88559911643404,29.83610336915541,420,7.0,20:10:30,20:17:30,True,3,,3
2160919,medium,160.0,6.0,40-ft,PCT,MF,14851532,14851470,160,160,58042,58042,Kootenay Loop @ Bay 2,Kootenay Loop @ Bay 2,58042,Kootenay Loop,73470,74310,in_service_layover,65.03063671197324,73.80594899005246,49.492761248366776,840,14.0,20:24:30,20:38:30,True,2,,3
2160918,medium,160.0,3.0,40-ft,PCT,MF,14851533,14851471,160,160,58042,58042,Kootenay Loop @ Bay 2,Kootenay Loop @ Bay 2,58042,Kootenay Loop,74370,75210,in_service_layover,64.34186209279288,73.25063929254509,50.24550340660244,840,14.0,20:39:30,20:53:30,True,1,,3
2160917,medium,160.0,8.0,40-ft,PCT,MF,14851534,14851472,160,160,58042,58042,Kootenay Loop @ Bay 2,Kootenay Loop @ Bay 2,58042,Kootenay Loop,75270,76110,in_service_layover,59.77486155140479,69.54535761367933,55.10559779122838,840,14.0,20:54:30,21:08:30,True,3,,3
2160017,medium,106.0,62.0,40-ft,HTC,MF,14903864,14903923,027,027,51695,51695,Kootenay Loop @ Bay 3,Kootenay Loop @ Bay 3,51695,Kootenay Loop,76170,76710,in_service_layover,39.2925675175271,46.132097842569905,38.57495103324149,540,9.0,21:09:30,21:18:30,True,2,,3
2160914,medium,183.0,8.0,40-ft,PCT,MF,14851549,14851476,160,160,58042,58042,Kootenay Loop @ Bay 2,Kootenay Loop @ Bay 2,58042,Kootenay Loop,76170,77010,in_service_layover,59.54895019708937,69.36588872416814,55.36753329272432,840,14.0,21:09:30,21:23:30,True,1,,3
2160916,medium,151.0,14.0,40-ft,PCT,MF,14851536,14851458,160,160,58042,58042,Kootenay Loop @ Bay 2,Kootenay Loop @ Bay 2,58042,Kootenay Loop,77130,77910,in_service_layover,65.82719345365662,73.9447373099373,45.78294734942301,780,13.0,21:25:30,21:38:30,True,3,,3
2160687,medium,130.0,6.0,40-ft,BTC,MF,14847016,14847127,130,130,58043,58043,Kootenay Loop @ Bay 4,Kootenay Loop @ Bay 4,58043,Kootenay Loop,79290,79590,in_service_layover,69.81246231236081,73.00298749813456,17.99456204776402,300,5.0,22:01:30,22:06:30,True,2,,3
2160690,medium,130.0,10.0,40-ft,BTC,MF,14847017,14847128,130,130,58043,58043,Kootenay Loop @ Bay 4,Kootenay Loop @ Bay 4,58043,Kootenay Loop,81030,81510,in_service_layover,66.76697762928674,72.00623796360291,29.54942828554323,480,8.0,22:30:30,22:38:30,True,1,,3
2160918,medium,160.0,3.0,40-ft,PCT,MF,14851539,14851461,160,160,58042,58042,Kootenay Loop @ Bay 2,Kootenay Loop @ Bay 2,58042,Kootenay Loop,82710,83310,in_service_layover,68.42244777220962,74.56263825799562,34.63067433983309,600,10.0,22:58:30,23:08:30,True,3,,3
2160687,medium,130.0,6.0,40-ft,BTC,MF,14846952,14847129,130,130,58043,58043,Kootenay Loop @ Bay 4,Kootenay Loop @ Bay 4,58043,Kootenay Loop,83130,83370,in_service_layover,69.73631589540193,72.32864655782411,14.620744936061158,240,4.0,23:05:30,23:09:30,True,2,,3
2164878,medium,106.0,75.0,40-ft,HTC,MF,14903867,14903926,027,027,51695,51695,Kootenay Loop @ Bay 3,Kootenay Loop @ Bay 3,51695,Kootenay Loop,83790,84030,in_service_layover,69.26723775176296,71.88671606940477,14.773857711499716,240,4.0,23:16:30,23:20:30,True,1,,3
2160914,medium,183.0,8.0,40-ft,PCT,MF,14851540,14851462,160,160,58042,58042,Kootenay Loop @ Bay 2,Kootenay Loop @ Bay 2,58042,Kootenay Loop,84630,85110,in_service_layover,67.74112641310566,72.87182605087939,28.93714595704381,480,8.0,23:30:30,23:38:30,True,3,,3
2160690,medium,130.0,10.0,40-ft,BTC,MF,14846927,14847130,130,130,58043,58043,Kootenay Loop @ Bay 4,Kootenay Loop @ Bay 4,58043,Kootenay Loop,84690,84990,in_service_layover,68.78207599724823,72.04693992079007,18.41383252877597,300,5.0,23:31:30,23:36:30,True,2,,3
2160687,medium,130.0,6.0,40-ft,BTC,MF,14846928,14847131,130,130,58043,58043,Kootenay Loop @ Bay 4,Kootenay Loop @ Bay 4,58043,Kootenay Loop,86490,86790,in_service_layover,67.0946843293675,70.47564112573194,19.068596331495428,300,5.0,24:01:30,24:06:30,True,1,,3
2160915,medium,183.0,32.0,40-ft,PCT,MF,14851541,14851463,160,160,58042,58042,Kootenay Loop @ Bay 2,Kootenay Loop @ Bay 2,58042,Kootenay Loop,86490,86910,in_service_layover,64.13086860079686,69.01877278422883,27.567779594556328,420,7.0,24:01:30,24:08:30,True,2,,3
2160687,medium,130.0,6.0,40-ft,BTC,MF,14846930,14847133,130,130,58043,58043,Kootenay Loop @ Bay 4,Kootenay Loop @ Bay 4,58043,Kootenay Loop,89730,90090,in_service_layover,65.2416788972753,69.3945024452194,23.421924810404676,360,6.0,24:55:30,25:01:30,True,3,,3
2160918,medium,160.0,3.0,40-ft,PCT,MF,14851543,14851465,160,160,58042,58042,Kootenay Loop @ Bay 2,Kootenay Loop @ Bay 2,58042,Kootenay Loop,89850,90510,in_service_layover,68.51791771212768,75.15975836158566,37.45998126294296,660,11.0,24:57:30,25:08:30,True,1,,3
2160914,medium,183.0,8.0,40-ft,PCT,MF,14851544,14851466,160,160,58042,58042,Kootenay Loop @ Bay 2,Kootenay Loop @ Bay 2,58042,Kootenay Loop,91650,92370,in_service_layover,67.09319787187445,74.47761629639295,41.64811991428434,720,12.0,25:27:30,25:39:30,True,2,,3
2162068,medium,601.0,3.0,40-ft,RTC,MF,14877012,14877438,601,608,61321,57518,Bridgeport Station @ Bay 1 Unloading Only,Ladner Exchange @ Bay 7,57518,Ladner Exchange,26730,27030,interline_end,62.07445843577434,65.76391124689877,20.808513854741875,300,5.0,07:25:30,07:30:30,True,1,,2
2161732,medium,620.0,21.0,40-ft,RTC,MF,14878335,14878249,640,640,56673,56673,Ladner Exchange @ Bay 4,Ladner Exchange @ Bay 4,56673,Ladner Exchange,27330,27630,in_service_layover,67.83475886156594,71.1656617149268,18.786292092955193,300,5.0,07:35:30,07:40:30,True,2,,2
2162559,medium,620.0,23.0,40-ft,RTC,MF,14878339,14878252,640,640,56673,56673,Ladner Exchange @ Bay 4,Ladner Exchange @ Bay 4,56673,Ladner Exchange,28530,29430,in_service_layover,67.83475886156594,76.50922529615673,48.92399069109206,900,15.0,07:55:30,08:10:30,True,1,,2
2162068,medium,601.0,3.0,40-ft,RTC,MF,14877432,14877020,608,601,57518,57396,Ladner Exchange @ Bay 7,Ladner Exchange @ Bay 5,57518,Ladner Exchange,28590,28770,in_service_layover,63.074642667795324,65.29540002000115,12.52507146644092,180,3.0,07:56:30,07:59:30,True,2,,2
2161730,medium,620.0,22.0,40-ft,RTC,MF,14878344,14878254,640,640,56673,56673,Ladner Exchange @ Bay 4,Ladner Exchange @ Bay 4,56673,Ladner Exchange,30990,31230,in_service_layover,67.58247699429614,70.29499248984885,15.29858739491732,240,4.0,08:36:30,08:40:30,True,2,,2
2162561,medium,620.0,27.0,40-ft,RTC,MF,14878345,14878255,640,640,56673,56673,Ladner Exchange @ Bay 4,Ladner Exchange @ Bay 4,56673,Ladner Exchange,31650,32130,in_service_layover,67.83475886156594,72.95490100206175,28.87760167239628,480,8.0,08:47:30,08:55:30,True,1,,2
2162557,medium,620.0,28.0,40-ft,RTC,MF,14878347,14878257,640,640,56673,56673,Ladner Exchange @ Bay 4,Ladner Exchange @ Bay 4,56673,Ladner Exchange,33390,33930,in_service_layover,63.12333941399581,69.37849883404455,35.27909912907495,540,9.0,09:16:30,09:25:30,True,2,,2
2161732,medium,620.0,21.0,40-ft,RTC,MF,14878348,14878258,640,640,56673,56673,Ladner Exchange @ Bay 4,Ladner Exchange @ Bay 4,56673,Ladner Exchange,34110,34830,in_service_layover,68.20881940531065,75.40188567813927,40.56889377875336,720,12.0,09:28:30,09:40:30,True,1,,2
2162559,medium,620.0,23.0,40-ft,RTC,MF,14878350,14878260,640,640,56673,56673,Ladner Exchange @ Bay 4,Ladner Exchange @ Bay 4,56673,Ladner Exchange,36150,36630,in_service_layover,65.39182546627552,70.78035593096097,30.391311820825877,480,8.0,10:02:30,10:10:30,True,2,,2
2161730,medium,620.0,22.0,40-ft,RTC,MF,14878351,14878261,640,640,56673,56673,Ladner Exchange @ Bay 4,Ladner Exchange @ Bay 4,56673,Ladner Exchange,37290,37830,in_service_layover,64.63740282654736,70.71404116688723,34.27224023951692,540,9.0,10:21:30,10:30:30,True,1,,2
2162560,medium,620.0,24.0,40-ft,RTC,MF,14878352,14878262,640,640,56673,56673,Ladner Exchange @ Bay 4,Ladner Exchange @ Bay 4,56673,Ladner Exchange,38550,39030,in_service_layover,61.28379259754014,67.09050941751885,32.749882864679876,480,8.0,10:42:30,10:50:30,True,2,,2
2162557,medium,620.0,28.0,40-ft,RTC,MF,14878353,14878263,640,640,56673,56673,Ladner Exchange @ Bay 4,Ladner Exchange @ Bay 4,56673,Ladner Exchange,39690,40230,in_service_layover,61.80037996149472,68.20690695723559,36.13281225597848,540,9.0,11:01:30,11:10:30,True,1,,2
2162560,medium,620.0,24.0,40-ft,RTC,MF,14878358,14878269,640,640,56673,56673,Ladner Exchange @ Bay 4,Ladner Exchange @ Bay 4,56673,Ladner Exchange,45750,46230,in_service_layover,67.46427071230212,72.62606089674262,29.112496640244444,480,8.0,12:42:30,12:50:30,True,2,,2
2162557,medium,620.0,28.0,40-ft,RTC,MF,14878359,14878271,640,640,56673,56673,Ladner Exchange @ Bay 4,Ladner Exchange @ Bay 4,56673,Ladner Exchange,46950,47430,in_service_layover,68.30568652289361,73.37240139050382,28.576271853321657,480,8.0,13:02:30,13:10:30,True,1,,2
2161732,medium,620.0,21.0,40-ft,RTC,MF,14878360,14878274,640,640,56673,56673,Ladner Exchange @ Bay 4,Ladner Exchange @ Bay 4,56673,Ladner Exchange,48150,48630,in_service_layover,69.78284716536123,74.6784329304479,27.611103715088746,480,8.0,13:22:30,13:30:30,True,2,,2
2161736,medium,620.0,30.0,40-ft,RTC,MF,14878361,14878277,640,640,56673,56673,Ladner Exchange @ Bay 4,Ladner Exchange @ Bay 4,56673,Ladner Exchange,49350,49830,in_service_layover,69.78173052123071,74.67744768040498,27.61184477774293,480,8.0,13:42:30,13:50:30,True,1,,2
2161730,medium,620.0,22.0,40-ft,RTC,MF,14878363,14878281,640,640,56673,56673,Ladner Exchange @ Bay 4,Ladner Exchange @ Bay 4,56673,Ladner Exchange,51510,51750,in_service_layover,68.38575654355891,71.05478464521208,15.0533184933239,240,4.0,14:18:30,14:22:30,True,2,,2
2161732,medium,620.0,21.0,40-ft,RTC,MF,14878370,14878289,640,640,56673,56673,Ladner Exchange @ Bay 4,Ladner Exchange @ Bay 4,56673,Ladner Exchange,54870,55410,in_service_layover,68.49093841179449,74.08774313480491,31.565978637778755,540,9.0,15:14:30,15:23:30,True,1,,2
2162557,medium,620.0,28.0,40-ft,RTC,MF,14878378,14878297,640,640,56673,56673,Ladner Exchange @ Bay 4,Ladner Exchange @ Bay 4,56673,Ladner Exchange,58350,58710,in_service_layover,63.64517028068143,67.91768256592235,24.096969288758714,360,6.0,16:12:30,16:18:30,True,2,,2
2162560,medium,620.0,24.0,40-ft,RTC,MF,14878382,14878301,640,640,56673,56673,Ladner Exchange @ Bay 4,Ladner Exchange @ Bay 4,56673,Ladner Exchange,59910,60450,in_service_layover,63.69255600549922,69.88126216613011,34.90430274595826,540,9.0,16:38:30,16:47:30,True,1,,2
2161731,medium,620.0,43.0,40-ft,RTC,MF,14878384,14878302,640,640,56673,56673,Ladner Exchange @ Bay 4,Ladner Exchange @ Bay 4,56673,Ladner Exchange,60690,61170,in_service_layover,67.74318473145982,72.87365243949515,28.9358378733192,480,8.0,16:51:30,16:59:30,True,2,,2
2162559,medium,620.0,23.0,40-ft,RTC,MF,14878386,14878303,640,640,56673,56673,Ladner Exchange @ Bay 4,Ladner Exchange @ Bay 4,56673,Ladner Exchange,62250,62430,in_service_layover,61.33509467352698,63.61753812482035,12.872981065294596,180,3.0,17:17:30,17:20:30,True,1,,2
2162558,medium,620.0,47.0,40-ft,RTC,MF,14878387,14878304,640,640,56673,56673,Ladner Exchange @ Bay 4,Ladner Exchange @ Bay 4,56673,Ladner Exchange,63090,63630,in_service_layover,67.74318473145982,73.43595723717243,32.10723693221911,540,9.0,17:31:30,17:40:30,True,2,,2
2162487,medium,601.0,33.0,40-ft,RTC,MF,14877113,14877423,601,606,57562,57518,Ladner Exchange @ Bay 3,Ladner Exchange @ Bay 7,57562,Ladner Exchange,63930,64110,in_service_layover,69.43276242628056,71.41672952536643,11.189574438844318,180,3.0,17:45:30,17:48:30,True,1,,2
2162557,medium,620.0,28.0,40-ft,RTC,MF,14878389,14878306,640,640,56673,56673,Ladner Exchange @ Bay 4,Ladner Exchange @ Bay 4,56673,Ladner Exchange,65010,65190,in_service_layover,61.1098339836727,63.4002654026914,12.918033203265452,180,3.0,18:03:30,18:06:30,True,2,,2
2161733,medium,620.0,44.0,40-ft,RTC,MF,14878390,14878307,640,640,56673,56673,Ladner Exchange @ Bay 4,Ladner Exchange @ Bay 4,56673,Ladner Exchange,65970,66330,in_service_layover,65.86558279314573,69.96992722628494,23.148502602905012,360,6.0,18:19:30,18:25:30,True,1,,2
2162560,medium,620.0,24.0,40-ft,RTC,MF,14878391,14878308,640,640,56673,56673,Ladner Exchange @ Bay 4,Ladner Exchange @ Bay 4,56673,Ladner Exchange,67170,67590,in_service_layover,68.6281975491982,73.09104861113582,25.170479989328214,420,7.0,18:39:30,18:46:30,True,2,,2
2162559,medium,620.0,23.0,40-ft,RTC,MF,14878392,14878309,640,640,56673,56673,Ladner Exchange @ Bay 4,Ladner Exchange @ Bay 4,56673,Ladner Exchange,68430,68790,in_service_layover,56.36616561354313,61.08927912128059,26.63836018363935,360,6.0,19:00:30,19:06:30,True,1,,2
2162558,medium,620.0,47.0,40-ft,RTC,MF,14878393,14878310,640,640,56673,56673,Ladner Exchange @ Bay 4,Ladner Exchange @ Bay 4,56673,Ladner Exchange,69510,69990,in_service_layover,66.81147044225037,72.04582317528946,29.52174941434049,480,8.0,19:18:30,19:26:30,True,2,,2
2162557,medium,620.0,28.0,40-ft,RTC,MF,14878394,14878311,640,640,56673,56673,Ladner Exchange @ Bay 4,Ladner Exchange @ Bay 4,56673,Ladner Exchange,70710,71190,in_service_layover,54.61267001142034,60.89556976891218,35.43555463225397,480,8.0,19:38:30,19:46:30,True,1,,2
2161733,medium,620.0,44.0,40-ft,RTC,MF,14878395,14878312,640,640,56673,56673,Ladner Exchange @ Bay 4,Ladner Exchange @ Bay 4,56673,Ladner Exchange,71910,72390,in_service_layover,61.67415254813125,67.44291862348183,32.535840664977286,480,8.0,19:58:30,20:06:30,True,2,,2
2162560,medium,620.0,24.0,40-ft,RTC,MF,14878396,14878313,640,640,56673,56673,Ladner Exchange @ Bay 4,Ladner Exchange @ Bay 4,56673,Ladner Exchange,73110,73590,in_service_layover,65.27873229654497,70.6793320109696,30.459382389354914,480,8.0,20:18:30,20:26:30,True,1,,2
2162559,medium,620.0,23.0,40-ft,RTC,MF,14878397,14878314,640,640,56673,56673,Ladner Exchange @ Bay 4,Ladner Exchange @ Bay 4,56673,Ladner Exchange,74310,74790,in_service_layover,54.65764833318272,60.939579641043906,35.430092576337074,480,8.0,20:38:30,20:46:30,True,2,,2
2162558,medium,620.0,47.0,40-ft,RTC,MF,14878398,14878315,640,640,56673,56673,Ladner Exchange @ Bay 4,Ladner Exchange @ Bay 4,56673,Ladner Exchange,75510,75990,in_service_layover,64.93791068968423,70.37469122543163,30.6634422216153,480,8.0,20:58:30,21:06:30,True,1,,2
2162557,medium,620.0,28.0,40-ft,RTC,MF,14878399,14878316,640,640,56673,56673,Ladner Exchange @ Bay 4,Ladner Exchange @ Bay 4,56673,Ladner Exchange,76830,77190,in_service_layover,54.465116404108414,59.20135427820353,26.71238160989651,360,6.0,21:20:30,21:26:30,True,2,,2
2161733,medium,620.0,44.0,40-ft,RTC,MF,14878400,14878317,640,640,56673,56673,Ladner Exchange @ Bay 4,Ladner Exchange @ Bay 4,56673,Ladner Exchange,78030,78390,in_service_layover,61.361727594638005,65.79706606310339,25.015308962144786,360,6.0,21:40:30,21:46:30,True,1,,2
2162560,medium,620.0,24.0,40-ft,RTC,MF,14878401,14878318,640,640,56673,56673,Ladner Exchange @ Bay 4,Ladner Exchange @ Bay 4,56673,Ladner Exchange,79230,79590,in_service_layover,64.31573050236095,68.53873626370905,23.817752494003344,360,6.0,22:00:30,22:06:30,True,2,,2
2162559,medium,620.0,23.0,40-ft,RTC,MF,14878402,14878319,640,640,56673,56673,Ladner Exchange @ Bay 4,Ladner Exchange @ Bay 4,56673,Ladner Exchange,80430,80790,in_service_layover,55.27913031561371,60.017057109176854,26.721907115696126,360,6.0,22:20:30,22:26:30,True,1,,2
2162558,medium,620.0,47.0,40-ft,RTC,MF,14878403,14878320,640,640,56673,56673,Ladner Exchange @ Bay 4,Ladner Exchange @ Bay 4,56673,Ladner Exchange,81630,81990,in_service_layover,64.03877228432073,68.28235965878726,23.93383279199122,360,6.0,22:40:30,22:46:30,True,2,,2
2162557,medium,620.0,28.0,40-ft,RTC,MF,14878404,14878321,640,640,56673,56673,Ladner Exchange @ Bay 4,Ladner Exchange @ Bay 4,56673,Ladner Exchange,82710,83190,in_service_layover,53.54894678645915,59.84503424403196,35.509933260710625,480,8.0,22:58:30,23:06:30,True,1,,2
2161733,medium,620.0,44.0,40-ft,RTC,MF,14878405,14878322,640,640,56673,56673,Ladner Exchange @ Bay 4,Ladner Exchange @ Bay 4,56673,Ladner Exchange,83910,85110,in_service_layover,59.852114620421624,72.77777869191698,72.90074536323385,1200,20.0,23:18:30,23:38:30,True,2,,2
2161917,medium,502.0,1.0,40-ft,STC,MF,14874828,14874846,502,502,57143,57027,Langley Centre @ Bay 5,Langley Centre @ Bay 3,57143,Langley Centre,28650,28890,in_service_layover,66.35021827530899,69.12635658654472,15.657420075369487,240,4.0,07:57:30,08:01:30,True,1,,6
2163935,medium,503.0,3.0,40-ft,STC,MF,14875250,14875356,503,503,55299,55299,Langley Centre @ Bay 1,Langley Centre @ Bay 1,55299,Langley Centre,28950,29490,in_service_layover,67.59536270184428,73.3069440654593,32.21331889078874,540,9.0,08:02:30,08:11:30,True,2,,6
2161728,medium,502.0,3.0,40-ft,STC,MF,14874792,14874901,502,502,57143,57027,Langley Centre @ Bay 5,Langley Centre @ Bay 3,57143,Langley Centre,29370,29790,in_service_layover,65.54562622579049,70.30518777412624,26.843927132613658,420,7.0,08:09:30,08:16:30,True,3,,6
2161638,medium,320.0,8.0,40-ft,STC,MF,14874748,14874463,502,501,57143,57027,Langley Centre @ Bay 5,Langley Centre @ Bay 3,57143,Langley Centre,30030,30270,in_service_layover,69.84049763785826,72.42672514760797,14.586323154988406,240,4.0,08:20:30,08:24:30,True,4,,6
2161548,medium,320.0,3.0,40-ft,STC,MF,14863361,14876804,320,595,57136,57097,Langley Centre @ Bay 2,Langley Centre @ Bay 4,57136,Langley Centre,30510,31170,in_service_layover,68.06646162775648,74.77977912047031,37.86311065890595,660,11.0,08:28:30,08:39:30,True,5,,6
2161645,medium,320.0,11.0,40-ft,STC,MF,14867614,14869432,342,364,57143,57097,Langley Centre @ Bay 5,Langley Centre @ Bay 4,57143,Langley Centre,30810,31830,in_service_layover,69.12217756561378,78.34117204209738,51.99512884736748,1020,17.0,08:33:30,08:50:30,True,6,,6
2161629,medium,320.0,19.0,40-ft,STC,MF,14876840,14863420,595,320,57097,57136,Langley Centre @ Bay 4,Langley Centre @ Bay 2,57097,Langley Centre,31050,31410,in_service_layover,69.9496378049806,73.7129642796996,21.2251613174152,360,6.0,08:37:30,08:43:30,True,1,,6
2161660,medium,502.0,9.0,40-ft,STC,MF,14874518,14874440,501,501,57027,57027,Langley Centre @ Bay 3,Langley Centre @ Bay 3,57027,Langley Centre,31770,32610,in_service_layover,67.9568333616895,76.15211054516965,46.22136331482801,840,14.0,08:49:30,09:03:30,True,2,,6
2162408,medium,502.0,8.0,40-ft,STC,MF,14874750,14874874,502,502,57143,57027,Langley Centre @ Bay 5,Langley Centre @ Bay 3,57143,Langley Centre,31830,32490,in_service_layover,67.03755782942042,73.91189948262273,38.77128692406103,660,11.0,08:50:30,09:01:30,True,3,,6
2161625,medium,320.0,12.0,40-ft,STC,MF,14869399,14869420,364,364,57097,57097,Langley Centre @ Bay 4,Langley Centre @ Bay 4,57097,Langley Centre,32190,32730,in_service_layover,69.9609036650667,75.36503620343555,30.479307516400354,540,9.0,08:56:30,09:05:30,True,4,,6
2161990,medium,502.0,4.0,40-ft,STC,MF,14874557,14874871,501,502,57027,57027,Langley Centre @ Bay 3,Langley Centre @ Bay 3,57027,Langley Centre,32370,33390,in_service_layover,64.93281086973023,75.16629639139877,57.71685834221057,1020,17.0,08:59:30,09:16:30,True,5,,6
2161872,medium,503.0,11.0,40-ft,STC,MF,14867612,14867682,342,342,57143,57136,Langley Centre @ Bay 5,Langley Centre @ Bay 2,57143,Langley Centre,32610,32850,in_service_layover,69.20525346482908,71.82827871035303,14.793862384755073,240,4.0,09:03:30,09:07:30,True,1,,6
2161573,medium,502.0,7.0,40-ft,STC,MF,14874743,14876805,502,595,57143,57097,Langley Centre @ Bay 5,Langley Centre @ Bay 4,57143,Langley Centre,32790,32970,in_service_layover,65.66790487606771,67.79670257549793,12.006419024786453,180,3.0,09:06:30,09:09:30,True,6,,6
2161657,medium,320.0,20.0,40-ft,STC,MF,14876841,14863418,595,320,57097,57136,Langley Centre @ Bay 4,Langley Centre @ Bay 2,57097,Langley Centre,32970,33270,in_service_layover,67.18366744144299,70.55867729762866,19.035055588887246,300,5.0,09:09:30,09:14:30,True,3,,6
2161632,medium,502.0,10.0,40-ft,STC,MF,14863345,14874885,320,502,57136,57027,Langley Centre @ Bay 2,Langley Centre @ Bay 3,57136,Langley Centre,33870,34290,in_service_layover,64.68364391590619,69.52198879823669,27.288265136344023,420,7.0,09:24:30,09:31:30,True,2,,6
2161649,medium,503.0,2.0,40-ft,STC,MF,14869355,14867704,364,342,57097,57136,Langley Centre @ Bay 4,Langley Centre @ Bay 2,57097,Langley Centre,33930,34650,in_service_layover,66.56825459245505,74.04165045372092,42.14995265753953,720,12.0,09:25:30,09:37:30,True,4,,6
2161905,medium,502.0,11.0,40-ft,STC,MF,14874534,14874472,501,501,57027,57027,Langley Centre @ Bay 3,Langley Centre @ Bay 3,57027,Langley Centre,33990,34350,in_service_layover,65.30771625435696,69.4554539201929,23.39324043531468,360,6.0,09:26:30,09:32:30,True,1,,6
2161654,medium,320.0,23.0,40-ft,STC,MF,14874791,14876806,502,595,57143,57097,Langley Centre @ Bay 5,Langley Centre @ Bay 4,57143,Langley Centre,33990,34770,in_service_layover,65.47255413907365,73.6544181169738,46.145712835356846,780,13.0,09:26:30,09:39:30,True,6,,6
2161877,medium,503.0,15.0,40-ft,STC,MF,14875254,14875360,503,503,55299,55299,Langley Centre @ Bay 1,Langley Centre @ Bay 1,55299,Langley Centre,34170,34350,in_service_layover,67.59536270184428,69.65405143182437,11.611004437087729,180,3.0,09:29:30,09:32:30,True,3,,6
2161644,medium,320.0,4.0,40-ft,STC,MF,14876842,14863416,595,320,57097,57136,Langley Centre @ Bay 4,Langley Centre @ Bay 2,57097,Langley Centre,34650,35070,in_service_layover,62.20134942722002,67.25634766234208,28.510190046088383,420,7.0,09:37:30,09:44:30,True,5,,6
2161648,medium,502.0,14.0,40-ft,STC,MF,14874502,14874445,501,501,57027,57027,Langley Centre @ Bay 3,Langley Centre @ Bay 3,57027,Langley Centre,34890,36150,in_service_layover,66.73844610345311,78.1485782583013,64.35314535334379,1260,21.0,09:41:30,10:02:30,True,2,,6
2161508,medium,503.0,10.0,40-ft,STC,MF,14867610,14867681,342,342,57143,57136,Langley Centre @ Bay 5,Langley Centre @ Bay 2,57143,Langley Centre,35010,35550,in_service_layover,66.94589243356678,72.73947431057479,32.67580178632517,540,9.0,09:43:30,09:52:30,True,1,,6
2161991,medium,503.0,18.0,40-ft,STC,MF,14875255,14875361,503,503,55299,55299,Langley Centre @ Bay 1,Langley Centre @ Bay 1,55299,Langley Centre,35010,35610,in_service_layover,67.59536270184428,73.85370317998368,35.2970402967062,600,10.0,09:43:30,09:53:30,True,3,,6
2162112,medium,502.0,19.0,40-ft,STC,MF,14874813,14874870,502,502,57143,57027,Langley Centre @ Bay 5,Langley Centre @ Bay 3,57143,Langley Centre,35850,36090,in_service_layover,68.9316493496163,71.57021728920635,14.881523179287967,240,4.0,09:57:30,10:01:30,True,4,,6
2161916,medium,320.0,42.0,40-ft,STC,MF,14869354,14867695,364,342,57097,57136,Langley Centre @ Bay 4,Langley Centre @ Bay 2,57097,Langley Centre,36150,37410,in_service_layover,66.42892877165411,77.92529239091651,64.8394908126399,1260,21.0,10:02:30,10:23:30,True,6,,6
2161548,medium,320.0,3.0,40-ft,STC,MF,14876843,14863414,595,320,57097,57136,Langley Centre @ Bay 4,Langley Centre @ Bay 2,57097,Langley Centre,36390,36870,in_service_layover,67.0314907427097,72.24150387127017,29.38447404508105,480,8.0,10:06:30,10:14:30,True,5,,6
2161917,medium,502.0,1.0,40-ft,STC,MF,14874815,14874902,502,502,57143,57027,Langley Centre @ Bay 5,Langley Centre @ Bay 3,57143,Langley Centre,36690,36990,in_service_layover,63.898411309658385,67.48006548757456,20.20052956344722,300,5.0,10:11:30,10:16:30,True,1,,6
2161540,medium,320.0,21.0,40-ft,STC,MF,14863330,14876808,320,595,57136,57097,Langley Centre @ Bay 2,Langley Centre @ Bay 4,57136,Langley Centre,37230,38370,in_service_layover,65.44066404195459,76.40856036044713,61.85893523629795,1140,19.0,10:20:30,10:39:30,True,3,,6
2163903,medium,502.0,13.0,40-ft,STC,MF,14869382,14867679,364,342,57097,57136,Langley Centre @ Bay 4,Langley Centre @ Bay 2,57097,Langley Centre,37350,38310,in_service_layover,68.3452646893658,77.33828310893176,50.72062388635197,960,16.0,10:22:30,10:38:30,True,4,,6
2161728,medium,502.0,3.0,40-ft,STC,MF,14874790,14874837,502,502,57143,57027,Langley Centre @ Bay 5,Langley Centre @ Bay 3,57143,Langley Centre,37590,37890,in_service_layover,64.97248661810008,68.48949649274621,19.835935693004217,300,5.0,10:26:30,10:31:30,True,2,,6
2161573,medium,502.0,7.0,40-ft,STC,MF,14876844,14863412,595,320,57097,57136,Langley Centre @ Bay 4,Langley Centre @ Bay 2,57097,Langley Centre,38070,38670,in_service_layover,60.048414197737344,67.30702842263034,40.938584228396564,600,10.0,10:34:30,10:44:30,True,5,,6
2161577,medium,320.0,28.0,40-ft,STC,MF,14874770,14874873,502,502,57143,57027,Langley Centre @ Bay 5,Langley Centre @ Bay 3,57143,Langley Centre,38370,38790,in_service_layover,68.34892523516291,72.83962171291843,25.327528134541183,420,7.0,10:39:30,10:46:30,True,1,,6
2164208,medium,320.0,36.0,40-ft,STC,MF,14867632,14867678,342,342,57143,57136,Langley Centre @ Bay 5,Langley Centre @ Bay 2,57143,Langley Centre,38550,39510,in_service_layover,68.88967689854964,77.75587139481242,50.0053369589221,960,16.0,10:42:30,10:58:30,True,6,,6
2165212,medium,320.0,38.0,40-ft,STC,MF,14869353,14869416,364,364,57097,57097,Langley Centre @ Bay 4,Langley Centre @ Bay 4,57097,Langley Centre,38550,39810,in_service_layover,65.35023125761545,77.14985463048029,66.5498758229578,1260,21.0,10:42:30,11:03:30,True,2,,6
2163786,medium,503.0,9.0,40-ft,STC,MF,14875257,14875363,503,503,55299,55299,Langley Centre @ Bay 1,Langley Centre @ Bay 1,55299,Langley Centre,38610,39210,in_service_layover,64.93253828291923,71.55982368678721,37.3778896778154,600,10.0,10:43:30,10:53:30,True,4,,6
2161631,medium,502.0,15.0,40-ft,STC,MF,14874801,14874839,502,502,57143,57027,Langley Centre @ Bay 5,Langley Centre @ Bay 3,57143,Langley Centre,39270,39690,in_service_layover,65.67385876226022,70.4215438498784,26.776943894166436,420,7.0,10:54:30,11:01:30,True,3,,6
2161600,medium,503.0,1.0,40-ft,STC,MF,14867650,14869435,342,364,57143,57097,Langley Centre @ Bay 5,Langley Centre @ Bay 4,57143,Langley Centre,39450,41010,in_service_layover,68.68254372991983,81.3151131375618,71.24769145910074,1560,26.0,10:57:30,11:23:30,True,5,,6
2161645,medium,320.0,11.0,40-ft,STC,MF,14869352,14867696,364,342,57097,57136,Langley Centre @ Bay 4,Langley Centre @ Bay 2,57097,Langley Centre,39750,40710,in_service_layover,66.87313653707663,76.20550732639714,52.634571251767625,960,16.0,11:02:30,11:18:30,True,1,,6
2161654,medium,320.0,23.0,40-ft,STC,MF,14876845,14876809,595,595,57097,57097,Langley Centre @ Bay 4,Langley Centre @ Bay 4,57097,Langley Centre,39870,40170,in_service_layover,65.9061297392132,69.36465057987813,19.506057541350174,300,5.0,11:04:30,11:09:30,True,4,,6
2162408,medium,502.0,8.0,40-ft,STC,MF,14874795,14874907,502,502,57143,57027,Langley Centre @ Bay 5,Langley Centre @ Bay 3,57143,Langley Centre,40170,40590,in_service_layover,69.90046778658805,74.23403554388578,24.44132215115917,420,7.0,11:09:30,11:16:30,True,6,,6
2161727,medium,503.0,13.0,40-ft,STC,MF,14875258,14875364,503,503,55299,55299,Langley Centre @ Bay 1,Langley Centre @ Bay 1,55299,Langley Centre,40410,41010,in_service_layover,68.3001948968174,74.4579553367663,34.72976888131177,600,10.0,11:13:30,11:23:30,True,3,,6
2161659,medium,502.0,18.0,40-ft,STC,MF,14874540,14874444,501,501,57027,57027,Langley Centre @ Bay 3,Langley Centre @ Bay 3,57027,Langley Centre,40410,41370,in_service_layover,68.5009368115445,77.45775643746117,50.516462690170044,960,16.0,11:13:30,11:29:30,True,2,,6
2161649,medium,503.0,2.0,40-ft,STC,MF,14867633,14869415,342,364,57143,57097,Langley Centre @ Bay 5,Langley Centre @ Bay 4,57143,Langley Centre,41370,42210,in_service_layover,68.86275984016069,76.87418770651962,45.18445316626435,840,14.0,11:29:30,11:43:30,True,4,,6
2161632,medium,502.0,10.0,40-ft,STC,MF,14874774,14874872,502,502,57143,57027,Langley Centre @ Bay 5,Langley Centre @ Bay 3,57143,Langley Centre,42090,42390,in_service_layover,66.11688451720134,69.56190543955547,19.42991800207733,300,5.0,11:41:30,11:46:30,True,6,,6
2161721,medium,503.0,6.0,40-ft,STC,MF,14875259,14875365,503,503,55299,55299,Langley Centre @ Bay 1,Langley Centre @ Bay 1,55299,Langley Centre,42090,42810,in_service_layover,55.91145845054414,65.00224131492477,51.27201535510682,720,12.0,11:41:30,11:53:30,True,1,,6
2161984,medium,503.0,7.0,40-ft,STC,MF,14869346,14867676,364,342,57097,57136,Langley Centre @ Bay 4,Langley Centre @ Bay 2,57097,Langley Centre,42150,43110,in_service_layover,69.84443661934944,78.48974325434189,48.759529421357456,960,16.0,11:42:30,11:58:30,True,3,,6
2161858,medium,502.0,20.0,40-ft,STC,MF,14874799,14874858,502,502,57143,57027,Langley Centre @ Bay 5,Langley Centre @ Bay 3,57143,Langley Centre,42990,43290,in_service_layover,66.63033467799563,70.04200862080498,19.241841037444715,300,5.0,11:56:30,12:01:30,True,5,,6
2161540,medium,320.0,21.0,40-ft,STC,MF,14876847,14863400,595,320,57097,57136,Langley Centre @ Bay 4,Langley Centre @ Bay 2,57097,Langley Centre,43530,44010,in_service_layover,68.66027198268654,73.686398125532,28.34735144564837,480,8.0,12:05:30,12:13:30,True,2,,6
2162193,medium,503.0,5.0,40-ft,STC,MF,14875260,14875366,503,503,55299,55299,Langley Centre @ Bay 1,Langley Centre @ Bay 1,55299,Langley Centre,43770,44610,in_service_layover,57.14406546879278,67.39260213713206,57.80174680943355,840,14.0,12:09:30,12:23:30,True,4,,6
2162112,medium,502.0,19.0,40-ft,STC,MF,14874769,14874909,502,502,57143,57027,Langley Centre @ Bay 5,Langley Centre @ Bay 3,57143,Langley Centre,43950,44190,in_service_layover,67.88812062237433,70.58427659155457,15.206319666176569,240,4.0,12:12:30,12:16:30,True,6,,6
2161905,medium,502.0,11.0,40-ft,STC,MF,14874542,14874447,501,501,57027,57027,Langley Centre @ Bay 3,Langley Centre @ Bay 3,57027,Langley Centre,44070,44850,in_service_layover,68.35589158204634,76.00583452286,43.14567818618906,780,13.0,12:14:30,12:27:30,True,1,,6
2161644,medium,320.0,4.0,40-ft,STC,MF,14863317,14876812,320,595,57136,57097,Langley Centre @ Bay 2,Langley Centre @ Bay 4,57136,Langley Centre,44370,45570,in_service_layover,65.02022304250967,76.51174744740753,64.8121976436239,1200,20.0,12:19:30,12:39:30,True,3,,6
2161917,medium,502.0,1.0,40-ft,STC,MF,14874798,14874911,502,502,57143,57027,Langley Centre @ Bay 5,Langley Centre @ Bay 3,57143,Langley Centre,44850,45090,in_service_layover,64.34081778666051,67.21359235939524,16.202448590223867,240,4.0,12:27:30,12:31:30,True,5,,6
2163903,medium,502.0,13.0,40-ft,STC,MF,14867605,14869413,342,364,57143,57097,Langley Centre @ Bay 5,Langley Centre @ Bay 4,57143,Langley Centre,45150,45810,in_service_layover,66.49152282178873,73.45026143835692,39.247285797444476,660,11.0,12:32:30,12:43:30,True,2,,6
2161654,medium,320.0,23.0,40-ft,STC,MF,14876848,14863398,595,320,57097,57136,Langley Centre @ Bay 4,Langley Centre @ Bay 2,57097,Langley Centre,45330,45750,in_service_layover,61.61636220211755,66.72020845082702,28.785692842721403,420,7.0,12:35:30,12:42:30,True,6,,6
2162399,medium,502.0,5.0,40-ft,STC,MF,14875261,14875367,503,503,55299,55299,Langley Centre @ Bay 1,Langley Centre @ Bay 1,55299,Langley Centre,45510,46290,in_service_layover,55.691507102713075,65.48287200411004,55.223298043878856,780,13.0,12:38:30,12:51:30,True,4,,6
2161728,medium,502.0,3.0,40-ft,STC,MF,14874818,14874908,502,502,57143,57027,Langley Centre @ Bay 5,Langley Centre @ Bay 3,57143,Langley Centre,45630,45990,in_service_layover,63.968913436588274,68.217662388384,23.962944088127927,360,6.0,12:40:30,12:46:30,True,1,,6
2161648,medium,502.0,14.0,40-ft,STC,MF,14874496,14874448,501,501,57027,57027,Langley Centre @ Bay 3,Langley Centre @ Bay 3,57027,Langley Centre,45930,46590,in_service_layover,64.79129496748361,72.0081209118697,40.702898326337504,660,11.0,12:45:30,12:56:30,True,5,,6
2164208,medium,320.0,36.0,40-ft,STC,MF,14867604,14869412,342,364,57143,57097,Langley Centre @ Bay 5,Langley Centre @ Bay 4,57143,Langley Centre,46350,47010,in_service_layover,66.9091111076694,73.80337169855045,38.88362973256909,660,11.0,12:52:30,13:03:30,True,3,,6
2161577,medium,320.0,28.0,40-ft,STC,MF,14874805,14874849,502,502,57143,57027,Langley Centre @ Bay 5,Langley Centre @ Bay 3,57143,Langley Centre,46530,46890,in_service_layover,67.85802965176237,71.80113645009635,22.239122342603707,360,6.0,12:55:30,13:01:30,True,6,,6
2161629,medium,320.0,19.0,40-ft,STC,MF,14876849,14876813,595,595,57097,57097,Langley Centre @ Bay 4,Langley Centre @ Bay 4,57097,Langley Centre,47130,47310,in_service_layover,62.635171038352844,64.87151249089351,12.612965792329419,180,3.0,13:05:30,13:08:30,True,2,,6
2161651,medium,502.0,12.0,40-ft,STC,MF,14874548,14874480,501,501,57027,57027,Langley Centre @ Bay 3,Langley Centre @ Bay 3,57027,Langley Centre,47130,47790,in_service_layover,68.1220288789319,74.82657535777358,37.81364214066713,660,11.0,13:05:30,13:16:30,True,1,,6
2162188,medium,503.0,12.0,40-ft,STC,MF,14875262,14875368,503,503,55299,55299,Langley Centre @ Bay 1,Langley Centre @ Bay 1,55299,Langley Centre,47310,48210,in_service_layover,60.550677120526984,70.73535302017245,57.441572074000476,900,15.0,13:08:30,13:23:30,True,4,,6
2161631,medium,502.0,15.0,40-ft,STC,MF,14874778,14874844,502,502,57143,57027,Langley Centre @ Bay 5,Langley Centre @ Bay 3,57143,Langley Centre,47430,47790,in_service_layover,65.70196254137389,69.81911354133283,23.22073163976836,360,6.0,13:10:30,13:16:30,True,5,,6
2161645,medium,320.0,11.0,40-ft,STC,MF,14867635,14869437,342,364,57143,57097,Langley Centre @ Bay 5,Langley Centre @ Bay 4,57143,Langley Centre,47550,48210,in_service_layover,65.35874703925411,72.49022856433498,40.221555801456134,660,11.0,13:12:30,13:23:30,True,6,,6
2161573,medium,502.0,7.0,40-ft,STC,MF,14863337,14876814,320,595,57136,57097,Langley Centre @ Bay 2,Langley Centre @ Bay 4,57136,Langley Centre,47970,48990,in_service_layover,63.96489478534447,74.42827366978584,59.01345690824928,1020,17.0,13:19:30,13:36:30,True,3,,6
2165212,medium,320.0,38.0,40-ft,STC,MF,14869385,14867673,364,342,57097,57136,Langley Centre @ Bay 4,Langley Centre @ Bay 2,57097,Langley Centre,48210,49110,in_service_layover,65.68181912545955,74.81625605509461,51.51822428314176,900,15.0,13:23:30,13:38:30,True,2,,6
2162017,medium,502.0,6.0,40-ft,STC,MF,14874497,14874476,501,501,57027,57027,Langley Centre @ Bay 3,Langley Centre @ Bay 3,57027,Langley Centre,48330,48630,in_service_layover,44.34298682839008,48.15479832545557,21.498616843449355,300,5.0,13:25:30,13:30:30,True,1,,6
2162408,medium,502.0,8.0,40-ft,STC,MF,14874757,14874842,502,502,57143,57027,Langley Centre @ Bay 5,Langley Centre @ Bay 3,57143,Langley Centre,48330,48690,in_service_layover,69.09480644702782,72.93291043715367,21.646906504309754,360,6.0,13:25:30,13:31:30,True,5,,6
2161872,medium,503.0,11.0,40-ft,STC,MF,14867603,14869411,342,364,57143,57097,Langley Centre @ Bay 5,Langley Centre @ Bay 4,57143,Langley Centre,48870,49410,in_service_layover,66.84259822818535,72.64912622064254,32.74881787745858,540,9.0,13:34:30,13:43:30,True,4,,6
2161990,medium,502.0,4.0,40-ft,STC,MF,14874777,14874905,502,502,57143,57027,Langley Centre @ Bay 5,Langley Centre @ Bay 3,57143,Langley Centre,49230,49590,in_service_layover,65.57933749886631,69.7060431333216,23.274619778327803,360,6.0,13:40:30,13:46:30,True,6,,6
2161663,medium,502.0,17.0,40-ft,STC,MF,14874503,14874462,501,501,57027,57027,Langley Centre @ Bay 3,Langley Centre @ Bay 3,57027,Langley Centre,49290,49650,in_service_layover,69.06689308473918,72.90740824460903,21.66050550166591,360,6.0,13:41:30,13:47:30,True,1,,6
2161600,medium,503.0,1.0,40-ft,STC,MF,14869351,14867669,364,342,57097,57136,Langley Centre @ Bay 4,Langley Centre @ Bay 2,57097,Langley Centre,49410,50310,in_service_layover,69.84707763254106,78.08129366490405,46.44097842252734,900,15.0,13:43:30,13:58:30,True,5,,6
2165313,medium,320.0,29.0,40-ft,STC,MF,14863335,14863384,320,320,57136,57136,Langley Centre @ Bay 2,Langley Centre @ Bay 2,57136,Langley Centre,49950,50730,in_service_layover,67.0959561412411,74.98085210528865,44.470813237228185,780,13.0,13:52:30,14:05:30,True,3,,6
2161984,medium,503.0,7.0,40-ft,STC,MF,14867602,14869410,342,364,57143,57097,Langley Centre @ Bay 5,Langley Centre @ Bay 4,57143,Langley Centre,50070,50610,in_service_layover,67.64298296719889,73.34851092750945,32.17917769615161,540,9.0,13:54:30,14:03:30,True,2,,6
2161632,medium,502.0,10.0,40-ft,STC,MF,14874756,14874841,502,502,57143,57027,Langley Centre @ Bay 5,Langley Centre @ Bay 3,57143,Langley Centre,50130,50490,in_service_layover,64.29565385920137,68.52015773066086,23.826201835031554,360,6.0,13:55:30,14:01:30,True,4,,6
2161659,medium,502.0,18.0,40-ft,STC,MF,14874549,14874471,501,501,57027,57027,Langley Centre @ Bay 3,Langley Centre @ Bay 3,57027,Langley Centre,50250,50550,in_service_layover,64.1004731466435,67.67017245760293,20.133104113811214,300,5.0,13:57:30,14:02:30,True,6,,6
2161649,medium,503.0,2.0,40-ft,STC,MF,14869350,14867672,364,342,57097,57136,Langley Centre @ Bay 4,Langley Centre @ Bay 2,57097,Langley Centre,50670,51390,in_service_layover,65.40615220149887,73.07411090126348,43.24728706667236,720,12.0,14:04:30,14:16:30,True,1,,6
2161858,medium,502.0,20.0,40-ft,STC,MF,14874775,14874904,502,502,57143,57027,Langley Centre @ Bay 5,Langley Centre @ Bay 3,57143,Langley Centre,51030,51330,in_service_layover,64.0860078287012,67.65656549298623,20.13794522656758,300,5.0,14:10:30,14:15:30,True,5,,6
2161547,medium,503.0,17.0,40-ft,STC,MF,14867636,14869438,342,364,57143,57097,Langley Centre @ Bay 5,Langley Centre @ Bay 4,57143,Langley Centre,51270,51810,in_service_layover,65.03525787573469,71.06404869268796,34.002380207616454,540,9.0,14:14:30,14:23:30,True,4,,6
2161625,medium,320.0,12.0,40-ft,STC,MF,14863303,14863450,320,320,57136,57136,Langley Centre @ Bay 2,Langley Centre @ Bay 2,57136,Langley Centre,51810,52530,in_service_layover,67.3109334647228,74.65824654774192,41.438845788227866,720,12.0,14:23:30,14:35:30,True,6,,6
2161508,medium,503.0,10.0,40-ft,STC,MF,14869386,14867716,364,342,57097,57136,Langley Centre @ Bay 4,Langley Centre @ Bay 2,57097,Langley Centre,51870,52350,in_service_layover,69.37582329559235,74.31909953805179,27.88007800747124,480,8.0,14:24:30,14:32:30,True,2,,6
2162112,medium,502.0,19.0,40-ft,STC,MF,14874755,14874899,502,502,57143,57027,Langley Centre @ Bay 5,Langley Centre @ Bay 3,57143,Langley Centre,51930,52290,in_service_layover,64.58730217268676,68.78994282461962,23.702893276901307,360,6.0,14:25:30,14:31:30,True,3,,6
2161660,medium,502.0,9.0,40-ft,STC,MF,14874498,14874466,501,501,57027,57027,Langley Centre @ Bay 3,Langley Centre @ Bay 3,57027,Langley Centre,52230,52770,in_service_layover,63.38083109253184,69.60602901366619,35.11011627519764,540,9.0,14:30:30,14:39:30,True,5,,6
2161986,medium,503.0,8.0,40-ft,STC,MF,14867601,14869409,342,364,57143,57097,Langley Centre @ Bay 5,Langley Centre @ Bay 4,57143,Langley Centre,52530,53010,in_service_layover,66.48580250308622,71.75596241379226,29.723701896382067,480,8.0,14:35:30,14:43:30,True,1,,6
2161877,medium,503.0,15.0,40-ft,STC,MF,14875270,14875317,503,503,55299,57143,Langley Centre @ Bay 1,Langley Centre @ Bay 5,55299,Langley Centre,52590,53910,in_service_layover,48.27796361129575,64.78931565702557,93.12402553791617,1320,22.0,14:36:30,14:58:30,True,4,,6
2161917,medium,502.0,1.0,40-ft,STC,MF,14874754,14874903,502,502,57143,57027,Langley Centre @ Bay 5,Langley Centre @ Bay 3,57143,Langley Centre,52890,53190,in_service_layover,61.46138905905064,65.18707528487506,21.012870313649785,300,5.0,14:41:30,14:46:30,True,3,,6
2161629,medium,320.0,19.0,40-ft,STC,MF,14876852,14867699,595,342,57097,57136,Langley Centre @ Bay 4,Langley Centre @ Bay 2,57097,Langley Centre,53010,53310,in_service_layover,57.123224113132935,61.06501527196653,22.231702135821536,300,5.0,14:43:30,14:48:30,True,2,,6
2161540,medium,320.0,21.0,40-ft,STC,MF,14863301,14863380,320,320,57136,57136,Langley Centre @ Bay 2,Langley Centre @ Bay 2,57136,Langley Centre,53730,54990,in_service_layover,68.06050764672665,79.10633517228975,62.29846724417581,1260,21.0,14:55:30,15:16:30,True,6,,6
2163904,medium,502.0,16.0,40-ft,STC,MF,14867600,14876832,342,595,57143,57097,Langley Centre @ Bay 5,Langley Centre @ Bay 4,57143,Langley Centre,53910,54150,in_service_layover,66.43892745270836,69.21061050766563,15.632292429959023,240,4.0,14:58:30,15:02:30,True,5,,6
2161728,medium,502.0,3.0,40-ft,STC,MF,14874776,14875348,502,503,57143,55299,Langley Centre @ Bay 5,Langley Centre @ Bay 1,57143,Langley Centre,53970,54450,in_service_layover,62.394248447685584,68.09202249563874,32.13544563045582,480,8.0,14:59:30,15:07:30,True,1,,6
2161905,medium,502.0,11.0,40-ft,STC,MF,14874551,14874889,501,502,57027,57027,Langley Centre @ Bay 3,Langley Centre @ Bay 3,57027,Langley Centre,54210,54990,in_service_layover,67.11343212532303,74.99509511804004,44.45257927892396,780,13.0,15:03:30,15:16:30,True,3,,6
2161991,medium,503.0,18.0,40-ft,STC,MF,14874789,14874861,502,502,57143,57027,Langley Centre @ Bay 5,Langley Centre @ Bay 3,57143,Langley Centre,54990,55890,in_service_layover,57.55131370501911,68.34732191797124,60.88948632105007,900,15.0,15:16:30,15:31:30,True,2,,6
2161716,medium,321.0,12.0,40-ft,STC,MF,14874522,14874465,501,501,57027,57027,Langley Centre @ Bay 3,Langley Centre @ Bay 3,57027,Langley Centre,55170,55890,in_service_layover,59.05197553654232,67.74103029365091,49.00626883009244,720,12.0,15:19:30,15:31:30,True,4,,6
2161654,medium,320.0,23.0,40-ft,STC,MF,14863299,14875375,320,503,57136,55299,Langley Centre @ Bay 2,Langley Centre @ Bay 1,57136,Langley Centre,55650,56130,in_service_layover,62.3235771141501,68.02837527300954,32.17506161596725,480,8.0,15:27:30,15:35:30,True,5,,6
2161631,medium,502.0,15.0,40-ft,STC,MF,14874784,14874914,502,502,57143,57027,Langley Centre @ Bay 5,Langley Centre @ Bay 3,57143,Langley Centre,55890,56610,in_service_layover,65.16256736794256,72.87088700846152,43.47492277252695,720,12.0,15:31:30,15:43:30,True,1,,6
2161648,medium,502.0,14.0,40-ft,STC,MF,14874552,14874483,501,501,57027,57027,Langley Centre @ Bay 3,Langley Centre @ Bay 3,57027,Langley Centre,56070,56430,in_service_layover,63.4958105187819,67.77919917249308,24.158312006931,360,6.0,15:34:30,15:40:30,True,3,,6
2161651,medium,502.0,12.0,40-ft,STC,MF,14874556,14874853,501,502,57027,57027,Langley Centre @ Bay 3,Langley Centre @ Bay 3,57027,Langley Centre,57150,58050,in_service_layover,61.4692920669559,71.47071136211073,56.40800482467324,900,15.0,15:52:30,16:07:30,True,6,,6
2161990,medium,502.0,4.0,40-ft,STC,MF,14874780,14867668,502,342,57143,57136,Langley Centre @ Bay 5,Langley Centre @ Bay 2,57143,Langley Centre,57630,57810,in_service_layover,63.105386701197716,65.32505383945312,12.518922659760449,180,3.0,16:00:30,16:03:30,True,2,,6
2161638,medium,320.0,8.0,40-ft,STC,MF,14874537,14876819,501,595,57027,57097,Langley Centre @ Bay 3,Langley Centre @ Bay 4,57027,Langley Centre,57870,59010,in_service_layover,69.14173345431036,79.14295972377356,56.406916159772436,1140,19.0,16:04:30,16:23:30,True,4,,6
2161846,medium,320.0,26.0,40-ft,STC,MF,14875760,14874470,509,501,61710,57027,Carvolth Exchange @ Bay 2,Langley Centre @ Bay 3,57027,Langley Centre,58230,58530,interline_end,67.77379341295459,71.10887058337318,18.809835241160783,300,5.0,16:10:30,16:15:30,True,5,,6
2161600,medium,503.0,1.0,40-ft,STC,MF,14867649,14867667,342,342,57143,57136,Langley Centre @ Bay 5,Langley Centre @ Bay 2,57143,Langley Centre,58470,58710,in_service_layover,67.18673769769647,69.92009320719633,15.416125073579224,240,4.0,16:14:30,16:18:30,True,3,,6
2161872,medium,503.0,11.0,40-ft,STC,MF,14869345,14875380,364,503,57097,55299,Langley Centre @ Bay 4,Langley Centre @ Bay 1,57097,Langley Centre,58530,59790,in_service_layover,67.64286260538216,78.8030766036935,62.94360695047601,1260,21.0,16:15:30,16:36:30,True,1,,6
2162017,medium,502.0,6.0,40-ft,STC,MF,14874523,14874484,501,501,57027,57027,Langley Centre @ Bay 3,Langley Centre @ Bay 3,57027,Langley Centre,58590,59670,in_service_layover,41.6503542929612,55.58041862476182,78.56556283135555,1080,18.0,16:16:30,16:34:30,True,2,,6
2161632,medium,502.0,10.0,40-ft,STC,MF,14874763,14867706,502,342,57143,57136,Langley Centre @ Bay 5,Langley Centre @ Bay 2,57143,Langley Centre,59190,59610,in_service_layover,61.289718415881275,66.42059277863342,28.938131405922093,420,7.0,16:26:30,16:33:30,True,6,,6
2161649,medium,503.0,2.0,40-ft,STC,MF,14867631,14869407,342,364,57143,57097,Langley Centre @ Bay 5,Langley Centre @ Bay 4,57143,Langley Centre,59310,59670,in_service_layover,67.39630268105302,71.37764493006469,22.45477028442582,360,6.0,16:28:30,16:34:30,True,5,,6
2161624,medium,320.0,25.0,40-ft,STC,MF,14863370,14876820,320,595,57136,57097,Langley Centre @ Bay 2,Langley Centre @ Bay 4,57136,Langley Centre,59310,60570,in_service_layover,60.942266891575414,74.01518628831202,73.73126539759443,1260,21.0,16:28:30,16:49:30,True,3,,6
2161663,medium,502.0,17.0,40-ft,STC,MF,14874536,14863378,501,320,57027,57136,Langley Centre @ Bay 3,Langley Centre @ Bay 2,57027,Langley Centre,59430,60270,in_service_layover,62.36752545424389,71.65239461046976,52.3666620411139,840,14.0,16:30:30,16:44:30,True,4,,6
2161984,medium,503.0,7.0,40-ft,STC,MF,14869377,14869444,364,364,57097,57097,Langley Centre @ Bay 4,Langley Centre @ Bay 4,57097,Langley Centre,59730,60570,in_service_layover,65.90701526570173,74.51082132825931,48.52546619282475,840,14.0,16:35:30,16:49:30,True,6,,6
2161858,medium,502.0,20.0,40-ft,STC,MF,14874768,14874843,502,502,57143,57027,Langley Centre @ Bay 5,Langley Centre @ Bay 3,57143,Langley Centre,60030,60210,in_service_layover,57.48476980483533,59.86622198428753,13.431390292110336,180,3.0,16:40:30,16:43:30,True,2,,6
2161737,medium,320.0,37.0,40-ft,STC,MF,14867643,14867666,342,342,57143,57136,Langley Centre @ Bay 5,Langley Centre @ Bay 2,57143,Langley Centre,60210,60510,in_service_layover,68.0274025159832,71.34505480878792,18.711558931418665,300,5.0,16:43:30,16:48:30,True,5,,6
2165312,medium,320.0,35.0,40-ft,STC,MF,14863360,14874473,320,501,57136,57027,Langley Centre @ Bay 2,Langley Centre @ Bay 3,57136,Langley Centre,60210,60690,in_service_layover,60.57034441208039,66.44545270648123,33.135610780420734,480,8.0,16:43:30,16:51:30,True,1,,6
2161659,medium,502.0,18.0,40-ft,STC,MF,14874501,14863406,501,320,57027,57136,Langley Centre @ Bay 3,Langley Centre @ Bay 2,57027,Langley Centre,60330,61110,in_service_layover,56.633022243627394,66.31246480100957,54.59205602363551,780,13.0,16:45:30,16:58:30,True,2,,6
2161547,medium,503.0,17.0,40-ft,STC,MF,14869388,14867707,364,342,57097,57136,Langley Centre @ Bay 4,Langley Centre @ Bay 2,57097,Langley Centre,60930,61410,in_service_layover,63.800885334015064,69.3562997886833,31.33253752432887,480,8.0,16:55:30,17:03:30,True,4,,6
2165313,medium,320.0,29.0,40-ft,STC,MF,14863369,14876821,320,595,57136,57097,Langley Centre @ Bay 2,Langley Centre @ Bay 4,57136,Langley Centre,61110,62310,in_service_layover,68.10915213444302,78.76276750229681,60.08639067469545,1200,20.0,16:58:30,17:18:30,True,5,,6
2161644,medium,320.0,4.0,40-ft,STC,MF,14874535,14863405,501,320,57027,57136,Langley Centre @ Bay 3,Langley Centre @ Bay 2,57027,Langley Centre,61230,61830,in_service_layover,59.84124430045371,67.12834425101883,41.09924372118729,600,10.0,17:00:30,17:10:30,True,3,,6
2162112,medium,502.0,19.0,40-ft,STC,MF,14874761,14874863,502,502,57143,57027,Langley Centre @ Bay 5,Langley Centre @ Bay 3,57143,Langley Centre,61410,61650,in_service_layover,63.591265061002346,66.49947947892187,16.402329317066062,240,4.0,17:03:30,17:07:30,True,6,,6
2161986,medium,503.0,8.0,40-ft,STC,MF,14869376,14867665,364,342,57097,57136,Langley Centre @ Bay 4,Langley Centre @ Bay 2,57097,Langley Centre,61950,62310,in_service_layover,63.1177311304957,67.42840576413188,24.312204933708074,360,6.0,17:12:30,17:18:30,True,1,,6
2161629,medium,320.0,19.0,40-ft,STC,MF,14867597,14863451,342,320,57143,57136,Langley Centre @ Bay 5,Langley Centre @ Bay 2,57143,Langley Centre,62070,62550,in_service_layover,63.81925620583382,69.37277960232335,31.321871956200937,480,8.0,17:14:30,17:22:30,True,2,,6
2161917,medium,502.0,1.0,40-ft,STC,MF,14874788,14874869,502,502,57143,57027,Langley Centre @ Bay 5,Langley Centre @ Bay 3,57143,Langley Centre,62130,62370,in_service_layover,58.11606382203991,61.2685422272901,17.779978205611087,240,4.0,17:15:30,17:19:30,True,4,,6
2165204,medium,502.0,40.0,40-ft,STC,MF,14874555,14874474,501,501,57027,57027,Langley Centre @ Bay 3,Langley Centre @ Bay 3,57027,Langley Centre,62130,62730,in_service_layover,69.44766094496136,75.43906057113296,33.79149389160784,600,10.0,17:15:30,17:25:30,True,6,,6
2161501,medium,312.0,3.0,40-ft,STC,MF,14869389,14867664,364,342,57097,57136,Langley Centre @ Bay 4,Langley Centre @ Bay 2,57097,Langley Centre,62730,63210,in_service_layover,66.58833175374747,71.84724650369644,29.660279189712185,480,8.0,17:25:30,17:33:30,True,3,,6
2161625,medium,320.0,12.0,40-ft,STC,MF,14863368,14863443,320,320,57136,57136,Langley Centre @ Bay 2,Langley Centre @ Bay 2,57136,Langley Centre,62850,63270,in_service_layover,67.8368799886044,72.37813129731012,25.61265738110029,420,7.0,17:27:30,17:34:30,True,1,,6
2161660,medium,502.0,9.0,40-ft,STC,MF,14874533,14874468,501,501,57027,57027,Langley Centre @ Bay 3,Langley Centre @ Bay 3,57027,Langley Centre,63090,63750,in_service_layover,63.23543958091323,70.68220206011549,41.999740382700736,660,11.0,17:31:30,17:42:30,True,5,,6
2162408,medium,502.0,8.0,40-ft,STC,MF,14863312,14863442,320,320,57136,57136,Langley Centre @ Bay 2,Langley Centre @ Bay 2,57136,Langley Centre,63690,64950,in_service_layover,66.00252863509148,77.61825434899525,65.51269302641725,1260,21.0,17:41:30,18:02:30,True,4,,6
2161630,medium,502.0,21.0,40-ft,STC,MF,14874509,14863376,501,320,57027,57136,Langley Centre @ Bay 3,Langley Centre @ Bay 2,57027,Langley Centre,64050,64230,in_service_layover,69.44766094496136,71.43098817859789,11.185965597710094,180,3.0,17:47:30,17:50:30,True,2,,6
2161905,medium,502.0,11.0,40-ft,STC,MF,14874779,14874898,502,502,57143,57027,Langley Centre @ Bay 5,Langley Centre @ Bay 3,57143,Langley Centre,64230,64530,in_service_layover,69.76780885477342,72.96160978740768,18.013037260057274,300,5.0,17:50:30,17:55:30,True,6,,6
2163903,medium,502.0,13.0,40-ft,STC,MF,14869392,14869427,364,364,57097,57097,Langley Centre @ Bay 4,Langley Centre @ Bay 4,57097,Langley Centre,64470,65370,in_service_layover,65.88846663316934,74.97924833918567,51.272008821932104,900,15.0,17:54:30,18:09:30,True,3,,6
2161991,medium,503.0,18.0,40-ft,STC,MF,14874767,14874893,502,502,57143,57027,Langley Centre @ Bay 5,Langley Centre @ Bay 3,57143,Langley Centre,64950,65250,in_service_layover,61.82697558617336,65.53105504325531,20.891008137942208,300,5.0,18:02:30,18:07:30,True,1,,6
2161716,medium,321.0,12.0,40-ft,STC,MF,14870731,14876823,395,595,57143,57097,Langley Centre @ Bay 5,Langley Centre @ Bay 4,57143,Langley Centre,64950,65850,in_service_layover,58.95954409441456,69.48112656405763,59.34172512878695,900,15.0,18:02:30,18:17:30,True,5,,6
2161576,medium,320.0,31.0,40-ft,STC,MF,14863374,14863440,320,320,57136,57136,Langley Centre @ Bay 2,Langley Centre @ Bay 2,57136,Langley Centre,65430,66510,in_service_layover,60.63709419230503,72.38098872286962,66.2355651523842,1080,18.0,18:10:30,18:28:30,True,2,,6
2161573,medium,502.0,7.0,40-ft,STC,MF,14874510,14874477,501,501,57027,57027,Langley Centre @ Bay 3,Langley Centre @ Bay 3,57027,Langley Centre,65490,65910,in_service_layover,60.013806145231406,65.25025244527136,29.533557132225326,420,7.0,18:11:30,18:18:30,True,6,,6
2161631,medium,502.0,15.0,40-ft,STC,MF,14874785,14874840,502,502,57143,57027,Langley Centre @ Bay 5,Langley Centre @ Bay 3,57143,Langley Centre,65490,65970,in_service_layover,69.54179417141583,74.46567274850231,27.77067517476786,480,8.0,18:11:30,18:19:30,True,4,,6
2161990,medium,502.0,4.0,40-ft,STC,MF,14867628,14867708,342,342,57143,57136,Langley Centre @ Bay 5,Langley Centre @ Bay 2,57143,Langley Centre,65610,66810,in_service_layover,60.4403196420713,73.20003812078933,71.9648122199697,1200,20.0,18:13:30,18:33:30,True,1,,6
2161544,medium,320.0,13.0,40-ft,STC,MF,14874783,14905795,502,502,57143,57027,Langley Centre @ Bay 5,Langley Centre @ Bay 3,57143,Langley Centre,66270,66690,in_service_layover,66.54875752293785,71.2143320032232,26.313840068809384,420,7.0,18:24:30,18:31:30,True,3,,6
2161600,medium,503.0,1.0,40-ft,STC,MF,14867645,14869404,342,364,57143,57097,Langley Centre @ Bay 5,Langley Centre @ Bay 4,57143,Langley Centre,66510,67290,in_service_layover,64.5793234008052,72.92181876891497,47.05167387613915,780,13.0,18:28:30,18:41:30,True,5,,6
2161645,medium,320.0,11.0,40-ft,STC,MF,14863316,14874469,320,501,57136,57027,Langley Centre @ Bay 2,Langley Centre @ Bay 3,57136,Langley Centre,66690,67050,in_service_layover,60.31929126003589,64.8285613834376,25.432283495985644,360,6.0,18:31:30,18:37:30,True,6,,6
2161651,medium,502.0,12.0,40-ft,STC,MF,14874793,14874867,502,502,57143,57027,Langley Centre @ Bay 5,Langley Centre @ Bay 3,57143,Langley Centre,66750,67410,in_service_layover,69.91573338432401,76.33308369019225,36.19385572509685,660,11.0,18:32:30,18:43:30,True,4,,6
2161546,medium,320.0,2.0,40-ft,STC,MF,14869373,14867661,364,342,57097,57136,Langley Centre @ Bay 4,Langley Centre @ Bay 2,57097,Langley Centre,66930,68010,in_service_layover,61.92296388393259,73.35248322932732,64.46248910802632,1080,18.0,18:35:30,18:53:30,True,2,,6
2161575,medium,320.0,5.0,40-ft,STC,MF,14870732,14874478,395,501,57143,57027,Langley Centre @ Bay 5,Langley Centre @ Bay 3,57143,Langley Centre,67050,68610,in_service_layover,64.38886485932854,78.36145301601488,78.80539720371098,1560,26.0,18:37:30,19:03:30,True,3,,6
2161624,medium,320.0,25.0,40-ft,STC,MF,14876859,14876824,595,595,57097,57097,Langley Centre @ Bay 4,Langley Centre @ Bay 4,57097,Langley Centre,67230,67650,in_service_layover,65.64307875990299,70.39361845428577,26.793043876318904,420,7.0,18:40:30,18:47:30,True,1,,6
2161632,medium,502.0,10.0,40-ft,STC,MF,14867627,14863438,342,320,57143,57136,Langley Centre @ Bay 5,Langley Centre @ Bay 2,57143,Langley Centre,67290,67950,in_service_layover,62.09713707759107,69.70834931217519,42.92723700305447,660,11.0,18:41:30,18:52:30,True,6,,6
2161737,medium,320.0,37.0,40-ft,STC,MF,14867626,14869403,342,364,57143,57097,Langley Centre @ Bay 5,Langley Centre @ Bay 4,57143,Langley Centre,68010,68970,in_service_layover,68.19352391624707,77.22176735287395,50.9192929825756,960,16.0,18:53:30,19:09:30,True,5,,6
2161507,medium,312.0,2.0,40-ft,STC,MF,14863315,14876825,320,595,57136,57097,Langley Centre @ Bay 2,Langley Centre @ Bay 4,57136,Langley Centre,68010,69450,in_service_layover,66.27095038220536,78.93576882797598,71.4295760341463,1440,24.0,18:53:30,19:17:30,True,4,,6
2162188,medium,503.0,12.0,40-ft,STC,MF,14905304,14874866,502,502,57143,57027,Langley Centre @ Bay 5,Langley Centre @ Bay 3,57143,Langley Centre,68130,68310,in_service_layover,53.48617466173374,55.831465126580525,13.227438221735895,180,3.0,18:55:30,18:58:30,True,1,,6
2161649,medium,503.0,2.0,40-ft,STC,MF,14869371,14867660,364,342,57097,57136,Langley Centre @ Bay 4,Langley Centre @ Bay 2,57097,Langley Centre,68670,69210,in_service_layover,68.19982095188352,73.83415196678781,31.777626924060144,540,9.0,19:04:30,19:13:30,True,6,,6
2161633,medium,320.0,44.0,40-ft,STC,MF,14863314,14863436,320,320,57136,57136,Langley Centre @ Bay 2,Langley Centre @ Bay 2,57136,Langley Centre,68670,69810,in_service_layover,65.27442554859955,76.28693393335746,62.11054729003456,1140,19.0,19:04:30,19:23:30,True,2,,6
2162112,medium,502.0,19.0,40-ft,STC,MF,14874773,14874900,502,502,57143,57027,Langley Centre @ Bay 5,Langley Centre @ Bay 3,57143,Langley Centre,69450,70110,in_service_layover,58.626632923698,66.7343828699474,45.7277096968466,660,11.0,19:17:30,19:28:30,True,1,,6
2161501,medium,312.0,3.0,40-ft,STC,MF,14867625,14867709,342,342,57143,57136,Langley Centre @ Bay 5,Langley Centre @ Bay 2,57143,Langley Centre,69810,70410,in_service_layover,61.00048621655342,68.14064300680458,40.27048429701654,600,10.0,19:23:30,19:33:30,True,3,,6
2165312,medium,320.0,35.0,40-ft,STC,MF,14874529,14874451,501,501,57027,57027,Langley Centre @ Bay 3,Langley Centre @ Bay 3,57027,Langley Centre,69870,70410,in_service_layover,57.691290559074226,64.53979280089375,38.62555264386208,540,9.0,19:24:30,19:33:30,True,5,,6
2161917,medium,502.0,1.0,40-ft,STC,MF,14874812,14874865,502,502,57143,57027,Langley Centre @ Bay 5,Langley Centre @ Bay 3,57143,Langley Centre,70530,71010,in_service_layover,59.51875540645592,65.49893612437724,33.72821924907623,480,8.0,19:35:30,19:43:30,True,6,,6
2161504,medium,312.0,1.0,40-ft,STC,MF,14867624,14876826,342,595,57143,57097,Langley Centre @ Bay 5,Langley Centre @ Bay 4,57143,Langley Centre,70890,71250,in_service_layover,65.69237124931473,69.81027108800433,23.224955090209278,360,6.0,19:41:30,19:47:30,True,4,,6
2161623,medium,502.0,49.0,40-ft,STC,MF,14869370,14867659,364,342,57097,57136,Langley Centre @ Bay 4,Langley Centre @ Bay 2,57097,Langley Centre,70950,71610,in_service_layover,66.45714153595435,73.4211688283866,39.27711392931781,660,11.0,19:42:30,19:53:30,True,2,,6
2161716,medium,321.0,12.0,40-ft,STC,MF,14876862,14874862,595,502,57097,57027,Langley Centre @ Bay 4,Langley Centre @ Bay 3,57097,Langley Centre,71310,71910,in_service_layover,61.10901903564863,68.23553016194838,40.19352275233064,600,10.0,19:48:30,19:58:30,True,1,,6
2163821,medium,320.0,14.0,40-ft,STC,MF,14874520,14874436,501,501,57027,57027,Langley Centre @ Bay 3,Langley Centre @ Bay 3,57027,Langley Centre,71310,72270,in_service_layover,66.02347282788223,75.54927916818853,53.72554775932758,960,16.0,19:48:30,20:04:30,True,3,,6
2161987,medium,503.0,25.0,40-ft,STC,MF,14867646,14869400,342,364,57143,57097,Langley Centre @ Bay 5,Langley Centre @ Bay 4,57143,Langley Centre,71910,72570,in_service_layover,69.54818003260867,76.02502624696199,36.5294126489527,660,11.0,19:58:30,20:09:30,True,5,,6
2161625,medium,320.0,12.0,40-ft,STC,MF,14863358,14863433,320,320,57136,57136,Langley Centre @ Bay 2,Langley Centre @ Bay 2,57136,Langley Centre,72150,72870,in_service_layover,65.90520299074178,73.4900164980701,42.778348181331694,720,12.0,20:02:30,20:14:30,True,6,,6
2161905,medium,502.0,11.0,40-ft,STC,MF,14874741,14874864,502,502,57143,57027,Langley Centre @ Bay 5,Langley Centre @ Bay 3,57143,Langley Centre,72210,72810,in_service_layover,69.618378425925,75.58474977107143,33.65033438662596,600,10.0,20:03:30,20:13:30,True,4,,6
2163903,medium,502.0,13.0,40-ft,STC,MF,14869394,14869401,364,364,57097,57097,Langley Centre @ Bay 4,Langley Centre @ Bay 4,57097,Langley Centre,73170,74370,in_service_layover,67.98957570982789,78.67497178447968,60.265633861036065,1200,20.0,20:19:30,20:39:30,True,2,,6
2161991,medium,503.0,18.0,40-ft,STC,MF,14863356,14874450,320,501,57136,57027,Langley Centre @ Bay 2,Langley Centre @ Bay 3,57136,Langley Centre,73590,74070,in_service_layover,62.84699753918007,68.49948267416617,31.880016161321635,480,8.0,20:26:30,20:34:30,True,1,,6
2161651,medium,502.0,12.0,40-ft,STC,MF,14874811,14874848,502,502,57143,57027,Langley Centre @ Bay 5,Langley Centre @ Bay 3,57143,Langley Centre,74250,74670,in_service_layover,66.16128800204136,70.8634599865884,26.520249992845265,420,7.0,20:37:30,20:44:30,True,3,,6
2161574,medium,320.0,52.0,40-ft,STC,MF,14869368,14867657,364,342,57097,57136,Langley Centre @ Bay 4,Langley Centre @ Bay 2,57097,Langley Centre,74550,74790,in_service_layover,66.14019328836844,68.92680257996177,15.716476404586501,240,4.0,20:42:30,20:46:30,True,5,,6
2162193,medium,503.0,5.0,40-ft,STC,MF,14875301,14876828,503,595,55299,57097,Langley Centre @ Bay 1,Langley Centre @ Bay 4,55299,Langley Centre,74670,75030,in_service_layover,36.36243624904485,40.89778714899688,25.579379075729463,360,6.0,20:44:30,20:50:30,True,4,,6
2161576,medium,320.0,31.0,40-ft,STC,MF,14874527,14874437,501,501,57027,57027,Langley Centre @ Bay 3,Langley Centre @ Bay 3,57027,Langley Centre,74670,75930,in_service_layover,65.00190474664412,76.90037984441356,67.10739955141963,1260,21.0,20:44:30,21:05:30,True,6,,6
2162188,medium,503.0,12.0,40-ft,STC,MF,14874771,14874851,502,502,57143,57027,Langley Centre @ Bay 5,Langley Centre @ Bay 3,57143,Langley Centre,75150,75630,in_service_layover,51.10422395248783,57.36333876040886,35.3014075166746,480,8.0,20:52:30,21:00:30,True,1,,6
2161649,medium,503.0,2.0,40-ft,STC,MF,14867647,14867656,342,342,57143,57136,Langley Centre @ Bay 5,Langley Centre @ Bay 2,57143,Langley Centre,75450,76830,in_service_layover,67.53903938479691,79.46746707739712,67.27633218626517,1380,23.0,20:57:30,21:20:30,True,2,,6
2161504,medium,312.0,1.0,40-ft,STC,MF,14876865,14863431,595,320,57097,57136,Langley Centre @ Bay 4,Langley Centre @ Bay 2,57097,Langley Centre,75990,76290,in_service_layover,62.06198271024373,65.75217285739244,20.812672429918734,300,5.0,21:06:30,21:11:30,True,3,,6
2165205,medium,502.0,22.0,40-ft,STC,MF,14874809,14869429,502,364,57143,57097,Langley Centre @ Bay 5,Langley Centre @ Bay 4,57143,Langley Centre,76050,76290,in_service_layover,68.47458525028858,71.13870674280048,15.025645217767021,240,4.0,21:07:30,21:11:30,True,5,,6
2161737,medium,320.0,37.0,40-ft,STC,MF,14869367,14874884,364,502,57097,57027,Langley Centre @ Bay 4,Langley Centre @ Bay 3,57097,Langley Centre,76230,76530,in_service_layover,65.75373184785317,69.22194644891017,19.560730349961432,300,5.0,21:10:30,21:15:30,True,4,,6
2161575,medium,320.0,5.0,40-ft,STC,MF,14874521,14874449,501,501,57027,57027,Langley Centre @ Bay 3,Langley Centre @ Bay 3,57027,Langley Centre,76470,77610,in_service_layover,65.00416972519719,76.08928576470826,62.520054462842495,1140,19.0,21:14:30,21:33:30,True,1,,6
2161630,medium,502.0,21.0,40-ft,STC,MF,14863311,14876829,320,595,57136,57097,Langley Centre @ Bay 2,Langley Centre @ Bay 4,57136,Langley Centre,76890,77130,in_service_layover,65.0112478916943,67.852323641496,16.02366722888155,240,4.0,21:21:30,21:25:30,True,6,,6
2162112,medium,502.0,19.0,40-ft,STC,MF,14874816,14874831,502,502,57143,57027,Langley Centre @ Bay 5,Langley Centre @ Bay 3,57143,Langley Centre,76950,77430,in_service_layover,61.70878381421513,67.47416529667153,32.51675156105409,480,8.0,21:22:30,21:30:30,True,3,,6
2161853,medium,320.0,18.0,40-ft,STC,MF,14875320,14875406,503,503,55299,55299,Langley Centre @ Bay 1,Langley Centre @ Bay 1,55299,Langley Centre,77490,78150,in_service_layover,55.50613304371198,63.938533027491985,47.558735908519225,660,11.0,21:31:30,21:42:30,True,5,,6
2161917,medium,502.0,1.0,40-ft,STC,MF,14874806,14874910,502,502,57143,57027,Langley Centre @ Bay 5,Langley Centre @ Bay 3,57143,Langley Centre,77850,78630,in_service_layover,60.57720444722663,69.61528320400599,50.97476418823561,780,13.0,21:37:30,21:50:30,True,4,,6
2165312,medium,320.0,35.0,40-ft,STC,MF,14874526,14874438,501,501,57027,57027,Langley Centre @ Bay 3,Langley Centre @ Bay 3,57027,Langley Centre,78150,79290,in_service_layover,55.12389935739862,68.74025064350877,76.79622125366126,1140,19.0,21:42:30,22:01:30,True,2,,6
2161642,medium,321.0,3.0,40-ft,STC,MF,14867622,14863429,342,320,57143,57136,Langley Centre @ Bay 5,Langley Centre @ Bay 2,57143,Langley Centre,78510,79890,in_service_layover,50.851484243045164,67.59789323456285,94.44974671215977,1380,23.0,21:48:30,22:11:30,True,6,,6
2161540,medium,320.0,21.0,40-ft,STC,MF,14863351,14869448,320,364,57136,57097,Langley Centre @ Bay 2,Langley Centre @ Bay 4,57136,Langley Centre,78630,79830,in_service_layover,65.75903302302164,77.04694253795313,63.663809664213545,1200,20.0,21:50:30,22:10:30,True,3,,6
2162193,medium,503.0,5.0,40-ft,STC,MF,14876867,14876830,595,595,57097,57097,Langley Centre @ Bay 4,Langley Centre @ Bay 4,57097,Langley Centre,79530,80730,in_service_layover,33.149498771236296,48.38963507299152,85.95436874189943,1200,20.0,22:05:30,22:25:30,True,1,,6
2163821,medium,320.0,14.0,40-ft,STC,MF,14874508,14874485,501,501,57027,57027,Langley Centre @ Bay 3,Langley Centre @ Bay 3,57027,Langley Centre,79770,81210,in_service_layover,66.70227523910934,79.23722357953791,70.69710864001712,1440,24.0,22:09:30,22:33:30,True,5,,6
2161631,medium,502.0,15.0,40-ft,STC,MF,14874759,14874836,502,502,57143,57027,Langley Centre @ Bay 5,Langley Centre @ Bay 3,57143,Langley Centre,80430,81030,in_service_layover,67.9657388243144,74.17137861697604,34.999808430611665,600,10.0,22:20:30,22:30:30,True,4,,6
2161630,medium,502.0,21.0,40-ft,STC,MF,14876868,14874833,595,502,57097,57027,Langley Centre @ Bay 4,Langley Centre @ Bay 3,57097,Langley Centre,81570,82230,in_service_layover,60.10403526373541,67.99550560487828,44.507892724045746,660,11.0,22:39:30,22:50:30,True,2,,6
2162410,medium,503.0,19.0,40-ft,STC,MF,14875309,14875411,503,503,55299,55299,Langley Centre @ Bay 1,Langley Centre @ Bay 1,55299,Langley Centre,81750,82350,in_service_layover,48.09208401423904,55.8596212712373,43.80891012947018,600,10.0,22:42:30,22:52:30,True,3,,6
2161637,medium,320.0,1.0,40-ft,STC,MF,14874817,14874881,502,502,57143,57027,Langley Centre @ Bay 5,Langley Centre @ Bay 3,57143,Langley Centre,82110,83430,in_service_layover,62.74070113473541,75.70146933429717,73.09873264552834,1320,22.0,22:48:30,23:10:30,True,6,,6
2161654,medium,320.0,23.0,40-ft,STC,MF,14875311,14875412,503,503,55299,55299,Langley Centre @ Bay 1,Langley Centre @ Bay 1,55299,Langley Centre,83070,83970,in_service_layover,34.616390981491186,46.00420131295218,64.22725026944002,900,15.0,23:04:30,23:19:30,True,1,,6
2165205,medium,502.0,22.0,40-ft,STC,MF,14869397,14876831,364,595,57097,57097,Langley Centre @ Bay 4,Langley Centre @ Bay 4,57097,Langley Centre,83370,84330,in_service_layover,66.91126597886328,76.23491714460022,52.58539257475633,960,16.0,23:09:30,23:25:30,True,4,,6
2161649,medium,503.0,2.0,40-ft,STC,MF,14867652,14867712,342,342,57143,57136,Langley Centre @ Bay 5,Langley Centre @ Bay 2,57143,Langley Centre,83730,84030,in_service_layover,68.62070679025409,71.89697620862287,18.4781595195999,300,5.0,23:15:30,23:20:30,True,5,,6
2161917,medium,502.0,1.0,40-ft,STC,MF,14874803,14874835,502,502,57143,57027,Langley Centre @ Bay 5,Langley Centre @ Bay 3,57143,Langley Centre,84510,84750,in_service_layover,61.631947154984815,64.63280071739688,16.924814092004056,240,4.0,23:28:30,23:32:30,True,2,,6
2161905,medium,502.0,11.0,40-ft,STC,MF,14874810,14874880,502,502,57143,57027,Langley Centre @ Bay 5,Langley Centre @ Bay 3,57143,Langley Centre,85650,86070,in_service_layover,62.97422072781432,67.96338966572702,28.138912809827673,420,7.0,23:47:30,23:54:30,True,3,,6
2161540,medium,320.0,21.0,40-ft,STC,MF,14869398,14869450,364,364,57097,57097,Langley Centre @ Bay 4,Langley Centre @ Bay 4,57097,Langley Centre,86730,87030,in_service_layover,65.57890703293235,69.05817134512947,19.62305072079164,300,5.0,24:05:30,24:10:30,True,6,,6
2161631,medium,502.0,15.0,40-ft,STC,MF,14874746,14874834,502,502,57143,57027,Langley Centre @ Bay 5,Langley Centre @ Bay 3,57143,Langley Centre,86790,87390,in_service_layover,66.02083193082619,72.49944002061993,36.53934962643666,600,10.0,24:06:30,24:16:30,True,1,,6
2161642,medium,321.0,3.0,40-ft,STC,MF,14863329,14874443,320,501,57136,57027,Langley Centre @ Bay 2,Langley Centre @ Bay 3,57136,Langley Centre,86910,87150,in_service_layover,56.251744394187675,59.42019909175493,17.870084494279354,240,4.0,24:08:30,24:12:30,True,5,,6
2165312,medium,320.0,35.0,40-ft,STC,MF,14874513,14863425,501,320,57027,57136,Langley Centre @ Bay 3,Langley Centre @ Bay 2,57027,Langley Centre,87090,87570,in_service_layover,66.95494854958498,72.1734428767074,29.432308004970423,480,8.0,24:11:30,24:19:30,True,4,,6
2161877,medium,503.0,15.0,40-ft,STC,MF,14867653,14867713,342,342,57143,57136,Langley Centre @ Bay 5,Langley Centre @ Bay 2,57143,Langley Centre,87330,87630,in_service_layover,26.038701470852764,29.770758828298334,21.048803495993013,300,5.0,24:15:30,24:20:30,True,2,,6
2161630,medium,502.0,21.0,40-ft,STC,MF,14874802,14874830,502,502,57143,57027,Langley Centre @ Bay 5,Langley Centre @ Bay 3,57143,Langley Centre,87930,88710,in_service_layover,57.82370991672738,67.33639380671246,53.65153713951588,780,13.0,24:25:30,24:38:30,True,3,,6
2161654,medium,320.0,23.0,40-ft,STC,MF,14874808,14874879,502,502,57143,57027,Langley Centre @ Bay 5,Langley Centre @ Bay 3,57143,Langley Centre,88950,90030,in_service_layover,36.08000144064775,49.83512686939406,77.5789074181292,1080,18.0,24:42:30,25:00:30,True,6,,6
2160695,medium,210.0,27.0,40-ft,BTC,MF,14859195,14859343,246,249,54413,50980,Eastbound Marine Dr @ Capilano Rd,Lonsdale Quay @ Bay 5,50980,Lonsdale Quay,6090,6390,interline_end,41.81967157850522,45.62035493610212,21.435854136846444,300,5.0,01:41:30,01:46:30,True,1,,4
2161166,medium,210.0,2.0,40-ft,BTC,MF,14857056,14859375,228,249,58725,50980,Lonsdale Quay @ Bay 4,Lonsdale Quay @ Bay 5,58725,Lonsdale Quay,31590,31770,in_service_layover,69.17613003430189,71.17103310241376,11.251253304150964,180,3.0,08:46:30,08:49:30,True,2,,4
2161169,medium,210.0,9.0,40-ft,BTC,MF,14857023,14859374,228,249,58725,50980,Lonsdale Quay @ Bay 4,Lonsdale Quay @ Bay 5,58725,Lonsdale Quay,33810,34050,in_service_layover,68.94040498816389,71.57847849661717,14.87873458767649,240,4.0,09:23:30,09:27:30,True,3,,4
2161094,medium,210.0,6.0,40-ft,BTC,MF,14857960,14859373,236,249,58725,50980,Lonsdale Quay @ Bay 4,Lonsdale Quay @ Bay 5,58725,Lonsdale Quay,34530,35430,in_service_layover,66.5132335049978,75.47139249099556,50.52401668102732,900,15.0,09:35:30,09:50:30,True,4,,4
2160688,medium,210.0,8.0,40-ft,BTC,MF,14859428,14857933,249,236,58725,54134,Lonsdale Quay @ Bay 4,Lonsdale Quay @ Bay 6,58725,Lonsdale Quay,34890,35490,in_service_layover,66.19161714792395,72.64662808706184,36.406261696737715,600,10.0,09:41:30,09:51:30,True,1,,4
2161195,medium,210.0,5.0,40-ft,BTC,MF,14857572,14857520,230,230,58725,54516,Lonsdale Quay @ Bay 4,Lonsdale Quay @ Bay 8,58725,Lonsdale Quay,35130,35310,in_service_layover,68.86463169656261,70.87259088952305,11.324889848296891,180,3.0,09:45:30,09:48:30,True,2,,4
2161138,medium,210.0,18.0,40-ft,BTC,MF,14859427,14857934,249,236,58725,54134,Lonsdale Quay @ Bay 4,Lonsdale Quay @ Bay 6,58725,Lonsdale Quay,36570,37350,in_service_layover,69.59342969384168,77.00878964319584,41.82263011435748,780,13.0,10:09:30,10:22:30,True,3,,4
2160073,medium,210.0,7.0,40-ft,BTC,MF,14857962,14859371,236,249,58725,50980,Lonsdale Quay @ Bay 4,Lonsdale Quay @ Bay 5,58725,Lonsdale Quay,37410,38370,in_service_layover,66.88837759067545,76.21726298277606,52.61491361144755,960,16.0,10:23:30,10:39:30,True,2,,4
2161096,medium,210.0,3.0,40-ft,BTC,MF,14857296,14857499,229,230,58725,54516,Lonsdale Quay @ Bay 4,Lonsdale Quay @ Bay 8,58725,Lonsdale Quay,37770,38730,in_service_layover,62.127180058084264,72.51724839204539,58.59998540354076,960,16.0,10:29:30,10:45:30,True,4,,4
2161087,medium,210.0,17.0,40-ft,BTC,MF,14859426,14857955,249,236,58725,54134,Lonsdale Quay @ Bay 4,Lonsdale Quay @ Bay 6,58725,Lonsdale Quay,38130,38310,in_service_layover,68.1223395293793,70.16044792471904,11.494931349716069,180,3.0,10:35:30,10:38:30,True,1,,4
2161195,medium,210.0,5.0,40-ft,BTC,MF,14857554,14857229,230,229,58725,54421,Lonsdale Quay @ Bay 4,Lonsdale Quay @ Bay 1,58725,Lonsdale Quay,38730,38910,in_service_layover,66.82108724879367,68.90877355106915,11.774550744833618,180,3.0,10:45:30,10:48:30,True,3,,4
2161166,medium,210.0,2.0,40-ft,BTC,MF,14859425,14859370,249,249,58725,50980,Lonsdale Quay @ Bay 4,Lonsdale Quay @ Bay 5,58725,Lonsdale Quay,39330,40170,in_service_layover,60.59161577780515,70.20657969599348,54.22839649858224,840,14.0,10:55:30,11:09:30,True,1,,4
2161168,medium,210.0,19.0,40-ft,BTC,MF,14857570,14857236,230,229,58725,54421,Lonsdale Quay @ Bay 4,Lonsdale Quay @ Bay 1,58725,Lonsdale Quay,40410,40590,in_service_layover,66.19980502286957,68.30974101496639,11.900038995426087,180,3.0,11:13:30,11:16:30,True,2,,4
2161089,medium,210.0,23.0,40-ft,BTC,MF,14857050,14856990,228,228,58725,54196,Lonsdale Quay @ Bay 4,Lonsdale Quay @ Bay 2,58725,Lonsdale Quay,40410,40710,in_service_layover,65.3998202071032,68.89032566289426,19.68645077066151,300,5.0,11:13:30,11:18:30,True,4,,4
2161169,medium,210.0,9.0,40-ft,BTC,MF,14859424,14859369,249,249,58725,50980,Lonsdale Quay @ Bay 4,Lonsdale Quay @ Bay 5,58725,Lonsdale Quay,41190,41730,in_service_layover,60.99906117200856,67.49517538522552,36.63808416254369,540,9.0,11:26:30,11:35:30,True,3,,4
2161097,medium,210.0,86.0,40-ft,BTC,MF,14857294,14857530,229,230,58725,54516,Lonsdale Quay @ Bay 4,Lonsdale Quay @ Bay 8,58725,Lonsdale Quay,41250,42210,in_service_layover,69.57631945798663,78.28331395110983,49.1074489412149,960,16.0,11:27:30,11:43:30,True,1,,4
2161085,medium,240.0,28.0,40-ft,BTC,MF,14857016,14857008,228,228,58725,54196,Lonsdale Quay @ Bay 4,Lonsdale Quay @ Bay 2,58725,Lonsdale Quay,42210,42390,in_service_layover,67.81085940405835,69.8612149022361,11.564005009722564,180,3.0,11:43:30,11:46:30,True,2,,4
2161096,medium,210.0,3.0,40-ft,BTC,MF,14857577,14857234,230,229,58725,54421,Lonsdale Quay @ Bay 4,Lonsdale Quay @ Bay 1,58725,Lonsdale Quay,42210,42390,in_service_layover,68.46574475131601,70.49007394687268,11.417216662939609,180,3.0,11:43:30,11:46:30,True,4,,4
2161094,medium,210.0,6.0,40-ft,BTC,MF,14859423,14859368,249,249,58725,50980,Lonsdale Quay @ Bay 4,Lonsdale Quay @ Bay 5,58725,Lonsdale Quay,42870,43530,in_service_layover,64.89197516638694,72.09371783810221,40.61782866847415,660,11.0,11:54:30,12:05:30,True,3,,4
2161195,medium,210.0,5.0,40-ft,BTC,MF,14857293,14857503,229,230,58725,54516,Lonsdale Quay @ Bay 4,Lonsdale Quay @ Bay 8,58725,Lonsdale Quay,43050,44070,in_service_layover,64.88134136794879,75.12711194130728,57.786146033741886,1020,17.0,11:57:30,12:14:30,True,1,,4
2160063,medium,210.0,11.0,40-ft,BTC,MF,14857017,14857011,228,228,58725,54196,Lonsdale Quay @ Bay 4,Lonsdale Quay @ Bay 2,58725,Lonsdale Quay,43890,44070,in_service_layover,58.82955142687904,61.19637962658516,13.348911046342494,180,3.0,12:11:30,12:14:30,True,2,,4
2160695,medium,210.0,27.0,40-ft,BTC,MF,14857549,14857233,230,229,58725,54421,Lonsdale Quay @ Bay 4,Lonsdale Quay @ Bay 1,58725,Lonsdale Quay,44010,44190,in_service_layover,68.7689615740531,70.78088276255967,11.347235503177103,180,3.0,12:13:30,12:16:30,True,4,,4
2161095,medium,210.0,24.0,40-ft,BTC,MF,14857963,14857493,236,230,58725,54516,Lonsdale Quay @ Bay 4,Lonsdale Quay @ Bay 8,58725,Lonsdale Quay,44730,45870,in_service_layover,66.95239192877841,77.51933390202637,59.59755272911849,1140,19.0,12:25:30,12:44:30,True,3,,4
2161168,medium,210.0,19.0,40-ft,BTC,MF,14857292,14857243,229,229,58725,54421,Lonsdale Quay @ Bay 4,Lonsdale Quay @ Bay 1,58725,Lonsdale Quay,44790,45990,in_service_layover,64.28230883184605,75.97921311995826,65.97054018495288,1200,20.0,12:26:30,12:46:30,True,1,,4
2160712,medium,210.0,25.0,40-ft,BTC,MF,14857038,14857938,228,236,58725,54134,Lonsdale Quay @ Bay 4,Lonsdale Quay @ Bay 6,58725,Lonsdale Quay,45810,46290,in_service_layover,66.22344063837188,71.5222571572204,29.885325166305563,480,8.0,12:43:30,12:51:30,True,2,,4
2161096,medium,210.0,3.0,40-ft,BTC,MF,14857291,14859366,229,249,58725,50980,Lonsdale Quay @ Bay 4,Lonsdale Quay @ Bay 5,58725,Lonsdale Quay,46590,46950,in_service_layover,66.46264176375232,70.51969537010217,22.881782339813185,360,6.0,12:56:30,13:02:30,True,4,,4
2161087,medium,210.0,17.0,40-ft,BTC,MF,14857964,14857495,236,230,58725,54516,Lonsdale Quay @ Bay 4,Lonsdale Quay @ Bay 8,58725,Lonsdale Quay,46590,47550,in_service_layover,58.99980563675417,70.08278701591006,62.50801497843918,960,16.0,12:56:30,13:12:30,True,3,,4
2160073,medium,210.0,7.0,40-ft,BTC,MF,14859421,14857004,249,228,58725,54196,Lonsdale Quay @ Bay 4,Lonsdale Quay @ Bay 2,58725,Lonsdale Quay,46650,47790,in_service_layover,65.63784565816746,76.55296828463337,61.56129161326771,1140,19.0,12:57:30,13:16:30,True,1,,4
2160695,medium,210.0,27.0,40-ft,BTC,MF,14857290,14857504,229,230,58725,54516,Lonsdale Quay @ Bay 4,Lonsdale Quay @ Bay 8,58725,Lonsdale Quay,48330,49410,in_service_layover,66.75345057943932,76.96600914295368,57.598830298221,1080,18.0,13:25:30,13:43:30,True,2,,4
2161166,medium,210.0,2.0,40-ft,BTC,MF,14859420,14857259,249,229,58725,54421,Lonsdale Quay @ Bay 4,Lonsdale Quay @ Bay 1,58725,Lonsdale Quay,48510,49470,in_service_layover,59.62716237138488,70.5638972088492,61.68318448329882,960,16.0,13:28:30,13:44:30,True,4,,4
2161080,medium,210.0,4.0,40-ft,BTC,MF,14857037,14857940,228,236,58725,54134,Lonsdale Quay @ Bay 4,Lonsdale Quay @ Bay 6,58725,Lonsdale Quay,49470,49830,in_service_layover,60.99748104762762,65.45865260453347,25.161007580948933,360,6.0,13:44:30,13:50:30,True,3,,4
2160712,medium,210.0,25.0,40-ft,BTC,MF,14857966,14859364,236,249,58725,50980,Lonsdale Quay @ Bay 4,Lonsdale Quay @ Bay 5,58725,Lonsdale Quay,50190,50550,in_service_layover,65.94193601323795,70.04028184097028,23.11467046841034,360,6.0,13:56:30,14:02:30,True,1,,4
2161169,medium,210.0,9.0,40-ft,BTC,MF,14859419,14856993,249,228,58725,54196,Lonsdale Quay @ Bay 4,Lonsdale Quay @ Bay 2,58725,Lonsdale Quay,50310,51390,in_service_layover,56.915758060616916,69.586611449983,71.4636131160247,1080,18.0,13:58:30,14:16:30,True,2,,4
2161083,medium,210.0,15.0,40-ft,BTC,MF,14857060,14857941,228,236,58725,54134,Lonsdale Quay @ Bay 4,Lonsdale Quay @ Bay 6,58725,Lonsdale Quay,51270,51570,in_service_layover,64.98968013337326,68.50563235365688,19.829970522399606,300,5.0,14:14:30,14:19:30,True,4,,4
2161195,medium,210.0,5.0,40-ft,BTC,MF,14857288,14857224,229,229,58725,54421,Lonsdale Quay @ Bay 4,Lonsdale Quay @ Bay 1,58725,Lonsdale Quay,51810,52110,in_service_layover,67.04817611745753,70.43223355500322,19.08608394775763,300,5.0,14:23:30,14:28:30,True,3,,4
2160063,medium,210.0,11.0,40-ft,BTC,MF,14857967,14859363,236,249,58725,50980,Lonsdale Quay @ Bay 4,Lonsdale Quay @ Bay 5,58725,Lonsdale Quay,51810,52170,in_service_layover,50.51344767018529,55.176256591677216,26.298242317214488,360,6.0,14:23:30,14:29:30,True,1,,4
2161094,medium,210.0,6.0,40-ft,BTC,MF,14859418,14856966,249,228,58725,54196,Lonsdale Quay @ Bay 4,Lonsdale Quay @ Bay 2,58725,Lonsdale Quay,51930,53130,in_service_layover,61.5143005134936,73.98051089986323,70.30942657912476,1200,20.0,14:25:30,14:45:30,True,2,,4
2161166,medium,210.0,2.0,40-ft,BTC,MF,14857316,14857217,229,229,58725,54421,Lonsdale Quay @ Bay 4,Lonsdale Quay @ Bay 1,58725,Lonsdale Quay,53370,53850,in_service_layover,66.53646502572886,71.80107163695905,29.69238128733832,480,8.0,14:49:30,14:57:30,True,4,,4
2161080,medium,210.0,4.0,40-ft,BTC,MF,14857968,14859362,236,249,58725,50980,Lonsdale Quay @ Bay 4,Lonsdale Quay @ Bay 5,58725,Lonsdale Quay,53850,54030,in_service_layover,59.878331460551024,62.21302275033478,13.167658874380379,180,3.0,14:57:30,15:00:30,True,3,,4
2161168,medium,210.0,19.0,40-ft,BTC,MF,14857287,14857248,229,229,58725,54421,Lonsdale Quay @ Bay 4,Lonsdale Quay @ Bay 1,58725,Lonsdale Quay,54270,54930,in_service_layover,67.92434875371754,74.66006182351931,37.98942171368196,660,11.0,15:04:30,15:15:30,True,1,,4
2161087,medium,210.0,17.0,40-ft,BTC,MF,14857568,14857946,230,236,58725,54134,Lonsdale Quay @ Bay 4,Lonsdale Quay @ Bay 6,58725,Lonsdale Quay,54990,55170,in_service_layover,62.1317363411803,64.38593008794695,12.713652731763943,180,3.0,15:16:30,15:19:30,True,2,,4
2161096,medium,210.0,3.0,40-ft,BTC,MF,14859416,14857013,249,228,58725,54196,Lonsdale Quay @ Bay 4,Lonsdale Quay @ Bay 2,58725,Lonsdale Quay,55470,56010,in_service_layover,59.940278045493564,66.55337214784495,37.2978507372618,540,9.0,15:24:30,15:33:30,True,4,,4
2161195,medium,210.0,5.0,40-ft,BTC,MF,14857268,14859361,229,249,58725,50980,Lonsdale Quay @ Bay 4,Lonsdale Quay @ Bay 5,58725,Lonsdale Quay,56250,56430,in_service_layover,66.40480137188285,68.50746788295308,11.859039122436002,180,3.0,15:37:30,15:40:30,True,3,,4
2161169,medium,210.0,9.0,40-ft,BTC,MF,14857045,14856968,228,228,58725,54196,Lonsdale Quay @ Bay 4,Lonsdale Quay @ Bay 2,58725,Lonsdale Quay,56790,57030,in_service_layover,64.48400063756556,67.350005335553,16.16426649664919,240,4.0,15:46:30,15:50:30,True,1,,4
2160695,medium,210.0,27.0,40-ft,BTC,MF,14857555,14857947,230,236,58725,54134,Lonsdale Quay @ Bay 4,Lonsdale Quay @ Bay 6,58725,Lonsdale Quay,56850,57030,in_service_layover,69.01495846822392,71.01664669135391,11.289521578453105,180,3.0,15:47:30,15:50:30,True,2,,4
2161166,medium,210.0,2.0,40-ft,BTC,MF,14857285,14857523,229,230,58725,54516,Lonsdale Quay @ Bay 4,Lonsdale Quay @ Bay 8,58725,Lonsdale Quay,58050,58710,in_service_layover,67.7736394538387,74.53304871913372,38.123068256263934,660,11.0,16:07:30,16:18:30,True,4,,4
2161083,medium,210.0,15.0,40-ft,BTC,MF,14857556,14857232,230,229,58725,54421,Lonsdale Quay @ Bay 4,Lonsdale Quay @ Bay 1,58725,Lonsdale Quay,59250,59430,in_service_layover,58.94978587230957,61.31385185551766,13.333332145293639,180,3.0,16:27:30,16:30:30,True,3,,4
2161087,medium,210.0,17.0,40-ft,BTC,MF,14857973,14857943,236,236,58725,54134,Lonsdale Quay @ Bay 4,Lonsdale Quay @ Bay 6,58725,Lonsdale Quay,59310,60030,in_service_layover,58.805608943964515,67.5332463364052,49.22387489336546,720,12.0,16:28:30,16:40:30,True,1,,4
2161084,medium,210.0,20.0,40-ft,BTC,MF,14857560,14856970,230,228,58725,54196,Lonsdale Quay @ Bay 4,Lonsdale Quay @ Bay 2,58725,Lonsdale Quay,60390,60570,in_service_layover,61.83213738078182,64.09695520415836,12.773572523843654,180,3.0,16:46:30,16:49:30,True,2,,4
2161168,medium,210.0,19.0,40-ft,BTC,MF,14857712,14859357,231,249,60473,50980,Lonsdale Quay @ Bay 9,Lonsdale Quay @ Bay 5,60473,Lonsdale Quay,61050,61230,in_service_layover,69.1245089423595,71.12159217135537,11.263549411536701,180,3.0,16:57:30,17:00:30,True,4,,4
2161169,medium,210.0,9.0,40-ft,BTC,MF,14857031,14857930,228,236,58725,54134,Lonsdale Quay @ Bay 4,Lonsdale Quay @ Bay 6,58725,Lonsdale Quay,61110,61830,in_service_layover,62.24739452313558,70.4273980680553,46.13521999334722,720,12.0,16:58:30,17:10:30,True,3,,4
2161078,medium,210.0,14.0,40-ft,BTC,MF,14857988,14857531,236,230,58725,54516,Lonsdale Quay @ Bay 4,Lonsdale Quay @ Bay 8,58725,Lonsdale Quay,62130,62310,in_service_layover,58.40674863630664,60.78139393663628,13.392999493859179,180,3.0,17:15:30,17:18:30,True,1,,4
2161164,medium,210.0,41.0,40-ft,BTC,MF,14857021,14859356,228,249,58725,50980,Lonsdale Quay @ Bay 4,Lonsdale Quay @ Bay 5,58725,Lonsdale Quay,62130,62370,in_service_layover,67.00610797748814,69.74884754286606,15.469051148731467,240,4.0,17:15:30,17:19:30,True,2,,4
2161089,medium,210.0,23.0,40-ft,BTC,MF,14857970,14857505,236,230,58725,54516,Lonsdale Quay @ Bay 4,Lonsdale Quay @ Bay 8,58725,Lonsdale Quay,62730,62970,in_service_layover,54.470997043977,57.617500597646966,17.74628004269863,240,4.0,17:25:30,17:29:30,True,4,,4
2160712,medium,210.0,25.0,40-ft,BTC,MF,14857541,14857944,230,236,58725,54134,Lonsdale Quay @ Bay 4,Lonsdale Quay @ Bay 6,58725,Lonsdale Quay,63270,63570,in_service_layover,55.485339178996796,59.43992402986442,22.30385855889341,300,5.0,17:34:30,17:39:30,True,3,,4
2161083,medium,210.0,15.0,40-ft,BTC,MF,14857315,14857919,229,236,58725,54134,Lonsdale Quay @ Bay 4,Lonsdale Quay @ Bay 6,58725,Lonsdale Quay,63450,64350,in_service_layover,57.2864196723973,68.12965606523355,61.15585325559641,900,15.0,17:37:30,17:52:30,True,1,,4
2160695,medium,210.0,27.0,40-ft,BTC,MF,14857540,14859353,230,249,58725,50980,Lonsdale Quay @ Bay 4,Lonsdale Quay @ Bay 5,58725,Lonsdale Quay,64890,65070,in_service_layover,61.4608002100066,63.73878601816239,12.847839957998701,180,3.0,18:01:30,18:04:30,True,2,,4
2161138,medium,210.0,18.0,40-ft,BTC,MF,14859406,14857516,249,230,58725,54516,Lonsdale Quay @ Bay 4,Lonsdale Quay @ Bay 8,58725,Lonsdale Quay,64890,65550,in_service_layover,64.81052623506599,72.02447312662096,40.68666046837001,660,11.0,18:01:30,18:12:30,True,4,,4
2161195,medium,210.0,5.0,40-ft,BTC,MF,14859405,14857489,249,230,58725,54516,Lonsdale Quay @ Bay 4,Lonsdale Quay @ Bay 8,58725,Lonsdale Quay,65490,66150,in_service_layover,57.92805055834446,66.12413420051428,46.22591174183782,660,11.0,18:11:30,18:22:30,True,3,,4
2161169,medium,210.0,9.0,40-ft,BTC,MF,14857990,14859352,236,249,58725,50980,Lonsdale Quay @ Bay 4,Lonsdale Quay @ Bay 5,58725,Lonsdale Quay,65790,65970,in_service_layover,64.84707692407287,67.00498199768731,12.170584615185419,180,3.0,18:16:30,18:19:30,True,1,,4
2161078,medium,210.0,14.0,40-ft,BTC,MF,14857539,14857254,230,229,58725,54421,Lonsdale Quay @ Bay 4,Lonsdale Quay @ Bay 1,58725,Lonsdale Quay,65790,66210,in_service_layover,56.805868599271406,62.26710550506762,30.80137614869068,420,7.0,18:16:30,18:23:30,True,2,,4
2161166,medium,210.0,2.0,40-ft,BTC,MF,14857025,14857491,228,230,58725,54516,Lonsdale Quay @ Bay 4,Lonsdale Quay @ Bay 8,58725,Lonsdale Quay,66390,66750,in_service_layover,65.45491256935141,69.59127506837707,23.329084494504798,360,6.0,18:26:30,18:32:30,True,4,,4
2161089,medium,210.0,23.0,40-ft,BTC,MF,14857564,14859351,230,249,58725,50980,Lonsdale Quay @ Bay 4,Lonsdale Quay @ Bay 5,58725,Lonsdale Quay,66450,66930,in_service_layover,53.641975260282095,59.93765388414693,35.50762743859775,480,8.0,18:27:30,18:35:30,True,1,,4
2160712,medium,210.0,25.0,40-ft,BTC,MF,14857991,14856995,236,228,58725,54196,Lonsdale Quay @ Bay 4,Lonsdale Quay @ Bay 2,58725,Lonsdale Quay,67410,67710,in_service_layover,53.859602885882,57.79116978638819,22.174037318854914,300,5.0,18:43:30,18:48:30,True,3,,4
2161083,medium,210.0,15.0,40-ft,BTC,MF,14857980,14857929,236,236,58725,54134,Lonsdale Quay @ Bay 4,Lonsdale Quay @ Bay 6,58725,Lonsdale Quay,68190,68370,in_service_layover,62.54933492125111,64.78872020773156,12.630133015749777,180,3.0,18:56:30,18:59:30,True,2,,4
2161078,medium,210.0,14.0,40-ft,BTC,MF,14857273,14856987,229,228,58725,54196,Lonsdale Quay @ Bay 4,Lonsdale Quay @ Bay 2,58725,Lonsdale Quay,69810,70230,in_service_layover,58.23967332194726,63.621360621072675,30.35271636706733,420,7.0,19:23:30,19:30:30,True,4,,4
2161166,medium,210.0,2.0,40-ft,BTC,MF,14857553,14857502,230,230,58725,54516,Lonsdale Quay @ Bay 4,Lonsdale Quay @ Bay 8,58725,Lonsdale Quay,70110,70710,in_service_layover,65.6157497310122,72.15003808099948,36.853386293928224,600,10.0,19:28:30,19:38:30,True,1,,4
2160712,medium,210.0,25.0,40-ft,BTC,MF,14857048,14859349,228,249,58725,50980,Lonsdale Quay @ Bay 4,Lonsdale Quay @ Bay 5,58725,Lonsdale Quay,71190,72150,in_service_layover,52.68855897397076,64.80783782280788,68.35273270744148,960,16.0,19:46:30,20:02:30,True,3,,4
2161083,medium,210.0,15.0,40-ft,BTC,MF,14857979,14857219,236,229,58725,54421,Lonsdale Quay @ Bay 4,Lonsdale Quay @ Bay 1,58725,Lonsdale Quay,71850,72390,in_service_layover,59.20839906374914,65.90771873710611,37.78416295773337,540,9.0,19:57:30,20:06:30,True,2,,4
2161165,medium,210.0,60.0,40-ft,BTC,MF,14857052,14856985,228,228,58725,54196,Lonsdale Quay @ Bay 4,Lonsdale Quay @ Bay 2,58725,Lonsdale Quay,71970,72150,in_service_layover,69.58256778161152,71.56007626217873,11.15314783039912,180,3.0,19:59:30,20:02:30,True,4,,4
2161192,medium,240.0,24.0,40-ft,BTC,MF,14857309,14857258,229,229,58725,54421,Lonsdale Quay @ Bay 4,Lonsdale Quay @ Bay 1,58725,Lonsdale Quay,71970,73290,in_service_layover,29.138704591894253,45.82748257391051,94.1247078185717,1320,22.0,19:59:30,20:21:30,True,1,,4
2160695,medium,210.0,27.0,40-ft,BTC,MF,14859398,14857515,249,230,58725,54516,Lonsdale Quay @ Bay 4,Lonsdale Quay @ Bay 8,58725,Lonsdale Quay,72270,72570,in_service_layover,53.15936869355379,57.079584853893074,22.110019144313583,300,5.0,20:04:30,20:09:30,True,3,,4
2161078,medium,210.0,14.0,40-ft,BTC,MF,14857027,14857497,228,230,58725,54516,Lonsdale Quay @ Bay 4,Lonsdale Quay @ Bay 8,58725,Lonsdale Quay,73710,74430,in_service_layover,58.518749808655244,67.28979452026759,49.468692173493594,720,12.0,20:28:30,20:40:30,True,4,,4
2161166,medium,210.0,2.0,40-ft,BTC,MF,14857574,14857003,230,228,58725,54196,Lonsdale Quay @ Bay 4,Lonsdale Quay @ Bay 2,58725,Lonsdale Quay,73770,74010,in_service_layover,68.17451274363461,70.85513092026368,15.11868651618795,240,4.0,20:29:30,20:33:30,True,2,,4
2161139,medium,210.0,22.0,40-ft,BTC,MF,14857981,14859348,236,249,58725,50980,Lonsdale Quay @ Bay 4,Lonsdale Quay @ Bay 5,58725,Lonsdale Quay,75450,75810,in_service_layover,60.5746543799505,65.0658136437838,25.330138248019807,360,6.0,20:57:30,21:03:30,True,3,,4
2161165,medium,210.0,60.0,40-ft,BTC,MF,14857040,14857922,228,236,58725,54134,Lonsdale Quay @ Bay 4,Lonsdale Quay @ Bay 6,58725,Lonsdale Quay,75510,75750,in_service_layover,66.4574654497613,69.22821510565498,15.627028059240331,240,4.0,20:58:30,21:02:30,True,1,,4
2161166,medium,210.0,2.0,40-ft,BTC,MF,14857058,14857509,228,230,58725,54516,Lonsdale Quay @ Bay 4,Lonsdale Quay @ Bay 8,58725,Lonsdale Quay,77310,78390,in_service_layover,65.75252010784625,76.22165577381861,59.04592515608414,1080,18.0,21:28:30,21:46:30,True,2,,4
2161078,medium,210.0,14.0,40-ft,BTC,MF,14857546,14857001,230,228,58725,54196,Lonsdale Quay @ Bay 4,Lonsdale Quay @ Bay 2,58725,Lonsdale Quay,77430,77610,in_service_layover,63.314269182902706,65.5265291409558,12.477146163419434,180,3.0,21:30:30,21:33:30,True,4,,4
2160712,medium,210.0,25.0,40-ft,BTC,MF,14859396,14856996,249,228,58725,54196,Lonsdale Quay @ Bay 4,Lonsdale Quay @ Bay 2,58725,Lonsdale Quay,79050,79410,in_service_layover,54.228420498199284,58.96211405318421,26.698031650115013,360,6.0,21:57:30,22:03:30,True,1,,4
2161165,medium,210.0,60.0,40-ft,BTC,MF,14857975,14857923,236,236,58725,54134,Lonsdale Quay @ Bay 4,Lonsdale Quay @ Bay 6,58725,Lonsdale Quay,79110,79470,in_service_layover,63.647893961672544,67.9202073751992,24.095847652290274,360,6.0,21:58:30,22:04:30,True,3,,4
2160695,medium,210.0,27.0,40-ft,BTC,MF,14857307,14859347,229,249,58725,50980,Lonsdale Quay @ Bay 4,Lonsdale Quay @ Bay 5,58725,Lonsdale Quay,79170,79470,in_service_layover,49.07662733340784,52.93209637779369,21.74484541033621,300,5.0,21:59:30,22:04:30,True,4,,4
2161078,medium,210.0,14.0,40-ft,BTC,MF,14857039,14857511,228,230,58725,54516,Lonsdale Quay @ Bay 4,Lonsdale Quay @ Bay 8,58725,Lonsdale Quay,80910,81870,in_service_layover,60.42391832853837,71.18005577142476,60.66461517787923,960,16.0,22:28:30,22:44:30,True,2,,4
2160712,medium,210.0,25.0,40-ft,BTC,MF,14857041,14857928,228,236,58725,54134,Lonsdale Quay @ Bay 4,Lonsdale Quay @ Bay 6,58725,Lonsdale Quay,82710,83070,in_service_layover,53.859503240766784,58.587384848264925,26.665252266289485,360,6.0,22:58:30,23:04:30,True,1,,4
2161139,medium,210.0,22.0,40-ft,BTC,MF,14859395,14856969,249,228,58725,54196,Lonsdale Quay @ Bay 4,Lonsdale Quay @ Bay 2,58725,Lonsdale Quay,82770,83190,in_service_layover,54.48639631917519,60.00442046502267,31.121656182579784,420,7.0,22:59:30,23:06:30,True,3,,4
2161166,medium,210.0,2.0,40-ft,BTC,MF,14857035,14857522,228,230,58725,54516,Lonsdale Quay @ Bay 4,Lonsdale Quay @ Bay 8,58725,Lonsdale Quay,84570,85410,in_service_layover,67.1435196240363,75.50212906600277,47.142557252690835,840,14.0,23:29:30,23:43:30,True,4,,4
2161078,medium,210.0,14.0,40-ft,BTC,MF,14857558,14857005,230,228,58725,54196,Lonsdale Quay @ Bay 4,Lonsdale Quay @ Bay 2,58725,Lonsdale Quay,84630,84870,in_service_layover,67.20453043405989,69.93695733840161,15.410887740487397,240,4.0,23:30:30,23:34:30,True,2,,4
2160695,medium,210.0,27.0,40-ft,BTC,MF,14859394,14856961,249,228,58725,54196,Lonsdale Quay @ Bay 4,Lonsdale Quay @ Bay 2,58725,Lonsdale Quay,86130,86610,in_service_layover,42.352679053185085,48.452673203552365,34.40396700807145,480,8.0,23:55:30,24:03:30,True,1,,4
2161139,medium,210.0,22.0,40-ft,BTC,MF,14857018,14859345,228,249,58725,50980,Lonsdale Quay @ Bay 4,Lonsdale Quay @ Bay 5,58725,Lonsdale Quay,86250,86550,in_service_layover,54.90180965260524,58.85024846171496,22.269194883378816,300,5.0,23:57:30,24:02:30,True,3,,4
2160712,medium,210.0,25.0,40-ft,BTC,MF,14857976,14857926,236,236,58725,54134,Lonsdale Quay @ Bay 4,Lonsdale Quay @ Bay 6,58725,Lonsdale Quay,86310,86670,in_service_layover,53.00706370428249,57.718378205174844,26.57181378503293,360,6.0,23:58:30,24:04:30,True,2,,4
2161078,medium,210.0,14.0,40-ft,BTC,MF,14857019,14857525,228,230,58725,54516,Lonsdale Quay @ Bay 4,Lonsdale Quay @ Bay 8,58725,Lonsdale Quay,88110,89010,in_service_layover,64.83434652598419,74.14671459857888,52.52175592943411,900,15.0,24:28:30,24:43:30,True,4,,4
2161165,medium,210.0,60.0,40-ft,BTC,MF,14857305,14856999,229,228,58725,54196,Lonsdale Quay @ Bay 4,Lonsdale Quay @ Bay 2,58725,Lonsdale Quay,89670,90210,in_service_layover,54.285021864976045,61.32998069633051,39.73356780883921,540,9.0,24:54:30,25:03:30,True,3,,4
2160712,medium,210.0,25.0,40-ft,BTC,MF,14857983,14886158,236,N24,58725,54421,Lonsdale Quay @ Bay 4,Lonsdale Quay @ Bay 1,58725,Lonsdale Quay,89730,90030,in_service_layover,52.13805706119241,56.04171784178107,22.01664680252003,300,5.0,24:55:30,25:00:30,True,1,,4
2160695,medium,210.0,27.0,40-ft,BTC,MF,14857063,14859344,228,249,58725,50980,Lonsdale Quay @ Bay 4,Lonsdale Quay @ Bay 5,58725,Lonsdale Quay,89790,90030,in_service_layover,43.350062391134934,46.393924735070605,17.167383619797192,240,4.0,24:56:30,25:00:30,True,2,,4
2160736,medium,410.0,13.0,40-ft,HTC,MF,14848156,14848193,136,136,58430,58431,Lougheed Station @ Bay 6,Lougheed Station @ Bay 7,58430,Lougheed Station,32910,33570,in_service_layover,69.48376654654732,75.97100498517788,36.58802479387634,660,11.0,09:08:30,09:19:30,True,1,,4
2160418,medium,152.0,5.0,40-ft,PCT,MF,14842545,14844725,101,110,58430,58437,Lougheed Station @ Bay 6,Lougheed Station @ Bay 3,58430,Lougheed Station,34050,34710,in_service_layover,69.79609650396793,76.23284958629625,36.303287384331725,660,11.0,09:27:30,09:38:30,True,2,,4
2160421,medium,152.0,7.0,40-ft,PCT,MF,14850218,14850844,152,156,58430,58433,Lougheed Station @ Bay 6,Lougheed Station @ Bay 9,58430,Lougheed Station,34110,34410,in_service_layover,67.8795765701352,71.20740484300262,18.768951458972197,300,5.0,09:28:30,09:33:30,True,3,,4
2160823,medium,151.0,4.0,40-ft,PCT,MF,14842546,14842608,101,101,58430,58438,Lougheed Station @ Bay 6,Lougheed Station @ Bay 4,58430,Lougheed Station,35490,35910,in_service_layover,67.94800754747193,72.47834180447296,25.551085209485734,420,7.0,09:51:30,09:58:30,True,4,,4
2160417,medium,152.0,12.0,40-ft,PCT,MF,14844692,14844759,110,110,58430,58437,Lougheed Station @ Bay 6,Lougheed Station @ Bay 3,58430,Lougheed Station,35670,36510,in_service_layover,69.67476183323255,77.51968566115147,44.24537038946278,840,14.0,09:54:30,10:08:30,True,1,,4
2160826,medium,152.0,3.0,40-ft,PCT,MF,14850217,14850187,152,152,58430,58436,Lougheed Station @ Bay 6,Lougheed Station @ Bay 2,58430,Lougheed Station,35910,36210,in_service_layover,66.57711929658404,69.99227949066068,19.26150349459226,300,5.0,09:58:30,10:03:30,True,3,,4
2160740,medium,410.0,5.0,40-ft,HTC,MF,14848165,14848215,136,136,58430,58431,Lougheed Station @ Bay 6,Lougheed Station @ Bay 7,58430,Lougheed Station,36510,37230,in_service_layover,62.78418266182663,70.87890367488984,45.65422651367652,720,12.0,10:08:30,10:20:30,True,2,,4
2160412,medium,152.0,9.0,40-ft,PCT,MF,14842547,14844754,101,110,58430,58437,Lougheed Station @ Bay 6,Lougheed Station @ Bay 3,58430,Lougheed Station,37590,38310,in_service_layover,67.63906597546975,74.93023922358732,41.12221711938315,720,12.0,10:26:30,10:38:30,True,4,,4
2161040,medium,183.0,10.0,40-ft,PCT,MF,14850216,14850186,152,152,58430,58436,Lougheed Station @ Bay 6,Lougheed Station @ Bay 2,58430,Lougheed Station,37710,38010,in_service_layover,67.98203648940381,71.30281758431181,18.729205375281197,300,5.0,10:28:30,10:33:30,True,3,,4
2160738,medium,410.0,25.0,40-ft,HTC,MF,14848166,14848216,136,136,58430,58431,Lougheed Station @ Bay 6,Lougheed Station @ Bay 7,58430,Lougheed Station,38190,39030,in_service_layover,68.99870235548153,76.98236881570114,45.02787883563866,840,14.0,10:36:30,10:50:30,True,1,,4
2160408,medium,152.0,2.0,40-ft,PCT,MF,14844714,14842610,110,101,58430,58438,Lougheed Station @ Bay 6,Lougheed Station @ Bay 4,58430,Lougheed Station,38250,39510,in_service_layover,68.89043648418186,79.7108572863067,61.02717332398407,1260,21.0,10:37:30,10:58:30,True,2,,4
2160855,medium,701.0,8.0,40-ft,PCT,MF,14850854,14850819,156,156,58430,58433,Lougheed Station @ Bay 6,Lougheed Station @ Bay 9,58430,Lougheed Station,39390,39990,in_service_layover,68.35154104816938,74.50192624925539,34.6881725341251,600,10.0,10:56:30,11:06:30,True,3,,4
2160742,medium,410.0,9.0,40-ft,HTC,MF,14848167,14848217,136,136,58430,58431,Lougheed Station @ Bay 6,Lougheed Station @ Bay 7,58430,Lougheed Station,39810,40830,in_service_layover,64.24164161564734,74.63952494032964,58.64406195120819,1020,17.0,11:03:30,11:20:30,True,4,,4
2160737,medium,410.0,18.0,40-ft,HTC,MF,14848163,14848189,136,136,58430,58431,Lougheed Station @ Bay 6,Lougheed Station @ Bay 7,58430,Lougheed Station,41610,42630,in_service_layover,64.90338549268598,75.14389444115045,57.756470469339604,1020,17.0,11:33:30,11:50:30,True,1,,4
2160418,medium,152.0,5.0,40-ft,PCT,MF,14844682,14842612,110,101,58430,58438,Lougheed Station @ Bay 6,Lougheed Station @ Bay 4,58430,Lougheed Station,41850,43110,in_service_layover,67.14947980943985,78.4456599178576,63.710455811476095,1260,21.0,11:37:30,11:58:30,True,2,,4
2160736,medium,410.0,13.0,40-ft,HTC,MF,14848168,14848206,136,136,58430,58431,Lougheed Station @ Bay 6,Lougheed Station @ Bay 7,58430,Lougheed Station,43410,44430,in_service_layover,66.31420654454857,76.21560077183652,55.84386344190409,1020,17.0,12:03:30,12:20:30,True,3,,4
2160417,medium,152.0,12.0,40-ft,PCT,MF,14844686,14842613,110,101,58430,58438,Lougheed Station @ Bay 6,Lougheed Station @ Bay 4,58430,Lougheed Station,43770,44910,in_service_layover,68.43631588429507,78.61788395891844,57.42404394087583,1140,19.0,12:09:30,12:28:30,True,4,,4
2160421,medium,152.0,7.0,40-ft,PCT,MF,14850858,14850822,156,156,58430,58433,Lougheed Station @ Bay 6,Lougheed Station @ Bay 9,58430,Lougheed Station,44910,45390,in_service_layover,65.23083055407358,70.63653264594252,30.488159798140885,480,8.0,12:28:30,12:36:30,True,1,,4
2160840,medium,151.0,1.0,40-ft,PCT,MF,14850857,14850823,156,156,58430,58433,Lougheed Station @ Bay 6,Lougheed Station @ Bay 9,58430,Lougheed Station,46710,47190,in_service_layover,65.33394514599959,70.7286564497519,30.426171753162976,480,8.0,12:58:30,13:06:30,True,2,,4
2160740,medium,410.0,5.0,40-ft,HTC,MF,14848170,14848198,136,136,58430,58431,Lougheed Station @ Bay 6,Lougheed Station @ Bay 7,58430,Lougheed Station,47010,47970,in_service_layover,64.12765694689988,74.07865719570714,56.12364140327293,960,16.0,13:03:30,13:19:30,True,3,,4
2160810,medium,151.0,6.0,40-ft,PCT,MF,14850852,14850824,156,156,58430,58433,Lougheed Station @ Bay 6,Lougheed Station @ Bay 9,58430,Lougheed Station,48510,48810,in_service_layover,66.96969318887835,70.3589704520471,19.115523764271757,300,5.0,13:28:30,13:33:30,True,4,,4
2160738,medium,410.0,25.0,40-ft,HTC,MF,14848171,14848221,136,136,58430,58431,Lougheed Station @ Bay 6,Lougheed Station @ Bay 7,58430,Lougheed Station,48930,49710,in_service_layover,66.61405598305514,74.58778245880276,44.97181732321667,780,13.0,13:35:30,13:48:30,True,1,,4
2160742,medium,410.0,9.0,40-ft,HTC,MF,14848179,14848190,136,136,58430,58431,Lougheed Station @ Bay 6,Lougheed Station @ Bay 7,58430,Lougheed Station,50790,51450,in_service_layover,63.73548119663065,71.10899282100192,41.58660556145395,660,11.0,14:06:30,14:17:30,True,2,,4
2160412,medium,152.0,9.0,40-ft,PCT,MF,14842555,14844738,101,110,58430,58437,Lougheed Station @ Bay 6,Lougheed Station @ Bay 3,58430,Lougheed Station,51870,52170,in_service_layover,67.44302545235513,70.800590725276,18.93666813927365,300,5.0,14:24:30,14:29:30,True,3,,4
2160647,medium,151.0,12.0,40-ft,PCT,MF,14850860,14850827,156,156,58430,58433,Lougheed Station @ Bay 6,Lougheed Station @ Bay 9,58430,Lougheed Station,52110,52470,in_service_layover,68.38047529691679,72.27968565061417,21.99154639485323,360,6.0,14:28:30,14:34:30,True,4,,4
2160737,medium,410.0,18.0,40-ft,HTC,MF,14848180,14848199,136,136,58430,58431,Lougheed Station @ Bay 6,Lougheed Station @ Bay 7,58430,Lougheed Station,52650,53190,in_service_layover,63.524834850667176,69.73320443471482,35.01520445402872,540,9.0,14:37:30,14:46:30,True,1,,4
2161040,medium,183.0,10.0,40-ft,PCT,MF,14850207,14844726,152,110,58430,58437,Lougheed Station @ Bay 6,Lougheed Station @ Bay 3,58430,Lougheed Station,53910,54510,in_service_layover,66.5134691262242,72.92381593802025,36.154356018529825,600,10.0,14:58:30,15:08:30,True,2,,4
2160854,medium,151.0,9.0,40-ft,PCT,MF,14850866,14850828,156,156,58430,58433,Lougheed Station @ Bay 6,Lougheed Station @ Bay 9,58430,Lougheed Station,54030,54390,in_service_layover,67.21795607535367,71.2139264120924,22.537272699206426,360,6.0,15:00:30,15:06:30,True,3,,4
2160736,medium,410.0,13.0,40-ft,HTC,MF,14848181,14848219,136,136,58430,58431,Lougheed Station @ Bay 6,Lougheed Station @ Bay 7,58430,Lougheed Station,54450,55050,in_service_layover,64.55853741076155,71.23624295760524,37.66225928419851,600,10.0,15:07:30,15:17:30,True,4,,4
2160421,medium,152.0,7.0,40-ft,PCT,MF,14850867,14850842,156,156,58430,58433,Lougheed Station @ Bay 6,Lougheed Station @ Bay 9,58430,Lougheed Station,55830,56190,in_service_layover,66.53945326762152,70.59035910090118,22.847108899697275,360,6.0,15:30:30,15:36:30,True,1,,4
2160804,medium,151.0,8.0,40-ft,PCT,MF,14851054,14851011,157,157,58430,58439,Lougheed Station @ Bay 6,Lougheed Station @ Bay 5,58430,Lougheed Station,56970,57750,in_service_layover,68.13025697631217,75.82256291898986,43.38460551670221,780,13.0,15:49:30,16:02:30,True,3,,4
2162641,medium,701.0,10.0,40-ft,PCT,MF,14842558,14842580,101,101,58430,58438,Lougheed Station @ Bay 6,Lougheed Station @ Bay 4,58430,Lougheed Station,57030,57510,in_service_layover,67.81556125060801,72.93786951067773,28.88981858679324,480,8.0,15:50:30,15:58:30,True,2,,4
2160840,medium,151.0,1.0,40-ft,PCT,MF,14850870,14850829,156,156,58430,58433,Lougheed Station @ Bay 6,Lougheed Station @ Bay 9,58430,Lougheed Station,57630,57990,in_service_layover,66.61319711530578,70.65818709483284,22.813743484532722,360,6.0,16:00:30,16:06:30,True,4,,4
2160740,medium,410.0,5.0,40-ft,HTC,MF,14848183,14848223,136,136,58430,58431,Lougheed Station @ Bay 6,Lougheed Station @ Bay 7,58430,Lougheed Station,58470,58650,in_service_layover,60.30098545505837,62.62009944601373,13.079802908988313,180,3.0,16:14:30,16:17:30,True,1,,4
2160417,medium,152.0,12.0,40-ft,PCT,MF,14844696,14844724,110,110,58430,58437,Lougheed Station @ Bay 6,Lougheed Station @ Bay 3,58430,Lougheed Station,58770,59310,in_service_layover,68.0992566108047,73.74650271321926,31.85046801761814,540,9.0,16:19:30,16:28:30,True,2,,4
2160894,medium,151.0,11.0,40-ft,PCT,MF,14851053,14851010,157,157,58430,58439,Lougheed Station @ Bay 6,Lougheed Station @ Bay 5,58430,Lougheed Station,58770,59490,in_service_layover,68.13025697631217,75.33689895382473,40.64546075317088,720,12.0,16:19:30,16:31:30,True,3,,4
2160412,medium,152.0,9.0,40-ft,PCT,MF,14844704,14844735,110,110,58430,58437,Lougheed Station @ Bay 6,Lougheed Station @ Bay 3,58430,Lougheed Station,59790,60510,in_service_layover,65.85309353910537,73.44661769845538,42.82747625873412,720,12.0,16:36:30,16:48:30,True,4,,4
2160738,medium,410.0,25.0,40-ft,HTC,MF,14848176,14848191,136,136,58430,58431,Lougheed Station @ Bay 6,Lougheed Station @ Bay 7,58430,Lougheed Station,60330,60570,in_service_layover,60.810110718154,63.849821795309836,17.143970475158937,240,4.0,16:45:30,16:49:30,True,1,,4
2160408,medium,152.0,2.0,40-ft,PCT,MF,14844676,14844723,110,110,58430,58437,Lougheed Station @ Bay 6,Lougheed Station @ Bay 3,58430,Lougheed Station,60990,61710,in_service_layover,67.73847347766281,75.01258735584064,41.02600227292294,720,12.0,16:56:30,17:08:30,True,2,,4
2160828,medium,152.0,15.0,40-ft,PCT,MF,14850204,14850172,152,152,58430,58436,Lougheed Station @ Bay 6,Lougheed Station @ Bay 2,58430,Lougheed Station,61470,61650,in_service_layover,69.39372442975554,71.37936552105018,11.199015754901666,180,3.0,17:04:30,17:07:30,True,3,,4
2160742,medium,410.0,9.0,40-ft,HTC,MF,14848152,14848192,136,136,58430,58431,Lougheed Station @ Bay 6,Lougheed Station @ Bay 7,58430,Lougheed Station,62070,62310,in_service_layover,59.39304448379607,62.50144954847339,17.531404564780132,240,4.0,17:14:30,17:18:30,True,4,,4
2161040,medium,183.0,10.0,40-ft,PCT,MF,14844716,14844750,110,110,58430,58437,Lougheed Station @ Bay 6,Lougheed Station @ Bay 3,58430,Lougheed Station,62190,62910,in_service_layover,68.40638155704015,75.56524350391403,40.37598138036873,720,12.0,17:16:30,17:28:30,True,1,,4
2160657,medium,151.0,2.0,40-ft,PCT,MF,14850861,14850832,156,156,58430,58433,Lougheed Station @ Bay 6,Lougheed Station @ Bay 9,58430,Lougheed Station,63030,63390,in_service_layover,66.19960850074663,70.27760441758743,22.999896970982036,360,6.0,17:30:30,17:36:30,True,3,,4
2160419,medium,152.0,14.0,40-ft,PCT,MF,14844701,14844729,110,110,58430,58437,Lougheed Station @ Bay 6,Lougheed Station @ Bay 3,58430,Lougheed Station,63390,64110,in_service_layover,66.26301343587326,73.78783587823534,42.43999857492213,720,12.0,17:36:30,17:48:30,True,2,,4
2160894,medium,151.0,11.0,40-ft,PCT,MF,14851040,14851008,157,157,58430,58439,Lougheed Station @ Bay 6,Lougheed Station @ Bay 5,58430,Lougheed Station,64110,64770,in_service_layover,69.93506343204018,76.34927654228996,36.17616194180874,660,11.0,17:48:30,17:59:30,True,4,,4
2160832,medium,183.0,4.0,40-ft,PCT,MF,14850200,14850168,152,152,58430,58436,Lougheed Station @ Bay 6,Lougheed Station @ Bay 2,58430,Lougheed Station,64770,65310,in_service_layover,66.21623969895903,72.10070664609451,33.18839358184414,540,9.0,17:59:30,18:08:30,True,1,,4
2160825,medium,151.0,10.0,40-ft,PCT,MF,14853271,14853222,180,180,58430,58430,Lougheed Station @ Bay 6,Lougheed Station @ Bay 6,58430,Lougheed Station,64950,65310,in_service_layover,63.719652949051365,67.9867209037472,24.06626326448452,360,6.0,18:02:30,18:08:30,True,3,,4
2160828,medium,152.0,15.0,40-ft,PCT,MF,14850198,14850167,152,152,58430,58436,Lougheed Station @ Bay 6,Lougheed Station @ Bay 2,58430,Lougheed Station,66510,67050,in_service_layover,68.68301887365789,74.25494921554687,31.425687128253912,540,9.0,18:28:30,18:37:30,True,2,,4
2161020,medium,183.0,31.0,40-ft,PCT,MF,14853268,14853208,180,180,58430,58430,Lougheed Station @ Bay 6,Lougheed Station @ Bay 6,58430,Lougheed Station,67650,68310,in_service_layover,68.06808640414465,74.78114765201678,37.86166543799885,660,11.0,18:47:30,18:58:30,True,4,,4
2160740,medium,410.0,5.0,40-ft,HTC,MF,14848173,14848201,136,136,58430,58431,Lougheed Station @ Bay 6,Lougheed Station @ Bay 7,58430,Lougheed Station,69030,69630,in_service_layover,51.204587624525544,59.046429652727504,44.22798903905908,600,10.0,19:10:30,19:20:30,True,1,,4
2160825,medium,151.0,10.0,40-ft,PCT,MF,14853266,14850834,180,156,58430,58433,Lougheed Station @ Bay 6,Lougheed Station @ Bay 9,58430,Lougheed Station,69330,70350,in_service_layover,66.50648647610937,76.36128277063922,55.58105110114843,1020,17.0,19:15:30,19:32:30,True,3,,4
2162641,medium,701.0,10.0,40-ft,PCT,MF,14842569,14842589,101,101,58430,58438,Lougheed Station @ Bay 6,Lougheed Station @ Bay 4,58430,Lougheed Station,69690,70110,in_service_layover,67.4052243261524,71.98859195299006,25.850193415364345,420,7.0,19:21:30,19:28:30,True,2,,4
2160832,medium,183.0,4.0,40-ft,PCT,MF,14850236,14853207,152,180,58430,58430,Lougheed Station @ Bay 6,Lougheed Station @ Bay 6,58430,Lougheed Station,70170,71010,in_service_layover,69.26643412027587,77.19528979208332,44.71874598899399,840,14.0,19:29:30,19:43:30,True,4,,4
2160834,medium,151.0,36.0,40-ft,PCT,MF,14850874,14850164,156,152,58430,58436,Lougheed Station @ Bay 6,Lougheed Station @ Bay 2,58430,Lougheed Station,70350,71010,in_service_layover,69.2954832632644,75.81303993928255,36.75901965274238,660,11.0,19:32:30,19:43:30,True,1,,4
2161040,medium,183.0,10.0,40-ft,PCT,MF,14844702,14844760,110,110,58430,58437,Lougheed Station @ Bay 6,Lougheed Station @ Bay 3,58430,Lougheed Station,70410,71010,in_service_layover,66.48187372705763,72.89661604592258,36.17914667839824,600,10.0,19:33:30,19:43:30,True,2,,4
2160738,medium,410.0,25.0,40-ft,HTC,MF,14848177,14848224,136,136,58430,58431,Lougheed Station @ Bay 6,Lougheed Station @ Bay 7,58430,Lougheed Station,70590,71430,in_service_layover,52.39282485527595,63.16167856859871,60.736334943140434,840,14.0,19:36:30,19:50:30,True,3,,4
2160411,medium,152.0,34.0,40-ft,PCT,MF,14842570,14842590,101,101,58430,58438,Lougheed Station @ Bay 6,Lougheed Station @ Bay 4,58430,Lougheed Station,71370,71910,in_service_layover,67.63906597546975,73.34509204034974,32.18198700592319,540,9.0,19:49:30,19:58:30,True,1,,4
2160837,medium,152.0,33.0,40-ft,PCT,MF,14850875,14850152,156,152,58430,58436,Lougheed Station @ Bay 6,Lougheed Station @ Bay 2,58430,Lougheed Station,72090,72810,in_service_layover,69.80268642277633,76.71705450624717,38.99703599077549,720,12.0,20:01:30,20:13:30,True,2,,4
2160742,medium,410.0,9.0,40-ft,HTC,MF,14848184,14848202,136,136,58430,58431,Lougheed Station @ Bay 6,Lougheed Station @ Bay 7,58430,Lougheed Station,72090,73230,in_service_layover,51.840632710325266,66.01165350235803,79.92455726706481,1140,19.0,20:01:30,20:20:30,True,4,,4
2160412,medium,152.0,9.0,40-ft,PCT,MF,14842571,14850843,101,156,58430,58433,Lougheed Station @ Bay 6,Lougheed Station @ Bay 9,58430,Lougheed Station,73050,74130,in_service_layover,69.14049929754793,78.75300651851877,54.21454072627557,1080,18.0,20:17:30,20:35:30,True,3,,4
2160417,medium,152.0,12.0,40-ft,PCT,MF,14844673,14844736,110,110,58430,58437,Lougheed Station @ Bay 6,Lougheed Station @ Bay 3,58430,Lougheed Station,73950,74610,in_service_layover,66.62485824355868,73.56305598145153,39.13143524171562,660,11.0,20:32:30,20:43:30,True,1,,4
2160836,medium,701.0,36.0,40-ft,PCT,MF,14850196,14850156,152,152,58430,58436,Lougheed Station @ Bay 6,Lougheed Station @ Bay 2,58430,Lougheed Station,74430,74730,in_service_layover,65.53755349094038,69.01942080482766,19.637731650324213,300,5.0,20:40:30,20:45:30,True,2,,4
2160825,medium,151.0,10.0,40-ft,PCT,MF,14850877,14850846,156,156,58430,58433,Lougheed Station @ Bay 6,Lougheed Station @ Bay 9,58430,Lougheed Station,75630,75990,in_service_layover,68.63140308314058,72.5092913474918,21.871289810940823,360,6.0,21:00:30,21:06:30,True,4,,4
2160408,medium,152.0,2.0,40-ft,PCT,MF,14844681,14844753,110,110,58430,58437,Lougheed Station @ Bay 6,Lougheed Station @ Bay 3,58430,Lougheed Station,75690,76410,in_service_layover,69.20967679348952,76.22846810756113,39.58598301136385,720,12.0,21:01:30,21:13:30,True,3,,4
2160806,medium,183.0,33.0,40-ft,PCT,MF,14851047,14850991,157,157,58430,58439,Lougheed Station @ Bay 6,Lougheed Station @ Bay 5,58430,Lougheed Station,77970,79170,in_service_layover,68.50975360917,79.05729145086995,59.48811342718773,1200,20.0,21:39:30,21:59:30,True,1,,4
2160834,medium,151.0,36.0,40-ft,PCT,MF,14850239,14850162,152,152,58430,58436,Lougheed Station @ Bay 6,Lougheed Station @ Bay 2,58430,Lougheed Station,79650,80010,in_service_layover,69.67801907482362,73.46530093583517,21.36026969610515,360,6.0,22:07:30,22:13:30,True,2,,4
2160894,medium,151.0,11.0,40-ft,PCT,MF,14851037,14850990,157,157,58430,58439,Lougheed Station @ Bay 6,Lougheed Station @ Bay 5,58430,Lougheed Station,79770,81030,in_service_layover,68.37902507055938,79.33803746237122,61.80882988981875,1260,21.0,22:09:30,22:30:30,True,4,,4
2160736,medium,410.0,13.0,40-ft,HTC,MF,14847976,14848196,134,136,58363,58431,Northbound Lake City Way @ Enterprise St,Lougheed Station @ Bay 7,58431,Lougheed Station,82110,82410,interline_end,53.22213306999126,57.14336663584499,22.115757311415052,300,5.0,22:48:30,22:53:30,True,3,,4
2160408,medium,152.0,2.0,40-ft,PCT,MF,14844711,14842593,110,101,58430,58438,Lougheed Station @ Bay 6,Lougheed Station @ Bay 4,58430,Lougheed Station,82230,82710,in_service_layover,67.14509833070473,72.34249755451873,29.313331622310955,480,8.0,22:50:30,22:58:30,True,1,,4
2160885,medium,152.0,40.0,40-ft,PCT,MF,14850882,14850838,156,156,58430,58433,Lougheed Station @ Bay 6,Lougheed Station @ Bay 9,58430,Lougheed Station,83130,83370,in_service_layover,62.62131585981451,65.57539076005969,16.660982437382813,240,4.0,23:05:30,23:09:30,True,2,,4
2160825,medium,151.0,10.0,40-ft,PCT,MF,14850863,14850845,156,156,58430,58433,Lougheed Station @ Bay 6,Lougheed Station @ Bay 9,58430,Lougheed Station,85470,85710,in_service_layover,63.271670297799865,66.19499557922776,16.487554587253385,240,4.0,23:44:30,23:48:30,True,4,,4
2162641,medium,701.0,10.0,40-ft,PCT,MF,14844697,14842594,110,101,58430,58438,Lougheed Station @ Bay 6,Lougheed Station @ Bay 4,58430,Lougheed Station,86010,86310,in_service_layover,67.70440853159178,71.04422536615323,18.836566946926553,300,5.0,23:53:30,23:58:30,True,3,,4
2160806,medium,183.0,33.0,40-ft,PCT,MF,14850235,14850151,152,152,58430,58436,Lougheed Station @ Bay 6,Lougheed Station @ Bay 2,58430,Lougheed Station,87270,87510,in_service_layover,67.11775174711417,69.85470064354247,15.436391775855668,240,4.0,24:14:30,24:18:30,True,1,,4
2160885,medium,152.0,40.0,40-ft,PCT,MF,14850878,14850839,156,156,58430,58433,Lougheed Station @ Bay 6,Lougheed Station @ Bay 9,58430,Lougheed Station,87870,88110,in_service_layover,60.828430470989744,63.867275365978415,17.13908520773606,240,4.0,24:24:30,24:28:30,True,2,,4
2160740,medium,410.0,5.0,40-ft,HTC,MF,14848162,14848208,136,136,58430,58431,Lougheed Station @ Bay 6,Lougheed Station @ Bay 7,58430,Lougheed Station,88530,88950,in_service_layover,50.13488199025103,55.5779219571509,30.698745413315294,420,7.0,24:35:30,24:42:30,True,4,,4
2160885,medium,152.0,40.0,40-ft,PCT,MF,14850879,14886294,156,N9,58430,58434,Lougheed Station @ Bay 6,Lougheed Station @ Bay 10,58430,Lougheed Station,92670,94410,in_service_layover,59.93153638006654,76.5191579658158,93.5541857436258,1740,29.0,25:44:30,26:13:30,True,3,,4
2159900,medium,22.0,17.0,40-ft,VTC,MF,14835672,14886096,022,N20,51843,61337,Burrard Station @ Bay 3,Marine Drive Station @ Bay 1,61337,Marine Drive Station,5970,6270,interline_end,45.955161684616925,49.777438590760134,21.55764175064769,300,5.0,01:39:30,01:44:30,True,1,,2
2160690,medium,130.0,10.0,40-ft,BTC,MF,14846966,14886259,130,N8,58043,61337,Kootenay Loop @ Bay 4,Marine Drive Station @ Bay 1,61337,Marine Drive Station,6750,7050,interline_end,66.1440304460419,69.58730465653672,19.420066547190856,300,5.0,01:52:30,01:57:30,True,2,,2
2159915,medium,22.0,16.0,40-ft,VTC,MF,14835649,14886097,022,N20,51843,61337,Burrard Station @ Bay 3,Marine Drive Station @ Bay 1,61337,Marine Drive Station,7770,8070,interline_end,47.21415414241022,51.04776692171428,21.621576075274902,300,5.0,02:09:30,02:14:30,True,1,,2
2159699,medium,15.0,3.0,40-ft,VTC,MF,14833052,14832993,015,015,61338,61337,Marine Drive Station @ Bay 2,Marine Drive Station @ Bay 1,61338,Marine Drive Station,36270,36630,in_service_layover,66.46580452427956,70.52260521912392,22.880355918922135,360,6.0,10:04:30,10:10:30,True,2,,2
2160260,medium,84.0,41.0,40-ft,VTC,MF,14901965,14901960,080,080,61338,61337,Marine Drive Station @ Bay 2,Marine Drive Station @ Bay 1,61338,Marine Drive Station,40650,41310,in_service_layover,67.814587640233,74.56756511077705,38.08679293386848,660,11.0,11:17:30,11:28:30,True,1,,2
2159696,medium,15.0,5.0,40-ft,VTC,MF,14833057,14832998,015,015,61338,61337,Marine Drive Station @ Bay 2,Marine Drive Station @ Bay 1,61338,Marine Drive Station,41190,41610,in_service_layover,63.72357204933328,68.64751070671619,27.771014027639637,420,7.0,11:26:30,11:33:30,True,2,,2
2160261,medium,84.0,42.0,40-ft,VTC,MF,14901966,14901961,080,080,61338,61337,Marine Drive Station @ Bay 2,Marine Drive Station @ Bay 1,61338,Marine Drive Station,42450,43110,in_service_layover,67.814587640233,74.56756511077705,38.08679293386848,660,11.0,11:47:30,11:58:30,True,1,,2
2159699,medium,15.0,3.0,40-ft,VTC,MF,14833077,14833001,015,015,61338,61337,Marine Drive Station @ Bay 2,Marine Drive Station @ Bay 1,61338,Marine Drive Station,44490,44670,in_service_layover,61.93986336064741,64.20086111381593,12.752027327870508,180,3.0,12:21:30,12:24:30,True,2,,2
2160260,medium,84.0,41.0,40-ft,VTC,MF,14901969,14901976,080,080,61338,61337,Marine Drive Station @ Bay 2,Marine Drive Station @ Bay 1,61338,Marine Drive Station,47910,48510,in_service_layover,67.34849511593379,73.64177477120181,35.49409725571161,600,10.0,13:18:30,13:28:30,True,1,,2
2159696,medium,15.0,5.0,40-ft,VTC,MF,14833051,14833007,015,015,61338,61337,Marine Drive Station @ Bay 2,Marine Drive Station @ Bay 1,61338,Marine Drive Station,49410,50310,in_service_layover,60.064768848239694,70.3455407243348,57.98355338117642,900,15.0,13:43:30,13:58:30,True,2,,2
2160261,medium,84.0,42.0,40-ft,VTC,MF,14901970,14901977,080,080,61338,61337,Marine Drive Station @ Bay 2,Marine Drive Station @ Bay 1,61338,Marine Drive Station,49770,50310,in_service_layover,67.34849511593379,73.09136805621318,32.389803383175774,540,9.0,13:49:30,13:58:30,True,1,,2
2159699,medium,15.0,3.0,40-ft,VTC,MF,14833085,14833011,015,015,61338,61337,Marine Drive Station @ Bay 2,Marine Drive Station @ Bay 1,61338,Marine Drive Station,52950,53550,in_service_layover,55.61811925533943,63.33248070352096,43.50899856774379,600,10.0,14:42:30,14:52:30,True,1,,2
2160261,medium,84.0,42.0,40-ft,VTC,MF,14901972,14840729,080,080,61338,61337,Marine Drive Station @ Bay 2,Marine Drive Station @ Bay 1,61338,Marine Drive Station,53490,53910,in_service_layover,69.48183305879155,73.85838099311955,24.683730349609903,420,7.0,14:51:30,14:58:30,True,2,,2
2159698,medium,15.0,6.0,40-ft,VTC,MF,14833087,14833013,015,015,61338,61337,Marine Drive Station @ Bay 2,Marine Drive Station @ Bay 1,61338,Marine Drive Station,54990,55350,in_service_layover,55.14083019085677,59.87924019166163,26.724632404539364,360,6.0,15:16:30,15:22:30,True,1,,2
2160260,medium,84.0,41.0,40-ft,VTC,MF,14901973,14840730,080,080,61338,61337,Marine Drive Station @ Bay 2,Marine Drive Station @ Bay 1,61338,Marine Drive Station,55350,55710,in_service_layover,66.42270477635854,70.48294914855943,22.89977825921295,360,6.0,15:22:30,15:28:30,True,2,,2
2159696,medium,15.0,5.0,40-ft,VTC,MF,14833091,14833016,015,015,61338,61337,Marine Drive Station @ Bay 2,Marine Drive Station @ Bay 1,61338,Marine Drive Station,58590,59010,in_service_layover,61.762798865858294,66.85449655364037,28.717174959090926,420,7.0,16:16:30,16:23:30,True,1,,2
2160260,medium,84.0,41.0,40-ft,VTC,MF,14840744,14840732,080,080,61338,61337,Marine Drive Station @ Bay 2,Marine Drive Station @ Bay 1,61338,Marine Drive Station,58950,59310,in_service_layover,66.8734141511378,70.89742213498525,22.6954050288997,360,6.0,16:22:30,16:28:30,True,2,,2
2160261,medium,84.0,42.0,40-ft,VTC,MF,14840745,14840733,080,080,61338,61337,Marine Drive Station @ Bay 2,Marine Drive Station @ Bay 1,61338,Marine Drive Station,60750,61110,in_service_layover,66.63931099827629,70.68220309471623,22.801911423921297,360,6.0,16:52:30,16:58:30,True,1,,2
2159699,medium,15.0,3.0,40-ft,VTC,MF,14833095,14832981,015,015,61338,61337,Marine Drive Station @ Bay 2,Marine Drive Station @ Bay 1,61338,Marine Drive Station,62250,62670,in_service_layover,54.74973884504445,60.26578820208541,31.110518373711045,420,7.0,17:17:30,17:24:30,True,2,,2
2160260,medium,84.0,41.0,40-ft,VTC,MF,14840746,14840734,080,080,61338,61337,Marine Drive Station @ Bay 2,Marine Drive Station @ Bay 1,61338,Marine Drive Station,62550,62910,in_service_layover,67.28788713756362,71.27813107889466,22.504975829107025,360,6.0,17:22:30,17:28:30,True,1,,2
2159698,medium,15.0,6.0,40-ft,VTC,MF,14833098,14833020,015,015,61338,61337,Marine Drive Station @ Bay 2,Marine Drive Station @ Bay 1,61338,Marine Drive Station,63930,64530,in_service_layover,51.29649833318513,59.1389646549567,44.23151005479173,600,10.0,17:45:30,17:55:30,True,2,,2
2160261,medium,84.0,42.0,40-ft,VTC,MF,14840747,14840735,080,080,61338,61337,Marine Drive Station @ Bay 2,Marine Drive Station @ Bay 1,61338,Marine Drive Station,64350,64710,in_service_layover,67.0726680972946,71.08049723907419,22.604156359636875,360,6.0,17:52:30,17:58:30,True,1,,2
2159906,medium,22.0,18.0,40-ft,VTC,MF,14886248,14886098,N8,N20,61338,61337,Marine Drive Station @ Bay 2,Marine Drive Station @ Bay 1,61338,Marine Drive Station,97650,98070,in_service_layover,57.39927883323715,62.83171123178229,30.638918727794646,420,7.0,27:07:30,27:14:30,True,2,,2
2159900,medium,22.0,17.0,40-ft,VTC,MF,14886103,14886099,N20,N20,61338,61337,Marine Drive Station @ Bay 2,Marine Drive Station @ Bay 1,61338,Marine Drive Station,99390,99870,in_service_layover,39.486622845466115,45.56353690536517,34.2737952978307,480,8.0,27:36:30,27:44:30,True,1,,2
2159915,medium,22.0,16.0,40-ft,VTC,MF,14886104,14886100,N20,N20,61338,61337,Marine Drive Station @ Bay 2,Marine Drive Station @ Bay 1,61338,Marine Drive Station,100590,101670,in_service_layover,40.75695117642025,54.6625428575048,78.4275370813169,1080,18.0,27:56:30,28:14:30,True,2,,2
2160369,medium,100.0,1.0,40-ft,HTC,MF,14842113,14841976,100,100,50738,52123,Marpole Loop @ Bay 1,Marpole Loop @ Bay 5,50738,Marpole Loop,29430,29910,in_service_layover,67.52252248290654,72.67778673282915,29.075690369563574,480,8.0,08:10:30,08:18:30,True,1,,2
2160383,medium,100.0,2.0,40-ft,HTC,MF,14842083,14841983,100,100,50738,52123,Marpole Loop @ Bay 1,Marpole Loop @ Bay 5,50738,Marpole Loop,30330,30750,in_service_layover,67.6877788098097,72.24362975670161,25.69499934047036,420,7.0,08:25:30,08:32:30,True,2,,2
2160376,medium,100.0,3.0,40-ft,HTC,MF,14842156,14841982,100,100,50738,52123,Marpole Loop @ Bay 1,Marpole Loop @ Bay 5,50738,Marpole Loop,31170,31590,in_service_layover,67.30298219672768,71.89625867067986,25.90607931309023,420,7.0,08:39:30,08:46:30,True,1,,2
2160367,medium,100.0,4.0,40-ft,HTC,MF,14842155,14841975,100,100,50738,52123,Marpole Loop @ Bay 1,Marpole Loop @ Bay 5,50738,Marpole Loop,32850,33150,in_service_layover,67.30298219672768,70.66998739037525,18.98990929217223,300,5.0,09:07:30,09:12:30,True,2,,2
2160377,medium,100.0,5.0,40-ft,HTC,MF,14842117,14842049,100,100,50738,52123,Marpole Loop @ Bay 1,Marpole Loop @ Bay 5,50738,Marpole Loop,33450,33870,in_service_layover,67.13772586982452,71.74696313590674,25.996098180703655,420,7.0,09:17:30,09:24:30,True,1,,2
2160373,medium,100.0,6.0,40-ft,HTC,MF,14842148,14842052,100,100,50738,52123,Marpole Loop @ Bay 1,Marpole Loop @ Bay 5,50738,Marpole Loop,34110,34590,in_service_layover,67.52252248290654,72.67778673282915,29.075690369563574,480,8.0,09:28:30,09:36:30,True,2,,2
2160381,medium,100.0,10.0,40-ft,HTC,MF,14842091,14842037,100,100,50738,52123,Marpole Loop @ Bay 1,Marpole Loop @ Bay 5,50738,Marpole Loop,34710,35370,in_service_layover,67.6877788098097,74.46066382722053,38.1990714981971,660,11.0,09:38:30,09:49:30,True,1,,2
2160375,medium,100.0,7.0,40-ft,HTC,MF,14842173,14842018,100,100,50738,52123,Marpole Loop @ Bay 1,Marpole Loop @ Bay 5,50738,Marpole Loop,35370,36030,in_service_layover,67.30298219672768,74.13603412871694,38.538412896419345,660,11.0,09:49:30,10:00:30,True,2,,2
2160369,medium,100.0,1.0,40-ft,HTC,MF,14842106,14842009,100,100,50738,52123,Marpole Loop @ Bay 1,Marpole Loop @ Bay 5,50738,Marpole Loop,35910,36750,in_service_layover,67.4016558517784,75.70860176594044,46.851174955873944,840,14.0,09:58:30,10:12:30,True,1,,2
2160383,medium,100.0,2.0,40-ft,HTC,MF,14842131,14842008,100,100,50738,52123,Marpole Loop @ Bay 1,Marpole Loop @ Bay 5,50738,Marpole Loop,36810,37470,in_service_layover,67.611339051571,74.39620594571078,38.266649282948435,660,11.0,10:13:30,10:24:30,True,2,,2
2160376,medium,100.0,3.0,40-ft,HTC,MF,14842103,14841973,100,100,50738,52123,Marpole Loop @ Bay 1,Marpole Loop @ Bay 5,50738,Marpole Loop,37650,38370,in_service_layover,67.29278099344796,74.64319129861428,41.456314121138064,720,12.0,10:27:30,10:39:30,True,1,,2
2160374,medium,100.0,8.0,40-ft,HTC,MF,14842081,14842017,100,100,50738,52123,Marpole Loop @ Bay 1,Marpole Loop @ Bay 5,50738,Marpole Loop,38550,39210,in_service_layover,67.52252248290654,74.3212913666627,38.34505650438484,660,11.0,10:42:30,10:53:30,True,2,,2
2160367,medium,100.0,4.0,40-ft,HTC,MF,14842166,14842007,100,100,50738,52123,Marpole Loop @ Bay 1,Marpole Loop @ Bay 5,50738,Marpole Loop,39390,40110,in_service_layover,67.58589854578855,74.88618606906071,41.173621631254946,720,12.0,10:56:30,11:08:30,True,1,,2
2160375,medium,100.0,7.0,40-ft,HTC,MF,14842136,14841971,100,100,50738,52123,Marpole Loop @ Bay 1,Marpole Loop @ Bay 5,50738,Marpole Loop,42030,42810,in_service_layover,69.34155801206376,76.80496661404936,42.093624515198826,780,13.0,11:40:30,11:53:30,True,2,,2
2160369,medium,100.0,1.0,40-ft,HTC,MF,14842165,14842005,100,100,50738,52123,Marpole Loop @ Bay 1,Marpole Loop @ Bay 5,50738,Marpole Loop,42870,43710,in_service_layover,66.74826058882498,75.18565793949557,47.58692105778215,840,14.0,11:54:30,12:08:30,True,1,,2
2160383,medium,100.0,2.0,40-ft,HTC,MF,14842129,14842039,100,100,50738,52123,Marpole Loop @ Bay 1,Marpole Loop @ Bay 5,50738,Marpole Loop,43830,44550,in_service_layover,65.82066138167733,73.4196036150123,42.85803419600933,720,12.0,12:10:30,12:22:30,True,2,,2
2160376,medium,100.0,3.0,40-ft,HTC,MF,14842126,14842026,100,100,50738,52123,Marpole Loop @ Bay 1,Marpole Loop @ Bay 5,50738,Marpole Loop,44730,45450,in_service_layover,65.90239040767766,73.48767428266085,42.78100105490523,720,12.0,12:25:30,12:37:30,True,1,,2
2160367,medium,100.0,4.0,40-ft,HTC,MF,14842164,14842025,100,100,50738,52123,Marpole Loop @ Bay 1,Marpole Loop @ Bay 5,50738,Marpole Loop,46590,47250,in_service_layover,65.92584489194525,72.97124070302162,39.73603237447077,660,11.0,12:56:30,13:07:30,True,2,,2
2160377,medium,100.0,5.0,40-ft,HTC,MF,14842112,14841979,100,100,50738,52123,Marpole Loop @ Bay 1,Marpole Loop @ Bay 5,50738,Marpole Loop,47430,48150,in_service_layover,68.39936895657797,75.5594461559465,40.38283540443854,720,12.0,13:10:30,13:22:30,True,1,,2
2160375,medium,100.0,7.0,40-ft,HTC,MF,14842123,14842015,100,100,50738,52123,Marpole Loop @ Bay 1,Marpole Loop @ Bay 5,50738,Marpole Loop,49290,49890,in_service_layover,68.06416572311274,74.2557441363794,34.92050225082403,600,10.0,13:41:30,13:51:30,True,2,,2
2160369,medium,100.0,1.0,40-ft,HTC,MF,14842163,14841981,100,100,50738,52123,Marpole Loop @ Bay 1,Marpole Loop @ Bay 5,50738,Marpole Loop,50250,50730,in_service_layover,66.2253167623801,71.52392901312052,29.884173094175935,480,8.0,13:57:30,14:05:30,True,1,,2
2160376,medium,100.0,3.0,40-ft,HTC,MF,14842122,14842003,100,100,50738,52123,Marpole Loop @ Bay 1,Marpole Loop @ Bay 5,50738,Marpole Loop,51930,52290,in_service_layover,69.88745512806442,73.65628200410697,21.25618358088002,360,6.0,14:25:30,14:31:30,True,2,,2
2160374,medium,100.0,8.0,40-ft,HTC,MF,14842093,14841985,100,100,50738,52123,Marpole Loop @ Bay 1,Marpole Loop @ Bay 5,50738,Marpole Loop,52770,53070,in_service_layover,67.53648294444675,70.88772151640778,18.900985545860237,300,5.0,14:39:30,14:44:30,True,1,,2
2160367,medium,100.0,4.0,40-ft,HTC,MF,14842186,14842014,100,100,50738,52123,Marpole Loop @ Bay 1,Marpole Loop @ Bay 5,50738,Marpole Loop,53670,54090,in_service_layover,67.28976328494124,71.88431880201182,25.913293116278,420,7.0,14:54:30,15:01:30,True,2,,2
2160377,medium,100.0,5.0,40-ft,HTC,MF,14842184,14842061,100,100,50738,52123,Marpole Loop @ Bay 1,Marpole Loop @ Bay 5,50738,Marpole Loop,54630,55110,in_service_layover,67.09280456063854,72.29601393435327,29.346100867751034,480,8.0,15:10:30,15:18:30,True,1,,2
2160373,medium,100.0,6.0,40-ft,HTC,MF,14842171,14841984,100,100,50738,52123,Marpole Loop @ Bay 1,Marpole Loop @ Bay 5,50738,Marpole Loop,55830,56130,in_service_layover,67.74821164077659,71.08503757945147,18.81969829412634,300,5.0,15:30:30,15:35:30,True,2,,2
2160369,medium,100.0,1.0,40-ft,HTC,MF,14842128,14842076,100,100,50738,52123,Marpole Loop @ Bay 1,Marpole Loop @ Bay 5,50738,Marpole Loop,57330,57630,in_service_layover,67.05990750449251,70.44318318753103,19.081674852337244,300,5.0,15:55:30,16:00:30,True,1,,2
2160383,medium,100.0,2.0,40-ft,HTC,MF,14842157,14842035,100,100,50738,52123,Marpole Loop @ Bay 1,Marpole Loop @ Bay 5,50738,Marpole Loop,58350,58710,in_service_layover,66.4827893520946,70.53823184787946,22.87269567622667,360,6.0,16:12:30,16:18:30,True,2,,2
2160374,medium,100.0,8.0,40-ft,HTC,MF,14842098,14842056,100,100,50738,52123,Marpole Loop @ Bay 1,Marpole Loop @ Bay 5,50738,Marpole Loop,60210,60630,in_service_layover,68.1255745055384,72.63840183129938,25.45234611729194,420,7.0,16:43:30,16:50:30,True,1,,2
2160367,medium,100.0,4.0,40-ft,HTC,MF,14842177,14841999,100,100,50738,52123,Marpole Loop @ Bay 1,Marpole Loop @ Bay 5,50738,Marpole Loop,61410,61710,in_service_layover,68.57580726744551,71.85523875291263,18.495993578034586,300,5.0,17:03:30,17:08:30,True,2,,2
2160377,medium,100.0,5.0,40-ft,HTC,MF,14842109,14841986,100,100,50738,52123,Marpole Loop @ Bay 1,Marpole Loop @ Bay 5,50738,Marpole Loop,62370,62730,in_service_layover,67.00127127311045,71.01490892781813,22.636916372551354,360,6.0,17:19:30,17:25:30,True,1,,2
2160373,medium,100.0,6.0,40-ft,HTC,MF,14842096,14842036,100,100,50738,52123,Marpole Loop @ Bay 1,Marpole Loop @ Bay 5,50738,Marpole Loop,63450,63810,in_service_layover,65.69294581757063,69.81080083690564,23.224702309049405,360,6.0,17:37:30,17:43:30,True,2,,2
2160375,medium,100.0,7.0,40-ft,HTC,MF,14842158,14841980,100,100,50738,52123,Marpole Loop @ Bay 1,Marpole Loop @ Bay 5,50738,Marpole Loop,64470,64770,in_service_layover,66.79590456396596,70.19668682333754,19.1804119428557,300,5.0,17:54:30,17:59:30,True,1,,2
2160369,medium,100.0,1.0,40-ft,HTC,MF,14842082,14841995,100,100,50738,52123,Marpole Loop @ Bay 1,Marpole Loop @ Bay 5,50738,Marpole Loop,64950,65370,in_service_layover,66.06591372188745,70.77703705599774,26.57073560438198,420,7.0,18:02:30,18:09:30,True,2,,2
2160383,medium,100.0,2.0,40-ft,HTC,MF,14842160,14842027,100,100,50738,52123,Marpole Loop @ Bay 1,Marpole Loop @ Bay 5,50738,Marpole Loop,66030,66570,in_service_layover,66.0445448189076,71.95020777867798,33.30793909310495,540,9.0,18:20:30,18:29:30,True,1,,2
2160376,medium,100.0,3.0,40-ft,HTC,MF,14842104,14842064,100,100,50738,52123,Marpole Loop @ Bay 1,Marpole Loop @ Bay 5,50738,Marpole Loop,66990,67710,in_service_layover,67.01550968692005,74.4131387954253,41.72262817196952,720,12.0,18:36:30,18:48:30,True,2,,2
2160374,medium,100.0,8.0,40-ft,HTC,MF,14842133,14842067,100,100,50738,52123,Marpole Loop @ Bay 1,Marpole Loop @ Bay 5,50738,Marpole Loop,67950,68310,in_service_layover,68.41435841786918,72.31069872766959,21.97535934727432,360,6.0,18:52:30,18:58:30,True,1,,2
2160371,medium,100.0,21.0,40-ft,HTC,MF,14842162,14842044,100,100,50738,52123,Marpole Loop @ Bay 1,Marpole Loop @ Bay 5,50738,Marpole Loop,69690,70170,in_service_layover,67.57288228666104,72.72249800329826,29.043832641833887,480,8.0,19:21:30,19:29:30,True,2,,2
2160373,medium,100.0,6.0,40-ft,HTC,MF,14842102,14841977,100,100,50738,52123,Marpole Loop @ Bay 1,Marpole Loop @ Bay 5,50738,Marpole Loop,70470,71070,in_service_layover,69.54913549806943,75.52566666719335,33.707635793858856,600,10.0,19:34:30,19:44:30,True,1,,2
2160369,medium,100.0,1.0,40-ft,HTC,MF,14842135,14842057,100,100,50738,52123,Marpole Loop @ Bay 1,Marpole Loop @ Bay 5,50738,Marpole Loop,71610,71970,in_service_layover,68.06447535299085,71.99031655630628,22.141744386698974,360,6.0,19:53:30,19:59:30,True,2,,2
2160383,medium,100.0,2.0,40-ft,HTC,MF,14842168,14842024,100,100,50738,52123,Marpole Loop @ Bay 1,Marpole Loop @ Bay 5,50738,Marpole Loop,72450,72870,in_service_layover,66.7241134966572,71.37300362787897,26.219740340090766,420,7.0,20:07:30,20:14:30,True,1,,2
2160376,medium,100.0,3.0,40-ft,HTC,MF,14842115,14841978,100,100,50738,52123,Marpole Loop @ Bay 1,Marpole Loop @ Bay 5,50738,Marpole Loop,73350,73770,in_service_layover,65.83759423139183,70.57005586290816,26.691083601752155,420,7.0,20:22:30,20:29:30,True,2,,2
2160374,medium,100.0,8.0,40-ft,HTC,MF,14842137,14841994,100,100,50738,52123,Marpole Loop @ Bay 1,Marpole Loop @ Bay 5,50738,Marpole Loop,74310,74670,in_service_layover,67.73407563821402,71.68749840576615,22.297304408994023,360,6.0,20:38:30,20:44:30,True,1,,2
2160367,medium,100.0,4.0,40-ft,HTC,MF,14842116,14842046,100,100,50738,52123,Marpole Loop @ Bay 1,Marpole Loop @ Bay 5,50738,Marpole Loop,74910,75570,in_service_layover,67.32461827676252,74.15429684039809,38.51938709890459,660,11.0,20:48:30,20:59:30,True,2,,2
2160371,medium,100.0,21.0,40-ft,HTC,MF,14842170,14842002,100,100,50738,52123,Marpole Loop @ Bay 1,Marpole Loop @ Bay 5,50738,Marpole Loop,75810,76470,in_service_layover,69.21030895727486,75.74155308170377,36.83621686177901,660,11.0,21:03:30,21:14:30,True,1,,2
2160373,medium,100.0,6.0,40-ft,HTC,MF,14842179,14842068,100,100,50738,52123,Marpole Loop @ Bay 1,Marpole Loop @ Bay 5,50738,Marpole Loop,76770,77370,in_service_layover,66.78486577625672,73.15735177732303,35.94082104601398,600,10.0,21:19:30,21:29:30,True,2,,2
2160369,medium,100.0,1.0,40-ft,HTC,MF,14842134,14841993,100,100,50738,52123,Marpole Loop @ Bay 1,Marpole Loop @ Bay 5,50738,Marpole Loop,77790,78330,in_service_layover,68.17621535746461,73.81357972784758,31.79473504895998,540,9.0,21:36:30,21:45:30,True,1,,2
2160383,medium,100.0,2.0,40-ft,HTC,MF,14842095,14842001,100,100,50738,52123,Marpole Loop @ Bay 1,Marpole Loop @ Bay 5,50738,Marpole Loop,78570,79230,in_service_layover,69.14182087115186,75.68405751978867,36.89821469831156,660,11.0,21:49:30,22:00:30,True,2,,2
2160376,medium,100.0,3.0,40-ft,HTC,MF,14842180,14842043,100,100,50738,52123,Marpole Loop @ Bay 1,Marpole Loop @ Bay 5,50738,Marpole Loop,79470,79950,in_service_layover,67.73825749884169,72.86928040368117,28.93896918329466,480,8.0,22:04:30,22:12:30,True,1,,2
2160374,medium,100.0,8.0,40-ft,HTC,MF,14842172,14842069,100,100,50738,52123,Marpole Loop @ Bay 1,Marpole Loop @ Bay 5,50738,Marpole Loop,80430,80910,in_service_layover,69.56065324205575,74.4823238984376,27.7582225019936,480,8.0,22:20:30,22:28:30,True,2,,2
2160371,medium,100.0,21.0,40-ft,HTC,MF,14842181,14842040,100,100,50738,52123,Marpole Loop @ Bay 1,Marpole Loop @ Bay 5,50738,Marpole Loop,82110,82710,in_service_layover,67.00075219076714,73.3429920767163,35.770232956753205,600,10.0,22:48:30,22:58:30,True,1,,2
2160376,medium,100.0,3.0,40-ft,HTC,MF,14842182,14842000,100,100,50738,52123,Marpole Loop @ Bay 1,Marpole Loop @ Bay 5,50738,Marpole Loop,85290,85710,in_service_layover,69.74777506589407,74.0970698282236,24.53002245953843,420,7.0,23:41:30,23:48:30,True,2,,2
2160374,medium,100.0,8.0,40-ft,HTC,MF,14842085,14841974,100,100,50738,52123,Marpole Loop @ Bay 1,Marpole Loop @ Bay 5,50738,Marpole Loop,86430,86970,in_service_layover,65.52198272132213,71.49170850368196,33.66925341250948,540,9.0,24:00:30,24:09:30,True,1,,2
2160373,medium,100.0,6.0,40-ft,HTC,MF,14842183,14841998,100,100,50738,52123,Marpole Loop @ Bay 1,Marpole Loop @ Bay 5,50738,Marpole Loop,88710,89430,in_service_layover,69.05435441952125,76.10035321881257,39.739433228003065,720,12.0,24:38:30,24:50:30,True,2,,2
2160376,medium,100.0,3.0,40-ft,HTC,MF,14842140,14842011,100,100,50738,52123,Marpole Loop @ Bay 1,Marpole Loop @ Bay 5,50738,Marpole Loop,90690,91230,in_service_layover,69.48993526769497,74.95637798724243,30.83073693824764,540,9.0,25:11:30,25:20:30,True,1,,2
2160374,medium,100.0,8.0,40-ft,HTC,MF,14842139,14842012,100,100,50738,52123,Marpole Loop @ Bay 1,Marpole Loop @ Bay 5,50738,Marpole Loop,92190,93030,in_service_layover,69.91388991975569,77.7094707645183,43.96707596446112,840,14.0,25:36:30,25:50:30,True,2,,2
2162328,medium,410.0,44.0,40-ft,HTC,MF,14873201,14845517,410,119,58322,52804,22nd Street Station @ Unloading Only,Metrotown Station @ Bay 6,52804,Metrotown Station,7710,8010,interline_end,50.521196318342106,54.39864791580427,21.868827009686584,300,5.0,02:08:30,02:13:30,True,1,,6
2160070,medium,130.0,52.0,40-ft,BTC,MF,14856789,14847024,222,130,52692,52736,Metrotown Station @ Bay 1,Metrotown Station @ Bay 4,52692,Metrotown Station,32550,32850,in_service_layover,68.68991405699585,71.96129975230407,18.450615321538407,300,5.0,09:02:30,09:07:30,True,2,,6
2162368,medium,430.0,2.0,40-ft,RTC,MF,14874144,14874216,430,430,52692,51999,Metrotown Station @ Bay 1,Metrotown Station @ Bay 3,52692,Metrotown Station,32790,33750,in_service_layover,66.38820986209787,75.83119694710201,53.25844715942338,960,16.0,09:06:30,09:22:30,True,3,,6
2160415,medium,152.0,11.0,40-ft,PCT,MF,14844767,14844715,110,110,52692,60213,Metrotown Station @ Bay 1,Metrotown Station @ Bay 13,52692,Metrotown Station,33030,33510,in_service_layover,69.8059669224367,74.69883221525858,27.5957602515154,480,8.0,09:10:30,09:18:30,True,4,,6
2160490,medium,106.0,2.0,40-ft,HTC,MF,14845307,14845264,116,116,60212,60212,Metrotown Station @ Bay 12,Metrotown Station @ Bay 12,60212,Metrotown Station,33690,33930,in_service_layover,65.37362050932269,68.19752557232349,15.926824555324515,240,4.0,09:21:30,09:25:30,True,5,,6
2160566,medium,410.0,1.0,40-ft,HTC,MF,14848577,14848501,144,144,52692,60214,Metrotown Station @ Bay 1,Metrotown Station @ Bay 14,52692,Metrotown Station,33750,34290,in_service_layover,66.80901987009314,72.61975054248637,32.772520992297814,540,9.0,09:22:30,09:31:30,True,6,,6
2160504,medium,123.0,10.0,40-ft,HTC,MF,14845651,14845574,119,119,52692,52804,Metrotown Station @ Bay 1,Metrotown Station @ Bay 6,52692,Metrotown Station,34170,34350,in_service_layover,69.10334965390763,71.10132462211081,11.268578820665937,180,3.0,09:29:30,09:32:30,True,1,,6
2160068,medium,130.0,4.0,40-ft,BTC,MF,14847099,14846990,130,130,52692,52736,Metrotown Station @ Bay 1,Metrotown Station @ Bay 4,52692,Metrotown Station,34530,34830,in_service_layover,69.54030020768461,72.75071502089259,18.106739546492975,300,5.0,09:35:30,09:40:30,True,2,,6
2160408,medium,152.0,2.0,40-ft,PCT,MF,14844722,14844714,110,110,52692,60213,Metrotown Station @ Bay 1,Metrotown Station @ Bay 13,52692,Metrotown Station,34590,35310,in_service_layover,64.87939710461885,72.63445189492806,43.73850901734397,720,12.0,09:36:30,09:48:30,True,4,,6
2162318,medium,430.0,7.0,40-ft,RTC,MF,14874147,14874218,430,430,52692,51999,Metrotown Station @ Bay 1,Metrotown Station @ Bay 3,52692,Metrotown Station,35010,35910,in_service_layover,63.57013221740749,73.14464014648632,54.00022472000461,900,15.0,09:43:30,09:58:30,True,3,,6
2160703,medium,130.0,5.0,40-ft,BTC,MF,14847080,14846934,130,130,52692,52736,Metrotown Station @ Bay 1,Metrotown Station @ Bay 4,52692,Metrotown Station,35310,35670,in_service_layover,69.27909206650442,73.10122757213401,21.556844251750874,360,6.0,09:48:30,09:54:30,True,5,,6
2160598,medium,123.0,4.0,40-ft,HTC,MF,14845312,14845263,116,116,60212,60212,Metrotown Station @ Bay 12,Metrotown Station @ Bay 12,60212,Metrotown Station,35610,35790,in_service_layover,64.92312989706484,67.07833805674339,12.155374020587033,180,3.0,09:53:30,09:56:30,True,6,,6
2162366,medium,430.0,3.0,40-ft,RTC,MF,14874176,14874219,430,430,52692,51999,Metrotown Station @ Bay 1,Metrotown Station @ Bay 3,52692,Metrotown Station,36270,37050,in_service_layover,63.57013221740749,72.09174869935254,48.061916958170116,780,13.0,10:04:30,10:17:30,True,1,,6
2160419,medium,152.0,14.0,40-ft,PCT,MF,14844728,14844713,110,110,52692,60213,Metrotown Station @ Bay 1,Metrotown Station @ Bay 13,52692,Metrotown Station,36270,37110,in_service_layover,68.99437429632997,76.97892569314831,45.03286987805552,840,14.0,10:04:30,10:18:30,True,2,,6
2160605,medium,106.0,4.0,40-ft,HTC,MF,14845645,14845497,119,119,52692,52804,Metrotown Station @ Bay 1,Metrotown Station @ Bay 6,52692,Metrotown Station,36330,36510,in_service_layover,67.92562301386016,69.97149385079612,11.538711520318827,180,3.0,10:05:30,10:08:30,True,4,,6
2160599,medium,123.0,18.0,40-ft,HTC,MF,14848572,14848522,144,144,52692,60214,Metrotown Station @ Bay 1,Metrotown Station @ Bay 14,52692,Metrotown Station,36450,36990,in_service_layover,68.82298818746423,74.37673533850142,31.323133931849725,540,9.0,10:07:30,10:16:30,True,5,,6
2160596,medium,123.0,12.0,40-ft,HTC,MF,14845339,14845261,116,116,60212,60212,Metrotown Station @ Bay 12,Metrotown Station @ Bay 12,60212,Metrotown Station,37290,37470,in_service_layover,65.89871973712827,68.0193325124074,11.960256052574323,180,3.0,10:21:30,10:24:30,True,6,,6
2160606,medium,410.0,34.0,40-ft,HTC,MF,14848580,14848518,144,144,52692,60214,Metrotown Station @ Bay 1,Metrotown Station @ Bay 14,52692,Metrotown Station,37290,37830,in_service_layover,69.4275751590811,74.90222730017322,30.87703807575963,540,9.0,10:21:30,10:30:30,True,3,,6
2162365,medium,430.0,6.0,40-ft,RTC,MF,14874150,14874220,430,430,52692,51999,Metrotown Station @ Bay 1,Metrotown Station @ Bay 3,52692,Metrotown Station,37590,38250,in_service_layover,63.57013221740749,70.96793447396671,41.72360472699398,660,11.0,10:26:30,10:37:30,True,4,,6
2160504,medium,123.0,10.0,40-ft,HTC,MF,14845644,14845496,119,119,52692,52804,Metrotown Station @ Bay 1,Metrotown Station @ Bay 6,52692,Metrotown Station,37710,37950,in_service_layover,69.99596895030639,72.57303922359483,14.534676341346824,240,4.0,10:28:30,10:32:30,True,5,,6
2160608,medium,410.0,37.0,40-ft,HTC,MF,14848596,14848496,144,144,52692,60214,Metrotown Station @ Bay 1,Metrotown Station @ Bay 14,52692,Metrotown Station,38130,38730,in_service_layover,69.4275751590811,75.42191420783621,33.80807223497885,600,10.0,10:35:30,10:45:30,True,1,,6
2162371,medium,430.0,9.0,40-ft,RTC,MF,14874151,14874221,430,430,52692,51999,Metrotown Station @ Bay 1,Metrotown Station @ Bay 3,52692,Metrotown Station,38490,39390,in_service_layover,63.57013221740749,73.14464014648632,54.00022472000461,900,15.0,10:41:30,10:56:30,True,2,,6
2160490,medium,106.0,2.0,40-ft,HTC,MF,14845349,14845260,116,116,60212,60212,Metrotown Station @ Bay 12,Metrotown Station @ Bay 12,60212,Metrotown Station,39030,39330,in_service_layover,63.85455870426462,67.43880464372889,20.215147098578484,300,5.0,10:50:30,10:55:30,True,6,,6
2164977,medium,410.0,33.0,40-ft,HTC,MF,14848544,14848502,144,144,52692,60214,Metrotown Station @ Bay 1,Metrotown Station @ Bay 14,52692,Metrotown Station,39030,39630,in_service_layover,66.74918454556239,73.12665912407545,35.96895662281361,600,10.0,10:50:30,11:00:30,True,3,,6
2160603,medium,123.0,25.0,40-ft,HTC,MF,14845642,14845494,119,119,52692,52804,Metrotown Station @ Bay 1,Metrotown Station @ Bay 6,52692,Metrotown Station,39150,39390,in_service_layover,69.22689693593868,71.84868479827347,14.786883543568138,240,4.0,10:52:30,10:56:30,True,5,,6
2162364,medium,430.0,11.0,40-ft,RTC,MF,14874152,14874222,430,430,52692,51999,Metrotown Station @ Bay 1,Metrotown Station @ Bay 3,52692,Metrotown Station,39450,40530,in_service_layover,63.57013221740749,74.59099769202268,62.15768127682969,1080,18.0,10:57:30,11:15:30,True,4,,6
2160064,medium,130.0,7.0,40-ft,BTC,MF,14847177,14847045,130,130,52692,52736,Metrotown Station @ Bay 1,Metrotown Station @ Bay 4,52692,Metrotown Station,39690,39990,in_service_layover,66.61373111575169,70.0264935285989,19.247980008458285,300,5.0,11:01:30,11:06:30,True,1,,6
2160620,medium,123.0,16.0,40-ft,HTC,MF,14848573,14848510,144,144,52692,60214,Metrotown Station @ Bay 1,Metrotown Station @ Bay 14,52692,Metrotown Station,39870,40530,in_service_layover,65.43673586490993,72.55642504970268,40.15504700223113,660,11.0,11:04:30,11:15:30,True,6,,6
2160605,medium,106.0,4.0,40-ft,HTC,MF,14845641,14845493,119,119,52692,52804,Metrotown Station @ Bay 1,Metrotown Station @ Bay 6,52692,Metrotown Station,39930,40110,in_service_layover,68.93036588797122,70.93558982736256,11.309463018167207,180,3.0,11:05:30,11:08:30,True,2,,6
2160068,medium,130.0,4.0,40-ft,BTC,MF,14847063,14846957,130,130,52692,52736,Metrotown Station @ Bay 1,Metrotown Station @ Bay 4,52692,Metrotown Station,40050,40470,in_service_layover,66.009323909646,70.72574783287043,26.60063092698573,420,7.0,11:07:30,11:14:30,True,5,,6
2162294,medium,430.0,5.0,40-ft,RTC,MF,14874153,14874223,430,430,52692,51999,Metrotown Station @ Bay 1,Metrotown Station @ Bay 3,52692,Metrotown Station,40410,41670,in_service_layover,60.78366344898749,73.90222776866906,73.98870276300408,1260,21.0,11:13:30,11:34:30,True,3,,6
2160569,medium,410.0,8.0,40-ft,HTC,MF,14845663,14845576,119,119,52692,52804,Metrotown Station @ Bay 1,Metrotown Station @ Bay 6,52692,Metrotown Station,40650,40830,in_service_layover,68.8652023511182,70.87313783798733,11.324756145941876,180,3.0,11:17:30,11:20:30,True,1,,6
2160703,medium,130.0,5.0,40-ft,BTC,MF,14847101,14846976,130,130,52692,52736,Metrotown Station @ Bay 1,Metrotown Station @ Bay 4,52692,Metrotown Station,40710,41010,in_service_layover,66.35983646088742,69.78915930793262,19.34138085733491,300,5.0,11:18:30,11:23:30,True,2,,6
2160566,medium,410.0,1.0,40-ft,HTC,MF,14848539,14848533,144,144,52692,60214,Metrotown Station @ Bay 1,Metrotown Station @ Bay 14,52692,Metrotown Station,40770,41430,in_service_layover,66.44842635257318,73.4137939576307,39.28467329252442,660,11.0,11:19:30,11:30:30,True,5,,6
2160598,medium,123.0,4.0,40-ft,HTC,MF,14845348,14845273,116,116,60212,60212,Metrotown Station @ Bay 12,Metrotown Station @ Bay 12,60212,Metrotown Station,40830,41130,in_service_layover,62.109677367090086,65.79704868109185,20.796774210969943,300,5.0,11:20:30,11:25:30,True,4,,6
2160412,medium,152.0,9.0,40-ft,PCT,MF,14844754,14844685,110,110,52692,60213,Metrotown Station @ Bay 1,Metrotown Station @ Bay 13,52692,Metrotown Station,41610,42510,in_service_layover,69.59088485747714,77.88170355007175,46.76021742623362,900,15.0,11:33:30,11:48:30,True,6,,6
2162368,medium,430.0,2.0,40-ft,RTC,MF,14874154,14874224,430,430,52692,51999,Metrotown Station @ Bay 1,Metrotown Station @ Bay 3,52692,Metrotown Station,41610,42750,in_service_layover,66.28377547461443,77.0270159852096,60.591876479756706,1140,19.0,11:33:30,11:52:30,True,1,,6
2160698,medium,130.0,11.0,40-ft,BTC,MF,14847103,14846944,130,130,52692,52736,Metrotown Station @ Bay 1,Metrotown Station @ Bay 4,52692,Metrotown Station,41790,42030,in_service_layover,69.86624087348913,72.45095620337304,14.577794460545306,240,4.0,11:36:30,11:40:30,True,2,,6
2160699,medium,130.0,2.0,40-ft,BTC,MF,14847056,14846995,130,130,52692,52736,Metrotown Station @ Bay 1,Metrotown Station @ Bay 4,52692,Metrotown Station,42270,42570,in_service_layover,63.57291608511897,67.17380756945,20.309027971627017,300,5.0,11:44:30,11:49:30,True,4,,6
2160596,medium,123.0,12.0,40-ft,HTC,MF,14845331,14845286,116,116,60212,60212,Metrotown Station @ Bay 12,Metrotown Station @ Bay 12,60212,Metrotown Station,42510,42870,in_service_layover,63.00618035912932,67.32483829024996,24.357230731520417,360,6.0,11:48:30,11:54:30,True,5,,6
2160593,medium,410.0,22.0,40-ft,HTC,MF,14848568,14848503,144,144,52692,60214,Metrotown Station @ Bay 1,Metrotown Station @ Bay 14,52692,Metrotown Station,42510,43230,in_service_layover,63.97396885817857,71.87713373435055,44.57384990160995,720,12.0,11:48:30,12:00:30,True,3,,6
2160069,medium,130.0,1.0,40-ft,BTC,MF,14847170,14847046,130,130,52692,52736,Metrotown Station @ Bay 1,Metrotown Station @ Bay 4,52692,Metrotown Station,42750,43050,in_service_layover,68.04182355552713,71.3584804770601,18.705945037446043,300,5.0,11:52:30,11:57:30,True,2,,6
2162318,medium,430.0,7.0,40-ft,RTC,MF,14874155,14874225,430,430,52692,51999,Metrotown Station @ Bay 1,Metrotown Station @ Bay 3,52692,Metrotown Station,42870,43950,in_service_layover,63.597218673998746,74.61131075534023,62.11947933876593,1080,18.0,11:54:30,12:12:30,True,6,,6
2160691,medium,130.0,3.0,40-ft,BTC,MF,14847104,14846936,130,130,52692,52736,Metrotown Station @ Bay 1,Metrotown Station @ Bay 4,52692,Metrotown Station,43230,43410,in_service_layover,64.31124087646103,66.48814722835958,12.27775182470782,180,3.0,12:00:30,12:03:30,True,4,,6
2160414,medium,152.0,6.0,40-ft,PCT,MF,14844747,14844684,110,110,52692,60213,Metrotown Station @ Bay 1,Metrotown Station @ Bay 13,52692,Metrotown Station,43410,44310,in_service_layover,65.60222256427959,74.75344592447726,51.61289975151493,900,15.0,12:03:30,12:18:30,True,1,,6
2160599,medium,123.0,18.0,40-ft,HTC,MF,14848574,14848490,144,144,52692,60214,Metrotown Station @ Bay 1,Metrotown Station @ Bay 14,52692,Metrotown Station,43470,44130,in_service_layover,66.80960427480397,73.71926890149145,38.97050849451733,660,11.0,12:04:30,12:15:30,True,5,,6
2160605,medium,106.0,4.0,40-ft,HTC,MF,14845637,14845558,119,119,52692,52804,Metrotown Station @ Bay 1,Metrotown Station @ Bay 6,52692,Metrotown Station,43590,43770,in_service_layover,69.21461147532793,71.20788505729203,11.242063002277575,180,3.0,12:06:30,12:09:30,True,2,,6
2160690,medium,130.0,10.0,40-ft,BTC,MF,14847105,14846937,130,130,52692,52736,Metrotown Station @ Bay 1,Metrotown Station @ Bay 4,52692,Metrotown Station,43710,43950,in_service_layover,69.37098923147354,71.98450974544863,14.74025569881951,240,4.0,12:08:30,12:12:30,True,3,,6
2162366,medium,430.0,3.0,40-ft,RTC,MF,14874156,14874226,430,430,52692,51999,Metrotown Station @ Bay 1,Metrotown Station @ Bay 3,52692,Metrotown Station,44070,45150,in_service_layover,62.54432722686496,73.82047446046374,63.59747039749715,1080,18.0,12:14:30,12:32:30,True,4,,6
2160569,medium,410.0,8.0,40-ft,HTC,MF,14845664,14845577,119,119,52692,52804,Metrotown Station @ Bay 1,Metrotown Station @ Bay 6,52692,Metrotown Station,44310,44490,in_service_layover,69.15484363759317,71.15064652564324,11.256328288602333,180,3.0,12:18:30,12:21:30,True,2,,6
2160687,medium,130.0,6.0,40-ft,BTC,MF,14847057,14846996,130,130,52692,52736,Metrotown Station @ Bay 1,Metrotown Station @ Bay 4,52692,Metrotown Station,44310,44490,in_service_layover,68.66058809853021,70.6769700820439,11.372394387017096,180,3.0,12:18:30,12:21:30,True,3,,6
2160490,medium,106.0,2.0,40-ft,HTC,MF,14845332,14845283,116,116,60212,60212,Metrotown Station @ Bay 12,Metrotown Station @ Bay 12,60212,Metrotown Station,44370,44730,in_service_layover,62.453100616629456,66.81103674310963,24.57875975334821,360,6.0,12:19:30,12:25:30,True,6,,6
2160606,medium,410.0,34.0,40-ft,HTC,MF,14848584,14848516,144,144,52692,60214,Metrotown Station @ Bay 1,Metrotown Station @ Bay 14,52692,Metrotown Station,44370,45030,in_service_layover,67.93519583762995,74.6692017484268,37.97979333689426,660,11.0,12:19:30,12:30:30,True,5,,6
2160504,medium,123.0,10.0,40-ft,HTC,MF,14845636,14845557,119,119,52692,52804,Metrotown Station @ Bay 1,Metrotown Station @ Bay 6,52692,Metrotown Station,45090,45270,in_service_layover,67.23297402570748,69.30541848034929,11.688586724179856,180,3.0,12:31:30,12:34:30,True,1,,6
2160823,medium,151.0,4.0,40-ft,PCT,MF,14844742,14844695,110,110,52692,60213,Metrotown Station @ Bay 1,Metrotown Station @ Bay 13,52692,Metrotown Station,45210,46110,in_service_layover,67.47214658268673,76.22488392543426,49.365438613096046,900,15.0,12:33:30,12:48:30,True,2,,6
2160608,medium,410.0,37.0,40-ft,HTC,MF,14848546,14848488,144,144,52692,60214,Metrotown Station @ Bay 1,Metrotown Station @ Bay 14,52692,Metrotown Station,45330,45930,in_service_layover,68.41862080412639,74.55936168054592,34.633778543006144,600,10.0,12:35:30,12:45:30,True,3,,6
2162365,medium,430.0,6.0,40-ft,RTC,MF,14874157,14874227,430,430,52692,51999,Metrotown Station @ Bay 1,Metrotown Station @ Bay 3,52692,Metrotown Station,45450,46350,in_service_layover,61.42051300147913,71.43171648986558,56.463187674499636,900,15.0,12:37:30,12:52:30,True,6,,6
2160068,medium,130.0,4.0,40-ft,BTC,MF,14847107,14846997,130,130,52692,52736,Metrotown Station @ Bay 1,Metrotown Station @ Bay 4,52692,Metrotown Station,45690,45870,in_service_layover,69.04682287408484,71.04717472573631,11.281984443314343,180,3.0,12:41:30,12:44:30,True,5,,6
2160597,medium,123.0,31.0,40-ft,HTC,MF,14845635,14845555,119,119,52692,52804,Metrotown Station @ Bay 1,Metrotown Station @ Bay 6,52692,Metrotown Station,45810,45990,in_service_layover,69.4229830789989,71.40736993650033,11.191941876308078,180,3.0,12:43:30,12:46:30,True,4,,6
2160703,medium,130.0,5.0,40-ft,BTC,MF,14847064,14846941,130,130,52692,52736,Metrotown Station @ Bay 1,Metrotown Station @ Bay 4,52692,Metrotown Station,46230,46410,in_service_layover,68.21604037375532,70.25041778335864,11.473888590162801,180,3.0,12:50:30,12:53:30,True,1,,6
2164977,medium,410.0,33.0,40-ft,HTC,MF,14848583,14845554,144,119,52692,52804,Metrotown Station @ Bay 1,Metrotown Station @ Bay 6,52692,Metrotown Station,46230,46590,in_service_layover,65.62394164015525,69.74717628879904,23.255043418350965,360,6.0,12:50:30,12:56:30,True,5,,6
2160598,medium,123.0,4.0,40-ft,HTC,MF,14845342,14845282,116,116,60212,60212,Metrotown Station @ Bay 12,Metrotown Station @ Bay 12,60212,Metrotown Station,46290,46530,in_service_layover,60.16728554046431,63.237390243042825,17.315390522542828,240,4.0,12:51:30,12:55:30,True,3,,6
2160603,medium,123.0,25.0,40-ft,HTC,MF,14845634,14848504,119,144,52692,60214,Metrotown Station @ Bay 1,Metrotown Station @ Bay 14,52692,Metrotown Station,46590,46830,in_service_layover,66.53547644918218,69.30228849595058,15.604819943773748,240,4.0,12:56:30,13:00:30,True,4,,6
2162371,medium,430.0,9.0,40-ft,RTC,MF,14874158,14874228,430,430,52692,51999,Metrotown Station @ Bay 1,Metrotown Station @ Bay 3,52692,Metrotown Station,46650,47550,in_service_layover,63.597218673998746,73.16615047957691,53.96877538346092,900,15.0,12:57:30,13:12:30,True,2,,6
2160415,medium,152.0,11.0,40-ft,PCT,MF,14844741,14844709,110,110,52692,60213,Metrotown Station @ Bay 1,Metrotown Station @ Bay 13,52692,Metrotown Station,47070,47910,in_service_layover,66.70572129502233,75.1515772842433,47.634627779206255,840,14.0,13:04:30,13:18:30,True,6,,6
2160620,medium,123.0,16.0,40-ft,HTC,MF,14848575,14845578,144,119,52692,52804,Metrotown Station @ Bay 1,Metrotown Station @ Bay 6,52692,Metrotown Station,47130,47370,in_service_layover,65.08181248479059,67.91955184721185,16.004850004055868,240,4.0,13:05:30,13:09:30,True,1,,6
2160698,medium,130.0,11.0,40-ft,BTC,MF,14847110,14846999,130,130,52692,52736,Metrotown Station @ Bay 1,Metrotown Station @ Bay 4,52692,Metrotown Station,47250,47430,in_service_layover,65.70956509212645,67.83688547893048,11.998086981574716,180,3.0,13:07:30,13:10:30,True,3,,6
2160605,medium,106.0,4.0,40-ft,HTC,MF,14845633,14848491,119,144,52692,60214,Metrotown Station @ Bay 1,Metrotown Station @ Bay 14,52692,Metrotown Station,47370,47730,in_service_layover,69.4750917999762,73.2801518061327,21.460538434722707,360,6.0,13:09:30,13:15:30,True,5,,6
2160699,medium,130.0,2.0,40-ft,BTC,MF,14847065,14846963,130,130,52692,52736,Metrotown Station @ Bay 1,Metrotown Station @ Bay 4,52692,Metrotown Station,47790,47970,in_service_layover,65.88470582682,68.0058155492732,11.963058834636001,180,3.0,13:16:30,13:19:30,True,4,,6
2162364,medium,430.0,11.0,40-ft,RTC,MF,14874159,14874229,430,430,52692,51999,Metrotown Station @ Bay 1,Metrotown Station @ Bay 3,52692,Metrotown Station,47850,48750,in_service_layover,65.0435762195351,74.31217946928729,52.274922328602315,900,15.0,13:17:30,13:32:30,True,1,,6
2160596,medium,123.0,12.0,40-ft,HTC,MF,14845341,14845281,116,116,60212,60212,Metrotown Station @ Bay 12,Metrotown Station @ Bay 12,60212,Metrotown Station,48030,48270,in_service_layover,61.64089821312745,64.64132855766044,16.922427143166033,240,4.0,13:20:30,13:24:30,True,3,,6
2160566,medium,410.0,1.0,40-ft,HTC,MF,14848595,14848492,144,144,52692,60214,Metrotown Station @ Bay 1,Metrotown Station @ Bay 14,52692,Metrotown Station,48030,48630,in_service_layover,65.89662150804156,72.39234592051216,36.63588568633412,600,10.0,13:20:30,13:30:30,True,2,,6
2160569,medium,410.0,8.0,40-ft,HTC,MF,14845665,14845553,119,119,52692,52804,Metrotown Station @ Bay 1,Metrotown Station @ Bay 6,52692,Metrotown Station,48090,48270,in_service_layover,69.4203520171913,71.40485177405395,11.192578628705348,180,3.0,13:21:30,13:24:30,True,5,,6
2160504,medium,123.0,10.0,40-ft,HTC,MF,14845632,14845552,119,119,52692,52804,Metrotown Station @ Bay 1,Metrotown Station @ Bay 6,52692,Metrotown Station,48870,49050,in_service_layover,67.65135471964463,69.70788920645629,11.598854505617737,180,3.0,13:34:30,13:37:30,True,6,,6
2160691,medium,130.0,3.0,40-ft,BTC,MF,14847111,14847033,130,130,52692,52736,Metrotown Station @ Bay 1,Metrotown Station @ Bay 4,52692,Metrotown Station,48870,49050,in_service_layover,64.63693162307032,66.80228865771322,12.21261367538591,180,3.0,13:34:30,13:37:30,True,4,,6
2160408,medium,152.0,2.0,40-ft,PCT,MF,14844748,14844719,110,110,52692,60213,Metrotown Station @ Bay 1,Metrotown Station @ Bay 13,52692,Metrotown Station,48870,49710,in_service_layover,67.67684023322609,75.92852954339986,46.53952770938008,840,14.0,13:34:30,13:48:30,True,3,,6
2160595,medium,106.0,10.0,40-ft,HTC,MF,14848547,14848473,144,144,52692,60214,Metrotown Station @ Bay 1,Metrotown Station @ Bay 14,52692,Metrotown Station,48990,49530,in_service_layover,62.66035279894707,68.96897540995175,35.580631526066384,540,9.0,13:36:30,13:45:30,True,5,,6
2162294,medium,430.0,5.0,40-ft,RTC,MF,14874160,14874230,430,430,52692,51999,Metrotown Station @ Bay 1,Metrotown Station @ Bay 3,52692,Metrotown Station,49110,49950,in_service_layover,64.3548062961815,73.26108525251736,50.231413313734265,840,14.0,13:38:30,13:52:30,True,2,,6
2160597,medium,123.0,31.0,40-ft,HTC,MF,14845631,14845551,119,119,52692,52804,Metrotown Station @ Bay 1,Metrotown Station @ Bay 6,52692,Metrotown Station,49590,49770,in_service_layover,69.66580514021831,71.63970098236851,11.132772549727008,180,3.0,13:46:30,13:49:30,True,1,,6
2160593,medium,410.0,22.0,40-ft,HTC,MF,14848592,14848505,144,144,52692,60214,Metrotown Station @ Bay 1,Metrotown Station @ Bay 14,52692,Metrotown Station,49890,50430,in_service_layover,63.74644723804851,69.92882048779259,34.86858512855656,540,9.0,13:51:30,14:00:30,True,4,,6
2160490,medium,106.0,2.0,40-ft,HTC,MF,14845340,14845280,116,116,60212,60212,Metrotown Station @ Bay 12,Metrotown Station @ Bay 12,60212,Metrotown Station,49950,50190,in_service_layover,61.145316579006284,64.16917867928967,17.05458224559834,240,4.0,13:52:30,13:56:30,True,6,,6
2164977,medium,410.0,33.0,40-ft,HTC,MF,14845630,14845579,119,119,52692,52804,Metrotown Station @ Bay 1,Metrotown Station @ Bay 6,52692,Metrotown Station,50250,50430,in_service_layover,68.7184261446884,70.7324310006662,11.35898738771482,180,3.0,13:57:30,14:00:30,True,5,,6
2162368,medium,430.0,2.0,40-ft,RTC,MF,14874161,14874231,430,430,52692,51999,Metrotown Station @ Bay 1,Metrotown Station @ Bay 3,52692,Metrotown Station,50310,51090,in_service_layover,67.47959451272202,75.29336276402027,44.06965293732213,780,13.0,13:58:30,14:11:30,True,3,,6
2160682,medium,130.0,8.0,40-ft,BTC,MF,14847172,14847026,130,130,52692,52736,Metrotown Station @ Bay 1,Metrotown Station @ Bay 4,52692,Metrotown Station,50490,51570,in_service_layover,65.345103829273,75.91812924169929,59.63186332608427,1080,18.0,14:01:30,14:19:30,True,1,,6
2160419,medium,152.0,14.0,40-ft,PCT,MF,14844752,14844700,110,110,52692,60213,Metrotown Station @ Bay 1,Metrotown Station @ Bay 13,52692,Metrotown Station,50670,51870,in_service_layover,68.55473408755924,79.09039862347586,59.42114798256978,1200,20.0,14:04:30,14:24:30,True,2,,6
2160599,medium,123.0,18.0,40-ft,HTC,MF,14848576,14845291,144,116,52692,60212,Metrotown Station @ Bay 1,Metrotown Station @ Bay 12,52692,Metrotown Station,50790,51030,in_service_layover,65.52296041118457,68.33971311810097,15.886485267008538,240,4.0,14:06:30,14:10:30,True,6,,6
2160064,medium,130.0,7.0,40-ft,BTC,MF,14847147,14846962,130,130,52692,52736,Metrotown Station @ Bay 1,Metrotown Station @ Bay 4,52692,Metrotown Station,50910,51210,in_service_layover,66.39855820400588,69.82536560643635,19.327193749707874,300,5.0,14:08:30,14:13:30,True,4,,6
2160620,medium,123.0,16.0,40-ft,HTC,MF,14845666,14848494,119,144,52692,60214,Metrotown Station @ Bay 1,Metrotown Station @ Bay 14,52692,Metrotown Station,50970,51330,in_service_layover,66.31722801102485,70.3858801913721,22.947198297158423,360,6.0,14:09:30,14:15:30,True,5,,6
2160068,medium,130.0,4.0,40-ft,BTC,MF,14847121,14856743,130,222,52692,52646,Metrotown Station @ Bay 1,Metrotown Station @ Bay 5,52692,Metrotown Station,51450,52470,in_service_layover,68.76501559469693,78.06984518474351,52.47923888786272,1020,17.0,14:17:30,14:34:30,True,6,,6
2160606,medium,410.0,34.0,40-ft,HTC,MF,14848593,14848506,144,144,52692,60214,Metrotown Station @ Bay 1,Metrotown Station @ Bay 14,52692,Metrotown Station,51690,52230,in_service_layover,66.43694579192687,72.2940599460359,33.03412382917497,540,9.0,14:21:30,14:30:30,True,3,,6
2160598,medium,123.0,4.0,40-ft,HTC,MF,14845338,14845258,116,116,60212,60212,Metrotown Station @ Bay 12,Metrotown Station @ Bay 12,60212,Metrotown Station,51750,52050,in_service_layover,57.69941832215281,61.62617263112777,22.14689430261882,300,5.0,14:22:30,14:27:30,True,4,,6
2160703,medium,130.0,5.0,40-ft,BTC,MF,14847114,14846975,130,130,52692,52736,Metrotown Station @ Bay 1,Metrotown Station @ Bay 4,52692,Metrotown Station,52050,52590,in_service_layover,68.6254607453588,74.20485425523924,31.4677793957257,540,9.0,14:27:30,14:36:30,True,5,,6
2162318,medium,430.0,7.0,40-ft,RTC,MF,14874163,14874233,430,430,52692,51999,Metrotown Station @ Bay 1,Metrotown Station @ Bay 3,52692,Metrotown Station,52350,53370,in_service_layover,65.06388928285264,75.26606625295787,57.54027811139349,1020,17.0,14:32:30,14:49:30,True,1,,6
2160418,medium,152.0,5.0,40-ft,PCT,MF,14844720,14844699,110,110,52692,60213,Metrotown Station @ Bay 1,Metrotown Station @ Bay 13,52692,Metrotown Station,52590,53310,in_service_layover,66.41164286477698,73.9114530660375,42.29892953510932,720,12.0,14:36:30,14:48:30,True,2,,6
2160608,medium,410.0,37.0,40-ft,HTC,MF,14848548,14848515,144,144,52692,60214,Metrotown Station @ Bay 1,Metrotown Station @ Bay 14,52692,Metrotown Station,52650,53130,in_service_layover,66.33137590998473,71.61842403423758,29.818951420786107,480,8.0,14:37:30,14:45:30,True,4,,6
2162366,medium,430.0,3.0,40-ft,RTC,MF,14874164,14874234,430,430,52692,51999,Metrotown Station @ Bay 1,Metrotown Station @ Bay 3,52692,Metrotown Station,53250,54390,in_service_layover,64.27305298797617,75.55376837066069,63.623234758340686,1140,19.0,14:47:30,15:06:30,True,3,,6
2160069,medium,130.0,1.0,40-ft,BTC,MF,14847143,14846977,130,130,52692,52736,Metrotown Station @ Bay 1,Metrotown Station @ Bay 4,52692,Metrotown Station,53310,53490,in_service_layover,69.43204587480544,71.41604373039307,11.189747905514196,180,3.0,14:48:30,14:51:30,True,6,,6
2160596,medium,123.0,12.0,40-ft,HTC,MF,14845353,14845262,116,116,60212,60212,Metrotown Station @ Bay 12,Metrotown Station @ Bay 12,60212,Metrotown Station,53610,53910,in_service_layover,59.0525484001333,62.92242814868929,21.826121781855818,300,5.0,14:53:30,14:58:30,True,5,,6
2160603,medium,123.0,25.0,40-ft,HTC,MF,14848567,14848526,144,144,52692,60214,Metrotown Station @ Bay 1,Metrotown Station @ Bay 14,52692,Metrotown Station,53610,54030,in_service_layover,59.02088620937079,64.3449425504632,30.027677763761176,420,7.0,14:53:30,15:00:30,True,4,,6
2162365,medium,430.0,6.0,40-ft,RTC,MF,14874165,14874235,430,430,52692,51999,Metrotown Station @ Bay 1,Metrotown Station @ Bay 3,52692,Metrotown Station,54330,55530,in_service_layover,61.88429501737801,74.24873246457963,69.73542720221712,1200,20.0,15:05:30,15:25:30,True,2,,6
2160597,medium,123.0,31.0,40-ft,HTC,MF,14845354,14845300,116,116,60212,60212,Metrotown Station @ Bay 12,Metrotown Station @ Bay 12,60212,Metrotown Station,54510,54810,in_service_layover,65.85935005337696,69.32085248312367,19.522873703771438,300,5.0,15:08:30,15:13:30,True,1,,6
2160417,medium,152.0,12.0,40-ft,PCT,MF,14844739,14844696,110,110,52692,60213,Metrotown Station @ Bay 1,Metrotown Station @ Bay 13,52692,Metrotown Station,54630,55110,in_service_layover,66.58386690583782,71.8432720215509,29.66304485262168,480,8.0,15:10:30,15:18:30,True,6,,6
2160605,medium,106.0,4.0,40-ft,HTC,MF,14848555,14848521,144,144,52692,60214,Metrotown Station @ Bay 1,Metrotown Station @ Bay 14,52692,Metrotown Station,54690,54930,in_service_layover,62.99874951955291,65.9349788566899,16.560333461452558,240,4.0,15:11:30,15:15:30,True,5,,6
2160691,medium,130.0,3.0,40-ft,BTC,MF,14847135,14846978,130,130,52692,52736,Metrotown Station @ Bay 1,Metrotown Station @ Bay 4,52692,Metrotown Station,55170,55410,in_service_layover,66.75726344559419,69.5127991417664,15.541221326411232,240,4.0,15:19:30,15:23:30,True,4,,6
2162371,medium,430.0,9.0,40-ft,RTC,MF,14874166,14874236,430,430,52692,51999,Metrotown Station @ Bay 1,Metrotown Station @ Bay 3,52692,Metrotown Station,55230,56550,in_service_layover,63.618729007089335,76.31737085404737,71.62034001684327,1320,22.0,15:20:30,15:42:30,True,3,,6
2160687,medium,130.0,6.0,40-ft,BTC,MF,14847117,14846961,130,130,52692,52736,Metrotown Station @ Bay 1,Metrotown Station @ Bay 4,52692,Metrotown Station,55710,56250,in_service_layover,68.78761563316901,74.34596248043853,31.34907621860009,540,9.0,15:28:30,15:37:30,True,1,,6
2160412,medium,152.0,9.0,40-ft,PCT,MF,14844738,14844704,110,110,52692,60213,Metrotown Station @ Bay 1,Metrotown Station @ Bay 13,52692,Metrotown Station,55950,56310,in_service_layover,65.46123635916578,69.59710894985157,23.326321411467802,360,6.0,15:32:30,15:38:30,True,5,,6
2160599,medium,123.0,18.0,40-ft,HTC,MF,14845355,14845247,116,116,60212,60212,Metrotown Station @ Bay 12,Metrotown Station @ Bay 12,60212,Metrotown Station,56610,57030,in_service_layover,62.61978457190573,67.63932539848753,28.31021026192127,420,7.0,15:43:30,15:50:30,True,6,,6
2160408,medium,152.0,2.0,40-ft,PCT,MF,14844764,14844676,110,110,52692,60213,Metrotown Station @ Bay 1,Metrotown Station @ Bay 13,52692,Metrotown Station,57090,57510,in_service_layover,66.84515976654345,71.482488888409,26.154536247321687,420,7.0,15:51:30,15:58:30,True,4,,6
2160064,medium,130.0,7.0,40-ft,BTC,MF,14847082,14847008,130,130,52692,52736,Metrotown Station @ Bay 1,Metrotown Station @ Bay 4,52692,Metrotown Station,57150,57570,in_service_layover,69.36396005666325,73.75253213035796,24.75154649563825,420,7.0,15:52:30,15:59:30,True,2,,6
2162364,medium,430.0,11.0,40-ft,RTC,MF,14874168,14874238,430,430,52692,51999,Metrotown Station @ Bay 1,Metrotown Station @ Bay 3,52692,Metrotown Station,57150,58230,in_service_layover,64.76475799679972,75.48506238768628,60.46251676460025,1080,18.0,15:52:30,16:10:30,True,1,,6
2160598,medium,123.0,4.0,40-ft,HTC,MF,14845335,14895196,116,144,60212,60214,Metrotown Station @ Bay 12,Metrotown Station @ Bay 14,60212,Metrotown Station,57630,57870,in_service_layover,56.1249674614159,59.29242349688548,17.864452040048434,240,4.0,16:00:30,16:04:30,True,5,,6
2162294,medium,430.0,5.0,40-ft,RTC,MF,14874169,14874239,430,430,52692,51999,Metrotown Station @ Bay 1,Metrotown Station @ Bay 3,52692,Metrotown Station,57990,58890,in_service_layover,63.71366378002978,73.25860621887243,53.833475355072494,900,15.0,16:06:30,16:21:30,True,3,,6
2160069,medium,130.0,1.0,40-ft,BTC,MF,14847060,14847030,130,130,52692,52736,Metrotown Station @ Bay 1,Metrotown Station @ Bay 4,52692,Metrotown Station,58050,58410,in_service_layover,68.16882043028197,72.08589514399814,22.092301385359292,360,6.0,16:07:30,16:13:30,True,6,,6
2164977,medium,410.0,33.0,40-ft,HTC,MF,14845622,14845562,119,119,52692,52804,Metrotown Station @ Bay 1,Metrotown Station @ Bay 6,52692,Metrotown Station,58170,58410,in_service_layover,68.82089145345807,71.46569894650533,14.916714260786478,240,4.0,16:09:30,16:13:30,True,4,,6
2160593,medium,410.0,22.0,40-ft,HTC,MF,14848556,14845305,144,116,52692,60212,Metrotown Station @ Bay 1,Metrotown Station @ Bay 12,52692,Metrotown Station,58290,58470,in_service_layover,67.11369642702,69.190597652473,11.713722911554953,180,3.0,16:11:30,16:14:30,True,2,,6
2161040,medium,183.0,10.0,40-ft,PCT,MF,14844726,14844716,110,110,52692,60213,Metrotown Station @ Bay 1,Metrotown Station @ Bay 13,52692,Metrotown Station,58290,58710,in_service_layover,67.58446157191005,72.15039696778635,25.751875632742326,420,7.0,16:11:30,16:18:30,True,5,,6
2160703,medium,130.0,5.0,40-ft,BTC,MF,14847086,14846979,130,130,52692,52736,Metrotown Station @ Bay 1,Metrotown Station @ Bay 4,52692,Metrotown Station,58470,58950,in_service_layover,67.46346314399264,72.62534374899123,29.113006612191953,480,8.0,16:14:30,16:22:30,True,1,,6
2160620,medium,123.0,16.0,40-ft,HTC,MF,14848551,14848472,144,144,52692,60214,Metrotown Station @ Bay 1,Metrotown Station @ Bay 14,52692,Metrotown Station,59190,59490,in_service_layover,68.07492088293029,71.38929083531843,18.69304653146918,300,5.0,16:26:30,16:31:30,True,4,,6
2160699,medium,130.0,2.0,40-ft,BTC,MF,14847078,14846992,130,130,52692,52736,Metrotown Station @ Bay 1,Metrotown Station @ Bay 4,52692,Metrotown Station,59190,59790,in_service_layover,66.94955577785603,73.29897856999725,35.810744547676336,600,10.0,16:26:30,16:36:30,True,6,,6
2162368,medium,430.0,2.0,40-ft,RTC,MF,14874171,14874241,430,430,52692,51999,Metrotown Station @ Bay 1,Metrotown Station @ Bay 3,52692,Metrotown Station,59490,60450,in_service_layover,65.74594129153269,75.33454634762589,54.07973251636565,960,16.0,16:31:30,16:47:30,True,2,,6
2160698,medium,130.0,11.0,40-ft,BTC,MF,14847053,14847010,130,130,52692,52736,Metrotown Station @ Bay 1,Metrotown Station @ Bay 4,52692,Metrotown Station,59850,60150,in_service_layover,65.72580757571241,69.19579213429947,19.57071291043104,300,5.0,16:37:30,16:42:30,True,5,,6
2160569,medium,410.0,8.0,40-ft,HTC,MF,14845621,14845518,119,119,52692,52804,Metrotown Station @ Bay 1,Metrotown Station @ Bay 6,52692,Metrotown Station,60510,60690,in_service_layover,68.71193099480499,70.72620319455719,11.360495206602366,180,3.0,16:48:30,16:51:30,True,3,,6
2160608,medium,410.0,37.0,40-ft,HTC,MF,14848559,14845246,144,116,52692,60212,Metrotown Station @ Bay 1,Metrotown Station @ Bay 12,52692,Metrotown Station,60990,61170,in_service_layover,67.98341402738238,70.027014296372,11.525905517101478,180,3.0,16:56:30,16:59:30,True,1,,6
2160597,medium,123.0,31.0,40-ft,HTC,MF,14845334,14848483,116,144,52692,60214,Metrotown Station @ Bay 1,Metrotown Station @ Bay 14,52692,Metrotown Station,60990,61290,in_service_layover,67.33331118887298,70.6982760663815,18.978401909147976,300,5.0,16:56:30,17:01:30,True,4,,6
2160687,medium,130.0,6.0,40-ft,BTC,MF,14847083,14846946,130,130,52692,52736,Metrotown Station @ Bay 1,Metrotown Station @ Bay 4,52692,Metrotown Station,61410,61770,in_service_layover,69.11200025198193,72.94861756076058,21.6385216215117,360,6.0,17:03:30,17:09:30,True,6,,6
2162318,medium,430.0,7.0,40-ft,RTC,MF,14874174,14874179,430,430,52692,51999,Metrotown Station @ Bay 1,Metrotown Station @ Bay 3,52692,Metrotown Station,61710,62610,in_service_layover,65.7186447804703,74.84530962536368,51.474389725198705,900,15.0,17:08:30,17:23:30,True,5,,6
2160418,medium,152.0,5.0,40-ft,PCT,MF,14844740,14844698,110,110,52692,60213,Metrotown Station @ Bay 1,Metrotown Station @ Bay 13,52692,Metrotown Station,61770,62310,in_service_layover,64.82808328918111,70.8818382967076,34.14317824244944,540,9.0,17:09:30,17:18:30,True,2,,6
2160682,medium,130.0,8.0,40-ft,BTC,MF,14847054,14856727,130,222,52692,52646,Metrotown Station @ Bay 1,Metrotown Station @ Bay 5,52692,Metrotown Station,61830,62070,in_service_layover,68.72538194651979,71.37554563175209,14.946923184710158,240,4.0,17:10:30,17:14:30,True,3,,6
2160603,medium,123.0,25.0,40-ft,HTC,MF,14848550,14848509,144,144,52692,60214,Metrotown Station @ Bay 1,Metrotown Station @ Bay 14,52692,Metrotown Station,61890,62250,in_service_layover,60.2152085509328,64.73186042675316,25.47391657962686,360,6.0,17:11:30,17:17:30,True,1,,6
2164977,medium,410.0,33.0,40-ft,HTC,MF,14845619,14845564,119,119,52692,52804,Metrotown Station @ Bay 1,Metrotown Station @ Bay 6,52692,Metrotown Station,62070,62310,in_service_layover,67.76294278822724,70.46582671574446,15.2442653511971,240,4.0,17:14:30,17:18:30,True,4,,6
2162201,medium,401.0,12.0,40-ft,RTC,MF,14874110,14874180,430,430,52692,51999,Metrotown Station @ Bay 1,Metrotown Station @ Bay 3,52692,Metrotown Station,62430,63510,in_service_layover,69.20304514425528,78.80010899788519,54.12744013447269,1080,18.0,17:20:30,17:38:30,True,6,,6
2160566,medium,410.0,1.0,40-ft,HTC,MF,14845358,14848482,116,144,52692,60214,Metrotown Station @ Bay 1,Metrotown Station @ Bay 14,52692,Metrotown Station,62550,63210,in_service_layover,65.10624774288338,72.27580266367173,40.43628975324623,660,11.0,17:22:30,17:33:30,True,3,,6
2160605,medium,106.0,4.0,40-ft,HTC,MF,14848552,14845255,144,116,52692,60212,Metrotown Station @ Bay 1,Metrotown Station @ Bay 12,52692,Metrotown Station,62790,62970,in_service_layover,61.67438397582043,63.944795891571495,12.805123204835922,180,3.0,17:26:30,17:29:30,True,1,,6
2160064,medium,130.0,7.0,40-ft,BTC,MF,14847084,14856729,130,222,52692,52646,Metrotown Station @ Bay 1,Metrotown Station @ Bay 5,52692,Metrotown Station,62790,63030,in_service_layover,68.51856990190134,71.18025462913543,15.011901861600222,240,4.0,17:26:30,17:30:30,True,2,,6
2160417,medium,152.0,12.0,40-ft,PCT,MF,14844724,14844677,110,110,52692,60213,Metrotown Station @ Bay 1,Metrotown Station @ Bay 13,52692,Metrotown Station,62970,63510,in_service_layover,68.40714834710906,74.01477508599862,31.627014807337105,540,9.0,17:29:30,17:38:30,True,4,,6
2162366,medium,430.0,3.0,40-ft,RTC,MF,14874111,14874181,430,430,52692,51999,Metrotown Station @ Bay 1,Metrotown Station @ Bay 3,52692,Metrotown Station,63210,64230,in_service_layover,66.0063468981731,75.98215898187807,56.263580152095926,1020,17.0,17:33:30,17:50:30,True,5,,6
2160069,medium,130.0,1.0,40-ft,BTC,MF,14847119,14846965,130,130,52692,52736,Metrotown Station @ Bay 1,Metrotown Station @ Bay 4,52692,Metrotown Station,63270,63450,in_service_layover,66.85193291554152,68.9384923162007,11.768195019717723,180,3.0,17:34:30,17:37:30,True,1,,6
2160595,medium,106.0,10.0,40-ft,HTC,MF,14845317,14845299,116,116,60212,60212,Metrotown Station @ Bay 12,Metrotown Station @ Bay 12,60212,Metrotown Station,63270,63750,in_service_layover,61.36091181935769,67.16016128660641,32.70776699528278,480,8.0,17:34:30,17:42:30,True,2,,6
2160596,medium,123.0,12.0,40-ft,HTC,MF,14845359,14848493,116,144,52692,60214,Metrotown Station @ Bay 1,Metrotown Station @ Bay 14,52692,Metrotown Station,63810,64110,in_service_layover,59.763339057832376,63.591228141386416,21.58929443124481,300,5.0,17:43:30,17:48:30,True,3,,6
2160412,medium,152.0,9.0,40-ft,PCT,MF,14844735,14844687,110,110,52692,60213,Metrotown Station @ Bay 1,Metrotown Station @ Bay 13,52692,Metrotown Station,64170,64710,in_service_layover,68.1072633323452,73.7534817952139,31.844672130579568,540,9.0,17:49:30,17:58:30,True,1,,6
2160569,medium,410.0,8.0,40-ft,HTC,MF,14845616,14845540,119,119,52692,52804,Metrotown Station @ Bay 1,Metrotown Station @ Bay 6,52692,Metrotown Station,64410,64650,in_service_layover,67.0234470362791,69.76528920376403,15.463989824614998,240,4.0,17:53:30,17:57:30,True,4,,6
2162365,medium,430.0,6.0,40-ft,RTC,MF,14874113,14874183,430,430,52692,51999,Metrotown Station @ Bay 1,Metrotown Station @ Bay 3,52692,Metrotown Station,64590,66030,in_service_layover,64.70131099209205,77.84453777287695,74.12779904362674,1440,24.0,17:56:30,18:20:30,True,6,,6
2160599,medium,123.0,18.0,40-ft,HTC,MF,14845347,14845566,116,119,60212,52804,Metrotown Station @ Bay 12,Metrotown Station @ Bay 6,60212,Metrotown Station,64650,65430,in_service_layover,60.377044540956845,69.44887600413907,51.165129452347685,780,13.0,17:57:30,18:10:30,True,2,,6
2160408,medium,152.0,2.0,40-ft,PCT,MF,14844723,14844691,110,110,52692,60213,Metrotown Station @ Bay 1,Metrotown Station @ Bay 13,52692,Metrotown Station,65310,65910,in_service_layover,69.67323298973042,75.63154708967382,33.60489152368075,600,10.0,18:08:30,18:18:30,True,3,,6
2160550,medium,106.0,12.0,40-ft,HTC,MF,14845346,14845254,116,116,60212,60212,Metrotown Station @ Bay 12,Metrotown Station @ Bay 12,60212,Metrotown Station,65370,65550,in_service_layover,68.19893368624288,70.23399385511307,11.477739352427875,180,3.0,18:09:30,18:12:30,True,5,,6
2160598,medium,123.0,4.0,40-ft,HTC,MF,14848563,14848520,144,144,52692,60214,Metrotown Station @ Bay 1,Metrotown Station @ Bay 14,52692,Metrotown Station,65370,65910,in_service_layover,51.34638079560722,58.40683622721512,39.820968634268525,540,9.0,18:09:30,18:18:30,True,4,,6
2164977,medium,410.0,33.0,40-ft,HTC,MF,14845614,14845538,119,119,52692,52804,Metrotown Station @ Bay 1,Metrotown Station @ Bay 6,52692,Metrotown Station,65910,66150,in_service_layover,66.76307055746634,69.51830943741999,15.539547282938543,240,4.0,18:18:30,18:22:30,True,1,,6
2160606,medium,410.0,34.0,40-ft,HTC,MF,14845345,14845253,116,116,60212,60212,Metrotown Station @ Bay 12,Metrotown Station @ Bay 12,60212,Metrotown Station,66210,66450,in_service_layover,67.30341233386179,70.0306637725787,15.381698114363417,240,4.0,18:23:30,18:27:30,True,2,,6
2160687,medium,130.0,6.0,40-ft,BTC,MF,14847085,14847018,130,130,52692,52736,Metrotown Station @ Bay 1,Metrotown Station @ Bay 4,52692,Metrotown Station,66390,66570,in_service_layover,67.71465533230396,69.7687450874822,11.585066219205203,180,3.0,18:26:30,18:29:30,True,5,,6
2160688,medium,210.0,8.0,40-ft,BTC,MF,14856784,14847037,222,130,52692,52736,Metrotown Station @ Bay 1,Metrotown Station @ Bay 4,52692,Metrotown Station,66570,66990,in_service_layover,55.299128358032036,60.807367614989175,31.066469409238266,420,7.0,18:29:30,18:36:30,True,3,,6
2162294,medium,430.0,5.0,40-ft,RTC,MF,14874117,14874185,430,430,52692,51999,Metrotown Station @ Bay 1,Metrotown Station @ Bay 3,52692,Metrotown Station,66990,67770,in_service_layover,63.711184746384845,72.20791558570761,47.92156193378037,780,13.0,18:36:30,18:49:30,True,4,,6
2160690,medium,130.0,10.0,40-ft,BTC,MF,14856785,14846969,222,130,52692,52736,Metrotown Station @ Bay 1,Metrotown Station @ Bay 4,52692,Metrotown Station,67050,67830,in_service_layover,66.68976425289833,74.64957271237311,44.893319711437755,780,13.0,18:37:30,18:50:30,True,6,,6
2160682,medium,130.0,8.0,40-ft,BTC,MF,14847055,14847011,130,130,52692,52736,Metrotown Station @ Bay 1,Metrotown Station @ Bay 4,52692,Metrotown Station,67230,67410,in_service_layover,64.68483138786608,66.84848984928927,12.203033722426767,180,3.0,18:40:30,18:43:30,True,1,,6
2160605,medium,106.0,4.0,40-ft,HTC,MF,14845316,14848477,116,144,52692,60214,Metrotown Station @ Bay 1,Metrotown Station @ Bay 14,52692,Metrotown Station,68190,68610,in_service_layover,59.077191104848644,64.39670169562474,30.00203973197722,420,7.0,18:56:30,19:03:30,True,2,,6
2162368,medium,430.0,2.0,40-ft,RTC,MF,14874119,14874187,430,430,52692,51999,Metrotown Station @ Bay 1,Metrotown Station @ Bay 3,52692,Metrotown Station,68670,69570,in_service_layover,65.78712487513832,74.89932839058872,51.39282782714031,900,15.0,19:04:30,19:19:30,True,5,,6
2160603,medium,123.0,25.0,40-ft,HTC,MF,14848554,14845278,144,116,52692,60212,Metrotown Station @ Bay 1,Metrotown Station @ Bay 12,52692,Metrotown Station,69450,70170,in_service_layover,61.28029056428787,69.61215068674387,46.99169109065184,720,12.0,19:17:30,19:29:30,True,3,,6
2160609,medium,123.0,36.0,40-ft,HTC,MF,14845330,14848486,116,144,52692,60214,Metrotown Station @ Bay 1,Metrotown Station @ Bay 14,52692,Metrotown Station,69930,70410,in_service_layover,65.52008973305536,70.89489459606004,30.313899427346428,480,8.0,19:25:30,19:33:30,True,1,,6
2160417,medium,152.0,12.0,40-ft,PCT,MF,14844762,14844673,110,110,52692,60213,Metrotown Station @ Bay 1,Metrotown Station @ Bay 13,52692,Metrotown Station,70530,71010,in_service_layover,64.9314053091422,70.36887365430489,30.667321466717453,480,8.0,19:35:30,19:43:30,True,4,,6
2165305,medium,123.0,35.0,40-ft,HTC,MF,14845608,14845581,119,119,52692,52804,Metrotown Station @ Bay 1,Metrotown Station @ Bay 6,52692,Metrotown Station,70770,71190,in_service_layover,68.40003074768417,72.88564609565128,25.29887056253449,420,7.0,19:39:30,19:46:30,True,6,,6
2160596,medium,123.0,12.0,40-ft,HTC,MF,14848569,14845277,144,116,52692,60212,Metrotown Station @ Bay 1,Metrotown Station @ Bay 12,52692,Metrotown Station,71550,71970,in_service_layover,67.10633300225773,71.71859447605115,26.01315471219482,420,7.0,19:52:30,19:59:30,True,2,,6
2160606,medium,410.0,34.0,40-ft,HTC,MF,14845329,14848480,116,144,52692,60214,Metrotown Station @ Bay 1,Metrotown Station @ Bay 14,52692,Metrotown Station,71550,72210,in_service_layover,66.77581394336919,73.6907028004838,38.99997315412645,660,11.0,19:52:30,20:03:30,True,5,,6
2162366,medium,430.0,3.0,40-ft,RTC,MF,14874122,14874189,430,430,52692,51999,Metrotown Station @ Bay 1,Metrotown Station @ Bay 3,52692,Metrotown Station,71790,71970,in_service_layover,66.43473750939049,68.53634104687904,11.853043951435495,180,3.0,19:56:30,19:59:30,True,3,,6
2160408,medium,152.0,2.0,40-ft,PCT,MF,14844731,14844681,110,110,52692,60213,Metrotown Station @ Bay 1,Metrotown Station @ Bay 13,52692,Metrotown Station,72210,72810,in_service_layover,66.54817731281743,72.95369220423572,36.12710398759924,600,10.0,20:03:30,20:13:30,True,1,,6
2160569,medium,410.0,8.0,40-ft,HTC,MF,14845668,14845531,119,119,52692,52804,Metrotown Station @ Bay 1,Metrotown Station @ Bay 6,52692,Metrotown Station,72930,73530,in_service_layover,69.53475078805053,75.5133913369848,33.719532695989244,600,10.0,20:15:30,20:25:30,True,4,,6
2160567,medium,410.0,58.0,40-ft,HTC,MF,14845328,14845276,116,116,60212,60212,Metrotown Station @ Bay 12,Metrotown Station @ Bay 12,60212,Metrotown Station,73230,73770,in_service_layover,68.80825862813631,74.36392217311203,31.333942393663108,540,9.0,20:20:30,20:29:30,True,6,,6
2160610,medium,106.0,16.0,40-ft,HTC,MF,14848600,14848523,144,144,52692,60214,Metrotown Station @ Bay 1,Metrotown Station @ Bay 14,52692,Metrotown Station,73350,73950,in_service_layover,68.58415962078858,74.7010520237734,34.499273152834405,600,10.0,20:22:30,20:32:30,True,2,,6
2162370,medium,430.0,14.0,40-ft,RTC,MF,14874123,14874190,430,430,52692,51999,Metrotown Station @ Bay 1,Metrotown Station @ Bay 3,52692,Metrotown Station,73530,73830,in_service_layover,63.57013221740749,67.17118823292715,20.309955927530837,300,5.0,20:25:30,20:30:30,True,3,,6
2161040,medium,183.0,10.0,40-ft,PCT,MF,14844760,14844680,110,110,52692,60213,Metrotown Station @ Bay 1,Metrotown Station @ Bay 13,52692,Metrotown Station,73950,74610,in_service_layover,67.55726167981237,74.35059532807054,38.314401776176,660,11.0,20:32:30,20:43:30,True,5,,6
2165305,medium,123.0,35.0,40-ft,HTC,MF,14845605,14845529,119,119,52692,52804,Metrotown Station @ Bay 1,Metrotown Station @ Bay 6,52692,Metrotown Station,74790,75330,in_service_layover,69.18288993737318,74.68966207855209,31.058194876249047,540,9.0,20:46:30,20:55:30,True,1,,6
2160603,medium,123.0,25.0,40-ft,HTC,MF,14845327,14845275,116,116,60212,60212,Metrotown Station @ Bay 12,Metrotown Station @ Bay 12,60212,Metrotown Station,75030,75570,in_service_layover,67.04873995222536,72.82940565303741,32.60295455258,540,9.0,20:50:30,20:59:30,True,4,,6
2160605,medium,106.0,4.0,40-ft,HTC,MF,14848562,14848495,144,144,52692,60214,Metrotown Station @ Bay 1,Metrotown Station @ Bay 14,52692,Metrotown Station,75090,75750,in_service_layover,60.263363245862564,68.13278949087491,44.38356402186963,660,11.0,20:51:30,21:02:30,True,6,,6
2162369,medium,430.0,17.0,40-ft,RTC,MF,14874124,14874191,430,430,52692,51999,Metrotown Station @ Bay 1,Metrotown Station @ Bay 3,52692,Metrotown Station,75330,75630,in_service_layover,63.57013221740749,67.17118823292715,20.309955927530837,300,5.0,20:55:30,21:00:30,True,3,,6
2160609,medium,123.0,36.0,40-ft,HTC,MF,14848594,14848530,144,144,52692,60214,Metrotown Station @ Bay 1,Metrotown Station @ Bay 14,52692,Metrotown Station,76710,77550,in_service_layover,65.50702258648494,74.18934150748407,48.9682787144352,840,14.0,21:18:30,21:32:30,True,2,,6
2160596,medium,123.0,12.0,40-ft,HTC,MF,14845315,14845274,116,116,60212,60212,Metrotown Station @ Bay 12,Metrotown Station @ Bay 12,60212,Metrotown Station,76830,77370,in_service_layover,68.92116670596755,74.46213129435063,31.251040278480616,540,9.0,21:20:30,21:29:30,True,5,,6
2160550,medium,106.0,12.0,40-ft,HTC,MF,14845601,14845526,119,119,52692,52804,Metrotown Station @ Bay 1,Metrotown Station @ Bay 6,52692,Metrotown Station,77370,78030,in_service_layover,69.94202006495985,76.35510308495597,36.16978823277822,660,11.0,21:29:30,21:40:30,True,1,,6
2160417,medium,152.0,12.0,40-ft,PCT,MF,14844736,14844683,110,110,52692,60213,Metrotown Station @ Bay 1,Metrotown Station @ Bay 13,52692,Metrotown Station,77370,78210,in_service_layover,68.22370161534131,76.36503166675145,45.917101489953154,840,14.0,21:29:30,21:43:30,True,4,,6
2160606,medium,410.0,34.0,40-ft,HTC,MF,14848589,14848475,144,144,52692,60214,Metrotown Station @ Bay 1,Metrotown Station @ Bay 14,52692,Metrotown Station,78270,79350,in_service_layover,67.43412041121113,77.47342841771786,56.62169715669796,1080,18.0,21:44:30,22:02:30,True,3,,6
2160567,medium,410.0,58.0,40-ft,HTC,MF,14845325,14845272,116,116,60212,60212,Metrotown Station @ Bay 12,Metrotown Station @ Bay 12,60212,Metrotown Station,78750,79050,in_service_layover,66.4840021227318,69.90524598612794,19.295815389554207,300,5.0,21:52:30,21:57:30,True,6,,6
2162366,medium,430.0,3.0,40-ft,RTC,MF,14874126,14874193,430,430,52692,51999,Metrotown Station @ Bay 1,Metrotown Station @ Bay 3,52692,Metrotown Station,78930,79350,in_service_layover,58.98891957439146,64.31553136924182,30.042090522956073,420,7.0,21:55:30,22:02:30,True,5,,6
2160565,medium,123.0,39.0,40-ft,HTC,MF,14845599,14845525,119,119,52692,52804,Metrotown Station @ Bay 1,Metrotown Station @ Bay 6,52692,Metrotown Station,79230,79830,in_service_layover,69.98053713997338,75.89357689761152,33.34954423307914,600,10.0,22:00:30,22:10:30,True,2,,6
2160603,medium,123.0,25.0,40-ft,HTC,MF,14845324,14848517,116,144,52692,60214,Metrotown Station @ Bay 1,Metrotown Station @ Bay 14,52692,Metrotown Station,80430,81390,in_service_layover,69.85706859781654,78.49947223527468,48.74315651526399,960,16.0,22:20:30,22:36:30,True,1,,6
2161040,medium,183.0,10.0,40-ft,PCT,MF,14844758,14844689,110,110,52692,60213,Metrotown Station @ Bay 1,Metrotown Station @ Bay 13,52692,Metrotown Station,80970,81510,in_service_layover,65.26722555121412,71.26793970256156,33.844027813599496,540,9.0,22:29:30,22:38:30,True,4,,6
2160687,medium,130.0,6.0,40-ft,BTC,MF,14847127,14846952,130,130,52692,52736,Metrotown Station @ Bay 1,Metrotown Station @ Bay 4,52692,Metrotown Station,81330,81510,in_service_layover,69.81699222054156,71.78428284626554,11.095519129083243,180,3.0,22:35:30,22:38:30,True,6,,6
2160596,medium,123.0,12.0,40-ft,HTC,MF,14845323,14845524,116,119,52692,52804,Metrotown Station @ Bay 1,Metrotown Station @ Bay 6,52692,Metrotown Station,82230,83430,in_service_layover,66.53510912490694,77.61129256253115,62.46967458820063,1200,20.0,22:50:30,23:10:30,True,3,,6
2160690,medium,130.0,10.0,40-ft,BTC,MF,14847128,14846927,130,130,52692,52736,Metrotown Station @ Bay 1,Metrotown Station @ Bay 4,52692,Metrotown Station,83130,83310,in_service_layover,68.82024268600992,70.83004294811184,11.335273478254862,180,3.0,23:05:30,23:08:30,True,5,,6
2162641,medium,701.0,10.0,40-ft,PCT,MF,14844757,14844697,110,110,52692,60213,Metrotown Station @ Bay 1,Metrotown Station @ Bay 13,52692,Metrotown Station,83130,83610,in_service_layover,66.14059290860975,71.44842394233798,29.936167030227182,480,8.0,23:05:30,23:13:30,True,2,,6
2160609,medium,123.0,36.0,40-ft,HTC,MF,14848541,14848479,144,144,52692,60214,Metrotown Station @ Bay 1,Metrotown Station @ Bay 14,52692,Metrotown Station,83370,83550,in_service_layover,67.27097051791844,69.34198782829466,11.680537630521883,180,3.0,23:09:30,23:12:30,True,1,,6
2160550,medium,106.0,12.0,40-ft,HTC,MF,14845595,14845523,119,119,52692,52804,Metrotown Station @ Bay 1,Metrotown Station @ Bay 6,52692,Metrotown Station,84330,85230,in_service_layover,68.94959076839979,77.38138790312595,47.555335839855616,900,15.0,23:25:30,23:40:30,True,4,,6
2160606,medium,410.0,34.0,40-ft,HTC,MF,14848570,14848529,144,144,52692,60214,Metrotown Station @ Bay 1,Metrotown Station @ Bay 14,52692,Metrotown Station,85170,85350,in_service_layover,67.19202613113808,69.26600451733987,11.697238098178104,180,3.0,23:39:30,23:42:30,True,6,,6
2160562,medium,410.0,55.0,40-ft,HTC,MF,14845361,14845522,116,119,52692,52804,Metrotown Station @ Bay 1,Metrotown Station @ Bay 6,52692,Metrotown Station,85830,87210,in_service_layover,59.39273768184228,73.82995652923047,81.42591429926938,1380,23.0,23:50:30,24:13:30,True,5,,6
2160690,medium,130.0,10.0,40-ft,BTC,MF,14847130,14846929,130,130,52692,52736,Metrotown Station @ Bay 1,Metrotown Station @ Bay 4,52692,Metrotown Station,86490,86910,in_service_layover,68.86094464319706,73.30044323476987,25.038772056470634,420,7.0,24:01:30,24:08:30,True,3,,6
2160603,medium,123.0,25.0,40-ft,HTC,MF,14848586,14848532,144,144,52692,60214,Metrotown Station @ Bay 1,Metrotown Station @ Bay 14,52692,Metrotown Station,86910,87570,in_service_layover,68.21806994869489,74.90744023889059,37.728048436703716,660,11.0,24:08:30,24:19:30,True,1,,6
2160690,medium,130.0,10.0,40-ft,BTC,MF,14847132,14846966,130,130,52692,52736,Metrotown Station @ Bay 1,Metrotown Station @ Bay 4,52692,Metrotown Station,89910,90210,in_service_layover,68.06648100631325,71.38143439259044,18.696337098603294,300,5.0,24:58:30,25:03:30,True,2,,6
2160408,medium,152.0,2.0,40-ft,PCT,MF,14844746,14844717,110,110,52692,60213,Metrotown Station @ Bay 1,Metrotown Station @ Bay 13,52692,Metrotown Station,90450,90810,in_service_layover,68.28731989545642,72.1944064326955,22.03596807002839,360,6.0,25:07:30,25:13:30,True,4,,6
2160550,medium,106.0,12.0,40-ft,HTC,MF,14845591,14845519,119,119,52692,52804,Metrotown Station @ Bay 1,Metrotown Station @ Bay 6,52692,Metrotown Station,91110,92610,in_service_layover,69.97587558656974,81.89345229123704,67.21513261432358,1500,25.0,25:18:30,25:43:30,True,6,,6
2160687,medium,130.0,6.0,40-ft,BTC,MF,14847133,14846967,130,130,52692,52736,Metrotown Station @ Bay 1,Metrotown Station @ Bay 4,52692,Metrotown Station,91470,92010,in_service_layover,66.20850716762641,72.09393055357141,33.193787896729816,540,9.0,25:24:30,25:33:30,True,3,,6
2161037,medium,701.0,1.0,40-ft,PCT,MF,14853808,14853756,183,183,58945,61911,Moody Centre Station @ Bay 1 Unloading Only,Moody Centre Station @ Bay 3,58945,Moody Centre Station,32190,32490,in_service_layover,65.59544076281972,69.07366345514075,19.617175984690505,300,5.0,08:56:30,09:01:30,True,1,,2
2161036,medium,183.0,2.0,40-ft,PCT,MF,14853810,14853758,183,183,58945,61911,Moody Centre Station @ Bay 1 Unloading Only,Moody Centre Station @ Bay 3,58945,Moody Centre Station,35310,35790,in_service_layover,68.7265323418988,73.74503930819455,28.304379289907956,480,8.0,09:48:30,09:56:30,True,2,,2
2161034,medium,183.0,5.0,40-ft,PCT,MF,14853811,14853759,183,183,58945,61911,Moody Centre Station @ Bay 1 Unloading Only,Moody Centre Station @ Bay 3,58945,Moody Centre Station,36930,37590,in_service_layover,66.47314643953884,73.4347123294506,39.26323161910233,660,11.0,10:15:30,10:26:30,True,1,,2
2160832,medium,183.0,4.0,40-ft,PCT,MF,14853814,14853762,183,183,58945,61911,Moody Centre Station @ Bay 1 Unloading Only,Moody Centre Station @ Bay 3,58945,Moody Centre Station,42390,42990,in_service_layover,60.702739715089905,67.88018215214653,40.48077534499936,600,10.0,11:46:30,11:56:30,True,2,,2
2161035,medium,183.0,6.0,40-ft,PCT,MF,14853816,14853764,183,183,58945,61911,Moody Centre Station @ Bay 1 Unloading Only,Moody Centre Station @ Bay 3,58945,Moody Centre Station,46050,46590,in_service_layover,66.94994714014625,72.74302044475438,32.672933437989855,540,9.0,12:47:30,12:56:30,True,1,,2
2160913,medium,183.0,3.0,40-ft,PCT,MF,14853817,14853765,183,183,58945,61911,Moody Centre Station @ Bay 1 Unloading Only,Moody Centre Station @ Bay 3,58945,Moody Centre Station,47970,48390,in_service_layover,69.36683107470706,73.75511083079695,24.749897824346988,420,7.0,13:19:30,13:26:30,True,2,,2
2161034,medium,183.0,5.0,40-ft,PCT,MF,14853818,14853766,183,183,58945,61911,Moody Centre Station @ Bay 1 Unloading Only,Moody Centre Station @ Bay 3,58945,Moody Centre Station,49770,50010,in_service_layover,67.31106291578746,70.03791286186795,15.379433695893965,240,4.0,13:49:30,13:53:30,True,1,,2
2161035,medium,183.0,6.0,40-ft,PCT,MF,14853819,14853767,183,183,58945,61911,Moody Centre Station @ Bay 1 Unloading Only,Moody Centre Station @ Bay 3,58945,Moody Centre Station,51690,51870,in_service_layover,65.97184150819366,68.08986131286764,11.94563169836124,180,3.0,14:21:30,14:24:30,True,2,,2
2160832,medium,183.0,4.0,40-ft,PCT,MF,14853820,14853768,183,183,58945,61911,Moody Centre Station @ Bay 1 Unloading Only,Moody Centre Station @ Bay 3,58945,Moody Centre Station,53550,53790,in_service_layover,67.84530968176581,70.54377096562223,15.219321640950227,240,4.0,14:52:30,14:56:30,True,1,,2
2161034,medium,183.0,5.0,40-ft,PCT,MF,14853821,14853769,183,183,58945,61911,Moody Centre Station @ Bay 1 Unloading Only,Moody Centre Station @ Bay 3,58945,Moody Centre Station,55470,55890,in_service_layover,63.26673392530723,68.23060438576036,27.996229396955584,420,7.0,15:24:30,15:31:30,True,2,,2
2161016,medium,183.0,11.0,40-ft,PCT,MF,14853800,14853738,183,183,58945,61911,Moody Centre Station @ Bay 1 Unloading Only,Moody Centre Station @ Bay 3,58945,Moody Centre Station,62730,63030,in_service_layover,68.8652551860715,72.12421503698356,18.380533559144055,300,5.0,17:25:30,17:30:30,True,1,,2
2160825,medium,151.0,10.0,40-ft,PCT,MF,14853227,14853271,180,180,58945,61891,Moody Centre Station @ Bay 1 Unloading Only,Moody Centre Station @ Bay 6,58945,Moody Centre Station,62790,63030,in_service_layover,63.43673877894611,66.35225940405505,16.44353632561439,240,4.0,17:26:30,17:30:30,True,2,,2
2160825,medium,151.0,10.0,40-ft,PCT,MF,14853222,14853266,180,180,58945,61891,Moody Centre Station @ Bay 1 Unloading Only,Moody Centre Station @ Bay 6,58945,Moody Centre Station,67230,67530,in_service_layover,65.66527825118884,69.13909293111304,19.592314794772506,300,5.0,18:40:30,18:45:30,True,1,,2
2160913,medium,183.0,3.0,40-ft,PCT,MF,14853823,14853735,183,183,58945,61911,Moody Centre Station @ Bay 1 Unloading Only,Moody Centre Station @ Bay 3,58945,Moody Centre Station,70170,70470,in_service_layover,67.18158861384238,70.55673761604493,19.0358403724224,300,5.0,19:29:30,19:34:30,True,2,,2
2160462,medium,410.0,43.0,40-ft,HTC,MF,14873220,14846104,410,123,58322,61651,22nd Street Station @ Unloading Only,New Westminster Station @ Bay 4,61651,New Westminster Station,3690,3990,interline_end,54.99407779947134,58.94386164892265,22.276780910905302,300,5.0,01:01:30,01:06:30,True,1,,4
2163954,medium,123.0,32.0,40-ft,HTC,MF,14844995,14845001,112,112,52605,61657,Edmonds Station @ Bay 5,New Westminster Station @ Bay 10,61657,New Westminster Station,4950,5250,interline_end,68.56505712704177,71.84524488782998,18.50025897084555,300,5.0,01:22:30,01:27:30,True,2,,4
2160496,medium,123.0,1.0,40-ft,HTC,MF,14873239,14845016,410,112,58322,61657,22nd Street Station @ Unloading Only,New Westminster Station @ Bay 10,61657,New Westminster Station,29610,29910,interline_end,67.46051243800542,70.8168955367253,18.930000676780082,300,5.0,08:13:30,08:18:30,True,3,,4
2160496,medium,123.0,1.0,40-ft,HTC,MF,14844930,14846109,112,123,61657,61651,New Westminster Station @ Bay 10,New Westminster Station @ Bay 4,61657,New Westminster Station,32550,32790,in_service_layover,67.83495509245937,70.5339733028288,15.222462706483554,240,4.0,09:02:30,09:06:30,True,4,,4
2160569,medium,410.0,8.0,40-ft,HTC,MF,14846062,14845037,123,112,61678,61657,New Westminster Station @ Unloading Only,New Westminster Station @ Bay 10,61678,New Westminster Station,33330,33570,in_service_layover,68.99712200480671,71.63198734852368,14.860640538563757,240,4.0,09:15:30,09:19:30,True,1,,4
2160492,medium,106.0,1.0,40-ft,HTC,MF,14844044,14844126,106,106,61650,61654,New Westminster Station @ Bay 3,New Westminster Station @ Bay 7,61650,New Westminster Station,34590,34830,in_service_layover,69.14171079687176,71.76836204782518,14.814313055377227,240,4.0,09:36:30,09:40:30,True,2,,4
2160497,medium,123.0,7.0,40-ft,HTC,MF,14846044,14845039,123,112,61678,61657,New Westminster Station @ Unloading Only,New Westminster Station @ Bay 10,61678,New Westminster Station,35130,35370,in_service_layover,67.7232324805034,70.42824261651258,15.256257167091803,240,4.0,09:45:30,09:49:30,True,3,,4
2160506,medium,123.0,2.0,40-ft,HTC,MF,14844034,14844206,106,106,61650,61654,New Westminster Station @ Bay 3,New Westminster Station @ Bay 7,61650,New Westminster Station,35250,35550,in_service_layover,69.78171615333146,72.97449739996732,18.007286231026285,300,5.0,09:47:30,09:52:30,True,4,,4
2160559,medium,123.0,9.0,40-ft,HTC,MF,14846015,14845040,123,112,61678,61657,New Westminster Station @ Unloading Only,New Westminster Station @ Bay 10,61678,New Westminster Station,36030,36270,in_service_layover,66.94121983201215,69.68731077850711,15.487952938231501,240,4.0,10:00:30,10:04:30,True,1,,4
2160500,medium,123.0,6.0,40-ft,HTC,MF,14844047,14844151,106,106,61650,61654,New Westminster Station @ Bay 3,New Westminster Station @ Bay 7,61650,New Westminster Station,36690,36990,in_service_layover,68.69699298127425,71.96787856992843,18.447794720009597,300,5.0,10:11:30,10:16:30,True,2,,4
2164557,medium,106.0,6.0,40-ft,HTC,MF,14844954,14845041,112,112,61657,61657,New Westminster Station @ Bay 10,New Westminster Station @ Bay 10,61657,New Westminster Station,36810,37170,in_service_layover,69.06110703148505,72.90212199343533,21.663324385399562,360,6.0,10:13:30,10:19:30,True,3,,4
2160497,medium,123.0,7.0,40-ft,HTC,MF,14844955,14845042,112,112,61657,61657,New Westminster Station @ Bay 10,New Westminster Station @ Bay 10,61657,New Westminster Station,37710,38070,in_service_layover,67.44630217224666,71.42352901474787,22.431559391706855,360,6.0,10:28:30,10:34:30,True,4,,4
2160559,medium,123.0,9.0,40-ft,HTC,MF,14844956,14845043,112,112,61657,61657,New Westminster Station @ Bay 10,New Westminster Station @ Bay 10,61657,New Westminster Station,38610,38970,in_service_layover,66.70537033424118,70.74294750817332,22.771935260977273,360,6.0,10:43:30,10:49:30,True,1,,4
2164557,medium,106.0,6.0,40-ft,HTC,MF,14844957,14844977,112,112,61657,61657,New Westminster Station @ Bay 10,New Westminster Station @ Bay 10,61657,New Westminster Station,39510,39750,in_service_layover,69.9201815491694,72.50172310551001,14.559894377760997,240,4.0,10:58:30,11:02:30,True,2,,4
2160506,medium,123.0,2.0,40-ft,HTC,MF,14844091,14844145,106,106,61650,61654,New Westminster Station @ Bay 3,New Westminster Station @ Bay 7,61650,New Westminster Station,39690,39870,in_service_layover,68.8538741565759,70.86227995217217,11.327408687162915,180,3.0,11:01:30,11:04:30,True,3,,4
2160458,medium,123.0,21.0,40-ft,HTC,MF,14843570,14844978,104,112,58322,61657,22nd Street Station @ Unloading Only,New Westminster Station @ Bay 10,61657,New Westminster Station,40170,40470,interline_end,67.82918725905553,71.16047214780895,18.788446772569273,300,5.0,11:09:30,11:14:30,True,4,,4
2160497,medium,123.0,7.0,40-ft,HTC,MF,14844958,14844121,112,106,61657,61654,New Westminster Station @ Bay 10,New Westminster Station @ Bay 7,61657,New Westminster Station,40410,40590,in_service_layover,68.44158857048195,70.4668965450011,11.422736976288093,180,3.0,11:13:30,11:16:30,True,1,,4
2160559,medium,123.0,9.0,40-ft,HTC,MF,14844959,14844980,112,112,61657,61657,New Westminster Station @ Bay 10,New Westminster Station @ Bay 10,61657,New Westminster Station,41430,42150,in_service_layover,67.76100706390739,75.03125135772886,41.004177817153106,720,12.0,11:30:30,11:42:30,True,2,,4
2164557,medium,106.0,6.0,40-ft,HTC,MF,14844960,14844981,112,112,61657,61657,New Westminster Station @ Bay 10,New Westminster Station @ Bay 10,61657,New Westminster Station,42090,43110,in_service_layover,69.51978266124408,78.64378603897005,51.45937905037454,1020,17.0,11:41:30,11:58:30,True,3,,4
2160458,medium,123.0,21.0,40-ft,HTC,MF,14844961,14845013,112,112,61657,61657,New Westminster Station @ Bay 10,New Westminster Station @ Bay 10,61657,New Westminster Station,42990,43950,in_service_layover,68.17853170354302,77.21025350022205,50.93891093326977,960,16.0,11:56:30,12:12:30,True,4,,4
2160560,medium,123.0,26.0,40-ft,HTC,MF,14844962,14844982,112,112,61657,61657,New Westminster Station @ Bay 10,New Westminster Station @ Bay 10,61657,New Westminster Station,43890,44910,in_service_layover,69.45484228410128,78.59431730276926,51.5466391052874,1020,17.0,12:11:30,12:28:30,True,1,,4
2160506,medium,123.0,2.0,40-ft,HTC,MF,14844107,14844141,106,106,61650,61654,New Westminster Station @ Bay 3,New Westminster Station @ Bay 7,61650,New Westminster Station,44010,44190,in_service_layover,69.42590402954539,71.4101655112382,11.191234756747406,180,3.0,12:13:30,12:16:30,True,2,,4
2160499,medium,123.0,3.0,40-ft,HTC,MF,14846025,14846136,123,123,61678,61651,New Westminster Station @ Unloading Only,New Westminster Station @ Bay 4,61678,New Westminster Station,44190,44370,in_service_layover,60.532452080392716,62.84335803498872,13.033509583921443,180,3.0,12:16:30,12:19:30,True,3,,4
2160497,medium,123.0,7.0,40-ft,HTC,MF,14844081,14844196,106,106,61650,61654,New Westminster Station @ Bay 3,New Westminster Station @ Bay 7,61650,New Westminster Station,44730,44910,in_service_layover,69.051853819606,71.05199443483808,11.280793069908896,180,3.0,12:25:30,12:28:30,True,4,,4
2160558,medium,106.0,8.0,40-ft,HTC,MF,14846050,14846123,123,123,61678,61651,New Westminster Station @ Unloading Only,New Westminster Station @ Bay 4,61678,New Westminster Station,45090,45270,in_service_layover,59.63946439249865,61.983072839071895,13.217951638673071,180,3.0,12:31:30,12:34:30,True,2,,4
2160500,medium,123.0,6.0,40-ft,HTC,MF,14844052,14844113,106,106,61650,61654,New Westminster Station @ Bay 3,New Westminster Station @ Bay 7,61650,New Westminster Station,45450,45630,in_service_layover,69.56008075186276,71.5385622001501,11.158635368340583,180,3.0,12:37:30,12:40:30,True,3,,4
2163954,medium,123.0,32.0,40-ft,HTC,MF,14846016,14846094,123,123,61678,61651,New Westminster Station @ Unloading Only,New Westminster Station @ Bay 4,61678,New Westminster Station,45990,46170,in_service_layover,63.95927938774623,66.14866664349991,12.348144122450776,180,3.0,12:46:30,12:49:30,True,1,,4
2160498,medium,106.0,3.0,40-ft,HTC,MF,14844036,14844209,106,106,61650,61654,New Westminster Station @ Bay 3,New Westminster Station @ Bay 7,61650,New Westminster Station,46230,46410,in_service_layover,69.23322979122625,71.22571367795817,11.237609121168077,180,3.0,12:50:30,12:53:30,True,4,,4
2160564,medium,410.0,20.0,40-ft,HTC,MF,14845998,14846119,123,123,61678,61651,New Westminster Station @ Unloading Only,New Westminster Station @ Bay 4,61678,New Westminster Station,47850,48030,in_service_layover,61.26134881532105,63.54640736796924,12.887730236935795,180,3.0,13:17:30,13:20:30,True,2,,4
2160496,medium,123.0,1.0,40-ft,HTC,MF,14846013,14846101,123,123,61678,61651,New Westminster Station @ Unloading Only,New Westminster Station @ Bay 4,61678,New Westminster Station,48750,48990,in_service_layover,51.73275692776832,54.84375115908392,17.546007464619947,240,4.0,13:32:30,13:36:30,True,3,,4
2160499,medium,123.0,3.0,40-ft,HTC,MF,14846049,14846084,123,123,61678,61651,New Westminster Station @ Unloading Only,New Westminster Station @ Bay 4,61678,New Westminster Station,49650,49950,in_service_layover,55.54160259547521,59.49648314371587,22.305526292077275,300,5.0,13:47:30,13:52:30,True,1,,4
2160558,medium,106.0,8.0,40-ft,HTC,MF,14846032,14846147,123,123,61678,61651,New Westminster Station @ Unloading Only,New Westminster Station @ Bay 4,61678,New Westminster Station,50550,50850,in_service_layover,54.681317399558395,58.626204226509614,22.249161704004905,300,5.0,14:02:30,14:07:30,True,4,,4
2160498,medium,106.0,3.0,40-ft,HTC,MF,14844094,14844150,106,106,61650,61654,New Westminster Station @ Bay 3,New Westminster Station @ Bay 7,61650,New Westminster Station,50610,50790,in_service_layover,67.10509043456675,69.18231196141552,11.715529411427042,180,3.0,14:03:30,14:06:30,True,2,,4
2160502,medium,106.0,7.0,40-ft,HTC,MF,14844109,14844131,106,106,61650,61654,New Westminster Station @ Bay 3,New Westminster Station @ Bay 7,61650,New Westminster Station,51330,51510,in_service_layover,65.97905406292902,68.09681810325068,11.944189187414167,180,3.0,14:15:30,14:18:30,True,3,,4
2163954,medium,123.0,32.0,40-ft,HTC,MF,14846052,14846129,123,123,61678,61651,New Westminster Station @ Unloading Only,New Westminster Station @ Bay 4,61678,New Westminster Station,51450,51690,in_service_layover,58.84691120398641,61.97746148933455,17.656303609363533,240,4.0,14:17:30,14:21:30,True,1,,4
2160492,medium,106.0,1.0,40-ft,HTC,MF,14844083,14846141,106,123,61650,61651,New Westminster Station @ Bay 3,New Westminster Station @ Bay 4,61650,New Westminster Station,52050,52410,in_service_layover,65.65889356104047,69.77940483599684,23.239683590754055,360,6.0,14:27:30,14:33:30,True,2,,4
2160505,medium,106.0,5.0,40-ft,HTC,MF,14846046,14846120,123,123,61678,61651,New Westminster Station @ Unloading Only,New Westminster Station @ Bay 4,61678,New Westminster Station,52470,53190,in_service_layover,58.515308403592506,67.28686493316941,49.471578826813754,720,12.0,14:34:30,14:46:30,True,4,,4
2164557,medium,106.0,6.0,40-ft,HTC,MF,14844972,14845021,112,112,61657,61657,New Westminster Station @ Bay 10,New Westminster Station @ Bay 10,61657,New Westminster Station,53190,53850,in_service_layover,69.69796470617227,76.15060500616978,36.392891291985904,660,11.0,14:46:30,14:57:30,True,3,,4
2160564,medium,410.0,20.0,40-ft,HTC,MF,14846045,14846102,123,123,61678,61651,New Westminster Station @ Unloading Only,New Westminster Station @ Bay 4,61678,New Westminster Station,54450,54870,in_service_layover,67.67745840166629,72.23431820299743,25.70068927950763,420,7.0,15:07:30,15:14:30,True,1,,4
2160560,medium,123.0,26.0,40-ft,HTC,MF,14844952,14845024,112,112,61657,61657,New Westminster Station @ Bay 10,New Westminster Station @ Bay 10,61657,New Westminster Station,55170,55590,in_service_layover,69.64849596997148,74.0079847297469,24.587516605133317,420,7.0,15:19:30,15:26:30,True,2,,4
2160496,medium,123.0,1.0,40-ft,HTC,MF,14846024,14844204,123,106,61678,61654,New Westminster Station @ Unloading Only,New Westminster Station @ Bay 7,61678,New Westminster Station,55410,55650,in_service_layover,58.38386566780318,61.5293332453278,17.740437137238814,240,4.0,15:23:30,15:27:30,True,4,,4
2160559,medium,123.0,9.0,40-ft,HTC,MF,14844936,14846160,112,123,61657,61651,New Westminster Station @ Bay 10,New Westminster Station @ Bay 4,61657,New Westminster Station,56190,56670,in_service_layover,68.3093250840194,73.37562520658048,28.573932691244465,480,8.0,15:36:30,15:44:30,True,3,,4
2160499,medium,123.0,3.0,40-ft,HTC,MF,14846034,14844991,123,112,61678,61657,New Westminster Station @ Unloading Only,New Westminster Station @ Bay 10,61678,New Westminster Station,56250,56610,in_service_layover,61.30085067287367,65.74050665352094,25.03965973085053,360,6.0,15:37:30,15:43:30,True,1,,4
2160558,medium,106.0,8.0,40-ft,HTC,MF,14845992,14845025,123,112,61678,61657,New Westminster Station @ Unloading Only,New Westminster Station @ Bay 10,61678,New Westminster Station,57090,57450,in_service_layover,57.60104121645594,62.28364498335341,26.40988524530178,360,6.0,15:51:30,15:57:30,True,2,,4
2160504,medium,123.0,10.0,40-ft,HTC,MF,14844037,14846174,106,123,61650,61651,New Westminster Station @ Bay 3,New Westminster Station @ Bay 4,61650,New Westminster Station,57270,57450,in_service_layover,68.81404069684453,70.82409777266618,11.336721907634058,180,3.0,15:54:30,15:57:30,True,4,,4
2163954,medium,123.0,32.0,40-ft,HTC,MF,14846007,14844199,123,106,61678,61654,New Westminster Station @ Unloading Only,New Westminster Station @ Bay 7,61678,New Westminster Station,58170,58470,in_service_layover,60.773641581397406,64.53997482126753,21.2421194728675,300,5.0,16:09:30,16:14:30,True,1,,4
2160500,medium,123.0,6.0,40-ft,HTC,MF,14844096,14844154,106,106,61650,61654,New Westminster Station @ Bay 3,New Westminster Station @ Bay 7,61650,New Westminster Station,58950,59550,in_service_layover,64.84907730414946,71.48764339137136,37.441512731931596,600,10.0,16:22:30,16:32:30,True,3,,4
2160490,medium,106.0,2.0,40-ft,HTC,MF,14844054,14844185,106,106,61650,61654,New Westminster Station @ Bay 3,New Westminster Station @ Bay 7,61650,New Westminster Station,59550,60090,in_service_layover,60.526439381777585,67.07465090405475,36.93191298564324,540,9.0,16:32:30,16:41:30,True,2,,4
2160499,medium,123.0,3.0,40-ft,HTC,MF,14844948,14845028,112,112,61657,61657,New Westminster Station @ Bay 10,New Westminster Station @ Bay 10,61657,New Westminster Station,59610,60090,in_service_layover,62.75856620925501,68.41993718880708,31.930132324673764,480,8.0,16:33:30,16:41:30,True,4,,4
2160505,medium,106.0,5.0,40-ft,HTC,MF,14845989,14844174,123,106,61678,61654,New Westminster Station @ Unloading Only,New Westminster Station @ Bay 7,61678,New Westminster Station,59850,60630,in_service_layover,66.7980280233316,74.73790957595209,44.78093195677951,780,13.0,16:37:30,16:50:30,True,1,,4
2160558,medium,106.0,8.0,40-ft,HTC,MF,14844935,14845029,112,112,61657,61657,New Westminster Station @ Bay 10,New Westminster Station @ Bay 10,61657,New Westminster Station,60570,61050,in_service_layover,62.38064178262005,68.07976959490222,32.14308086127147,480,8.0,16:49:30,16:57:30,True,3,,4
2160502,medium,106.0,7.0,40-ft,HTC,MF,14844086,14844111,106,106,61650,61654,New Westminster Station @ Bay 3,New Westminster Station @ Bay 7,61650,New Westminster Station,60690,61170,in_service_layover,67.34450264361813,72.51968484583576,29.18802762050734,480,8.0,16:51:30,16:59:30,True,2,,4
2164557,medium,106.0,6.0,40-ft,HTC,MF,14844056,14844120,106,106,61650,61654,New Westminster Station @ Bay 3,New Westminster Station @ Bay 7,61650,New Westminster Station,61830,62250,in_service_layover,69.04804131851243,73.46867009037294,24.932346273293206,420,7.0,17:10:30,17:17:30,True,4,,4
2160506,medium,123.0,2.0,40-ft,HTC,MF,14844058,14844176,106,106,61650,61654,New Westminster Station @ Bay 3,New Westminster Station @ Bay 7,61650,New Westminster Station,62370,62850,in_service_layover,67.66492924819379,72.80420436192748,28.985511641458004,480,8.0,17:19:30,17:27:30,True,1,,4
2160474,medium,410.0,29.0,40-ft,HTC,MF,14873265,14845031,410,112,58322,61657,22nd Street Station @ Unloading Only,New Westminster Station @ Bay 10,61657,New Westminster Station,62610,62910,interline_end,54.52990511338201,58.472337559302865,22.23531899499369,300,5.0,17:23:30,17:28:30,True,3,,4
2163954,medium,123.0,32.0,40-ft,HTC,MF,14844068,14844129,106,106,61650,61654,New Westminster Station @ Bay 3,New Westminster Station @ Bay 7,61650,New Westminster Station,62910,63390,in_service_layover,62.68581799221782,68.35448385153407,31.971275446543586,480,8.0,17:28:30,17:36:30,True,2,,4
2160559,medium,123.0,9.0,40-ft,HTC,MF,14846047,14846144,123,123,61678,61651,New Westminster Station @ Unloading Only,New Westminster Station @ Bay 4,61678,New Westminster Station,63150,63390,in_service_layover,66.07386976706697,68.86376295288524,15.73499756801499,240,4.0,17:32:30,17:36:30,True,4,,4
2160499,medium,123.0,3.0,40-ft,HTC,MF,14844926,14845033,112,112,61657,61657,New Westminster Station @ Bay 10,New Westminster Station @ Bay 10,61657,New Westminster Station,63330,63990,in_service_layover,68.2256326050862,74.9138064764284,37.72130063436998,660,11.0,17:35:30,17:46:30,True,1,,4
2160560,medium,123.0,26.0,40-ft,HTC,MF,14844072,14844137,106,106,61650,61654,New Westminster Station @ Bay 3,New Westminster Station @ Bay 7,61650,New Westminster Station,63390,63990,in_service_layover,68.93757130576617,75.00332415085254,34.210846046287145,600,10.0,17:36:30,17:46:30,True,3,,4
2160500,medium,123.0,6.0,40-ft,HTC,MF,14844029,14844136,106,106,61650,61654,New Westminster Station @ Bay 3,New Westminster Station @ Bay 7,61650,New Westminster Station,63930,64530,in_service_layover,69.38041177020764,75.38165040949526,33.8469859255822,600,10.0,17:45:30,17:55:30,True,2,,4
2160504,medium,123.0,10.0,40-ft,HTC,MF,14846039,14846145,123,123,61678,61651,New Westminster Station @ Unloading Only,New Westminster Station @ Bay 4,61678,New Westminster Station,63930,64770,in_service_layover,63.52234233315267,72.58839462883131,51.13253494762756,840,14.0,17:45:30,17:59:30,True,4,,4
2160558,medium,106.0,8.0,40-ft,HTC,MF,14844946,14845034,112,112,61657,61657,New Westminster Station @ Bay 10,New Westminster Station @ Bay 10,61657,New Westminster Station,64290,65010,in_service_layover,68.56442056416212,75.69585013816305,40.221262797365284,720,12.0,17:51:30,18:03:30,True,1,,4
2160559,medium,123.0,9.0,40-ft,HTC,MF,14846072,14846159,123,123,61678,61651,New Westminster Station @ Unloading Only,New Westminster Station @ Bay 4,61678,New Westminster Station,64890,65190,in_service_layover,67.18437866535109,70.55934091587007,19.03478709292699,300,5.0,18:01:30,18:06:30,True,3,,4
2160492,medium,106.0,1.0,40-ft,HTC,MF,14846035,14846167,123,123,61678,61651,New Westminster Station @ Unloading Only,New Westminster Station @ Bay 4,61678,New Westminster Station,65790,66030,in_service_layover,62.20459433114133,65.17837237695025,16.772108178362316,240,4.0,18:16:30,18:20:30,True,2,,4
2160474,medium,410.0,29.0,40-ft,HTC,MF,14844950,14846111,112,123,61657,61651,New Westminster Station @ Bay 10,New Westminster Station @ Bay 4,61657,New Westminster Station,66030,66330,in_service_layover,58.65825371962151,62.54782913855392,21.937205362778798,300,5.0,18:20:30,18:25:30,True,4,,4
2164557,medium,106.0,6.0,40-ft,HTC,MF,14844059,14844124,106,106,61650,61654,New Westminster Station @ Bay 3,New Westminster Station @ Bay 7,61650,New Westminster Station,66630,66810,in_service_layover,69.34804684698152,71.335641974141,11.210036517179446,180,3.0,18:30:30,18:33:30,True,1,,4
2160559,medium,123.0,9.0,40-ft,HTC,MF,14846074,14846171,123,123,61678,61651,New Westminster Station @ Unloading Only,New Westminster Station @ Bay 4,61678,New Westminster Station,66630,67170,in_service_layover,68.87995662833593,74.42628925564954,31.2813160180487,540,9.0,18:30:30,18:39:30,True,3,,4
2160633,medium,123.0,33.0,40-ft,HTC,MF,14846010,14846168,123,123,61678,61651,New Westminster Station @ Unloading Only,New Westminster Station @ Bay 4,61678,New Westminster Station,67230,67710,in_service_layover,68.53487733562338,73.57539231840909,28.42850450291138,480,8.0,18:40:30,18:48:30,True,2,,4
2160474,medium,410.0,29.0,40-ft,HTC,MF,14846075,14846112,123,123,61678,61651,New Westminster Station @ Unloading Only,New Westminster Station @ Bay 4,61678,New Westminster Station,67770,68070,in_service_layover,60.86844485101979,64.6291750607704,21.210518382993428,300,5.0,18:49:30,18:54:30,True,4,,4
2160564,medium,410.0,20.0,40-ft,HTC,MF,14846014,14846108,123,123,61678,61651,New Westminster Station @ Unloading Only,New Westminster Station @ Bay 4,61678,New Westminster Station,67770,68550,in_service_layover,65.25548297520378,73.47656340393364,46.36689361803644,780,13.0,18:49:30,19:02:30,True,1,,4
2160497,medium,123.0,7.0,40-ft,HTC,MF,14844022,14844122,106,106,61650,61654,New Westminster Station @ Bay 3,New Westminster Station @ Bay 7,61650,New Westminster Station,69270,69690,in_service_layover,61.97298784072228,67.04715531166005,28.618304536088942,420,7.0,19:14:30,19:21:30,True,3,,4
2160499,medium,123.0,3.0,40-ft,HTC,MF,14844928,14844999,112,112,61657,61657,New Westminster Station @ Bay 10,New Westminster Station @ Bay 10,61657,New Westminster Station,69750,70170,in_service_layover,68.94992558789654,73.38046070637762,24.988218068233266,420,7.0,19:22:30,19:29:30,True,2,,4
2160492,medium,106.0,1.0,40-ft,HTC,MF,14846026,14846097,123,123,61678,61651,New Westminster Station @ Unloading Only,New Westminster Station @ Bay 4,61678,New Westminster Station,70950,71430,in_service_layover,57.87661693743675,64.00238820025814,34.54934992231267,480,8.0,19:42:30,19:50:30,True,4,,4
2160558,medium,106.0,8.0,40-ft,HTC,MF,14844931,14845010,112,112,61657,61657,New Westminster Station @ Bay 10,New Westminster Station @ Bay 10,61657,New Westminster Station,71550,72090,in_service_layover,69.7319692496312,75.16645914215341,30.650522993825234,540,9.0,19:52:30,20:01:30,True,1,,4
2160496,medium,123.0,1.0,40-ft,HTC,MF,14846005,14846107,123,123,61678,61651,New Westminster Station @ Unloading Only,New Westminster Station @ Bay 4,61678,New Westminster Station,71670,72330,in_service_layover,47.47408393862162,56.018933566192096,48.19295189949753,660,11.0,19:54:30,20:05:30,True,3,,4
2160633,medium,123.0,33.0,40-ft,HTC,MF,14845999,14846096,123,123,61678,61651,New Westminster Station @ Unloading Only,New Westminster Station @ Bay 4,61678,New Westminster Station,72570,73290,in_service_layover,68.24030300674353,75.42792453186362,40.53818540167737,720,12.0,20:09:30,20:21:30,True,2,,4
2160497,medium,123.0,7.0,40-ft,HTC,MF,14844110,14844127,106,106,61650,61654,New Westminster Station @ Bay 3,New Westminster Station @ Bay 7,61650,New Westminster Station,73530,74070,in_service_layover,67.79999342233243,73.48552330458233,32.0663885358893,540,9.0,20:25:30,20:34:30,True,4,,4
2160564,medium,410.0,20.0,40-ft,HTC,MF,14846000,14846089,123,123,61678,61651,New Westminster Station @ Unloading Only,New Westminster Station @ Bay 4,61678,New Westminster Station,73530,74130,in_service_layover,69.95730894586734,75.87377904062822,33.36889133445135,600,10.0,20:25:30,20:35:30,True,1,,4
2160631,medium,106.0,15.0,40-ft,HTC,MF,14845996,14846095,123,123,61678,61651,New Westminster Station @ Unloading Only,New Westminster Station @ Bay 4,61678,New Westminster Station,74370,75030,in_service_layover,68.45769404693993,75.10909875787566,37.513922569677504,660,11.0,20:39:30,20:50:30,True,3,,4
2160504,medium,123.0,10.0,40-ft,HTC,MF,14845990,14844163,123,106,61678,61654,New Westminster Station @ Unloading Only,New Westminster Station @ Bay 7,61678,New Westminster Station,75270,75810,in_service_layover,65.08741472248512,71.10990410951902,33.96684014287115,540,9.0,20:54:30,21:03:30,True,2,,4
2160496,medium,123.0,1.0,40-ft,HTC,MF,14846001,14846128,123,123,61678,61651,New Westminster Station @ Unloading Only,New Westminster Station @ Bay 4,61678,New Westminster Station,77070,77730,in_service_layover,52.62305485235337,61.20953475236837,48.42774663608458,660,11.0,21:24:30,21:35:30,True,4,,4
2160497,medium,123.0,7.0,40-ft,HTC,MF,14844041,14844178,106,106,61650,61654,New Westminster Station @ Bay 3,New Westminster Station @ Bay 7,61650,New Westminster Station,77370,77550,in_service_layover,69.36490006119091,71.35177483293134,11.205973712616071,180,3.0,21:29:30,21:32:30,True,1,,4
2160492,medium,106.0,1.0,40-ft,HTC,MF,14844914,14845019,112,112,61657,61657,New Westminster Station @ Bay 10,New Westminster Station @ Bay 10,61657,New Westminster Station,78810,79170,in_service_layover,60.57112970741243,65.06253894802147,25.331548117035027,360,6.0,21:53:30,21:59:30,True,3,,4
2160564,medium,410.0,20.0,40-ft,HTC,MF,14844942,14845005,112,112,61657,61657,New Westminster Station @ Bay 10,New Westminster Station @ Bay 10,61657,New Westminster Station,80550,80910,in_service_layover,69.58065240703749,73.37647694616727,21.408450400692004,360,6.0,22:22:30,22:28:30,True,2,,4
2164557,medium,106.0,6.0,40-ft,HTC,MF,14844026,14846124,106,123,61650,61651,New Westminster Station @ Bay 3,New Westminster Station @ Bay 4,61650,New Westminster Station,81690,81930,in_service_layover,64.84219370092245,67.6912625566708,16.068748346420705,240,4.0,22:41:30,22:45:30,True,1,,4
2160567,medium,410.0,58.0,40-ft,HTC,MF,14844910,14845006,112,112,61657,61657,New Westminster Station @ Bay 10,New Westminster Station @ Bay 10,61657,New Westminster Station,82470,82770,in_service_layover,68.44824638783061,71.73663420699286,18.54650730007512,300,5.0,22:54:30,22:59:30,True,4,,4
2163954,medium,123.0,32.0,40-ft,HTC,MF,14844077,14844190,106,106,61650,61654,New Westminster Station @ Bay 3,New Westminster Station @ Bay 7,61650,New Westminster Station,83610,83850,in_service_layover,64.50855441407958,67.37339817700726,16.157718822912102,240,4.0,23:13:30,23:17:30,True,3,,4
2160500,medium,123.0,6.0,40-ft,HTC,MF,14846019,14845012,123,112,61678,61657,New Westminster Station @ Unloading Only,New Westminster Station @ Bay 10,61678,New Westminster Station,84390,84570,in_service_layover,58.62523900432423,60.99621334209652,13.372295265035746,180,3.0,23:26:30,23:29:30,True,2,,4
2160496,medium,123.0,1.0,40-ft,HTC,MF,14844039,14844164,106,106,61650,61654,New Westminster Station @ Bay 3,New Westminster Station @ Bay 7,61650,New Westminster Station,85290,85590,in_service_layover,54.514364632738875,58.45654516871335,22.233898222896016,300,5.0,23:41:30,23:46:30,True,1,,4
2164557,medium,106.0,6.0,40-ft,HTC,MF,14846021,14846126,123,123,61678,61651,New Westminster Station @ Unloading Only,New Westminster Station @ Bay 4,61678,New Westminster Station,86130,86310,in_service_layover,63.280897704545325,65.49434104835578,12.483820459090907,180,3.0,23:55:30,23:58:30,True,4,,4
2163954,medium,123.0,32.0,40-ft,HTC,MF,14844069,14844180,106,106,61650,61654,New Westminster Station @ Bay 3,New Westminster Station @ Bay 7,61650,New Westminster Station,87030,87330,in_service_layover,68.7231431547792,71.99217984797671,18.437366949634054,300,5.0,24:10:30,24:15:30,True,3,,4
2160500,medium,123.0,6.0,40-ft,HTC,MF,14844920,14845000,112,112,61657,61657,New Westminster Station @ Bay 10,New Westminster Station @ Bay 10,61657,New Westminster Station,87450,87750,in_service_layover,67.99748568730895,71.31720172137382,18.723198432125855,300,5.0,24:17:30,24:22:30,True,2,,4
2160564,medium,410.0,20.0,40-ft,HTC,MF,14846022,14846085,123,123,61678,61651,New Westminster Station @ Unloading Only,New Westminster Station @ Bay 4,61678,New Westminster Station,87990,88170,in_service_layover,63.09278106238785,65.3128952091117,12.521443787522458,180,3.0,24:26:30,24:29:30,True,1,,4
2160496,medium,123.0,1.0,40-ft,HTC,MF,14844070,14844160,106,106,61650,61654,New Westminster Station @ Bay 3,New Westminster Station @ Bay 7,61650,New Westminster Station,88770,89250,in_service_layover,60.58593585403117,66.45956329762481,33.12725878186819,480,8.0,24:39:30,24:47:30,True,4,,4
2163954,medium,123.0,32.0,40-ft,HTC,MF,14844943,14844995,112,112,61657,61657,New Westminster Station @ Bay 10,New Westminster Station @ Bay 10,61657,New Westminster Station,89730,89970,in_service_layover,68.55636584281858,71.2159529759654,15.000071430948026,240,4.0,24:55:30,24:59:30,True,3,,4
2164557,medium,106.0,6.0,40-ft,HTC,MF,14846023,14844142,123,106,61678,61654,New Westminster Station @ Unloading Only,New Westminster Station @ Bay 7,61678,New Westminster Station,90270,91050,in_service_layover,58.19258560884227,67.64789948548804,53.32797026428216,780,13.0,25:04:30,25:17:30,True,2,,4
2160564,medium,410.0,20.0,40-ft,HTC,MF,14846029,14846105,123,123,61678,61651,New Westminster Station @ Unloading Only,New Westminster Station @ Bay 4,61678,New Westminster Station,92130,92430,in_service_layover,58.011139769598195,61.92747291489127,22.088118939452954,300,5.0,25:35:30,25:40:30,True,1,,4
2160496,medium,123.0,1.0,40-ft,HTC,MF,14844038,14844115,106,106,61650,61654,New Westminster Station @ Bay 3,New Westminster Station @ Bay 7,61650,New Westminster Station,92250,93030,in_service_layover,66.60706327273786,74.58207418975611,44.97906157198298,780,13.0,25:37:30,25:50:30,True,4,,4
2164557,medium,106.0,6.0,40-ft,HTC,MF,14844061,14846106,106,123,61650,61651,New Westminster Station @ Bay 3,New Westminster Station @ Bay 4,61650,New Westminster Station,94050,94230,in_service_layover,68.34660287198359,70.37574552399937,11.444364557369,180,3.0,26:07:30,26:10:30,True,3,,4
2161546,medium,320.0,2.0,40-ft,STC,MF,14865703,14865690,325,325,55538,61707,Newton Exchange @ Bay 1,Newton Exchange @ Layover,55538,Newton Exchange,26070,26250,in_service_layover,69.44536258322458,71.4287885717123,11.186522575070683,180,3.0,07:14:30,07:17:30,True,1,,6
2161601,medium,502.0,2.0,40-ft,STC,MF,14867688,14905127,342,319,55538,61707,Newton Exchange @ Bay 1,Newton Exchange @ Layover,55538,Newton Exchange,27810,28110,in_service_layover,69.00121690646128,72.25048960842425,18.32589803907109,300,5.0,07:43:30,07:48:30,True,2,,6
2161984,medium,503.0,7.0,40-ft,STC,MF,14867687,14867640,342,342,55538,61707,Newton Exchange @ Bay 1,Newton Exchange @ Layover,55538,Newton Exchange,29550,30090,in_service_layover,69.71836282948276,75.15465252938901,30.660673907471278,540,9.0,08:12:30,08:21:30,True,3,,6
2161600,medium,503.0,1.0,40-ft,STC,MF,14905230,14905129,319,319,55456,61707,Newton Exchange @ Bay 5,Newton Exchange @ Layover,55456,Newton Exchange,30210,30510,in_service_layover,63.70757070579496,67.30050387921133,20.26414309806836,300,5.0,08:23:30,08:28:30,True,4,,6
2161575,medium,320.0,5.0,40-ft,STC,MF,14865437,14865378,324,324,55538,61707,Newton Exchange @ Bay 1,Newton Exchange @ Layover,55538,Newton Exchange,30750,31350,in_service_layover,67.96773652418533,74.17309108625759,34.99819973008749,600,10.0,08:32:30,08:42:30,True,5,,6
2165010,medium,319.0,3.0,40-ft,STC,MF,14905136,14905087,319,319,55456,61707,Newton Exchange @ Bay 5,Newton Exchange @ Layover,55456,Newton Exchange,31410,31710,in_service_layover,68.85588744539308,72.11551327481618,18.384289677946242,300,5.0,08:43:30,08:48:30,True,6,,6
2161986,medium,503.0,8.0,40-ft,STC,MF,14867686,14867609,342,342,55538,56019,Newton Exchange @ Bay 1,Newton Exchange @ Bay 4,55538,Newton Exchange,31470,32790,in_service_layover,67.24845474425614,78.89370556406313,65.6792146237114,1320,22.0,08:44:30,09:06:30,True,1,,6
2161878,medium,321.0,21.0,40-ft,STC,MF,14865706,14867394,325,341,55538,61707,Newton Exchange @ Bay 1,Newton Exchange @ Layover,55538,Newton Exchange,31770,32010,in_service_layover,69.44536258322458,72.05459594865557,14.716076181030814,240,4.0,08:49:30,08:53:30,True,2,,6
2161861,medium,320.0,27.0,40-ft,STC,MF,14866061,14865652,335,325,55538,61703,Newton Exchange @ Bay 1,Newton Exchange @ Bay 12,55538,Newton Exchange,32370,32910,in_service_layover,69.23094873410814,74.73142361632095,31.022678335680382,540,9.0,08:59:30,09:08:30,True,3,,6
2163904,medium,502.0,16.0,40-ft,STC,MF,14867685,14867641,342,342,55538,56019,Newton Exchange @ Bay 1,Newton Exchange @ Bay 4,55538,Newton Exchange,32370,33690,in_service_layover,67.15173244660181,78.8244146982648,65.8339278993792,1320,22.0,08:59:30,09:21:30,True,4,,6
2165007,medium,319.0,5.0,40-ft,STC,MF,14905138,14905089,319,319,55456,55538,Newton Exchange @ Bay 5,Newton Exchange @ Bay 1,55456,Newton Exchange,32610,33330,in_service_layover,68.85588744539308,75.93656417377309,39.93501674806322,720,12.0,09:03:30,09:15:30,True,5,,6
2161624,medium,320.0,25.0,40-ft,STC,MF,14866099,14866213,335,335,55538,55688,Newton Exchange @ Bay 1,Newton Exchange @ Bay 7,55538,Newton Exchange,32970,33750,in_service_layover,66.60090925139541,74.57705055686591,44.98543696285367,780,13.0,09:09:30,09:22:30,True,6,,6
2161601,medium,502.0,2.0,40-ft,STC,MF,14905227,14867415,319,341,55456,55688,Newton Exchange @ Bay 5,Newton Exchange @ Bay 7,55456,Newton Exchange,33210,34530,in_service_layover,69.10887837667897,80.23307450537959,62.74046616587145,1320,22.0,09:13:30,09:35:30,True,2,,6
2161846,medium,320.0,26.0,40-ft,STC,MF,14867684,14867608,342,342,55538,56019,Newton Exchange @ Bay 1,Newton Exchange @ Bay 4,55538,Newton Exchange,33330,34590,in_service_layover,68.47062699826219,79.4047517757356,61.66846374495009,1260,21.0,09:15:30,09:36:30,True,1,,6
2161921,medium,320.0,34.0,40-ft,STC,MF,14866119,14866172,335,335,55538,55688,Newton Exchange @ Bay 1,Newton Exchange @ Bay 7,55538,Newton Exchange,33690,34650,in_service_layover,69.23094873410814,78.01780874232014,49.55789044631575,960,16.0,09:21:30,09:37:30,True,3,,6
2161596,medium,319.0,1.0,40-ft,STC,MF,14905180,14905090,319,319,55456,55538,Newton Exchange @ Bay 5,Newton Exchange @ Bay 1,55456,Newton Exchange,33750,34230,in_service_layover,68.3562299227951,73.41717824320841,28.54374852713113,480,8.0,09:22:30,09:30:30,True,5,,6
2165005,medium,319.0,8.0,40-ft,STC,MF,14905181,14905091,319,319,55456,55538,Newton Exchange @ Bay 5,Newton Exchange @ Bay 1,55456,Newton Exchange,34350,35130,in_service_layover,68.85588744539308,76.41150589969804,42.613688082279964,780,13.0,09:32:30,09:45:30,True,4,,6
2161544,medium,320.0,13.0,40-ft,STC,MF,14865439,14865393,324,324,55538,61703,Newton Exchange @ Bay 1,Newton Exchange @ Bay 12,55538,Newton Exchange,34830,35070,in_service_layover,66.69169315537054,69.4505753428785,15.560095537544782,240,4.0,09:40:30,09:44:30,True,6,,6
2161519,medium,319.0,6.0,40-ft,STC,MF,14905182,14905092,319,319,55456,55538,Newton Exchange @ Bay 5,Newton Exchange @ Bay 1,55456,Newton Exchange,34950,36030,in_service_layover,64.76139805792764,75.4825524921539,60.46731100903611,1080,18.0,09:42:30,10:00:30,True,5,,6
2164208,medium,320.0,36.0,40-ft,STC,MF,14866062,14867632,335,342,55538,56019,Newton Exchange @ Bay 1,Newton Exchange @ Bay 4,55538,Newton Exchange,35070,35490,in_service_layover,69.23094873410814,73.6330475342728,24.8278372329288,420,7.0,09:44:30,09:51:30,True,2,,6
2161518,medium,320.0,33.0,40-ft,STC,MF,14867683,14866232,342,335,55538,55688,Newton Exchange @ Bay 1,Newton Exchange @ Bay 7,55538,Newton Exchange,35130,35550,in_service_layover,68.15888791451383,72.66842212001862,25.433772919046987,420,7.0,09:45:30,09:52:30,True,1,,6
2161600,medium,503.0,1.0,40-ft,STC,MF,14905232,14867650,319,342,55456,56019,Newton Exchange @ Bay 5,Newton Exchange @ Bay 4,55456,Newton Exchange,35550,36390,in_service_layover,64.55910902383684,73.425914365643,50.00878212778679,840,14.0,09:52:30,10:06:30,True,3,,6
2164234,medium,320.0,10.0,40-ft,STC,MF,14866078,14866173,335,335,55538,55688,Newton Exchange @ Bay 1,Newton Exchange @ Bay 7,55538,Newton Exchange,35850,36450,in_service_layover,61.13917268253605,68.26188842677959,40.17211679753359,600,10.0,09:57:30,10:07:30,True,6,,6
2161872,medium,503.0,11.0,40-ft,STC,MF,14867682,14867607,342,342,55538,56019,Newton Exchange @ Bay 1,Newton Exchange @ Bay 4,55538,Newton Exchange,35970,37290,in_service_layover,65.7248890589332,77.80636330784823,68.13951476388075,1320,22.0,09:59:30,10:21:30,True,4,,6
2161575,medium,320.0,5.0,40-ft,STC,MF,14865430,14865394,324,324,55538,61703,Newton Exchange @ Bay 1,Newton Exchange @ Bay 12,55538,Newton Exchange,36030,36270,in_service_layover,68.18861333518565,70.86846137900343,15.114342967132245,240,4.0,10:00:30,10:04:30,True,2,,6
2161878,medium,321.0,21.0,40-ft,STC,MF,14867450,14867397,341,341,55538,55688,Newton Exchange @ Bay 1,Newton Exchange @ Bay 7,55538,Newton Exchange,36630,37110,in_service_layover,66.29797126969792,71.58866435184943,29.83950898333444,480,8.0,10:10:30,10:18:30,True,1,,6
2161853,medium,320.0,18.0,40-ft,STC,MF,14866063,14866178,335,335,55538,55688,Newton Exchange @ Bay 1,Newton Exchange @ Bay 7,55538,Newton Exchange,36630,37350,in_service_layover,61.15118048469553,69.50313987034176,47.10505093504469,720,12.0,10:10:30,10:22:30,True,5,,6
2165010,medium,319.0,3.0,40-ft,STC,MF,14905149,14905093,319,319,55456,55538,Newton Exchange @ Bay 5,Newton Exchange @ Bay 1,55456,Newton Exchange,36750,36930,in_service_layover,68.9856153971326,70.98853212222973,11.296450329547781,180,3.0,10:12:30,10:15:30,True,2,,6
2161578,medium,320.0,15.0,40-ft,STC,MF,14865452,14865395,324,324,55538,61703,Newton Exchange @ Bay 1,Newton Exchange @ Bay 12,55538,Newton Exchange,37230,37470,in_service_layover,67.32947153766669,70.05535501571536,15.373982816194598,240,4.0,10:20:30,10:24:30,True,3,,6
2161920,medium,320.0,22.0,40-ft,STC,MF,14866079,14866174,335,335,55538,55688,Newton Exchange @ Bay 1,Newton Exchange @ Bay 7,55538,Newton Exchange,37410,38250,in_service_layover,62.616886290884324,71.85478395626586,52.10174283275194,840,14.0,10:23:30,10:37:30,True,6,,6
2161502,medium,319.0,9.0,40-ft,STC,MF,14905150,14905094,319,319,55456,55538,Newton Exchange @ Bay 5,Newton Exchange @ Bay 1,55456,Newton Exchange,37470,37830,in_service_layover,69.44389771148153,73.25168165782196,21.475901457360067,360,6.0,10:24:30,10:30:30,True,2,,6
2161649,medium,503.0,2.0,40-ft,STC,MF,14867704,14867633,342,342,55538,56019,Newton Exchange @ Bay 1,Newton Exchange @ Bay 4,55538,Newton Exchange,37770,38310,in_service_layover,67.93826080230107,73.60613047588387,31.96678495900693,540,9.0,10:29:30,10:38:30,True,1,,6
2161622,medium,320.0,32.0,40-ft,STC,MF,14866050,14866163,335,335,55538,55688,Newton Exchange @ Bay 1,Newton Exchange @ Bay 7,55538,Newton Exchange,38250,39150,in_service_layover,69.24062947142782,77.60857186688104,47.19519511035617,900,15.0,10:37:30,10:52:30,True,4,,6
2161838,medium,320.0,40.0,40-ft,STC,MF,14865453,14865396,324,324,55538,61703,Newton Exchange @ Bay 1,Newton Exchange @ Bay 12,55538,Newton Exchange,38430,38670,in_service_layover,69.54455575953838,72.14804993989206,14.683707177194776,240,4.0,10:40:30,10:44:30,True,5,,6
2165007,medium,319.0,5.0,40-ft,STC,MF,14905151,14905095,319,319,55456,55538,Newton Exchange @ Bay 5,Newton Exchange @ Bay 1,55456,Newton Exchange,38430,38730,in_service_layover,69.10484762851527,72.34670594436743,18.284080901406185,300,5.0,10:40:30,10:45:30,True,3,,6
2161642,medium,321.0,3.0,40-ft,STC,MF,14867451,14867398,341,341,55538,55688,Newton Exchange @ Bay 1,Newton Exchange @ Bay 7,55538,Newton Exchange,38430,38910,in_service_layover,52.75758105634058,59.051356989640006,35.49689626380882,480,8.0,10:40:30,10:48:30,True,2,,6
2161508,medium,503.0,10.0,40-ft,STC,MF,14867681,14867606,342,342,55538,56019,Newton Exchange @ Bay 1,Newton Exchange @ Bay 4,55538,Newton Exchange,38670,39510,in_service_layover,66.63608465915495,75.09577354331749,47.712645306676734,840,14.0,10:44:30,10:58:30,True,6,,6
2161661,medium,320.0,30.0,40-ft,STC,MF,14866080,14866175,335,335,55538,55688,Newton Exchange @ Bay 1,Newton Exchange @ Bay 7,55538,Newton Exchange,39150,40050,in_service_layover,67.70698456627237,76.40906666290881,49.079743025029586,900,15.0,10:52:30,11:07:30,True,1,,6
2161596,medium,319.0,1.0,40-ft,STC,MF,14905152,14905096,319,319,55456,55538,Newton Exchange @ Bay 5,Newton Exchange @ Bay 1,55456,Newton Exchange,39330,39630,in_service_layover,66.58546169795059,70.00007588281417,19.258424002630534,300,5.0,10:55:30,11:00:30,True,5,,6
2161544,medium,320.0,13.0,40-ft,STC,MF,14865454,14865397,324,324,55538,61703,Newton Exchange @ Bay 1,Newton Exchange @ Bay 12,55538,Newton Exchange,39630,39870,in_service_layover,67.09087604583421,69.82922170295002,15.44426950613314,240,4.0,11:00:30,11:04:30,True,3,,6
2161969,medium,321.0,18.0,40-ft,STC,MF,14867452,14867399,341,341,55538,55688,Newton Exchange @ Bay 1,Newton Exchange @ Bay 7,55538,Newton Exchange,40230,40710,in_service_layover,58.17076791993725,64.27373563288926,34.420737901049336,480,8.0,11:10:30,11:18:30,True,2,,6
2165005,medium,319.0,8.0,40-ft,STC,MF,14905153,14905097,319,319,55456,55538,Newton Exchange @ Bay 5,Newton Exchange @ Bay 1,55456,Newton Exchange,40290,40530,in_service_layover,69.57978935444022,72.18123905912772,14.672176334437495,240,4.0,11:11:30,11:15:30,True,4,,6
2161551,medium,320.0,39.0,40-ft,STC,MF,14865730,14865672,325,325,55538,61703,Newton Exchange @ Bay 1,Newton Exchange @ Bay 12,55538,Newton Exchange,40650,41910,in_service_layover,68.89303524963299,79.71275484748087,61.02321853186197,1260,21.0,11:17:30,11:38:30,True,6,,6
2161575,medium,320.0,5.0,40-ft,STC,MF,14865455,14865398,324,324,55538,61703,Newton Exchange @ Bay 1,Newton Exchange @ Bay 12,55538,Newton Exchange,40830,41070,in_service_layover,68.41340286295703,71.0809059060893,15.044717163265943,240,4.0,11:20:30,11:24:30,True,5,,6
2161737,medium,320.0,37.0,40-ft,STC,MF,14866081,14866176,335,335,55538,55688,Newton Exchange @ Bay 1,Newton Exchange @ Bay 7,55538,Newton Exchange,41070,41850,in_service_layover,65.64998745450295,73.79970895294676,45.96442925122312,780,13.0,11:24:30,11:37:30,True,3,,6
2161519,medium,319.0,6.0,40-ft,STC,MF,14905154,14905098,319,319,55456,55538,Newton Exchange @ Bay 5,Newton Exchange @ Bay 1,55456,Newton Exchange,41190,41430,in_service_layover,68.65083594689608,71.30516464455306,14.970413854785363,240,4.0,11:26:30,11:30:30,True,1,,6
2161921,medium,320.0,34.0,40-ft,STC,MF,14866052,14866164,335,335,55538,55688,Newton Exchange @ Bay 1,Newton Exchange @ Bay 7,55538,Newton Exchange,41970,42750,in_service_layover,67.91460693602312,75.64728397197956,43.6122984827943,780,13.0,11:39:30,11:52:30,True,4,,6
2161578,medium,320.0,15.0,40-ft,STC,MF,14865456,14865399,324,324,55538,61703,Newton Exchange @ Bay 1,Newton Exchange @ Bay 12,55538,Newton Exchange,42030,42270,in_service_layover,67.65558702894377,70.36421027921722,15.276635131542264,240,4.0,11:40:30,11:44:30,True,2,,6
2161603,medium,321.0,25.0,40-ft,STC,MF,14867453,14867400,341,341,55538,55688,Newton Exchange @ Bay 1,Newton Exchange @ Bay 7,55538,Newton Exchange,42030,42510,in_service_layover,60.12232016741126,66.03983126269151,33.374762577380636,480,8.0,11:40:30,11:48:30,True,5,,6
2165010,medium,319.0,3.0,40-ft,STC,MF,14905155,14905099,319,319,55456,55538,Newton Exchange @ Bay 5,Newton Exchange @ Bay 1,55456,Newton Exchange,42090,42330,in_service_layover,68.66475741073424,71.31830922068579,14.966032208126762,240,4.0,11:41:30,11:45:30,True,1,,6
2161518,medium,320.0,33.0,40-ft,STC,MF,14866082,14866177,335,335,55538,55688,Newton Exchange @ Bay 1,Newton Exchange @ Bay 7,55538,Newton Exchange,42870,43650,in_service_layover,68.82158917628823,76.38369916002816,42.65030030829314,780,13.0,11:54:30,12:07:30,True,3,,6
2161502,medium,319.0,9.0,40-ft,STC,MF,14905156,14905100,319,319,55456,55538,Newton Exchange @ Bay 5,Newton Exchange @ Bay 1,55456,Newton Exchange,42990,43230,in_service_layover,66.41996511256416,69.19260213342844,15.637672797674611,240,4.0,11:56:30,12:00:30,True,6,,6
2161838,medium,320.0,40.0,40-ft,STC,MF,14865457,14865400,324,324,55538,61703,Newton Exchange @ Bay 1,Newton Exchange @ Bay 12,55538,Newton Exchange,43230,43470,in_service_layover,69.60268340820043,72.20280307788964,14.66467493704721,240,4.0,12:00:30,12:04:30,True,2,,6
2164234,medium,320.0,10.0,40-ft,STC,MF,14866065,14866215,335,335,55538,55688,Newton Exchange @ Bay 1,Newton Exchange @ Bay 7,55538,Newton Exchange,43770,44550,in_service_layover,65.01628779690975,73.28044783180249,46.6098625967951,780,13.0,12:09:30,12:22:30,True,1,,6
2161845,medium,320.0,6.0,40-ft,STC,MF,14867454,14867401,341,341,55538,55688,Newton Exchange @ Bay 1,Newton Exchange @ Bay 7,55538,Newton Exchange,43830,44310,in_service_layover,52.03828016713455,58.32097812180632,35.43441646434877,480,8.0,12:10:30,12:18:30,True,5,,6
2165007,medium,319.0,5.0,40-ft,STC,MF,14905157,14905101,319,319,55456,55538,Newton Exchange @ Bay 5,Newton Exchange @ Bay 1,55456,Newton Exchange,43950,44130,in_service_layover,69.31497254887384,71.30397925672128,11.217997832259528,180,3.0,12:12:30,12:15:30,True,4,,6
2161544,medium,320.0,13.0,40-ft,STC,MF,14865458,14865401,324,324,55538,61703,Newton Exchange @ Bay 1,Newton Exchange @ Bay 12,55538,Newton Exchange,44490,44670,in_service_layover,67.44454134118789,69.50899425660204,11.643514442935725,180,3.0,12:21:30,12:24:30,True,6,,6
2161853,medium,320.0,18.0,40-ft,STC,MF,14866083,14866179,335,335,55538,55688,Newton Exchange @ Bay 1,Newton Exchange @ Bay 7,55538,Newton Exchange,44730,45450,in_service_layover,66.09301953661107,73.64638420659652,42.600976738717975,720,12.0,12:25:30,12:37:30,True,2,,6
2161596,medium,319.0,1.0,40-ft,STC,MF,14905158,14905102,319,319,55456,55538,Newton Exchange @ Bay 5,Newton Exchange @ Bay 1,55456,Newton Exchange,44850,45030,in_service_layover,67.16689889778442,69.24181652459755,11.702535415226066,180,3.0,12:27:30,12:30:30,True,3,,6
2161872,medium,503.0,11.0,40-ft,STC,MF,14867677,14867603,342,342,55538,56019,Newton Exchange @ Bay 1,Newton Exchange @ Bay 4,55538,Newton Exchange,45090,45510,in_service_layover,66.9596030207052,71.58596886390852,26.092703355666686,420,7.0,12:31:30,12:38:30,True,4,,6
2161920,medium,320.0,22.0,40-ft,STC,MF,14866120,14866165,335,335,55538,55688,Newton Exchange @ Bay 1,Newton Exchange @ Bay 7,55538,Newton Exchange,45630,46350,in_service_layover,68.12256459875331,75.33053551885887,40.65295598939531,720,12.0,12:40:30,12:52:30,True,5,,6
2161901,medium,321.0,11.0,40-ft,STC,MF,14867455,14867402,341,341,55538,55688,Newton Exchange @ Bay 1,Newton Exchange @ Bay 7,55538,Newton Exchange,45750,46110,in_service_layover,48.951503796790035,53.58599613374938,26.138536780450693,360,6.0,12:42:30,12:48:30,True,1,,6
2161622,medium,320.0,32.0,40-ft,STC,MF,14866084,14866180,335,335,55538,55688,Newton Exchange @ Bay 1,Newton Exchange @ Bay 7,55538,Newton Exchange,46530,47250,in_service_layover,67.50537006058401,74.81944884692547,41.251404354965814,720,12.0,12:55:30,13:07:30,True,6,,6
2161661,medium,320.0,30.0,40-ft,STC,MF,14866066,14866216,335,335,55538,55688,Newton Exchange @ Bay 1,Newton Exchange @ Bay 7,55538,Newton Exchange,47430,48150,in_service_layover,66.30586485661179,73.82348278073252,42.39936509204091,720,12.0,13:10:30,13:22:30,True,3,,6
2161547,medium,503.0,17.0,40-ft,STC,MF,14867697,14867636,342,342,55538,56019,Newton Exchange @ Bay 1,Newton Exchange @ Bay 4,55538,Newton Exchange,47490,47910,in_service_layover,64.96587791215406,69.77862851145787,27.143913380073457,420,7.0,13:11:30,13:18:30,True,2,,6
2161601,medium,502.0,2.0,40-ft,STC,MF,14867456,14867403,341,341,55538,55688,Newton Exchange @ Bay 1,Newton Exchange @ Bay 7,55538,Newton Exchange,47550,47910,in_service_layover,62.10812590349578,66.49052832168756,24.716749638601698,360,6.0,13:12:30,13:18:30,True,4,,6
2161916,medium,320.0,42.0,40-ft,STC,MF,14866085,14866181,335,335,55538,55688,Newton Exchange @ Bay 1,Newton Exchange @ Bay 7,55538,Newton Exchange,48390,49050,in_service_layover,68.09428049069378,74.80320772362435,37.83834959372854,660,11.0,13:26:30,13:37:30,True,1,,6
2161986,medium,503.0,8.0,40-ft,STC,MF,14867675,14867601,342,342,55538,56019,Newton Exchange @ Bay 1,Newton Exchange @ Bay 4,55538,Newton Exchange,48690,49110,in_service_layover,66.56515577348941,71.2291731388094,26.30505794040471,420,7.0,13:31:30,13:38:30,True,5,,6
2161737,medium,320.0,37.0,40-ft,STC,MF,14866090,14866166,335,335,55538,55688,Newton Exchange @ Bay 1,Newton Exchange @ Bay 7,55538,Newton Exchange,49290,49950,in_service_layover,69.79080876039741,76.22841823424676,36.3081174325103,660,11.0,13:41:30,13:52:30,True,6,,6
2161843,medium,321.0,27.0,40-ft,STC,MF,14867457,14867404,341,341,55538,55688,Newton Exchange @ Bay 1,Newton Exchange @ Bay 7,55538,Newton Exchange,49350,49710,in_service_layover,53.95592659951325,58.68554382865748,26.675041172373483,360,6.0,13:42:30,13:48:30,True,2,,6
2165007,medium,319.0,5.0,40-ft,STC,MF,14905163,14905108,319,319,55456,55538,Newton Exchange @ Bay 5,Newton Exchange @ Bay 1,55456,Newton Exchange,49470,50430,in_service_layover,67.13550665107675,76.40778724497572,52.29566254959013,960,16.0,13:44:30,14:00:30,True,4,,6
2163904,medium,502.0,16.0,40-ft,STC,MF,14867674,14867600,342,342,55538,56019,Newton Exchange @ Bay 1,Newton Exchange @ Bay 4,55538,Newton Exchange,49890,50310,in_service_layover,66.51336555546195,71.18229808843154,26.33277948594855,420,7.0,13:51:30,13:58:30,True,3,,6
2161921,medium,320.0,34.0,40-ft,STC,MF,14866086,14866182,335,335,55538,55688,Newton Exchange @ Bay 1,Newton Exchange @ Bay 7,55538,Newton Exchange,50250,50850,in_service_layover,65.54408216568254,72.08818011645633,36.90871244236416,600,10.0,13:57:30,14:07:30,True,1,,6
2161596,medium,319.0,1.0,40-ft,STC,MF,14905164,14905109,319,319,55456,55538,Newton Exchange @ Bay 5,Newton Exchange @ Bay 1,55456,Newton Exchange,50370,51330,in_service_layover,64.51193321734327,74.37746337526565,55.6415900906822,960,16.0,13:59:30,14:15:30,True,5,,6
2161846,medium,320.0,26.0,40-ft,STC,MF,14867698,14865407,342,324,55538,61703,Newton Exchange @ Bay 1,Newton Exchange @ Bay 12,55538,Newton Exchange,51090,51870,in_service_layover,66.94764564459238,74.8599413129617,44.62534756960298,780,13.0,14:11:30,14:24:30,True,2,,6
2161518,medium,320.0,33.0,40-ft,STC,MF,14866067,14866218,335,335,55538,55688,Newton Exchange @ Bay 1,Newton Exchange @ Bay 7,55538,Newton Exchange,51150,51750,in_service_layover,66.28049735373114,72.72319931968468,36.336839087978035,600,10.0,14:12:30,14:22:30,True,6,,6
2161878,medium,321.0,21.0,40-ft,STC,MF,14867458,14867405,341,341,55538,55688,Newton Exchange @ Bay 1,Newton Exchange @ Bay 7,55538,Newton Exchange,51210,51510,in_service_layover,53.46371574996562,57.38886535171028,22.13784375383989,300,5.0,14:13:30,14:18:30,True,3,,6
2165005,medium,319.0,8.0,40-ft,STC,MF,14905165,14905110,319,319,55456,55538,Newton Exchange @ Bay 5,Newton Exchange @ Bay 1,55456,Newton Exchange,51270,52230,in_service_layover,64.4368294989957,74.31909134530224,55.7359568131688,960,16.0,14:14:30,14:30:30,True,4,,6
2161578,medium,320.0,15.0,40-ft,STC,MF,14865464,14867406,324,341,55538,55688,Newton Exchange @ Bay 1,Newton Exchange @ Bay 7,55538,Newton Exchange,51870,52710,in_service_layover,65.00751056947352,73.78732295841442,49.51814187362669,840,14.0,14:24:30,14:38:30,True,1,,6
2161519,medium,319.0,6.0,40-ft,STC,MF,14905166,14905111,319,319,55456,55538,Newton Exchange @ Bay 5,Newton Exchange @ Bay 1,55456,Newton Exchange,52170,53130,in_service_layover,63.081502443025315,73.26334345401223,57.425583301966185,960,16.0,14:29:30,14:45:30,True,5,,6
2164234,medium,320.0,10.0,40-ft,STC,MF,14866097,14866219,335,335,55538,55688,Newton Exchange @ Bay 1,Newton Exchange @ Bay 7,55538,Newton Exchange,52290,52950,in_service_layover,69.34632747180898,75.85570609086034,36.712895411449665,660,11.0,14:31:30,14:42:30,True,3,,6
2165212,medium,320.0,38.0,40-ft,STC,MF,14867673,14867642,342,342,55538,56019,Newton Exchange @ Bay 1,Newton Exchange @ Bay 4,55538,Newton Exchange,52410,53790,in_service_layover,68.71286640367478,80.30372917773991,65.37246604572738,1380,23.0,14:33:30,14:56:30,True,6,,6
2165010,medium,319.0,3.0,40-ft,STC,MF,14905167,14905112,319,319,55456,61707,Newton Exchange @ Bay 5,Newton Exchange @ Layover,55456,Newton Exchange,53130,53910,in_service_layover,63.093290909568665,71.69866843498586,48.534329243353056,780,13.0,14:45:30,14:58:30,True,2,,6
2161642,medium,321.0,3.0,40-ft,STC,MF,14867459,14867393,341,341,55538,61707,Newton Exchange @ Bay 1,Newton Exchange @ Layover,55538,Newton Exchange,53130,54150,in_service_layover,40.92640838775621,54.04122760266584,73.96758037209034,1020,17.0,14:45:30,15:02:30,True,4,,6
2161853,medium,320.0,18.0,40-ft,STC,MF,14866098,14866252,335,335,55538,55688,Newton Exchange @ Bay 1,Newton Exchange @ Bay 7,55538,Newton Exchange,53190,53550,in_service_layover,69.65963325400551,73.44852982630682,21.36937666777942,360,6.0,14:46:30,14:52:30,True,1,,6
2161838,medium,320.0,40.0,40-ft,STC,MF,14865465,14865409,324,324,55538,61703,Newton Exchange @ Bay 1,Newton Exchange @ Bay 12,55538,Newton Exchange,53190,53670,in_service_layover,66.63334603146308,71.88731573345338,29.63238911922531,480,8.0,14:46:30,14:54:30,True,3,,6
2161861,medium,320.0,27.0,40-ft,STC,MF,14865698,14865658,325,325,55538,61707,Newton Exchange @ Bay 1,Newton Exchange @ Layover,55538,Newton Exchange,53370,53670,in_service_layover,69.17892846544056,72.41547049106892,18.25409702454391,300,5.0,14:49:30,14:54:30,True,5,,6
2161920,medium,320.0,22.0,40-ft,STC,MF,14866068,14866254,335,335,55538,61707,Newton Exchange @ Bay 1,Newton Exchange @ Layover,55538,Newton Exchange,53910,54630,in_service_layover,65.22733371256184,72.9249368692274,43.41448180359373,720,12.0,14:58:30,15:10:30,True,1,,6
2161502,medium,319.0,9.0,40-ft,STC,MF,14905168,14905113,319,319,55456,61707,Newton Exchange @ Bay 5,Newton Exchange @ Layover,55456,Newton Exchange,54030,54570,in_service_layover,60.55130678089141,67.09679141059762,36.91653331154305,540,9.0,15:00:30,15:09:30,True,3,,6
2161544,medium,320.0,13.0,40-ft,STC,MF,14865466,14865389,324,324,55538,61707,Newton Exchange @ Bay 1,Newton Exchange @ Layover,55538,Newton Exchange,54450,55530,in_service_layover,61.372217854108456,72.93688414552247,65.22471788357495,1080,18.0,15:07:30,15:25:30,True,5,,6
2161577,medium,320.0,28.0,40-ft,STC,MF,14866087,14866208,335,335,55538,61707,Newton Exchange @ Bay 1,Newton Exchange @ Layover,55538,Newton Exchange,54870,55710,in_service_layover,63.91231912179571,72.90373686110493,50.711596049703985,840,14.0,15:14:30,15:28:30,True,6,,6
2161649,medium,503.0,2.0,40-ft,STC,MF,14867672,14867631,342,342,55538,61707,Newton Exchange @ Bay 1,Newton Exchange @ Layover,55538,Newton Exchange,54990,55470,in_service_layover,66.97072124984363,72.18746899684076,29.422457293063815,480,8.0,15:16:30,15:24:30,True,2,,6
2161969,medium,321.0,18.0,40-ft,STC,MF,14867460,14867421,341,341,55538,61707,Newton Exchange @ Bay 1,Newton Exchange @ Layover,55538,Newton Exchange,55110,55710,in_service_layover,46.148787031005455,53.86891347039816,43.54151311817486,600,10.0,15:18:30,15:28:30,True,4,,6
2161575,medium,320.0,5.0,40-ft,STC,MF,14865467,14865368,324,324,55538,61707,Newton Exchange @ Bay 1,Newton Exchange @ Layover,55538,Newton Exchange,55830,56430,in_service_layover,59.86981568112354,67.15289427224099,41.07656325390241,600,10.0,15:30:30,15:40:30,True,3,,6
2161737,medium,320.0,37.0,40-ft,STC,MF,14865740,14867643,325,342,55538,61707,Newton Exchange @ Bay 1,Newton Exchange @ Layover,55538,Newton Exchange,56010,56370,in_service_layover,68.9696697597789,72.81856883177093,21.70779076603509,360,6.0,15:33:30,15:39:30,True,1,,6
2165007,medium,319.0,5.0,40-ft,STC,MF,14905170,14905116,319,319,55456,61707,Newton Exchange @ Bay 5,Newton Exchange @ Layover,55456,Newton Exchange,56070,56550,in_service_layover,69.5760706997179,74.49593514465481,27.74803546944412,480,8.0,15:34:30,15:42:30,True,2,,6
2161508,medium,503.0,10.0,40-ft,STC,MF,14867716,14867598,342,342,55538,61707,Newton Exchange @ Bay 1,Newton Exchange @ Layover,55538,Newton Exchange,56190,57330,in_service_layover,68.21570988663196,78.45405536735835,57.74426851129692,1140,19.0,15:36:30,15:55:30,True,5,,6
2161603,medium,321.0,25.0,40-ft,STC,MF,14867434,14867417,341,341,55538,61707,Newton Exchange @ Bay 1,Newton Exchange @ Layover,55538,Newton Exchange,56970,57270,in_service_layover,47.914882660807706,51.75600625392249,21.663937065167374,300,5.0,15:49:30,15:54:30,True,4,,6
2161916,medium,320.0,42.0,40-ft,STC,MF,14866057,14866198,335,335,55538,61707,Newton Exchange @ Bay 1,Newton Exchange @ Layover,55538,Newton Exchange,57150,58230,in_service_layover,68.48148153853172,78.25754742459087,55.1370115973736,1080,18.0,15:52:30,16:10:30,True,6,,6
2161629,medium,320.0,19.0,40-ft,STC,MF,14867699,14867597,342,342,55538,61707,Newton Exchange @ Bay 1,Newton Exchange @ Layover,55538,Newton Exchange,57150,58290,in_service_layover,54.9616256205467,68.61042252162156,76.97921452206225,1140,19.0,15:52:30,16:11:30,True,1,,6
2161576,medium,320.0,31.0,40-ft,STC,MF,14865726,14865659,325,325,55538,61707,Newton Exchange @ Bay 1,Newton Exchange @ Layover,55538,Newton Exchange,58110,58470,in_service_layover,65.36974818951478,69.51269892168234,23.366242129425018,360,6.0,16:08:30,16:14:30,True,3,,6
2161578,medium,320.0,15.0,40-ft,STC,MF,14867461,14867412,341,341,55538,61707,Newton Exchange @ Bay 1,Newton Exchange @ Layover,55538,Newton Exchange,58530,58830,in_service_layover,68.17180153530333,71.47946183329566,18.655204080676754,300,5.0,16:15:30,16:20:30,True,2,,6
2165005,medium,319.0,8.0,40-ft,STC,MF,14905173,14905041,319,319,55456,61707,Newton Exchange @ Bay 5,Newton Exchange @ Layover,55456,Newton Exchange,59010,59190,in_service_layover,67.48737480004442,69.55019639968269,11.634313821959836,180,3.0,16:23:30,16:26:30,True,4,,6
2161921,medium,320.0,34.0,40-ft,STC,MF,14866117,14866237,335,335,55538,61707,Newton Exchange @ Bay 1,Newton Exchange @ Layover,55538,Newton Exchange,59190,59550,in_service_layover,67.7681231842971,71.7187161400253,22.281344270306988,360,6.0,16:26:30,16:32:30,True,5,,6
2161519,medium,319.0,6.0,40-ft,STC,MF,14905174,14905042,319,319,55456,61707,Newton Exchange @ Bay 5,Newton Exchange @ Layover,55456,Newton Exchange,59670,59850,in_service_layover,66.43162690875441,68.53334095909123,11.853667243899679,180,3.0,16:34:30,16:37:30,True,6,,6
2161845,medium,320.0,6.0,40-ft,STC,MF,14867462,14867407,341,341,55538,61707,Newton Exchange @ Bay 1,Newton Exchange @ Layover,55538,Newton Exchange,59730,60030,in_service_layover,40.196029519922526,43.989650891141984,21.396024533677746,300,5.0,16:35:30,16:40:30,True,1,,6
2161518,medium,320.0,33.0,40-ft,STC,MF,14866128,14866168,335,335,55538,61707,Newton Exchange @ Bay 1,Newton Exchange @ Layover,55538,Newton Exchange,59790,60450,in_service_layover,65.96256660954666,73.00236151817033,39.704443284637534,660,11.0,16:36:30,16:47:30,True,3,,6
2161543,medium,319.0,7.0,40-ft,STC,MF,14866069,14866200,335,335,55538,61707,Newton Exchange @ Bay 1,Newton Exchange @ Layover,55538,Newton Exchange,60690,61350,in_service_layover,67.32512936544957,74.15472824319008,38.51893767045652,660,11.0,16:51:30,17:02:30,True,2,,6
2161901,medium,321.0,11.0,40-ft,STC,MF,14867427,14867408,341,341,55538,61707,Newton Exchange @ Bay 1,Newton Exchange @ Layover,55538,Newton Exchange,60930,61230,in_service_layover,35.461047531865574,39.23407422944975,21.27987057437477,300,5.0,16:55:30,17:00:30,True,4,,6
2161502,medium,319.0,9.0,40-ft,STC,MF,14905176,14905044,319,319,55456,61707,Newton Exchange @ Bay 5,Newton Exchange @ Layover,55456,Newton Exchange,60990,61170,in_service_layover,67.95889829926874,70.00346281657178,11.531343877589165,180,3.0,16:56:30,16:59:30,True,5,,6
2164234,medium,320.0,10.0,40-ft,STC,MF,14866104,14865365,335,324,55538,61707,Newton Exchange @ Bay 1,Newton Exchange @ Layover,55538,Newton Exchange,61110,61830,in_service_layover,65.75250428456332,73.36282375296612,42.9222018017918,720,12.0,16:58:30,17:10:30,True,6,,6
2161539,medium,319.0,2.0,40-ft,STC,MF,14865416,14866199,324,335,55538,61707,Newton Exchange @ Bay 1,Newton Exchange @ Layover,55538,Newton Exchange,61530,61830,in_service_layover,61.26813046656201,65.0052385950158,21.07728984447931,300,5.0,17:05:30,17:10:30,True,1,,6
2161990,medium,502.0,4.0,40-ft,STC,MF,14867668,14867628,342,342,55538,61707,Newton Exchange @ Bay 1,Newton Exchange @ Layover,55538,Newton Exchange,61710,62190,in_service_layover,59.22166418803329,65.23148595785905,33.89539478181729,480,8.0,17:08:30,17:16:30,True,3,,6
2161639,medium,320.0,24.0,40-ft,STC,MF,14866105,14866220,335,335,55538,61707,Newton Exchange @ Bay 1,Newton Exchange @ Layover,55538,Newton Exchange,61950,62430,in_service_layover,59.879821974231476,65.82201948224917,33.51399394521985,480,8.0,17:12:30,17:20:30,True,5,,6
2161969,medium,321.0,18.0,40-ft,STC,MF,14867463,14867413,341,341,55538,61707,Newton Exchange @ Bay 1,Newton Exchange @ Layover,55538,Newton Exchange,62130,62430,in_service_layover,48.11228879144052,51.95568339311082,21.676745553420517,300,5.0,17:15:30,17:20:30,True,4,,6
2161600,medium,503.0,1.0,40-ft,STC,MF,14867667,14867645,342,342,55538,61707,Newton Exchange @ Bay 1,Newton Exchange @ Layover,55538,Newton Exchange,62610,63090,in_service_layover,63.8167035557765,69.37048971659294,31.32335394700476,480,8.0,17:23:30,17:31:30,True,2,,6
2165007,medium,319.0,5.0,40-ft,STC,MF,14905226,14905047,319,319,55456,61707,Newton Exchange @ Bay 5,Newton Exchange @ Layover,55456,Newton Exchange,62970,63150,in_service_layover,67.4742841412808,69.53760473438983,11.637128145134852,180,3.0,17:29:30,17:32:30,True,1,,6
2161920,medium,320.0,22.0,40-ft,STC,MF,14866054,14866202,335,335,55538,61707,Newton Exchange @ Bay 1,Newton Exchange @ Layover,55538,Newton Exchange,63150,63630,in_service_layover,68.89062599464164,73.89021866785839,28.19770267694247,480,8.0,17:32:30,17:40:30,True,6,,6
2161601,medium,502.0,2.0,40-ft,STC,MF,14867464,14867409,341,341,55538,61707,Newton Exchange @ Bay 1,Newton Exchange @ Layover,55538,Newton Exchange,63330,63630,in_service_layover,48.36557971980376,52.21198803194695,21.693742880487605,300,5.0,17:35:30,17:40:30,True,3,,6
2161632,medium,502.0,10.0,40-ft,STC,MF,14867706,14867627,342,342,55538,61707,Newton Exchange @ Bay 1,Newton Exchange @ Layover,55538,Newton Exchange,63450,63990,in_service_layover,60.31720312721358,66.8883033933788,37.061005501171906,540,9.0,17:37:30,17:46:30,True,4,,6
2161596,medium,319.0,1.0,40-ft,STC,MF,14905183,14905125,319,319,55456,61707,Newton Exchange @ Bay 5,Newton Exchange @ Layover,55456,Newton Exchange,63570,63810,in_service_layover,68.33453378646372,71.00638240526158,15.069226210019849,240,4.0,17:39:30,17:43:30,True,5,,6
2164208,medium,320.0,36.0,40-ft,STC,MF,14865697,14865688,325,325,55538,61707,Newton Exchange @ Bay 1,Newton Exchange @ Layover,55538,Newton Exchange,63690,64410,in_service_layover,65.9706591479706,73.54452188655914,42.716585845639486,720,12.0,17:41:30,17:53:30,True,2,,6
2161622,medium,320.0,32.0,40-ft,STC,MF,14899941,14866211,335,335,55538,55688,Newton Exchange @ Bay 1,Newton Exchange @ Bay 7,55538,Newton Exchange,64290,64950,in_service_layover,64.74372335185771,71.96766846791269,40.74305045455009,660,11.0,17:51:30,18:02:30,True,1,,6
2161737,medium,320.0,37.0,40-ft,STC,MF,14867666,14867626,342,342,55538,56019,Newton Exchange @ Bay 1,Newton Exchange @ Bay 4,55538,Newton Exchange,64290,65010,in_service_layover,65.24166515736809,72.93689455197024,43.40109378555616,720,12.0,17:51:30,18:03:30,True,3,,6
2161648,medium,502.0,14.0,40-ft,STC,MF,14865421,14865374,324,324,55538,61703,Newton Exchange @ Bay 1,Newton Exchange @ Bay 12,55538,Newton Exchange,64350,65010,in_service_layover,57.4568415361305,65.70703678657122,46.53110121248574,660,11.0,17:52:30,18:03:30,True,6,,6
2161843,medium,321.0,27.0,40-ft,STC,MF,14867435,14867387,341,341,55538,55688,Newton Exchange @ Bay 1,Newton Exchange @ Bay 7,55538,Newton Exchange,64530,65190,in_service_layover,40.560595226773685,48.9543313517253,47.34067174472713,660,11.0,17:55:30,18:06:30,True,5,,6
2163821,medium,320.0,14.0,40-ft,STC,MF,14865742,14865676,325,325,55538,61703,Newton Exchange @ Bay 1,Newton Exchange @ Bay 12,55538,Newton Exchange,64830,65430,in_service_layover,68.33468765033597,74.48749418717935,34.70182886779668,600,10.0,18:00:30,18:10:30,True,4,,6
2161657,medium,320.0,20.0,40-ft,STC,MF,14865449,14905126,324,319,55538,55538,Newton Exchange @ Bay 1,Newton Exchange @ Bay 1,55538,Newton Exchange,65070,65250,in_service_layover,67.09135703020503,69.1690891118642,11.718408940557651,180,3.0,18:04:30,18:07:30,True,2,,6
2161547,medium,503.0,17.0,40-ft,STC,MF,14867707,14865386,342,324,55538,61703,Newton Exchange @ Bay 1,Newton Exchange @ Bay 12,55538,Newton Exchange,65190,65910,in_service_layover,63.25291013726348,71.27258207471556,45.23094972722981,720,12.0,18:06:30,18:18:30,True,1,,6
2161661,medium,320.0,30.0,40-ft,STC,MF,14899942,14866207,335,335,55538,55688,Newton Exchange @ Bay 1,Newton Exchange @ Bay 7,55538,Newton Exchange,65370,65550,in_service_layover,68.69976811695491,70.71454070952645,11.363317422103535,180,3.0,18:09:30,18:12:30,True,3,,6
2161846,medium,320.0,26.0,40-ft,STC,MF,14865733,14865677,325,325,55538,61703,Newton Exchange @ Bay 1,Newton Exchange @ Bay 12,55538,Newton Exchange,65610,66330,in_service_layover,61.42995651414083,69.73846632857862,46.85999535342921,720,12.0,18:13:30,18:25:30,True,6,,6
2161986,medium,503.0,8.0,40-ft,STC,MF,14867665,14865376,342,324,55538,61703,Newton Exchange @ Bay 1,Newton Exchange @ Bay 12,55538,Newton Exchange,65850,66810,in_service_layover,61.32501611271205,71.88837901950149,59.57736679429246,960,16.0,18:17:30,18:33:30,True,5,,6
2161519,medium,319.0,6.0,40-ft,STC,MF,14905209,14905064,319,319,55456,55538,Newton Exchange @ Bay 5,Newton Exchange @ Bay 1,55456,Newton Exchange,66210,66570,in_service_layover,69.6831823215179,73.47001035818933,21.357710126826817,360,6.0,18:23:30,18:29:30,True,2,,6
2161878,medium,321.0,21.0,40-ft,STC,MF,14867430,14867414,341,341,55538,55688,Newton Exchange @ Bay 1,Newton Exchange @ Bay 7,55538,Newton Exchange,66210,66630,in_service_layover,39.263916749826485,44.57634388814121,29.962089060095053,420,7.0,18:23:30,18:30:30,True,4,,6
2161637,medium,320.0,1.0,40-ft,STC,MF,14865728,14865689,325,325,55538,61703,Newton Exchange @ Bay 1,Newton Exchange @ Bay 12,55538,Newton Exchange,66510,67230,in_service_layover,68.48770490519178,75.63245837997529,40.29640959777902,720,12.0,18:28:30,18:40:30,True,3,,6
2161518,medium,320.0,33.0,40-ft,STC,MF,14865434,14866223,324,335,55538,55688,Newton Exchange @ Bay 1,Newton Exchange @ Bay 7,55538,Newton Exchange,67050,67950,in_service_layover,66.89476487988495,75.77146162343156,50.0645696336029,900,15.0,18:37:30,18:52:30,True,1,,6
2161845,medium,320.0,6.0,40-ft,STC,MF,14870681,14867388,393,341,55456,55688,Newton Exchange @ Bay 5,Newton Exchange @ Bay 7,55456,Newton Exchange,67050,68070,in_service_layover,40.187497454694125,53.27782401657556,73.82944180901126,1020,17.0,18:37:30,18:54:30,True,6,,6
2161504,medium,312.0,1.0,40-ft,STC,MF,14865699,14867624,325,342,55538,56019,Newton Exchange @ Bay 1,Newton Exchange @ Bay 4,55538,Newton Exchange,67350,67890,in_service_layover,64.32137524424938,70.4357418850379,34.4850278540473,540,9.0,18:42:30,18:51:30,True,2,,6
2165041,medium,319.0,10.0,40-ft,STC,MF,14905212,14905067,319,319,55456,55538,Newton Exchange @ Bay 5,Newton Exchange @ Bay 1,55456,Newton Exchange,68070,68550,in_service_layover,68.7254244154146,73.74405885439288,28.305098235837534,480,8.0,18:54:30,19:02:30,True,4,,6
2161916,medium,320.0,42.0,40-ft,STC,MF,14865450,14865361,324,324,55538,61703,Newton Exchange @ Bay 1,Newton Exchange @ Bay 12,55538,Newton Exchange,68430,69570,in_service_layover,65.38342076333389,76.36667100525005,61.945531364407145,1140,19.0,19:00:30,19:19:30,True,5,,6
2161858,medium,502.0,20.0,40-ft,STC,MF,14866125,14867418,335,341,55538,55688,Newton Exchange @ Bay 1,Newton Exchange @ Bay 7,55538,Newton Exchange,68490,69390,in_service_layover,56.238715773462644,67.2550512944938,62.13213233861569,900,15.0,19:01:30,19:16:30,True,3,,6
2165007,medium,319.0,5.0,40-ft,STC,MF,14905213,14905068,319,319,55456,55538,Newton Exchange @ Bay 5,Newton Exchange @ Bay 1,55456,Newton Exchange,68730,69210,in_service_layover,65.93392570857361,71.2641681439029,30.0625673352572,480,8.0,19:05:30,19:13:30,True,2,,6
2161653,medium,320.0,41.0,40-ft,STC,MF,14866124,14866224,335,335,55538,55688,Newton Exchange @ Bay 1,Newton Exchange @ Bay 7,55538,Newton Exchange,68850,69390,in_service_layover,67.37913557189131,73.11813259113417,32.36794318852969,540,9.0,19:07:30,19:16:30,True,1,,6
2161548,medium,320.0,3.0,40-ft,STC,MF,14866088,14866256,335,335,55538,55688,Newton Exchange @ Bay 1,Newton Exchange @ Bay 7,55538,Newton Exchange,69270,70110,in_service_layover,62.761487434703554,71.97207732105767,51.9477269590372,840,14.0,19:14:30,19:28:30,True,6,,6
2161596,medium,319.0,1.0,40-ft,STC,MF,14905229,14905069,319,319,55456,55538,Newton Exchange @ Bay 5,Newton Exchange @ Bay 1,55456,Newton Exchange,69330,69870,in_service_layover,67.91573310343567,73.58648264394951,31.983027408498003,540,9.0,19:15:30,19:24:30,True,4,,6
2161648,medium,502.0,14.0,40-ft,STC,MF,14865708,14865691,325,325,55538,61703,Newton Exchange @ Bay 1,Newton Exchange @ Bay 12,55538,Newton Exchange,69390,70530,in_service_layover,66.30999488550589,77.04629086304105,60.55270931329835,1140,19.0,19:16:30,19:35:30,True,2,,6
2161642,medium,321.0,3.0,40-ft,STC,MF,14867426,14867419,341,341,55538,55688,Newton Exchange @ Bay 1,Newton Exchange @ Bay 7,55538,Newton Exchange,69690,71250,in_service_layover,35.77517574493548,55.76696058830811,112.75366651662165,1560,26.0,19:21:30,19:47:30,True,1,,6
2161644,medium,320.0,4.0,40-ft,STC,MF,14866130,14867623,335,342,55538,56019,Newton Exchange @ Bay 1,Newton Exchange @ Bay 4,55538,Newton Exchange,69870,70170,in_service_layover,58.45584249394137,62.35453037022391,21.98859962223355,300,5.0,19:24:30,19:29:30,True,3,,6
2161660,medium,502.0,9.0,40-ft,STC,MF,14865714,14866225,325,335,55538,55688,Newton Exchange @ Bay 1,Newton Exchange @ Bay 7,55538,Newton Exchange,70110,70830,in_service_layover,65.38339056470654,73.05512745768402,43.26859607639301,720,12.0,19:28:30,19:40:30,True,5,,6
2161857,medium,502.0,54.0,40-ft,STC,MF,14865441,14867630,324,342,55538,56019,Newton Exchange @ Bay 1,Newton Exchange @ Bay 4,55538,Newton Exchange,70350,71370,in_service_layover,67.96773652418533,77.46585829488156,53.569406786726745,1020,17.0,19:32:30,19:49:30,True,4,,6
2161657,medium,320.0,20.0,40-ft,STC,MF,14905186,14905278,319,319,55456,55538,Newton Exchange @ Bay 5,Newton Exchange @ Bay 1,55456,Newton Exchange,70590,71190,in_service_layover,66.40297351556835,72.82868243019578,36.24099827849875,600,10.0,19:36:30,19:46:30,True,6,,6
2161546,medium,320.0,2.0,40-ft,STC,MF,14867661,14865370,342,324,55538,61703,Newton Exchange @ Bay 1,Newton Exchange @ Bay 12,55538,Newton Exchange,71070,71370,in_service_layover,67.24909357790749,70.61971849680137,19.010324542561534,300,5.0,19:44:30,19:49:30,True,3,,6
2165005,medium,319.0,8.0,40-ft,STC,MF,14905187,14905071,319,319,55456,55538,Newton Exchange @ Bay 5,Newton Exchange @ Bay 1,55456,Newton Exchange,71190,71850,in_service_layover,67.63908460127192,74.41960303219479,38.24212395040496,660,11.0,19:46:30,19:57:30,True,2,,6
2161603,medium,321.0,25.0,40-ft,STC,MF,14867440,14867420,341,341,55538,55688,Newton Exchange @ Bay 1,Newton Exchange @ Bay 7,55538,Newton Exchange,71490,73110,in_service_layover,33.489954396192125,54.2355643355402,117.00524005792312,1620,27.0,19:51:30,20:18:30,True,5,,6
2161519,medium,319.0,6.0,40-ft,STC,MF,14905279,14905072,319,319,55456,55538,Newton Exchange @ Bay 5,Newton Exchange @ Bay 1,55456,Newton Exchange,71850,72630,in_service_layover,66.63829381293152,74.60756644793656,44.94669766142846,780,13.0,19:57:30,20:10:30,True,6,,6
2161622,medium,320.0,32.0,40-ft,STC,MF,14866072,14866226,335,335,55538,55688,Newton Exchange @ Bay 1,Newton Exchange @ Bay 7,55538,Newton Exchange,71850,72630,in_service_layover,64.61224339896367,72.94885304843935,47.018478423042836,780,13.0,19:57:30,20:10:30,True,1,,6
2161649,medium,503.0,2.0,40-ft,STC,MF,14867660,14867647,342,342,55538,56019,Newton Exchange @ Bay 1,Newton Exchange @ Bay 4,55538,Newton Exchange,72150,72570,in_service_layover,67.73076231536798,72.28241002052009,25.67129305705788,420,7.0,20:02:30,20:09:30,True,3,,6
2161711,medium,321.0,17.0,40-ft,STC,MF,14865422,14865362,324,324,55538,61703,Newton Exchange @ Bay 1,Newton Exchange @ Bay 12,55538,Newton Exchange,72930,73290,in_service_layover,44.190503320763256,48.7684775301097,25.81977454071395,360,6.0,20:15:30,20:21:30,True,4,,6
2165202,medium,502.0,88.0,40-ft,STC,MF,14866056,14866246,335,335,55538,55688,Newton Exchange @ Bay 1,Newton Exchange @ Bay 7,55538,Newton Exchange,73050,73530,in_service_layover,69.40700426666098,74.34664111782887,27.859551840586903,480,8.0,20:17:30,20:25:30,True,2,,6
2161502,medium,319.0,9.0,40-ft,STC,MF,14905189,14905073,319,319,55456,55538,Newton Exchange @ Bay 5,Newton Exchange @ Bay 1,55456,Newton Exchange,73110,73530,in_service_layover,69.575507914453,73.9424763034403,24.629701713888494,420,7.0,20:18:30,20:25:30,True,3,,6
2161501,medium,312.0,3.0,40-ft,STC,MF,14867709,14867648,342,342,55538,56019,Newton Exchange @ Bay 1,Newton Exchange @ Bay 4,55538,Newton Exchange,73290,73950,in_service_layover,62.037253355384735,69.65702905983834,42.97553497311827,660,11.0,20:21:30,20:32:30,True,1,,6
2161578,medium,320.0,15.0,40-ft,STC,MF,14867439,14867384,341,341,55538,55688,Newton Exchange @ Bay 1,Newton Exchange @ Bay 7,55538,Newton Exchange,73350,74910,in_service_layover,53.213409975565305,70.99571295130806,100.29218878318915,1560,26.0,20:22:30,20:48:30,True,6,,6
2165041,medium,319.0,10.0,40-ft,STC,MF,14905190,14905074,319,319,55456,55538,Newton Exchange @ Bay 5,Newton Exchange @ Bay 1,55456,Newton Exchange,74010,74430,in_service_layover,66.91234230913507,71.54323941221897,26.11825966139321,420,7.0,20:33:30,20:40:30,True,5,,6
2161596,medium,319.0,1.0,40-ft,STC,MF,14905191,14905075,319,319,55456,55538,Newton Exchange @ Bay 5,Newton Exchange @ Bay 1,55456,Newton Exchange,74850,75330,in_service_layover,66.75476609869169,71.99537195430547,29.557017025661708,480,8.0,20:47:30,20:55:30,True,4,,6
2161878,medium,321.0,21.0,40-ft,STC,MF,14866058,14867385,335,341,55538,55688,Newton Exchange @ Bay 1,Newton Exchange @ Bay 7,55538,Newton Exchange,75150,76710,in_service_layover,46.22169727425661,65.45937421944683,108.50049797087286,1560,26.0,20:52:30,21:18:30,True,2,,6
2161642,medium,321.0,3.0,40-ft,STC,MF,14867436,14867622,341,342,55538,56019,Newton Exchange @ Bay 1,Newton Exchange @ Bay 4,55538,Newton Exchange,75330,75750,in_service_layover,50.15143916519702,55.59485487876833,30.70086462454219,420,7.0,20:55:30,21:02:30,True,3,,6
2161552,medium,502.0,58.0,40-ft,STC,MF,14866144,14866227,335,335,55538,55688,Newton Exchange @ Bay 1,Newton Exchange @ Bay 7,55538,Newton Exchange,75750,76230,in_service_layover,69.29078495828995,74.24397296392449,27.935980351778824,480,8.0,21:02:30,21:10:30,True,1,,6
2165010,medium,319.0,3.0,40-ft,STC,MF,14865423,14867621,324,342,55538,56019,Newton Exchange @ Bay 1,Newton Exchange @ Bay 4,55538,Newton Exchange,76170,77370,in_service_layover,68.61129699259311,79.13203586927247,59.336967264471696,1200,20.0,21:09:30,21:29:30,True,5,,6
2165005,medium,319.0,8.0,40-ft,STC,MF,14905193,14905077,319,319,55456,55538,Newton Exchange @ Bay 5,Newton Exchange @ Bay 1,55456,Newton Exchange,76650,77130,in_service_layover,67.58788648693697,72.73581867159268,29.03433752145827,480,8.0,21:17:30,21:25:30,True,6,,6
2161535,medium,320.0,47.0,40-ft,STC,MF,14865701,14865363,325,324,55538,61703,Newton Exchange @ Bay 1,Newton Exchange @ Bay 12,55538,Newton Exchange,76890,77130,in_service_layover,68.70100586098444,71.35253297437633,14.954612919530234,240,4.0,21:21:30,21:25:30,True,4,,6
2161548,medium,320.0,3.0,40-ft,STC,MF,14866152,14866258,335,335,55538,55688,Newton Exchange @ Bay 1,Newton Exchange @ Bay 7,55538,Newton Exchange,76950,78030,in_service_layover,68.76254699706138,78.46865795918376,54.74246582637022,1080,18.0,21:22:30,21:40:30,True,3,,6
2161519,medium,319.0,6.0,40-ft,STC,MF,14905194,14905078,319,319,55456,55538,Newton Exchange @ Bay 5,Newton Exchange @ Bay 1,55456,Newton Exchange,77550,78030,in_service_layover,67.77584990267874,72.90263692419624,28.915078801358675,480,8.0,21:32:30,21:40:30,True,1,,6
2161574,medium,320.0,52.0,40-ft,STC,MF,14867657,14867386,342,341,55538,55688,Newton Exchange @ Bay 1,Newton Exchange @ Bay 7,55538,Newton Exchange,77610,78630,in_service_layover,62.82341292854194,73.55494401667544,60.52583533707292,1020,17.0,21:33:30,21:50:30,True,2,,6
2161711,medium,321.0,17.0,40-ft,STC,MF,14865419,14865375,324,324,55538,61703,Newton Exchange @ Bay 1,Newton Exchange @ Bay 12,55538,Newton Exchange,77730,79050,in_service_layover,49.14299621504305,65.5541691550079,92.55901538140176,1320,22.0,21:35:30,21:57:30,True,4,,6
2164361,medium,320.0,50.0,40-ft,STC,MF,14865734,14865651,325,325,55538,61703,Newton Exchange @ Bay 1,Newton Exchange @ Bay 12,55538,Newton Exchange,78150,78810,in_service_layover,69.14011002024351,75.6826212394458,36.89976327630086,660,11.0,21:42:30,21:53:30,True,6,,6
2161502,medium,319.0,9.0,40-ft,STC,MF,14905195,14905079,319,319,55456,55538,Newton Exchange @ Bay 5,Newton Exchange @ Bay 1,55456,Newton Exchange,78330,78930,in_service_layover,67.1107597581825,73.43754368217964,35.68306133134388,600,10.0,21:45:30,21:55:30,True,5,,6
2165041,medium,319.0,10.0,40-ft,STC,MF,14905196,14905080,319,319,55456,55538,Newton Exchange @ Bay 5,Newton Exchange @ Bay 1,55456,Newton Exchange,79230,79830,in_service_layover,69.16420680997759,75.19700354382309,34.024973578888535,600,10.0,22:00:30,22:10:30,True,1,,6
2161602,medium,321.0,4.0,40-ft,STC,MF,14866132,14866190,335,335,55538,55688,Newton Exchange @ Bay 1,Newton Exchange @ Bay 7,55538,Newton Exchange,79290,79830,in_service_layover,36.81241556734004,43.632528657809225,38.4654378302462,540,9.0,22:01:30,22:10:30,True,3,,6
2161625,medium,320.0,12.0,40-ft,STC,MF,14866146,14866191,335,335,55538,55688,Newton Exchange @ Bay 1,Newton Exchange @ Bay 7,55538,Newton Exchange,79890,80730,in_service_layover,65.07497872647045,73.8416578839812,49.44407044836072,840,14.0,22:11:30,22:25:30,True,2,,6
2161596,medium,319.0,1.0,40-ft,STC,MF,14905197,14905081,319,319,55456,55538,Newton Exchange @ Bay 5,Newton Exchange @ Bay 1,55456,Newton Exchange,80130,80730,in_service_layover,69.5707385664866,75.54410185274733,33.68976893451048,600,10.0,22:15:30,22:25:30,True,6,,6
2165039,medium,319.0,11.0,40-ft,STC,MF,14905198,14905082,319,319,55456,55538,Newton Exchange @ Bay 5,Newton Exchange @ Bay 1,55456,Newton Exchange,81030,81630,in_service_layover,68.95099937116127,75.01480305942277,34.19985280179492,600,10.0,22:30:30,22:40:30,True,5,,6
2161537,medium,321.0,26.0,40-ft,STC,MF,14866049,14866250,335,335,55538,55688,Newton Exchange @ Bay 1,Newton Exchange @ Bay 7,55538,Newton Exchange,81810,82530,in_service_layover,42.89260006769888,52.11116078222785,51.992682429943386,720,12.0,22:43:30,22:55:30,True,4,,6
2161574,medium,320.0,52.0,40-ft,STC,MF,14867466,14867422,341,341,55538,55688,Newton Exchange @ Bay 1,Newton Exchange @ Bay 7,55538,Newton Exchange,82350,82590,in_service_layover,67.93942259356434,70.63281009580209,15.190705512620866,240,4.0,22:52:30,22:56:30,True,1,,6
2161519,medium,319.0,6.0,40-ft,STC,MF,14905200,14905084,319,319,55456,55538,Newton Exchange @ Bay 5,Newton Exchange @ Bay 1,55456,Newton Exchange,82770,83430,in_service_layover,66.07092037893842,73.09416709757102,39.61111149308783,660,11.0,22:59:30,23:10:30,True,3,,6
2161502,medium,319.0,9.0,40-ft,STC,MF,14905201,14905085,319,319,55456,55538,Newton Exchange @ Bay 5,Newton Exchange @ Bay 1,55456,Newton Exchange,83670,84330,in_service_layover,66.60582713692182,73.5469591656722,39.147984642152096,660,11.0,23:14:30,23:25:30,True,2,,6
2161877,medium,503.0,15.0,40-ft,STC,MF,14865746,14867653,325,342,55538,56019,Newton Exchange @ Bay 1,Newton Exchange @ Bay 4,55538,Newton Exchange,84210,84570,in_service_layover,26.29922632861025,30.78207210657593,25.283250187726452,360,6.0,23:23:30,23:29:30,True,6,,6
2161594,medium,321.0,30.0,40-ft,STC,MF,14865471,14905123,324,319,55538,55538,Newton Exchange @ Bay 1,Newton Exchange @ Bay 1,55538,Newton Exchange,84390,85230,in_service_layover,39.33925470601743,50.043788261359545,60.37356925212953,840,14.0,23:26:30,23:40:30,True,5,,6
2165041,medium,319.0,10.0,40-ft,STC,MF,14905202,14866260,319,335,55456,55688,Newton Exchange @ Bay 5,Newton Exchange @ Bay 7,55456,Newton Exchange,84570,86070,in_service_layover,68.36528699856527,80.75325639574284,69.86814740008151,1500,25.0,23:29:30,23:54:30,True,4,,6
2161596,medium,319.0,1.0,40-ft,STC,MF,14905203,14905034,319,319,55456,55538,Newton Exchange @ Bay 5,Newton Exchange @ Bay 1,55456,Newton Exchange,85410,86130,in_service_layover,68.71238530748951,75.81807594484525,40.07609519468633,720,12.0,23:43:30,23:55:30,True,1,,6
2161602,medium,321.0,4.0,40-ft,STC,MF,14866112,14867423,335,341,55538,55688,Newton Exchange @ Bay 1,Newton Exchange @ Bay 7,55538,Newton Exchange,85950,86190,in_service_layover,43.43986870363078,46.48404353563097,17.16914605248104,240,4.0,23:52:30,23:56:30,True,3,,6
2161851,medium,320.0,51.0,40-ft,STC,MF,14865732,14865646,325,325,55538,61703,Newton Exchange @ Bay 1,Newton Exchange @ Bay 12,55538,Newton Exchange,86010,86190,in_service_layover,69.64337253592109,71.61824366805065,11.138273185210721,180,3.0,23:53:30,23:56:30,True,2,,6
2165039,medium,319.0,11.0,40-ft,STC,MF,14905204,14905035,319,319,55456,55538,Newton Exchange @ Bay 5,Newton Exchange @ Bay 1,55456,Newton Exchange,86310,87030,in_service_layover,68.18308651416496,75.38060160958119,40.5939851381475,720,12.0,23:58:30,24:10:30,True,6,,6
2161519,medium,319.0,6.0,40-ft,STC,MF,14905206,14905037,319,319,55456,55538,Newton Exchange @ Bay 5,Newton Exchange @ Bay 1,55456,Newton Exchange,88110,88830,in_service_layover,66.2624505523132,73.78736763109123,42.44053232430804,720,12.0,24:28:30,24:40:30,True,5,,6
2161502,medium,319.0,9.0,40-ft,STC,MF,14905207,14905038,319,319,55456,55538,Newton Exchange @ Bay 5,Newton Exchange @ Bay 1,55456,Newton Exchange,88890,89610,in_service_layover,66.71524262041439,74.163792391304,42.009820707817426,720,12.0,24:41:30,24:53:30,True,4,,6
2165039,medium,319.0,11.0,40-ft,STC,MF,14905216,14905040,319,319,55456,55538,Newton Exchange @ Bay 5,Newton Exchange @ Bay 1,55456,Newton Exchange,91590,92010,in_service_layover,68.54888506432337,73.01966360708516,25.215190981176534,420,7.0,25:26:30,25:33:30,True,1,,6
2162222,medium,405.0,1.0,40-ft,RTC,MF,14872636,14872700,407,407,56958,56958,Northbound Knight St Bridge Offramp @ SE Marine Dr,Northbound Knight St Bridge Offramp @ SE Marine Dr,56958,Northbound Knight St Bridge Offramp,31890,32430,in_service_layover,61.207718014776724,67.68065710869263,36.50737648968578,540,9.0,08:51:30,09:00:30,True,1,,2
2162311,medium,405.0,2.0,40-ft,RTC,MF,14872637,14872701,407,407,56958,56958,Northbound Knight St Bridge Offramp @ SE Marine Dr,Northbound Knight St Bridge Offramp @ SE Marine Dr,56958,Northbound Knight St Bridge Offramp,33390,34290,in_service_layover,61.51877865723322,71.51026710004015,56.351994817431034,900,15.0,09:16:30,09:31:30,True,2,,2
2162282,medium,405.0,4.0,40-ft,RTC,MF,14871974,14872013,405,405,56958,56958,Northbound Knight St Bridge Offramp @ SE Marine Dr,Northbound Knight St Bridge Offramp @ SE Marine Dr,56958,Northbound Knight St Bridge Offramp,33510,33750,in_service_layover,68.68641829011084,71.33876053880277,14.959210282622507,240,4.0,09:18:30,09:22:30,True,1,,2
2162284,medium,405.0,6.0,40-ft,RTC,MF,14872639,14872702,407,407,56958,56958,Northbound Knight St Bridge Offramp @ SE Marine Dr,Northbound Knight St Bridge Offramp @ SE Marine Dr,56958,Northbound Knight St Bridge Offramp,35670,36090,in_service_layover,67.53236779685543,72.10337776271247,25.78049620743377,420,7.0,09:54:30,10:01:30,True,1,,2
2162289,medium,405.0,5.0,40-ft,RTC,MF,14871976,14872015,405,405,56958,56958,Northbound Knight St Bridge Offramp @ SE Marine Dr,Northbound Knight St Bridge Offramp @ SE Marine Dr,56958,Northbound Knight St Bridge Offramp,36750,36990,in_service_layover,61.923827499910246,64.91088057320053,16.84697933335724,240,4.0,10:12:30,10:16:30,True,2,,2
2162310,medium,405.0,8.0,40-ft,RTC,MF,14872640,14872703,407,407,56958,56958,Northbound Knight St Bridge Offramp @ SE Marine Dr,Northbound Knight St Bridge Offramp @ SE Marine Dr,56958,Northbound Knight St Bridge Offramp,37470,37950,in_service_layover,65.59462388811245,70.96143370617825,30.268807373891207,480,8.0,10:24:30,10:32:30,True,1,,2
2162290,medium,405.0,7.0,40-ft,RTC,MF,14871977,14872016,405,405,56958,56958,Northbound Knight St Bridge Offramp @ SE Marine Dr,Northbound Knight St Bridge Offramp @ SE Marine Dr,56958,Northbound Knight St Bridge Offramp,38970,39270,in_service_layover,61.923827499910246,65.62218284861531,20.85872416669656,300,5.0,10:49:30,10:54:30,True,2,,2
2162282,medium,405.0,4.0,40-ft,RTC,MF,14871978,14872017,405,405,56958,56958,Northbound Knight St Bridge Offramp @ SE Marine Dr,Northbound Knight St Bridge Offramp @ SE Marine Dr,56958,Northbound Knight St Bridge Offramp,40590,41070,in_service_layover,60.43984087236446,66.32732400257363,33.20540485437971,480,8.0,11:16:30,11:24:30,True,1,,2
2162222,medium,405.0,1.0,40-ft,RTC,MF,14872642,14872705,407,407,56958,56958,Northbound Knight St Bridge Offramp @ SE Marine Dr,Northbound Knight St Bridge Offramp @ SE Marine Dr,56958,Northbound Knight St Bridge Offramp,40890,41550,in_service_layover,56.45749266108536,64.80891709401843,47.10203380174244,660,11.0,11:21:30,11:32:30,True,2,,2
2162287,medium,405.0,9.0,40-ft,RTC,MF,14871979,14872018,405,405,56958,56958,Northbound Knight St Bridge Offramp @ SE Marine Dr,Northbound Knight St Bridge Offramp @ SE Marine Dr,56958,Northbound Knight St Bridge Offramp,42150,42750,in_service_layover,62.91059641705091,69.80636559250419,38.8921381495565,600,10.0,11:42:30,11:52:30,True,1,,2
2162289,medium,405.0,5.0,40-ft,RTC,MF,14871980,14872019,405,405,56958,56958,Northbound Knight St Bridge Offramp @ SE Marine Dr,Northbound Knight St Bridge Offramp @ SE Marine Dr,56958,Northbound Knight St Bridge Offramp,43590,44250,in_service_layover,54.42178617775032,62.92824814238202,47.97644548052273,660,11.0,12:06:30,12:17:30,True,2,,2
2162284,medium,405.0,6.0,40-ft,RTC,MF,14872644,14872707,407,407,56958,56958,Northbound Knight St Bridge Offramp @ SE Marine Dr,Northbound Knight St Bridge Offramp @ SE Marine Dr,56958,Northbound Knight St Bridge Offramp,44550,45150,in_service_layover,61.295219580742675,68.39825299326507,40.06110844662629,600,10.0,12:22:30,12:32:30,True,1,,2
2162290,medium,405.0,7.0,40-ft,RTC,MF,14871981,14872020,405,405,56958,56958,Northbound Knight St Bridge Offramp @ SE Marine Dr,Northbound Knight St Bridge Offramp @ SE Marine Dr,56958,Northbound Knight St Bridge Offramp,45870,46650,in_service_layover,55.1330884531651,64.98251845060685,55.55078518557144,780,13.0,12:44:30,12:57:30,True,2,,2
2162282,medium,405.0,4.0,40-ft,RTC,MF,14871982,14872021,405,405,56958,56958,Northbound Knight St Bridge Offramp @ SE Marine Dr,Northbound Knight St Bridge Offramp @ SE Marine Dr,56958,Northbound Knight St Bridge Offramp,47850,48690,in_service_layover,55.838229607123424,66.27300487952795,58.85213253636147,840,14.0,13:17:30,13:31:30,True,1,,2
2162311,medium,405.0,2.0,40-ft,RTC,MF,14872646,14872709,407,407,56958,56958,Northbound Knight St Bridge Offramp @ SE Marine Dr,Northbound Knight St Bridge Offramp @ SE Marine Dr,56958,Northbound Knight St Bridge Offramp,48090,48630,in_service_layover,54.974374102837174,61.9950448165794,39.596582825506175,540,9.0,13:21:30,13:30:30,True,2,,2
2162287,medium,405.0,9.0,40-ft,RTC,MF,14871983,14872022,405,405,56958,56958,Northbound Knight St Bridge Offramp @ SE Marine Dr,Northbound Knight St Bridge Offramp @ SE Marine Dr,56958,Northbound Knight St Bridge Offramp,49590,50490,in_service_layover,59.31727119705399,69.7628709501419,58.91318260741588,900,15.0,13:46:30,14:01:30,True,2,,2
2162289,medium,405.0,5.0,40-ft,RTC,MF,14871984,14872023,405,405,56958,56958,Northbound Knight St Bridge Offramp @ SE Marine Dr,Northbound Knight St Bridge Offramp @ SE Marine Dr,56958,Northbound Knight St Bridge Offramp,51090,51750,in_service_layover,52.4391537469318,61.03080624844082,48.456920108510815,660,11.0,14:11:30,14:22:30,True,1,,2
2162310,medium,405.0,8.0,40-ft,RTC,MF,14872648,14872711,407,407,56958,56958,Northbound Knight St Bridge Offramp @ SE Marine Dr,Northbound Knight St Bridge Offramp @ SE Marine Dr,56958,Northbound Knight St Bridge Offramp,51150,52110,in_service_layover,54.425540708975284,66.33850670187901,67.18912819997706,960,16.0,14:12:30,14:28:30,True,2,,2
2162290,medium,405.0,7.0,40-ft,RTC,MF,14871985,14872675,405,407,56958,56958,Northbound Knight St Bridge Offramp @ SE Marine Dr,Northbound Knight St Bridge Offramp @ SE Marine Dr,56958,Northbound Knight St Bridge Offramp,53730,53910,in_service_layover,54.49342405515664,56.84851097919373,13.28269025156925,180,3.0,14:55:30,14:58:30,True,1,,2
2162222,medium,405.0,1.0,40-ft,RTC,MF,14872650,14872676,407,407,56958,56958,Northbound Knight St Bridge Offramp @ SE Marine Dr,Northbound Knight St Bridge Offramp @ SE Marine Dr,56958,Northbound Knight St Bridge Offramp,54390,55230,in_service_layover,47.548888176518815,58.45579061966203,61.5149297793277,840,14.0,15:06:30,15:20:30,True,2,,2
2162286,medium,405.0,3.0,40-ft,RTC,MF,14872924,14872025,408,405,56599,56958,Eastbound Horseshoe Way @ No. 5 Rd,Northbound Knight St Bridge Offramp @ SE Marine Dr,56958,Northbound Knight St Bridge Offramp,54510,54810,interline_end,57.129678221313085,61.071331615117316,22.230925141055877,300,5.0,15:08:30,15:13:30,True,1,,2
2162282,medium,405.0,4.0,40-ft,RTC,MF,14871986,14872678,405,407,56958,56958,Northbound Knight St Bridge Offramp @ SE Marine Dr,Northbound Knight St Bridge Offramp @ SE Marine Dr,56958,Northbound Knight St Bridge Offramp,56070,57210,in_service_layover,55.78391048407772,69.26292989399805,76.02166947195059,1140,19.0,15:34:30,15:53:30,True,1,,2
2162311,medium,405.0,2.0,40-ft,RTC,MF,14872652,14872679,407,407,56958,56958,Northbound Knight St Bridge Offramp @ SE Marine Dr,Northbound Knight St Bridge Offramp @ SE Marine Dr,56958,Northbound Knight St Bridge Offramp,57330,58110,in_service_layover,50.206447362078634,60.34136395492962,57.16092958367955,780,13.0,15:55:30,16:08:30,True,2,,2
2162287,medium,405.0,9.0,40-ft,RTC,MF,14871987,14872027,405,405,56958,56958,Northbound Knight St Bridge Offramp @ SE Marine Dr,Northbound Knight St Bridge Offramp @ SE Marine Dr,56958,Northbound Knight St Bridge Offramp,57870,58590,in_service_layover,59.27377655469171,67.92706552250476,48.80454977846563,720,12.0,16:04:30,16:16:30,True,1,,2
2162284,medium,405.0,6.0,40-ft,RTC,MF,14872653,14872028,407,405,56958,56958,Northbound Knight St Bridge Offramp @ SE Marine Dr,Northbound Knight St Bridge Offramp @ SE Marine Dr,56958,Northbound Knight St Bridge Offramp,58650,59970,in_service_layover,51.862359996062104,67.84247969561726,90.12787510549111,1320,22.0,16:17:30,16:39:30,True,2,,2
2162289,medium,405.0,5.0,40-ft,RTC,MF,14871988,14872681,405,407,56958,56958,Northbound Knight St Bridge Offramp @ SE Marine Dr,Northbound Knight St Bridge Offramp @ SE Marine Dr,56958,Northbound Knight St Bridge Offramp,59550,59910,in_service_layover,50.0036411987545,54.65653341376849,26.2423120926789,360,6.0,16:32:30,16:38:30,True,1,,2
2162310,medium,405.0,8.0,40-ft,RTC,MF,14872655,14872682,407,407,56958,56958,Northbound Knight St Bridge Offramp @ SE Marine Dr,Northbound Knight St Bridge Offramp @ SE Marine Dr,56958,Northbound Knight St Bridge Offramp,61410,61950,in_service_layover,55.117273242069096,62.131925666508536,39.562639673838476,540,9.0,17:03:30,17:12:30,True,1,,2
2162290,medium,405.0,7.0,40-ft,RTC,MF,14872656,14872683,407,407,56958,56958,Northbound Knight St Bridge Offramp @ SE Marine Dr,Northbound Knight St Bridge Offramp @ SE Marine Dr,56958,Northbound Knight St Bridge Offramp,63090,63390,in_service_layover,44.64683824685282,48.46027428284206,21.507779242979268,300,5.0,17:31:30,17:36:30,True,2,,2
2162286,medium,405.0,3.0,40-ft,RTC,MF,14871990,14872030,405,405,56958,56958,Northbound Knight St Bridge Offramp @ SE Marine Dr,Northbound Knight St Bridge Offramp @ SE Marine Dr,56958,Northbound Knight St Bridge Offramp,63330,63690,in_service_layover,49.58280349269425,54.22776859740891,26.197603190590712,360,6.0,17:35:30,17:41:30,True,1,,2
2162222,medium,405.0,1.0,40-ft,RTC,MF,14872657,14872684,407,407,56958,56958,Northbound Knight St Bridge Offramp @ SE Marine Dr,Northbound Knight St Bridge Offramp @ SE Marine Dr,56958,Northbound Knight St Bridge Offramp,64050,64230,in_service_layover,47.234557159852095,49.52695840590598,12.929143027743919,180,3.0,17:47:30,17:50:30,True,2,,2
2162282,medium,405.0,4.0,40-ft,RTC,MF,14872659,14872685,407,407,56958,56958,Northbound Knight St Bridge Offramp @ SE Marine Dr,Northbound Knight St Bridge Offramp @ SE Marine Dr,56958,Northbound Knight St Bridge Offramp,65910,66330,in_service_layover,57.626690168550645,63.04654153925756,30.567961730787033,420,7.0,18:18:30,18:25:30,True,1,,2
2162311,medium,405.0,2.0,40-ft,RTC,MF,14872660,14872686,407,407,56958,56958,Northbound Knight St Bridge Offramp @ SE Marine Dr,Northbound Knight St Bridge Offramp @ SE Marine Dr,56958,Northbound Knight St Bridge Offramp,66810,67230,in_service_layover,48.1396912225887,53.54341531302459,30.47700387005841,420,7.0,18:33:30,18:40:30,True,2,,2
2162284,medium,405.0,6.0,40-ft,RTC,MF,14871993,14872032,405,405,56958,56958,Northbound Knight St Bridge Offramp @ SE Marine Dr,Northbound Knight St Bridge Offramp @ SE Marine Dr,56958,Northbound Knight St Bridge Offramp,67890,68190,in_service_layover,56.852668209164634,60.79962752135037,22.2608505207275,300,5.0,18:51:30,18:56:30,True,1,,2
2162289,medium,405.0,5.0,40-ft,RTC,MF,14872661,14872687,407,407,56958,56958,Northbound Knight St Bridge Offramp @ SE Marine Dr,Northbound Knight St Bridge Offramp @ SE Marine Dr,56958,Northbound Knight St Bridge Offramp,68370,68790,in_service_layover,43.02029368832109,48.35732271040058,30.100843684528343,420,7.0,18:59:30,19:06:30,True,2,,2
2162283,medium,405.0,22.0,40-ft,RTC,MF,14871994,14872033,405,405,56958,56958,Northbound Knight St Bridge Offramp @ SE Marine Dr,Northbound Knight St Bridge Offramp @ SE Marine Dr,56958,Northbound Knight St Bridge Offramp,69750,70050,in_service_layover,66.02204525939071,69.4731547768065,19.464257678225124,300,5.0,19:22:30,19:27:30,True,1,,2
2162310,medium,405.0,8.0,40-ft,RTC,MF,14872662,14872688,407,407,56958,56958,Northbound Knight St Bridge Offramp @ SE Marine Dr,Northbound Knight St Bridge Offramp @ SE Marine Dr,56958,Northbound Knight St Bridge Offramp,69930,70350,in_service_layover,50.90876121890127,56.36936351423025,30.797796945655477,420,7.0,19:25:30,19:32:30,True,2,,2
2162286,medium,405.0,3.0,40-ft,RTC,MF,14871995,14872689,405,407,56958,56958,Northbound Knight St Bridge Offramp @ SE Marine Dr,Northbound Knight St Bridge Offramp @ SE Marine Dr,56958,Northbound Knight St Bridge Offramp,71490,71850,in_service_layover,43.23795711095628,47.809385746773415,25.78285750600861,360,6.0,19:51:30,19:57:30,True,1,,2
2162227,medium,401.0,9.0,40-ft,RTC,MF,14872618,14872000,407,405,56958,56958,Northbound Knight St Bridge Offramp @ SE Marine Dr,Northbound Knight St Bridge Offramp @ SE Marine Dr,56958,Northbound Knight St Bridge Offramp,71610,72030,in_service_layover,54.51950623882902,60.037344444184825,31.12060747820675,420,7.0,19:53:30,20:00:30,True,2,,2
2162285,medium,405.0,21.0,40-ft,RTC,MF,14871996,14872690,405,407,56958,56958,Northbound Knight St Bridge Offramp @ SE Marine Dr,Northbound Knight St Bridge Offramp @ SE Marine Dr,56958,Northbound Knight St Bridge Offramp,72990,73530,in_service_layover,60.73936583270287,67.264174322197,36.79991988074681,540,9.0,20:16:30,20:25:30,True,1,,2
2162282,medium,405.0,4.0,40-ft,RTC,MF,14872627,14872005,407,405,56958,56958,Northbound Knight St Bridge Offramp @ SE Marine Dr,Northbound Knight St Bridge Offramp @ SE Marine Dr,56958,Northbound Knight St Bridge Offramp,73470,74130,in_service_layover,52.238383357287766,60.83504107130694,48.48514950706817,660,11.0,20:24:30,20:35:30,True,2,,2
2162284,medium,405.0,6.0,40-ft,RTC,MF,14871997,14872691,405,407,56958,56958,Northbound Knight St Bridge Offramp @ SE Marine Dr,Northbound Knight St Bridge Offramp @ SE Marine Dr,56958,Northbound Knight St Bridge Offramp,74910,75330,in_service_layover,50.27117910763449,55.717312186031364,30.716190562158374,420,7.0,20:48:30,20:55:30,True,1,,2
2162283,medium,405.0,22.0,40-ft,RTC,MF,14871998,14872692,405,407,56958,56958,Northbound Knight St Bridge Offramp @ SE Marine Dr,Northbound Knight St Bridge Offramp @ SE Marine Dr,56958,Northbound Knight St Bridge Offramp,76650,77190,in_service_layover,58.94470636309064,65.67268235768036,37.945784609486054,540,9.0,21:17:30,21:26:30,True,2,,2
2162286,medium,405.0,3.0,40-ft,RTC,MF,14872625,14872693,407,407,56958,56958,Northbound Knight St Bridge Offramp @ SE Marine Dr,Northbound Knight St Bridge Offramp @ SE Marine Dr,56958,Northbound Knight St Bridge Offramp,78990,79230,in_service_layover,37.00122756480362,40.02299864308423,17.042788881502645,240,4.0,21:56:30,22:00:30,True,1,,2
2162229,medium,401.0,1.0,40-ft,RTC,MF,14871966,14872666,405,407,56958,56958,Northbound Knight St Bridge Offramp @ SE Marine Dr,Northbound Knight St Bridge Offramp @ SE Marine Dr,56958,Northbound Knight St Bridge Offramp,81390,81810,in_service_layover,41.15253793068793,46.476465377074376,30.026950797619577,420,7.0,22:36:30,22:43:30,True,2,,2
2162284,medium,405.0,6.0,40-ft,RTC,MF,14872626,14872004,407,405,56958,56958,Northbound Knight St Bridge Offramp @ SE Marine Dr,Northbound Knight St Bridge Offramp @ SE Marine Dr,56958,Northbound Knight St Bridge Offramp,81450,81750,in_service_layover,44.90915400406158,48.72412251784688,21.516422417749112,300,5.0,22:37:30,22:42:30,True,1,,2
2162223,medium,401.0,8.0,40-ft,RTC,MF,14872621,14872667,407,407,56958,56958,Northbound Knight St Bridge Offramp @ SE Marine Dr,Northbound Knight St Bridge Offramp @ SE Marine Dr,56958,Northbound Knight St Bridge Offramp,83130,83430,in_service_layover,51.86797221428681,55.76725494114167,21.991954579461492,300,5.0,23:05:30,23:10:30,True,1,,2
2162284,medium,405.0,6.0,40-ft,RTC,MF,14871967,14872670,405,407,56958,56958,Northbound Knight St Bridge Offramp @ SE Marine Dr,Northbound Knight St Bridge Offramp @ SE Marine Dr,56958,Northbound Knight St Bridge Offramp,84990,85890,in_service_layover,43.14281224329421,54.73893457979597,65.40212997786992,900,15.0,23:36:30,23:51:30,True,2,,2
2162291,medium,401.0,11.0,40-ft,RTC,MF,14872622,14872003,407,405,56958,56958,Northbound Knight St Bridge Offramp @ SE Marine Dr,Northbound Knight St Bridge Offramp @ SE Marine Dr,56958,Northbound Knight St Bridge Offramp,85170,85950,in_service_layover,46.40374761164117,56.50957856325971,56.99688656712857,780,13.0,23:39:30,23:52:30,True,1,,2
2164881,medium,27.0,1.0,40-ft,BTC,MF,14903937,14904015,028,028,60253,60686,Phibbs Exchange @ Bay 1,Phibbs Exchange @ Bay 9,60253,Phibbs Exchange,33390,33750,in_service_layover,69.91678084568552,73.68301481280577,21.241559574558153,360,6.0,09:16:30,09:22:30,True,1,,5
2164882,medium,27.0,2.0,40-ft,BTC,MF,14903939,14904017,028,028,60253,60686,Phibbs Exchange @ Bay 1,Phibbs Exchange @ Bay 9,60253,Phibbs Exchange,35070,35550,in_service_layover,69.91678084568552,74.79658488610245,27.522094787951403,480,8.0,09:44:30,09:52:30,True,2,,5
2160701,medium,210.0,16.0,40-ft,BTC,MF,14846989,14855896,130,211,60253,60689,Phibbs Exchange @ Bay 1,Phibbs Exchange @ Bay 12,60253,Phibbs Exchange,35790,36210,in_service_layover,69.56622708157897,73.9341452380169,24.63505840230988,420,7.0,09:56:30,10:03:30,True,3,,5
2161139,medium,210.0,22.0,40-ft,BTC,MF,14856163,14856106,212,212,60253,60689,Phibbs Exchange @ Bay 1,Phibbs Exchange @ Bay 12,60253,Phibbs Exchange,36570,37530,in_service_layover,69.52020317077385,78.24015128583541,49.18050736894725,960,16.0,10:09:30,10:25:30,True,4,,5
2160027,medium,27.0,4.0,40-ft,BTC,MF,14903942,14904020,028,028,60253,60686,Phibbs Exchange @ Bay 1,Phibbs Exchange @ Bay 9,60253,Phibbs Exchange,37650,38250,in_service_layover,69.71754432240466,75.66934460094474,33.5681535709661,600,10.0,10:27:30,10:37:30,True,5,,5
2161095,medium,210.0,24.0,40-ft,BTC,MF,14856162,14857791,212,232,60253,60688,Phibbs Exchange @ Bay 1,Phibbs Exchange @ Bay 11,60253,Phibbs Exchange,38310,38910,in_service_layover,67.41023161230808,73.69478776342166,35.44489669228062,600,10.0,10:38:30,10:48:30,True,1,,5
2164881,medium,27.0,1.0,40-ft,BTC,MF,14903943,14904021,028,028,60253,60686,Phibbs Exchange @ Bay 1,Phibbs Exchange @ Bay 9,60253,Phibbs Exchange,38430,39210,in_service_layover,67.2692447402832,75.12205693006632,44.28986075037682,780,13.0,10:40:30,10:53:30,True,2,,5
2161078,medium,210.0,14.0,40-ft,BTC,MF,14857748,14856116,232,212,60256,60689,Phibbs Exchange @ Bay 4,Phibbs Exchange @ Bay 12,60256,Phibbs Exchange,38730,39330,in_service_layover,62.2158336492159,69.20153403609521,39.399350181999296,600,10.0,10:45:30,10:55:30,True,3,,5
2160699,medium,130.0,2.0,40-ft,BTC,MF,14846993,14847056,130,130,60253,60687,Phibbs Exchange @ Bay 1,Phibbs Exchange @ Bay 10,60253,Phibbs Exchange,39330,39690,in_service_layover,63.660062263647724,67.93148719901507,24.090836635471817,360,6.0,10:55:30,11:01:30,True,4,,5
2160025,medium,27.0,3.0,40-ft,BTC,MF,14903944,14904022,028,028,60253,60686,Phibbs Exchange @ Bay 1,Phibbs Exchange @ Bay 9,60253,Phibbs Exchange,39330,40170,in_service_layover,65.59101074452455,74.25687678546778,48.87548447091979,840,14.0,10:55:30,11:09:30,True,5,,5
2160069,medium,130.0,1.0,40-ft,BTC,MF,14847044,14847170,130,130,60253,60687,Phibbs Exchange @ Bay 1,Phibbs Exchange @ Bay 10,60253,Phibbs Exchange,39810,40170,in_service_layover,68.51237260133246,72.40039466942322,21.928444464031884,360,6.0,11:03:30,11:09:30,True,1,,5
2164882,medium,27.0,2.0,40-ft,BTC,MF,14903945,14904023,028,028,60253,60686,Phibbs Exchange @ Bay 1,Phibbs Exchange @ Bay 9,60253,Phibbs Exchange,40230,41010,in_service_layover,68.38281481357986,76.02769287683373,43.1171122767517,780,13.0,11:10:30,11:23:30,True,2,,5
2160691,medium,130.0,3.0,40-ft,BTC,MF,14846935,14847104,130,130,60253,60687,Phibbs Exchange @ Bay 1,Phibbs Exchange @ Bay 10,60253,Phibbs Exchange,40290,40650,in_service_layover,64.45740790579858,68.66981199035713,23.75795903691028,360,6.0,11:11:30,11:17:30,True,3,,5
2161084,medium,210.0,20.0,40-ft,BTC,MF,14857725,14856115,232,212,60256,60689,Phibbs Exchange @ Bay 4,Phibbs Exchange @ Bay 12,60256,Phibbs Exchange,40530,41190,in_service_layover,62.71537585391997,70.23766701868178,42.42572216925652,660,11.0,11:15:30,11:26:30,True,4,,5
2160690,medium,130.0,10.0,40-ft,BTC,MF,14846956,14847105,130,130,60253,60687,Phibbs Exchange @ Bay 1,Phibbs Exchange @ Bay 10,60253,Phibbs Exchange,40770,41190,in_service_layover,69.33838422466546,73.72956034536965,24.76623332077162,420,7.0,11:19:30,11:26:30,True,1,,5
2164883,medium,27.0,5.0,40-ft,BTC,MF,14903946,14904024,028,028,60253,60686,Phibbs Exchange @ Bay 1,Phibbs Exchange @ Bay 9,60253,Phibbs Exchange,41130,41970,in_service_layover,64.5922485124592,73.45264313461682,49.972625668969044,840,14.0,11:25:30,11:39:30,True,5,,5
2160687,medium,130.0,6.0,40-ft,BTC,MF,14846994,14847057,130,130,60253,60687,Phibbs Exchange @ Bay 1,Phibbs Exchange @ Bay 10,60253,Phibbs Exchange,41190,41790,in_service_layover,66.62424316186708,73.01915921242632,36.067326525154044,600,10.0,11:26:30,11:36:30,True,3,,5
2160682,medium,130.0,8.0,40-ft,BTC,MF,14847006,14847173,130,130,60253,60687,Phibbs Exchange @ Bay 1,Phibbs Exchange @ Bay 10,60253,Phibbs Exchange,41790,42270,in_service_layover,66.33855386925,71.62481818781808,29.81453075672397,480,8.0,11:36:30,11:44:30,True,2,,5
2161078,medium,210.0,14.0,40-ft,BTC,MF,14856144,14857779,212,232,60253,60688,Phibbs Exchange @ Bay 1,Phibbs Exchange @ Bay 11,60253,Phibbs Exchange,41970,42510,in_service_layover,65.01319252142459,71.0446477305006,34.01740737918874,540,9.0,11:39:30,11:48:30,True,1,,5
2160034,medium,27.0,6.0,40-ft,BTC,MF,14903947,14904025,028,028,60253,60686,Phibbs Exchange @ Bay 1,Phibbs Exchange @ Bay 9,60253,Phibbs Exchange,42090,42810,in_service_layover,67.63232594479277,74.92465519981127,41.12873699830436,720,12.0,11:41:30,11:53:30,True,4,,5
2160064,medium,130.0,7.0,40-ft,BTC,MF,14847045,14847106,130,130,60253,60687,Phibbs Exchange @ Bay 1,Phibbs Exchange @ Bay 10,60253,Phibbs Exchange,42210,42690,in_service_layover,67.64367353124842,72.78533867267242,28.998991397631357,480,8.0,11:43:30,11:51:30,True,3,,5
2161064,medium,210.0,26.0,40-ft,BTC,MF,14857757,14856103,232,212,60256,60689,Phibbs Exchange @ Bay 4,Phibbs Exchange @ Bay 12,60256,Phibbs Exchange,42390,42930,in_service_layover,63.22776827796419,69.47079601359816,35.210676428975546,540,9.0,11:46:30,11:55:30,True,5,,5
2160068,medium,130.0,4.0,40-ft,BTC,MF,14846957,14847107,130,130,60253,60687,Phibbs Exchange @ Bay 1,Phibbs Exchange @ Bay 10,60253,Phibbs Exchange,42690,43170,in_service_layover,68.34292783551993,73.40539398798094,28.55230909988012,480,8.0,11:51:30,11:59:30,True,2,,5
2160027,medium,27.0,4.0,40-ft,BTC,MF,14903948,14904026,028,028,60253,60686,Phibbs Exchange @ Bay 1,Phibbs Exchange @ Bay 9,60253,Phibbs Exchange,42930,43770,in_service_layover,69.25557452842217,77.18665737961192,44.73130728071021,840,14.0,11:55:30,12:09:30,True,1,,5
2160703,medium,130.0,5.0,40-ft,BTC,MF,14846976,14847064,130,130,60253,60687,Phibbs Exchange @ Bay 1,Phibbs Exchange @ Bay 10,60253,Phibbs Exchange,43230,43710,in_service_layover,67.40633931058213,72.57461148765141,29.149055078670756,480,8.0,12:00:30,12:08:30,True,3,,5
2160688,medium,210.0,8.0,40-ft,BTC,MF,14857753,14857770,232,232,60256,60688,Phibbs Exchange @ Bay 4,Phibbs Exchange @ Bay 11,60256,Phibbs Exchange,43770,44190,in_service_layover,60.2744507787026,65.4893307379116,29.411922969938757,420,7.0,12:09:30,12:16:30,True,4,,5
2161084,medium,210.0,20.0,40-ft,BTC,MF,14856153,14856105,212,212,60253,60689,Phibbs Exchange @ Bay 1,Phibbs Exchange @ Bay 12,60253,Phibbs Exchange,43830,44730,in_service_layover,66.04932550401114,75.10605298497299,51.079942992624865,900,15.0,12:10:30,12:25:30,True,5,,5
2164881,medium,27.0,1.0,40-ft,BTC,MF,14903949,14904027,028,028,60253,60686,Phibbs Exchange @ Bay 1,Phibbs Exchange @ Bay 9,60253,Phibbs Exchange,43950,44610,in_service_layover,68.70828685754374,75.31983694012206,37.28914246574169,660,11.0,12:12:30,12:23:30,True,2,,5
2160699,medium,130.0,2.0,40-ft,BTC,MF,14846995,14847065,130,130,60253,60687,Phibbs Exchange @ Bay 1,Phibbs Exchange @ Bay 10,60253,Phibbs Exchange,44790,45270,in_service_layover,64.79098757209951,70.2432769407161,30.75091203899757,480,8.0,12:26:30,12:34:30,True,3,,5
2160025,medium,27.0,3.0,40-ft,BTC,MF,14903950,14904028,028,028,60253,60686,Phibbs Exchange @ Bay 1,Phibbs Exchange @ Bay 9,60253,Phibbs Exchange,44910,45390,in_service_layover,67.84310671294521,72.96230624052585,28.87228533555475,480,8.0,12:28:30,12:36:30,True,1,,5
2160069,medium,130.0,1.0,40-ft,BTC,MF,14847046,14847171,130,130,60253,60687,Phibbs Exchange @ Bay 1,Phibbs Exchange @ Bay 10,60253,Phibbs Exchange,45270,45810,in_service_layover,68.97566047970962,74.50951966173325,31.210965786613258,540,9.0,12:34:30,12:43:30,True,4,,5
2161064,medium,210.0,26.0,40-ft,BTC,MF,14856155,14857778,212,232,60253,60688,Phibbs Exchange @ Bay 1,Phibbs Exchange @ Bay 11,60253,Phibbs Exchange,45570,45990,in_service_layover,65.28245449892752,70.06626343112647,26.98068237760208,420,7.0,12:39:30,12:46:30,True,2,,5
2160691,medium,130.0,3.0,40-ft,BTC,MF,14846936,14847111,130,130,60253,60687,Phibbs Exchange @ Bay 1,Phibbs Exchange @ Bay 10,60253,Phibbs Exchange,45690,46110,in_service_layover,64.10532723100908,68.99550273696642,27.58058985359935,420,7.0,12:41:30,12:48:30,True,5,,5
2161138,medium,210.0,18.0,40-ft,BTC,MF,14857729,14856131,232,212,60256,60689,Phibbs Exchange @ Bay 4,Phibbs Exchange @ Bay 12,60256,Phibbs Exchange,45690,46170,in_service_layover,64.6366123348366,70.10513940741643,30.84249268935025,480,8.0,12:41:30,12:49:30,True,3,,5
2164882,medium,27.0,2.0,40-ft,BTC,MF,14903951,14904029,028,028,60253,60686,Phibbs Exchange @ Bay 1,Phibbs Exchange @ Bay 9,60253,Phibbs Exchange,45810,46290,in_service_layover,69.61392280431113,74.52935122739157,27.723016306173633,480,8.0,12:43:30,12:51:30,True,1,,5
2160690,medium,130.0,10.0,40-ft,BTC,MF,14846937,14847066,130,130,60253,60687,Phibbs Exchange @ Bay 1,Phibbs Exchange @ Bay 10,60253,Phibbs Exchange,46230,46890,in_service_layover,69.60168974809815,76.06989586641313,36.48068250729648,660,11.0,12:50:30,13:01:30,True,4,,5
2164883,medium,27.0,5.0,40-ft,BTC,MF,14903952,14904030,028,028,60253,60686,Phibbs Exchange @ Bay 1,Phibbs Exchange @ Bay 9,60253,Phibbs Exchange,46770,47190,in_service_layover,67.03887306209425,71.65762572441872,26.049765015510047,420,7.0,12:59:30,13:06:30,True,2,,5
2160687,medium,130.0,6.0,40-ft,BTC,MF,14846996,14847113,130,130,60253,60687,Phibbs Exchange @ Bay 1,Phibbs Exchange @ Bay 10,60253,Phibbs Exchange,46770,47370,in_service_layover,68.2941500846934,74.45277808806784,34.73466193903192,600,10.0,12:59:30,13:09:30,True,5,,5
2160682,medium,130.0,8.0,40-ft,BTC,MF,14847047,14847172,130,130,60253,60687,Phibbs Exchange @ Bay 1,Phibbs Exchange @ Bay 10,60253,Phibbs Exchange,47190,47610,in_service_layover,64.8834270765715,69.70367494316909,27.18619796761044,420,7.0,13:06:30,13:13:30,True,3,,5
2161139,medium,210.0,22.0,40-ft,BTC,MF,14857741,14857769,232,232,60256,60688,Phibbs Exchange @ Bay 4,Phibbs Exchange @ Bay 11,60256,Phibbs Exchange,47190,47790,in_service_layover,66.09787891612716,72.56584979953684,36.47935578243056,600,10.0,13:06:30,13:16:30,True,1,,5
2160064,medium,130.0,7.0,40-ft,BTC,MF,14846940,14847147,130,130,60253,60687,Phibbs Exchange @ Bay 1,Phibbs Exchange @ Bay 10,60253,Phibbs Exchange,47610,48030,in_service_layover,66.04394756142582,70.75712931790198,26.58234510652545,420,7.0,13:13:30,13:20:30,True,4,,5
2160034,medium,27.0,6.0,40-ft,BTC,MF,14903953,14904031,028,028,60253,60686,Phibbs Exchange @ Bay 1,Phibbs Exchange @ Bay 9,60253,Phibbs Exchange,47610,48210,in_service_layover,68.5108851272887,74.63834221714514,34.558857986790315,600,10.0,13:13:30,13:23:30,True,2,,5
2160068,medium,130.0,4.0,40-ft,BTC,MF,14846997,14847121,130,130,60253,60687,Phibbs Exchange @ Bay 1,Phibbs Exchange @ Bay 10,60253,Phibbs Exchange,48150,48570,in_service_layover,68.66435472838583,73.12358670859304,25.150068368368636,420,7.0,13:22:30,13:29:30,True,5,,5
2160703,medium,130.0,5.0,40-ft,BTC,MF,14846941,14847114,130,130,60253,60687,Phibbs Exchange @ Bay 1,Phibbs Exchange @ Bay 10,60253,Phibbs Exchange,48690,49170,in_service_layover,67.86759778600816,72.9840318592549,28.856688173111593,480,8.0,13:31:30,13:39:30,True,3,,5
2161078,medium,210.0,14.0,40-ft,BTC,MF,14857756,14857781,232,232,60256,60688,Phibbs Exchange @ Bay 4,Phibbs Exchange @ Bay 11,60256,Phibbs Exchange,49050,49590,in_service_layover,63.090716875462974,69.34966062325454,35.300442737544415,540,9.0,13:37:30,13:46:30,True,1,,5
2161138,medium,210.0,18.0,40-ft,BTC,MF,14856151,14856110,212,212,60253,60689,Phibbs Exchange @ Bay 1,Phibbs Exchange @ Bay 12,60253,Phibbs Exchange,49110,49890,in_service_layover,65.9167978927458,74.018042107124,45.69101736909306,780,13.0,13:38:30,13:51:30,True,4,,5
2164881,medium,27.0,1.0,40-ft,BTC,MF,14903955,14904033,028,028,60253,60686,Phibbs Exchange @ Bay 1,Phibbs Exchange @ Bay 9,60253,Phibbs Exchange,49410,49830,in_service_layover,68.90606686759948,73.34102248721337,25.013149694622257,420,7.0,13:43:30,13:50:30,True,2,,5
2160698,medium,130.0,11.0,40-ft,BTC,MF,14846999,14847115,130,130,60253,60687,Phibbs Exchange @ Bay 1,Phibbs Exchange @ Bay 10,60253,Phibbs Exchange,49710,50910,in_service_layover,65.45406548157999,76.8257698008551,64.13641236071157,1200,20.0,13:48:30,14:08:30,True,5,,5
2160025,medium,27.0,3.0,40-ft,BTC,MF,14903956,14904034,028,028,60253,60686,Phibbs Exchange @ Bay 1,Phibbs Exchange @ Bay 9,60253,Phibbs Exchange,50250,50550,in_service_layover,66.54853616800327,69.96556606445864,19.272048616008306,300,5.0,13:57:30,14:02:30,True,3,,5
2160699,medium,130.0,2.0,40-ft,BTC,MF,14846963,14847116,130,130,60253,60687,Phibbs Exchange @ Bay 1,Phibbs Exchange @ Bay 10,60253,Phibbs Exchange,50250,51390,in_service_layover,65.6229955519227,76.54208912020876,61.58368772513336,1140,19.0,13:57:30,14:16:30,True,1,,5
2161084,medium,210.0,20.0,40-ft,BTC,MF,14856167,14857785,212,232,60253,60688,Phibbs Exchange @ Bay 1,Phibbs Exchange @ Bay 11,60253,Phibbs Exchange,50850,51390,in_service_layover,66.72936995563173,72.55005855278995,32.82868368797239,540,9.0,14:07:30,14:16:30,True,2,,5
2160688,medium,210.0,8.0,40-ft,BTC,MF,14857736,14856125,232,212,60256,60689,Phibbs Exchange @ Bay 4,Phibbs Exchange @ Bay 12,60256,Phibbs Exchange,50970,51570,in_service_layover,57.560745770968126,65.11702301257576,42.61740364266706,600,10.0,14:09:30,14:19:30,True,4,,5
2164882,medium,27.0,2.0,40-ft,BTC,MF,14903957,14904035,028,028,60253,60686,Phibbs Exchange @ Bay 1,Phibbs Exchange @ Bay 9,60253,Phibbs Exchange,51270,51450,in_service_layover,68.115581154869,70.15395782772512,11.49644443490854,180,3.0,14:14:30,14:17:30,True,3,,5
2160691,medium,130.0,3.0,40-ft,BTC,MF,14847033,14847135,130,130,60253,60687,Phibbs Exchange @ Bay 1,Phibbs Exchange @ Bay 10,60253,Phibbs Exchange,51450,52050,in_service_layover,64.41946866036272,71.11583455949028,37.76750367107945,600,10.0,14:17:30,14:27:30,True,5,,5
2161064,medium,210.0,26.0,40-ft,BTC,MF,14857738,14857767,232,232,60256,60688,Phibbs Exchange @ Bay 4,Phibbs Exchange @ Bay 11,60256,Phibbs Exchange,52890,53310,in_service_layover,62.13767846418299,67.19803426161188,28.540406697498952,420,7.0,14:41:30,14:48:30,True,1,,5
2161138,medium,210.0,18.0,40-ft,BTC,MF,14856159,14856111,212,212,60253,60689,Phibbs Exchange @ Bay 1,Phibbs Exchange @ Bay 12,60253,Phibbs Exchange,52950,53370,in_service_layover,69.82970059245336,74.17056457127322,24.482472840543892,420,7.0,14:42:30,14:49:30,True,2,,5
2160064,medium,130.0,7.0,40-ft,BTC,MF,14846962,14847082,130,130,60253,60687,Phibbs Exchange @ Bay 1,Phibbs Exchange @ Bay 10,60253,Phibbs Exchange,53550,54150,in_service_layover,67.44254560908585,73.72253117055934,35.41911856671044,600,10.0,14:52:30,15:02:30,True,3,,5
2160688,medium,210.0,8.0,40-ft,BTC,MF,14856152,14856311,212,214,60253,60255,Phibbs Exchange @ Bay 1,Phibbs Exchange @ Bay 3,60253,Phibbs Exchange,54450,54750,in_service_layover,60.928681497905124,64.68585162214241,21.19043950069829,300,5.0,15:07:30,15:12:30,True,4,,5
2161139,medium,210.0,22.0,40-ft,BTC,MF,14857735,14857784,232,232,60256,60688,Phibbs Exchange @ Bay 4,Phibbs Exchange @ Bay 11,60256,Phibbs Exchange,54570,55170,in_service_layover,64.63726483259336,71.30438591863404,37.60256292526947,600,10.0,15:09:30,15:19:30,True,5,,5
2161138,medium,210.0,18.0,40-ft,BTC,MF,14856157,14856121,212,212,60253,60689,Phibbs Exchange @ Bay 1,Phibbs Exchange @ Bay 12,60253,Phibbs Exchange,56190,56790,in_service_layover,69.98222305660258,75.89501383826038,33.34814000855005,600,10.0,15:36:30,15:46:30,True,1,,5
2161078,medium,210.0,14.0,40-ft,BTC,MF,14857737,14857762,232,232,60256,60688,Phibbs Exchange @ Bay 4,Phibbs Exchange @ Bay 11,60256,Phibbs Exchange,56490,56790,in_service_layover,61.421075656311054,65.14914447094988,21.026308114562994,300,5.0,15:41:30,15:46:30,True,2,,5
2164882,medium,27.0,2.0,40-ft,BTC,MF,14903963,14904041,028,028,60253,60686,Phibbs Exchange @ Bay 1,Phibbs Exchange @ Bay 9,60253,Phibbs Exchange,56790,56970,in_service_layover,63.74018775520255,65.93734421778402,12.391962448959475,180,3.0,15:46:30,15:49:30,True,3,,5
2160691,medium,130.0,3.0,40-ft,BTC,MF,14846978,14847149,130,130,60253,60687,Phibbs Exchange @ Bay 1,Phibbs Exchange @ Bay 10,60253,Phibbs Exchange,57930,58290,in_service_layover,67.1299791444159,71.13313639802247,22.577806910341053,360,6.0,16:05:30,16:11:30,True,4,,5
2160034,medium,27.0,6.0,40-ft,BTC,MF,14903965,14904043,028,028,60253,60686,Phibbs Exchange @ Bay 1,Phibbs Exchange @ Bay 9,60253,Phibbs Exchange,58770,58950,in_service_layover,61.81080207209998,64.07637646670636,12.777839585580011,180,3.0,16:19:30,16:22:30,True,5,,5
2160688,medium,210.0,8.0,40-ft,BTC,MF,14856342,14856776,214,222,60253,60687,Phibbs Exchange @ Bay 1,Phibbs Exchange @ Bay 10,60253,Phibbs Exchange,58890,59070,in_service_layover,57.92785386228282,60.307786999390245,13.422822893285911,180,3.0,16:21:30,16:24:30,True,1,,5
2160068,medium,130.0,4.0,40-ft,BTC,MF,14856719,14856777,222,222,60253,60687,Phibbs Exchange @ Bay 1,Phibbs Exchange @ Bay 10,60253,Phibbs Exchange,59310,59610,in_service_layover,69.30819595204778,72.53542901284061,18.20159446287147,300,5.0,16:28:30,16:33:30,True,2,,5
2160027,medium,27.0,4.0,40-ft,BTC,MF,14903966,14904044,028,028,60253,60686,Phibbs Exchange @ Bay 1,Phibbs Exchange @ Bay 9,60253,Phibbs Exchange,59670,59970,in_service_layover,57.9453471620442,61.86401279321184,22.101274159785476,300,5.0,16:34:30,16:39:30,True,3,,5
2161064,medium,210.0,26.0,40-ft,BTC,MF,14857751,14857787,232,232,60256,60688,Phibbs Exchange @ Bay 4,Phibbs Exchange @ Bay 11,60256,Phibbs Exchange,59790,60390,in_service_layover,59.269449294668405,66.63352343755024,41.53337816585355,600,10.0,16:36:30,16:46:30,True,4,,5
2161088,medium,210.0,13.0,40-ft,BTC,MF,14856140,14856113,212,212,60253,60689,Phibbs Exchange @ Bay 1,Phibbs Exchange @ Bay 12,60253,Phibbs Exchange,60330,60630,in_service_layover,59.646027779678725,63.48142172115416,21.63162182992147,300,5.0,16:45:30,16:50:30,True,5,,5
2164881,medium,27.0,1.0,40-ft,BTC,MF,14903967,14904045,028,028,60253,60686,Phibbs Exchange @ Bay 1,Phibbs Exchange @ Bay 9,60253,Phibbs Exchange,60570,60750,in_service_layover,60.5134823421682,62.825060982516845,13.037303531566351,180,3.0,16:49:30,16:52:30,True,1,,5
2161139,medium,210.0,22.0,40-ft,BTC,MF,14857726,14856120,232,212,60256,60689,Phibbs Exchange @ Bay 4,Phibbs Exchange @ Bay 12,60256,Phibbs Exchange,61530,62490,in_service_layover,63.37580095169055,73.49297503890017,57.06086185186223,960,16.0,17:05:30,17:21:30,True,2,,5
2160701,medium,210.0,16.0,40-ft,BTC,MF,14856138,14859148,212,246,60253,54444,Phibbs Exchange @ Bay 1,Westbound W Georgia St @ Homer St,60253,Phibbs Exchange,63630,63930,interline_start,61.659173998508024,65.37317080710685,20.9469420004973,300,5.0,17:40:30,17:45:30,True,3,,5
2160688,medium,210.0,8.0,40-ft,BTC,MF,14856741,14856784,222,222,60253,60687,Phibbs Exchange @ Bay 1,Phibbs Exchange @ Bay 10,60253,Phibbs Exchange,63870,64290,in_service_layover,53.87828089668443,59.39649133074795,31.12270684811824,420,7.0,17:44:30,17:51:30,True,4,,5
2161097,medium,210.0,86.0,40-ft,BTC,MF,14856369,14856119,214,212,60253,60689,Phibbs Exchange @ Bay 1,Phibbs Exchange @ Bay 12,60253,Phibbs Exchange,64050,64470,in_service_layover,60.37033361085942,65.57728000239588,29.367177648265624,420,7.0,17:47:30,17:54:30,True,5,,5
2160034,medium,27.0,6.0,40-ft,BTC,MF,14903971,14904049,028,028,60253,60686,Phibbs Exchange @ Bay 1,Phibbs Exchange @ Bay 9,60253,Phibbs Exchange,64410,64650,in_service_layover,57.66260639418379,60.82425416277402,17.83169341484887,240,4.0,17:53:30,17:57:30,True,1,,5
2160068,medium,130.0,4.0,40-ft,BTC,MF,14847031,14856117,130,212,60253,60689,Phibbs Exchange @ Bay 1,Phibbs Exchange @ Bay 12,60253,Phibbs Exchange,64890,65910,in_service_layover,66.0552460427742,76.01925079578332,56.19698680697144,1020,17.0,18:01:30,18:18:30,True,2,,5
2160064,medium,130.0,7.0,40-ft,BTC,MF,14856729,14856786,222,222,60253,60687,Phibbs Exchange @ Bay 1,Phibbs Exchange @ Bay 10,60253,Phibbs Exchange,65130,65430,in_service_layover,68.84811149914552,72.10828968466606,18.38740496633585,300,5.0,18:05:30,18:10:30,True,3,,5
2160027,medium,27.0,4.0,40-ft,BTC,MF,14903972,14904050,028,028,60253,60686,Phibbs Exchange @ Bay 1,Phibbs Exchange @ Bay 9,60253,Phibbs Exchange,65190,65730,in_service_layover,55.45024272068926,62.44956400103666,39.47617202115936,540,9.0,18:06:30,18:15:30,True,4,,5
2161139,medium,210.0,22.0,40-ft,BTC,MF,14856168,14857766,212,232,60253,60688,Phibbs Exchange @ Bay 1,Phibbs Exchange @ Bay 11,60253,Phibbs Exchange,65370,65730,in_service_layover,69.30463352422954,73.12454909222673,21.5443238035042,360,6.0,18:09:30,18:15:30,True,5,,5
2160069,medium,130.0,1.0,40-ft,BTC,MF,14846965,14847123,130,130,60253,60687,Phibbs Exchange @ Bay 1,Phibbs Exchange @ Bay 10,60253,Phibbs Exchange,65850,66630,in_service_layover,66.55567231885021,74.54012287502336,45.03230113681661,780,13.0,18:17:30,18:30:30,True,1,,5
2164881,medium,27.0,1.0,40-ft,BTC,MF,14903973,14904051,028,028,60253,60686,Phibbs Exchange @ Bay 1,Phibbs Exchange @ Bay 9,60253,Phibbs Exchange,65970,66570,in_service_layover,56.41129090999427,64.06863553588522,43.18742369002496,600,10.0,18:19:30,18:29:30,True,3,,5
2160025,medium,27.0,3.0,40-ft,BTC,MF,14903974,14904052,028,028,60253,60686,Phibbs Exchange @ Bay 1,Phibbs Exchange @ Bay 9,60253,Phibbs Exchange,66870,67410,in_service_layover,50.72425584689091,57.76969994694737,39.736304724318416,540,9.0,18:34:30,18:43:30,True,4,,5
2160697,medium,130.0,25.0,40-ft,BTC,MF,14856732,14847072,222,130,60253,60687,Phibbs Exchange @ Bay 1,Phibbs Exchange @ Bay 10,60253,Phibbs Exchange,67050,67410,in_service_layover,69.87811209011974,73.64776433610797,21.260838667373548,360,6.0,18:37:30,18:43:30,True,5,,5
2160071,medium,210.0,1.0,40-ft,BTC,MF,14855692,14856310,210,214,60256,60255,Phibbs Exchange @ Bay 4,Phibbs Exchange @ Bay 3,60256,Phibbs Exchange,67290,67590,in_service_layover,54.270853318143395,58.20908655521423,22.211635457079467,300,5.0,18:41:30,18:46:30,True,2,,5
2164882,medium,27.0,2.0,40-ft,BTC,MF,14903975,14904053,028,028,60253,60686,Phibbs Exchange @ Bay 1,Phibbs Exchange @ Bay 9,60253,Phibbs Exchange,67710,68910,in_service_layover,53.10980407273887,67.69206901863744,82.24397429486805,1200,20.0,18:48:30,19:08:30,True,3,,5
2160683,medium,130.0,26.0,40-ft,BTC,MF,14847036,14847174,130,130,60253,60687,Phibbs Exchange @ Bay 1,Phibbs Exchange @ Bay 10,60253,Phibbs Exchange,67890,68190,in_service_layover,69.82743522275918,73.01686086072934,17.988360598151758,300,5.0,18:51:30,18:56:30,True,1,,5
2160703,medium,130.0,5.0,40-ft,BTC,MF,14855963,14856136,211,212,60689,60689,Phibbs Exchange @ Bay 12,Phibbs Exchange @ Bay 12,60689,Phibbs Exchange,68850,69870,in_service_layover,63.91053539398735,74.38675519537013,59.08587967979878,1020,17.0,19:07:30,19:24:30,True,4,,5
2160687,medium,130.0,6.0,40-ft,BTC,MF,14847018,14847134,130,130,60253,60687,Phibbs Exchange @ Bay 1,Phibbs Exchange @ Bay 10,60253,Phibbs Exchange,69030,69690,in_service_layover,67.3859250901317,74.20603865987628,38.46544053335941,660,11.0,19:10:30,19:21:30,True,5,,5
2160071,medium,210.0,1.0,40-ft,BTC,MF,14856338,14857765,214,232,60253,60688,Phibbs Exchange @ Bay 1,Phibbs Exchange @ Bay 11,60253,Phibbs Exchange,69390,69690,in_service_layover,54.83008767528443,58.77738605648827,22.262762869989615,300,5.0,19:16:30,19:21:30,True,2,,5
2160034,medium,27.0,6.0,40-ft,BTC,MF,14903977,14904054,028,028,60253,60686,Phibbs Exchange @ Bay 1,Phibbs Exchange @ Bay 9,60253,Phibbs Exchange,69450,70050,in_service_layover,54.410484090251444,62.19170532443231,43.88608776078007,600,10.0,19:17:30,19:27:30,True,1,,5
2160688,medium,210.0,8.0,40-ft,BTC,MF,14847037,14847074,130,130,60253,60687,Phibbs Exchange @ Bay 1,Phibbs Exchange @ Bay 10,60253,Phibbs Exchange,69450,70410,in_service_layover,58.42454761763869,69.6347547239966,63.22556807985865,960,16.0,19:17:30,19:33:30,True,3,,5
2160682,medium,130.0,8.0,40-ft,BTC,MF,14847011,14847175,130,130,60253,60687,Phibbs Exchange @ Bay 1,Phibbs Exchange @ Bay 10,60253,Phibbs Exchange,69870,71130,in_service_layover,64.46566985193878,76.5171872777745,67.97055828171352,1260,21.0,19:24:30,19:45:30,True,2,,5
2160027,medium,27.0,4.0,40-ft,BTC,MF,14903978,14904055,028,028,60253,60686,Phibbs Exchange @ Bay 1,Phibbs Exchange @ Bay 9,60253,Phibbs Exchange,70410,71370,in_service_layover,58.409196396071906,69.62270158998356,63.24416929366174,960,16.0,19:33:30,19:49:30,True,5,,5
2161088,medium,210.0,13.0,40-ft,BTC,MF,14856169,14855920,212,211,60253,60689,Phibbs Exchange @ Bay 1,Phibbs Exchange @ Bay 12,60253,Phibbs Exchange,70590,71550,in_service_layover,48.03161232473705,60.43412985088948,69.95019884749968,960,16.0,19:36:30,19:52:30,True,4,,5
2160763,medium,210.0,67.0,40-ft,BTC,MF,14855936,14856127,211,212,60689,60689,Phibbs Exchange @ Bay 12,Phibbs Exchange @ Bay 12,60689,Phibbs Exchange,70950,71730,in_service_layover,69.02187529556393,76.54604441590924,42.43631383874754,780,13.0,19:42:30,19:55:30,True,1,,5
2161139,medium,210.0,22.0,40-ft,BTC,MF,14857754,14857760,232,232,60256,60688,Phibbs Exchange @ Bay 4,Phibbs Exchange @ Bay 11,60256,Phibbs Exchange,71070,71250,in_service_layover,65.17061823718912,67.31705021459375,12.105876352562177,180,3.0,19:44:30,19:47:30,True,3,,5
2164881,medium,27.0,1.0,40-ft,BTC,MF,14903979,14904056,028,028,60253,60686,Phibbs Exchange @ Bay 1,Phibbs Exchange @ Bay 9,60253,Phibbs Exchange,71190,72150,in_service_layover,59.980921511060004,70.83175263487045,61.19868753829098,960,16.0,19:46:30,20:02:30,True,2,,5
2160069,medium,130.0,1.0,40-ft,BTC,MF,14846970,14847164,130,130,60253,60687,Phibbs Exchange @ Bay 1,Phibbs Exchange @ Bay 10,60253,Phibbs Exchange,71550,73230,in_service_layover,67.79873176377677,81.36637860754426,76.52152819884867,1680,28.0,19:52:30,20:20:30,True,3,,5
2160697,medium,130.0,25.0,40-ft,BTC,MF,14846968,14847124,130,130,60253,60687,Phibbs Exchange @ Bay 1,Phibbs Exchange @ Bay 10,60253,Phibbs Exchange,72210,73890,in_service_layover,66.90637322486138,80.75713890968198,78.11831846238817,1680,28.0,20:03:30,20:31:30,True,5,,5
2161065,medium,210.0,61.0,40-ft,BTC,MF,14856149,14855909,212,211,60253,60689,Phibbs Exchange @ Bay 1,Phibbs Exchange @ Bay 12,60253,Phibbs Exchange,72690,73350,in_service_layover,65.6747472441288,72.75835740901636,39.95156132996584,660,11.0,20:11:30,20:22:30,True,4,,5
2160703,medium,130.0,5.0,40-ft,BTC,MF,14855971,14856137,211,212,60689,60689,Phibbs Exchange @ Bay 12,Phibbs Exchange @ Bay 12,60689,Phibbs Exchange,72690,73650,in_service_layover,69.324028346233,78.08932309775446,49.436262398580936,960,16.0,20:11:30,20:27:30,True,1,,5
2161096,medium,210.0,3.0,40-ft,BTC,MF,14857742,14857786,232,232,60256,60688,Phibbs Exchange @ Bay 4,Phibbs Exchange @ Bay 11,60256,Phibbs Exchange,73110,73290,in_service_layover,46.45370861061867,48.743239729684895,12.91295551153354,180,3.0,20:18:30,20:21:30,True,2,,5
2160687,medium,130.0,6.0,40-ft,BTC,MF,14847013,14847125,130,130,60253,60687,Phibbs Exchange @ Bay 1,Phibbs Exchange @ Bay 10,60253,Phibbs Exchange,74310,75210,in_service_layover,67.46464754862969,76.21900037712052,49.374549952688255,900,15.0,20:38:30,20:53:30,True,3,,5
2161088,medium,210.0,13.0,40-ft,BTC,MF,14856173,14855921,212,211,60253,60689,Phibbs Exchange @ Bay 1,Phibbs Exchange @ Bay 12,60253,Phibbs Exchange,74490,75210,in_service_layover,55.625129771321994,64.74321280705706,51.425988321545844,720,12.0,20:41:30,20:53:30,True,2,,5
2160034,medium,27.0,6.0,40-ft,BTC,MF,14903985,14904058,028,028,60253,60686,Phibbs Exchange @ Bay 1,Phibbs Exchange @ Bay 9,60253,Phibbs Exchange,74610,75330,in_service_layover,60.430317685366354,68.89374171262507,47.733711513739195,720,12.0,20:43:30,20:55:30,True,4,,5
2160071,medium,210.0,1.0,40-ft,BTC,MF,14857755,14857790,232,232,60256,60688,Phibbs Exchange @ Bay 4,Phibbs Exchange @ Bay 11,60256,Phibbs Exchange,74670,74850,in_service_layover,50.82345520145064,53.14284818480153,13.081376426098984,180,3.0,20:44:30,20:47:30,True,1,,5
2160688,medium,210.0,8.0,40-ft,BTC,MF,14846972,14847165,130,130,60253,60687,Phibbs Exchange @ Bay 1,Phibbs Exchange @ Bay 10,60253,Phibbs Exchange,75030,76230,in_service_layover,62.89336361275001,74.97852842482861,68.16032954012326,1200,20.0,20:50:30,21:10:30,True,5,,5
2161065,medium,210.0,61.0,40-ft,BTC,MF,14856161,14855878,212,211,60253,60689,Phibbs Exchange @ Bay 1,Phibbs Exchange @ Bay 12,60253,Phibbs Exchange,76170,76950,in_service_layover,67.94935732944887,75.67553726957706,43.575654862323006,780,13.0,21:09:30,21:22:30,True,1,,5
2160690,medium,130.0,10.0,40-ft,BTC,MF,14847014,14847077,130,130,60253,60687,Phibbs Exchange @ Bay 1,Phibbs Exchange @ Bay 10,60253,Phibbs Exchange,76410,77130,in_service_layover,65.52536160377602,73.17351569404646,43.13558906912522,720,12.0,21:13:30,21:25:30,True,2,,5
2164881,medium,27.0,1.0,40-ft,BTC,MF,14903986,14904059,028,028,60253,60686,Phibbs Exchange @ Bay 1,Phibbs Exchange @ Bay 9,60253,Phibbs Exchange,76470,77190,in_service_layover,64.41798256234789,72.24876831943271,44.16563166995843,720,12.0,21:14:30,21:26:30,True,3,,5
2161096,medium,210.0,3.0,40-ft,BTC,MF,14857723,14857780,232,232,60256,60688,Phibbs Exchange @ Bay 4,Phibbs Exchange @ Bay 11,60256,Phibbs Exchange,78030,78630,in_service_layover,40.789308874647276,48.41292659297164,42.99720393134942,600,10.0,21:40:30,21:50:30,True,4,,5
2160763,medium,210.0,67.0,40-ft,BTC,MF,14855923,14856102,211,212,60689,60689,Phibbs Exchange @ Bay 12,Phibbs Exchange @ Bay 12,60689,Phibbs Exchange,78150,79110,in_service_layover,66.44900031993475,75.87815329040761,53.18042275346693,960,16.0,21:42:30,21:58:30,True,5,,5
2164882,medium,27.0,2.0,40-ft,BTC,MF,14903987,14904060,028,028,60253,60686,Phibbs Exchange @ Bay 1,Phibbs Exchange @ Bay 9,60253,Phibbs Exchange,78270,78870,in_service_layover,65.04388984696718,71.65609635004895,37.292844677381254,600,10.0,21:44:30,21:54:30,True,1,,5
2160034,medium,27.0,6.0,40-ft,BTC,MF,14903988,14904061,028,028,60253,60686,Phibbs Exchange @ Bay 1,Phibbs Exchange @ Bay 9,60253,Phibbs Exchange,79770,80730,in_service_layover,66.6566299560949,76.03845966310435,52.913519547533326,960,16.0,22:09:30,22:25:30,True,2,,5
2164882,medium,27.0,2.0,40-ft,BTC,MF,14903990,14904063,028,028,60253,60686,Phibbs Exchange @ Bay 1,Phibbs Exchange @ Bay 9,60253,Phibbs Exchange,83310,84210,in_service_layover,69.7976980442796,78.04283686957551,46.50258297466888,900,15.0,23:08:30,23:23:30,True,3,,5
2161065,medium,210.0,61.0,40-ft,BTC,MF,14856166,14855910,212,211,60253,60689,Phibbs Exchange @ Bay 1,Phibbs Exchange @ Bay 12,60253,Phibbs Exchange,83730,84150,in_service_layover,65.9166286798571,70.64171847029283,26.649506418057513,420,7.0,23:15:30,23:22:30,True,4,,5
2160034,medium,27.0,6.0,40-ft,BTC,MF,14903991,14904064,028,028,60253,60686,Phibbs Exchange @ Bay 1,Phibbs Exchange @ Bay 9,60253,Phibbs Exchange,85110,86010,in_service_layover,69.62468959058178,77.90804998366907,46.71815261701232,900,15.0,23:38:30,23:53:30,True,1,,5
2161065,medium,210.0,61.0,40-ft,BTC,MF,14856158,14855876,212,211,60253,60689,Phibbs Exchange @ Bay 1,Phibbs Exchange @ Bay 12,60253,Phibbs Exchange,87210,87750,in_service_layover,65.76226417543286,71.70261686086361,33.50358914582944,540,9.0,24:13:30,24:22:30,True,5,,5
2161064,medium,210.0,26.0,40-ft,BTC,MF,14855601,14855905,209,211,60684,60689,Phibbs Exchange @ Bay 7,Phibbs Exchange @ Bay 12,60684,Phibbs Exchange,89970,91110,in_service_layover,41.66926631359287,56.37567850493818,82.94416475918752,1140,19.0,24:59:30,25:18:30,True,2,,5
2161065,medium,210.0,61.0,40-ft,BTC,MF,14855937,14855599,211,209,60689,60684,Phibbs Exchange @ Bay 12,Phibbs Exchange @ Bay 7,60689,Phibbs Exchange,90870,92010,in_service_layover,66.01783157412603,76.83164947432262,60.98993295710869,1140,19.0,25:14:30,25:33:30,True,4,,5
2160073,medium,210.0,7.0,40-ft,BTC,MF,14855600,14904073,209,028,60684,60686,Phibbs Exchange @ Bay 7,Phibbs Exchange @ Bay 9,60684,Phibbs Exchange,93450,93870,in_service_layover,35.167650456648815,40.45513435870592,29.821409207602073,420,7.0,25:57:30,26:04:30,True,3,,5
2161037,medium,701.0,1.0,40-ft,PCT,MF,14854983,14855028,188,188,53348,53767,Port Coquitlam Station @ Bay 6,Port Coquitlam Station @ Bay 5,53348,Port Coquitlam Station,26970,27330,in_service_layover,68.45637632317334,72.3491534097553,21.955262768322257,360,6.0,07:29:30,07:35:30,True,1,,3
2160913,medium,183.0,3.0,40-ft,PCT,MF,14851485,14855033,160,188,53740,53767,Port Coquitlam Station @ Bay 4,Port Coquitlam Station @ Bay 5,53740,Port Coquitlam Station,33510,34230,in_service_layover,64.59979257945545,72.40080026873727,43.997683367549485,720,12.0,09:18:30,09:30:30,True,2,,3
2160925,medium,160.0,4.0,40-ft,PCT,MF,14854952,14851516,188,160,53348,53740,Port Coquitlam Station @ Bay 6,Port Coquitlam Station @ Bay 4,53348,Port Coquitlam Station,33870,34590,in_service_layover,69.38537767257175,76.37331914431586,39.4119899006368,720,12.0,09:24:30,09:36:30,True,3,,3
2160912,medium,160.0,1.0,40-ft,PCT,MF,14851486,14851553,160,160,53740,53740,Port Coquitlam Station @ Bay 4,Port Coquitlam Station @ Bay 4,53740,Port Coquitlam Station,34230,35430,in_service_layover,64.59979257945545,76.20807831347251,65.47073153985627,1200,20.0,09:30:30,09:50:30,True,1,,3
2160922,medium,160.0,2.0,40-ft,PCT,MF,14851423,14851500,160,160,53740,53740,Port Coquitlam Station @ Bay 4,Port Coquitlam Station @ Bay 4,53740,Port Coquitlam Station,36030,36330,in_service_layover,64.59979257945545,68.1395509008103,19.96423693244145,300,5.0,10:00:30,10:05:30,True,2,,3
2161037,medium,701.0,1.0,40-ft,PCT,MF,14854954,14855035,188,188,53348,53767,Port Coquitlam Station @ Bay 6,Port Coquitlam Station @ Bay 5,53348,Port Coquitlam Station,36990,37710,in_service_layover,65.85705321286645,73.44991587427445,42.82374541034119,720,12.0,10:16:30,10:28:30,True,3,,3
2160921,medium,160.0,5.0,40-ft,PCT,MF,14851424,14851501,160,160,53740,53740,Port Coquitlam Station @ Bay 4,Port Coquitlam Station @ Bay 4,53740,Port Coquitlam Station,37050,37230,in_service_layover,64.59979257945545,66.76646660146058,12.22004148410889,180,3.0,10:17:30,10:20:30,True,1,,3
2160924,medium,183.0,1.0,40-ft,PCT,MF,14854955,14855036,188,188,53348,53767,Port Coquitlam Station @ Bay 6,Port Coquitlam Station @ Bay 5,53348,Port Coquitlam Station,38790,39510,in_service_layover,69.23279603083868,76.2475314467724,39.56310774586615,720,12.0,10:46:30,10:58:30,True,2,,3
2160919,medium,160.0,6.0,40-ft,PCT,MF,14851426,14851503,160,160,53740,53740,Port Coquitlam Station @ Bay 4,Port Coquitlam Station @ Bay 4,53740,Port Coquitlam Station,38850,39030,in_service_layover,64.59979257945545,66.76646660146058,12.22004148410889,180,3.0,10:47:30,10:50:30,True,1,,3
2160923,medium,160.0,7.0,40-ft,PCT,MF,14851427,14851505,160,160,53740,53740,Port Coquitlam Station @ Bay 4,Port Coquitlam Station @ Bay 4,53740,Port Coquitlam Station,39750,40770,in_service_layover,64.59979257945545,74.91263460714943,58.164429036194065,1020,17.0,11:02:30,11:19:30,True,3,,3
2160900,medium,183.0,7.0,40-ft,PCT,MF,14854956,14855037,188,188,53348,53767,Port Coquitlam Station @ Bay 6,Port Coquitlam Station @ Bay 5,53348,Port Coquitlam Station,40590,41310,in_service_layover,69.54097872371857,76.50153721290101,39.257549878989096,720,12.0,11:16:30,11:28:30,True,1,,3
2160917,medium,160.0,8.0,40-ft,PCT,MF,14851428,14851506,160,160,53740,53740,Port Coquitlam Station @ Bay 4,Port Coquitlam Station @ Bay 4,53740,Port Coquitlam Station,40590,41670,in_service_layover,64.59979257945545,75.36181036525825,60.69778031192783,1080,18.0,11:16:30,11:34:30,True,2,,3
2160914,medium,183.0,8.0,40-ft,PCT,MF,14851484,14851556,160,160,53740,53740,Port Coquitlam Station @ Bay 4,Port Coquitlam Station @ Bay 4,53740,Port Coquitlam Station,41490,42690,in_service_layover,65.60966465976833,76.93857488108466,63.89505364822412,1200,20.0,11:31:30,11:51:30,True,3,,3
2160916,medium,151.0,14.0,40-ft,PCT,MF,14851444,14851517,160,160,53740,53740,Port Coquitlam Station @ Bay 4,Port Coquitlam Station @ Bay 4,53740,Port Coquitlam Station,42510,43590,in_service_layover,65.13072715235653,75.7582533814053,59.9392479318351,1080,18.0,11:48:30,12:06:30,True,1,,3
2160925,medium,160.0,4.0,40-ft,PCT,MF,14851445,14851518,160,160,53740,53740,Port Coquitlam Station @ Bay 4,Port Coquitlam Station @ Bay 4,53740,Port Coquitlam Station,43410,44490,in_service_layover,69.18470255899616,78.7862954308911,54.15298379748742,1080,18.0,12:03:30,12:21:30,True,2,,3
2160912,medium,160.0,1.0,40-ft,PCT,MF,14851480,14851552,160,160,53740,53740,Port Coquitlam Station @ Bay 4,Port Coquitlam Station @ Bay 4,53740,Port Coquitlam Station,44430,45390,in_service_layover,68.50292948739757,77.4592853700119,50.5138471779448,960,16.0,12:20:30,12:36:30,True,3,,3
2160922,medium,160.0,2.0,40-ft,PCT,MF,14851429,14851507,160,160,53740,53740,Port Coquitlam Station @ Bay 4,Port Coquitlam Station @ Bay 4,53740,Port Coquitlam Station,45330,46290,in_service_layover,61.295432504710035,71.86515506001058,59.61323521189507,960,16.0,12:35:30,12:51:30,True,1,,3
2160921,medium,160.0,5.0,40-ft,PCT,MF,14851430,14851508,160,160,53740,53740,Port Coquitlam Station @ Bay 4,Port Coquitlam Station @ Bay 4,53740,Port Coquitlam Station,46410,47190,in_service_layover,58.65511445586365,68.03467465993987,52.90071955098989,780,13.0,12:53:30,13:06:30,True,2,,3
2160832,medium,183.0,4.0,40-ft,PCT,MF,14854960,14855041,188,188,53348,53767,Port Coquitlam Station @ Bay 6,Port Coquitlam Station @ Bay 5,53348,Port Coquitlam Station,48030,48510,in_service_layover,66.70353635773338,71.94978502826176,29.58884250178005,480,8.0,13:20:30,13:28:30,True,3,,3
2160919,medium,160.0,6.0,40-ft,PCT,MF,14851432,14851510,160,160,53740,53740,Port Coquitlam Station @ Bay 4,Port Coquitlam Station @ Bay 4,53740,Port Coquitlam Station,48210,48930,in_service_layover,58.65511445586365,67.40572602088092,49.35344922669742,720,12.0,13:23:30,13:35:30,True,1,,3
2160918,medium,160.0,3.0,40-ft,PCT,MF,14851433,14851511,160,160,53740,53740,Port Coquitlam Station @ Bay 4,Port Coquitlam Station @ Bay 4,53740,Port Coquitlam Station,49110,49890,in_service_layover,64.69140209176632,73.01384941668903,46.93860291256408,780,13.0,13:38:30,13:51:30,True,2,,3
2160924,medium,183.0,1.0,40-ft,PCT,MF,14854961,14855042,188,188,53348,53767,Port Coquitlam Station @ Bay 6,Port Coquitlam Station @ Bay 5,53348,Port Coquitlam Station,49890,50310,in_service_layover,69.45640420134457,73.83554914802588,24.69837749928257,420,7.0,13:51:30,13:58:30,True,3,,3
2160923,medium,160.0,7.0,40-ft,PCT,MF,14851434,14851512,160,160,53740,53740,Port Coquitlam Station @ Bay 4,Port Coquitlam Station @ Bay 4,53740,Port Coquitlam Station,50010,50850,in_service_layover,64.94953139481777,73.74061992288318,49.58173929828888,840,14.0,13:53:30,14:07:30,True,1,,3
2160917,medium,160.0,8.0,40-ft,PCT,MF,14851435,14851513,160,160,53740,53740,Port Coquitlam Station @ Bay 4,Port Coquitlam Station @ Bay 4,53740,Port Coquitlam Station,50910,51690,in_service_layover,65.37404255270424,73.57371972833211,46.246179270541234,780,13.0,14:08:30,14:21:30,True,2,,3
2160914,medium,183.0,8.0,40-ft,PCT,MF,14851483,14851555,160,160,53740,53740,Port Coquitlam Station @ Bay 4,Port Coquitlam Station @ Bay 4,53740,Port Coquitlam Station,51750,52590,in_service_layover,64.2893524549148,73.20825471329121,50.302608737242906,840,14.0,14:22:30,14:36:30,True,3,,3
2160916,medium,151.0,14.0,40-ft,PCT,MF,14851446,14851519,160,160,53740,53740,Port Coquitlam Station @ Bay 4,Port Coquitlam Station @ Bay 4,53740,Port Coquitlam Station,52650,53430,in_service_layover,65.11472178352564,73.3611709122447,46.509973085975446,780,13.0,14:37:30,14:50:30,True,1,,3
2160925,medium,160.0,4.0,40-ft,PCT,MF,14851447,14851520,160,160,53740,53740,Port Coquitlam Station @ Bay 4,Port Coquitlam Station @ Bay 4,53740,Port Coquitlam Station,53670,54210,in_service_layover,66.13707300472123,72.03132226539691,33.2435658302108,540,9.0,14:54:30,15:03:30,True,2,,3
2160912,medium,160.0,1.0,40-ft,PCT,MF,14851479,14851551,160,160,53740,53740,Port Coquitlam Station @ Bay 4,Port Coquitlam Station @ Bay 4,53740,Port Coquitlam Station,54630,55110,in_service_layover,64.81006294384204,70.2603411464131,30.739569062500777,480,8.0,15:10:30,15:18:30,True,3,,3
2160924,medium,183.0,1.0,40-ft,PCT,MF,14854964,14851521,188,160,53348,53740,Port Coquitlam Station @ Bay 6,Port Coquitlam Station @ Bay 4,53348,Port Coquitlam Station,55410,56010,in_service_layover,67.83542598821313,74.05964678398547,35.104605288155994,600,10.0,15:23:30,15:33:30,True,1,,3
2160922,medium,160.0,2.0,40-ft,PCT,MF,14851436,14851522,160,160,53740,53740,Port Coquitlam Station @ Bay 4,Port Coquitlam Station @ Bay 4,53740,Port Coquitlam Station,55770,56910,in_service_layover,63.38528717885657,74.90173410135867,64.95276064291176,1140,19.0,15:29:30,15:48:30,True,2,,3
2160921,medium,160.0,5.0,40-ft,PCT,MF,14851437,14851523,160,160,53740,53740,Port Coquitlam Station @ Bay 4,Port Coquitlam Station @ Bay 4,53740,Port Coquitlam Station,56670,57810,in_service_layover,59.83257391969094,72.27979187454613,70.20230926538329,1140,19.0,15:44:30,16:03:30,True,3,,3
2160919,medium,160.0,6.0,40-ft,PCT,MF,14851439,14851525,160,160,53740,53740,Port Coquitlam Station @ Bay 4,Port Coquitlam Station @ Bay 4,53740,Port Coquitlam Station,58470,59490,in_service_layover,59.94720750574897,71.34210604460858,64.26722775916818,1020,17.0,16:14:30,16:31:30,True,1,,3
2160918,medium,160.0,3.0,40-ft,PCT,MF,14851440,14851526,160,160,53740,53740,Port Coquitlam Station @ Bay 4,Port Coquitlam Station @ Bay 4,53740,Port Coquitlam Station,59670,60330,in_service_layover,62.47545113997788,70.0323617619829,42.62097590810828,660,11.0,16:34:30,16:45:30,True,2,,3
2160923,medium,160.0,7.0,40-ft,PCT,MF,14851441,14851527,160,160,53740,53740,Port Coquitlam Station @ Bay 4,Port Coquitlam Station @ Bay 4,53740,Port Coquitlam Station,60630,60990,in_service_layover,63.17613985454587,67.48262201330577,24.288559375405782,360,6.0,16:50:30,16:56:30,True,3,,3
2161035,medium,183.0,6.0,40-ft,PCT,MF,14854969,14855051,188,188,53348,53767,Port Coquitlam Station @ Bay 6,Port Coquitlam Station @ Bay 5,53348,Port Coquitlam Station,60930,61110,in_service_layover,64.8234637714642,66.98220619091583,12.175307245707188,180,3.0,16:55:30,16:58:30,True,1,,3
2160913,medium,183.0,3.0,40-ft,PCT,MF,14854970,14855052,188,188,53348,53767,Port Coquitlam Station @ Bay 6,Port Coquitlam Station @ Bay 5,53348,Port Coquitlam Station,61590,61890,in_service_layover,66.7392861900907,70.1438006454324,19.20146152812731,300,5.0,17:06:30,17:11:30,True,2,,3
2160917,medium,160.0,8.0,40-ft,PCT,MF,14851442,14851528,160,160,53740,53740,Port Coquitlam Station @ Bay 4,Port Coquitlam Station @ Bay 4,53740,Port Coquitlam Station,61710,62190,in_service_layover,64.3293182794612,69.82999331599126,31.02380720602946,480,8.0,17:08:30,17:16:30,True,3,,3
2160914,medium,183.0,8.0,40-ft,PCT,MF,14851482,14851550,160,160,53740,53740,Port Coquitlam Station @ Bay 4,Port Coquitlam Station @ Bay 4,53740,Port Coquitlam Station,62550,63090,in_service_layover,63.33422067546435,69.56485395497455,35.140771696437525,540,9.0,17:22:30,17:31:30,True,1,,3
2160916,medium,151.0,14.0,40-ft,PCT,MF,14851448,14851535,160,160,53740,53740,Port Coquitlam Station @ Bay 4,Port Coquitlam Station @ Bay 4,53740,Port Coquitlam Station,63450,64110,in_service_layover,64.13070715417577,71.44588760912039,41.25761776588769,660,11.0,17:37:30,17:48:30,True,2,,3
2160925,medium,160.0,4.0,40-ft,PCT,MF,14851449,14855005,160,188,53740,53767,Port Coquitlam Station @ Bay 4,Port Coquitlam Station @ Bay 5,53740,Port Coquitlam Station,64230,65190,in_service_layover,63.5387248101008,73.62000987060111,56.85844774122177,960,16.0,17:50:30,18:06:30,True,3,,3
2160912,medium,160.0,1.0,40-ft,PCT,MF,14851478,14851548,160,160,53740,53740,Port Coquitlam Station @ Bay 4,Port Coquitlam Station @ Bay 4,53740,Port Coquitlam Station,65430,66030,in_service_layover,63.83159802967335,70.60632012977374,38.209432644566164,600,10.0,18:10:30,18:20:30,True,1,,3
2161035,medium,183.0,6.0,40-ft,PCT,MF,14854974,14855006,188,188,53348,53767,Port Coquitlam Station @ Bay 6,Port Coquitlam Station @ Bay 5,53348,Port Coquitlam Station,66330,66570,in_service_layover,65.90155135047337,68.69992631171549,15.782834781405597,240,4.0,18:25:30,18:29:30,True,2,,3
2160921,medium,160.0,5.0,40-ft,PCT,MF,14851452,14851530,160,160,53740,53740,Port Coquitlam Station @ Bay 4,Port Coquitlam Station @ Bay 4,53740,Port Coquitlam Station,67470,67830,in_service_layover,65.0138743102024,69.18416021396357,23.52041249721293,360,6.0,18:44:30,18:50:30,True,3,,3
2161037,medium,701.0,1.0,40-ft,PCT,MF,14854996,14855054,188,188,53348,53767,Port Coquitlam Station @ Bay 6,Port Coquitlam Station @ Bay 5,53348,Port Coquitlam Station,67650,68370,in_service_layover,54.338343741475036,63.56241643739177,52.0237700049704,720,12.0,18:47:30,18:59:30,True,1,,3
2160919,medium,160.0,6.0,40-ft,PCT,MF,14851454,14851532,160,160,53740,53740,Port Coquitlam Station @ Bay 4,Port Coquitlam Station @ Bay 4,53740,Port Coquitlam Station,69090,69630,in_service_layover,65.9527641937071,71.8697271433981,33.37167103625728,540,9.0,19:11:30,19:20:30,True,2,,3
2160918,medium,160.0,3.0,40-ft,PCT,MF,14851455,14851533,160,160,53740,53740,Port Coquitlam Station @ Bay 4,Port Coquitlam Station @ Bay 4,53740,Port Coquitlam Station,70110,70530,in_service_layover,66.51187898692822,71.18095252421773,26.333574750312778,420,7.0,19:28:30,19:35:30,True,3,,3
2160917,medium,160.0,8.0,40-ft,PCT,MF,14851457,14851534,160,160,53740,53740,Port Coquitlam Station @ Bay 4,Port Coquitlam Station @ Bay 4,53740,Port Coquitlam Station,71070,71490,in_service_layover,61.500519816332314,66.61395198282965,28.83975741904493,420,7.0,19:44:30,19:51:30,True,1,,3
2160914,medium,183.0,8.0,40-ft,PCT,MF,14851477,14851549,160,160,53740,53740,Port Coquitlam Station @ Bay 4,Port Coquitlam Station @ Bay 4,53740,Port Coquitlam Station,71970,72390,in_service_layover,61.25422986046784,66.38804062851422,28.954692731781677,420,7.0,19:59:30,20:06:30,True,2,,3
2160916,medium,151.0,14.0,40-ft,PCT,MF,14851473,14851536,160,160,53740,53740,Port Coquitlam Station @ Bay 4,Port Coquitlam Station @ Bay 4,53740,Port Coquitlam Station,72750,73530,in_service_layover,64.26832157723751,72.66628388508147,47.364507416239974,780,13.0,20:12:30,20:25:30,True,3,,3
2160915,medium,183.0,32.0,40-ft,PCT,MF,14851474,14851546,160,160,53740,53740,Port Coquitlam Station @ Bay 4,Port Coquitlam Station @ Bay 4,53740,Port Coquitlam Station,73650,74730,in_service_layover,66.66511253329328,76.90028151822567,57.72635307501861,1080,18.0,20:27:30,20:45:30,True,1,,3
2160912,medium,160.0,1.0,40-ft,PCT,MF,14851475,14855008,160,188,53740,53767,Port Coquitlam Station @ Bay 4,Port Coquitlam Station @ Bay 5,53740,Port Coquitlam Station,74490,75150,in_service_layover,65.32593894228302,72.46237525810935,40.24950082126048,660,11.0,20:41:30,20:52:30,True,2,,3
2160918,medium,160.0,3.0,40-ft,PCT,MF,14851471,14851539,160,160,53740,53740,Port Coquitlam Station @ Bay 4,Port Coquitlam Station @ Bay 4,53740,Port Coquitlam Station,78690,79470,in_service_layover,67.44050729780008,75.26153820363447,44.11061430890595,780,13.0,21:51:30,22:04:30,True,3,,3
2160914,medium,183.0,8.0,40-ft,PCT,MF,14851476,14851540,160,160,53740,53740,Port Coquitlam Station @ Bay 4,Port Coquitlam Station @ Bay 4,53740,Port Coquitlam Station,80310,81390,in_service_layover,63.55575672942315,74.58021684453053,62.17795504920559,1080,18.0,22:18:30,22:36:30,True,1,,3
2160912,medium,160.0,1.0,40-ft,PCT,MF,14854993,14855013,188,188,53348,53767,Port Coquitlam Station @ Bay 6,Port Coquitlam Station @ Bay 5,53348,Port Coquitlam Station,81690,82410,in_service_layover,69.88553668515388,76.78524652248035,38.91436348252125,720,12.0,22:41:30,22:53:30,True,2,,3
2160915,medium,183.0,32.0,40-ft,PCT,MF,14851459,14851541,160,160,53740,53740,Port Coquitlam Station @ Bay 4,Port Coquitlam Station @ Bay 4,53740,Port Coquitlam Station,82830,83430,in_service_layover,64.25105909205581,70.96995903222171,37.89459566253572,600,10.0,23:00:30,23:10:30,True,3,,3
2160918,medium,160.0,3.0,40-ft,PCT,MF,14851461,14851543,160,160,53740,53740,Port Coquitlam Station @ Bay 4,Port Coquitlam Station @ Bay 4,53740,Port Coquitlam Station,86250,86910,in_service_layover,68.75250626325062,75.35700814355253,37.24939060490283,660,11.0,23:57:30,24:08:30,True,1,,3
2160913,medium,183.0,3.0,40-ft,PCT,MF,14854992,14855012,188,188,53348,53767,Port Coquitlam Station @ Bay 6,Port Coquitlam Station @ Bay 5,53348,Port Coquitlam Station,87030,87270,in_service_layover,68.89965920321302,71.54003236991353,14.891704660190896,240,4.0,24:10:30,24:14:30,True,2,,3
2160914,medium,183.0,8.0,40-ft,PCT,MF,14851462,14851544,160,160,53740,53740,Port Coquitlam Station @ Bay 4,Port Coquitlam Station @ Bay 4,53740,Port Coquitlam Station,88050,88710,in_service_layover,67.06169405613439,73.93228830329932,38.75015155401013,660,11.0,24:27:30,24:38:30,True,3,,3
2160915,medium,183.0,32.0,40-ft,PCT,MF,14851463,14851545,160,160,53740,53740,Port Coquitlam Station @ Bay 4,Port Coquitlam Station @ Bay 4,53740,Port Coquitlam Station,89730,90510,in_service_layover,63.20864078948383,71.79380633554608,48.4203336797911,780,13.0,24:55:30,25:08:30,True,1,,3
2160913,medium,183.0,3.0,40-ft,PCT,MF,14854991,14855011,188,188,53348,53767,Port Coquitlam Station @ Bay 6,Port Coquitlam Station @ Bay 5,53348,Port Coquitlam Station,90510,90810,in_service_layover,69.44320599849011,72.66067225421978,18.146509682315298,300,5.0,25:08:30,25:13:30,True,2,,3
2162223,medium,401.0,8.0,40-ft,RTC,MF,14872667,14871228,407,402,56517,60483,Steveston Exchange @ Bay 3,Richmond-Brighouse Station @ Bay 1,60483,Richmond-Brighouse Station,1350,1650,interline_end,48.85392981689884,52.70646588017126,21.728303396856404,300,5.0,00:22:30,00:27:30,True,1,,4
2162260,medium,403.0,37.0,40-ft,RTC,MF,14871371,14872914,403,408,56600,60483,Westbound Steveston Hwy @ No. 5 Rd,Richmond-Brighouse Station @ Bay 1,60483,Richmond-Brighouse Station,5910,6210,interline_end,55.47355018252029,59.42806740058173,22.303477109866492,300,5.0,01:38:30,01:43:30,True,2,,4
2162229,medium,401.0,1.0,40-ft,RTC,MF,14872668,14885959,407,N10,56517,60483,Steveston Exchange @ Bay 3,Richmond-Brighouse Station @ Bay 1,60483,Richmond-Brighouse Station,6030,6330,interline_end,27.77454279833077,31.51413725545818,21.09131273819858,300,5.0,01:40:30,01:45:30,True,3,,4
2162258,medium,403.0,36.0,40-ft,RTC,MF,14871369,14885960,403,N10,56600,60483,Westbound Steveston Hwy @ No. 5 Rd,Richmond-Brighouse Station @ Bay 1,60483,Richmond-Brighouse Station,7710,8010,interline_end,50.0145569363636,53.883795950027135,21.82250803706239,300,5.0,02:08:30,02:13:30,True,4,,4
2162208,medium,403.0,1.0,40-ft,RTC,MF,14870889,14885962,401,N10,56517,60483,Steveston Exchange @ Bay 3,Richmond-Brighouse Station @ Bay 1,60483,Richmond-Brighouse Station,11310,11610,interline_end,61.03271610316523,64.78373761007036,21.155761298944924,300,5.0,03:08:30,03:13:30,True,1,,4
2162203,medium,401.0,2.0,40-ft,RTC,MF,14871129,14871188,402,402,60482,60483,Richmond-Brighouse Station @ Bay 2,Richmond-Brighouse Station @ Bay 1,60482,Richmond-Brighouse Station,29490,29670,in_service_layover,66.95723527155715,69.03992964361066,11.746396258381765,180,3.0,08:11:30,08:14:30,True,2,,4
2162229,medium,401.0,1.0,40-ft,RTC,MF,14872939,14872859,408,408,60482,60483,Richmond-Brighouse Station @ Bay 2,Richmond-Brighouse Station @ Bay 1,60482,Richmond-Brighouse Station,30810,30990,in_service_layover,67.86114768682499,69.90954201296921,11.552943999453419,180,3.0,08:33:30,08:36:30,True,3,,4
2162295,medium,401.0,6.0,40-ft,RTC,MF,14872159,14872248,406,406,60482,60483,Richmond-Brighouse Station @ Bay 2,Richmond-Brighouse Station @ Bay 1,60482,Richmond-Brighouse Station,30990,31350,in_service_layover,68.57939640464676,72.46171650166444,21.89628534717974,360,6.0,08:36:30,08:42:30,True,4,,4
2162291,medium,401.0,11.0,40-ft,RTC,MF,14872160,14872249,406,406,60482,60483,Richmond-Brighouse Station @ Bay 2,Richmond-Brighouse Station @ Bay 1,60482,Richmond-Brighouse Station,31710,32070,in_service_layover,68.57939640464676,72.46171650166444,21.89628534717974,360,6.0,08:48:30,08:54:30,True,1,,4
2162228,medium,401.0,5.0,40-ft,RTC,MF,14871132,14871192,402,402,60482,60483,Richmond-Brighouse Station @ Bay 2,Richmond-Brighouse Station @ Bay 1,60482,Richmond-Brighouse Station,32370,33270,in_service_layover,66.10006935579563,75.14604209341022,51.0192862401463,900,15.0,08:59:30,09:14:30,True,2,,4
2162223,medium,401.0,8.0,40-ft,RTC,MF,14872161,14872250,406,406,60482,60483,Richmond-Brighouse Station @ Bay 2,Richmond-Brighouse Station @ Bay 1,60482,Richmond-Brighouse Station,32430,32790,in_service_layover,65.49555581273869,69.62876803297651,23.311316922141316,360,6.0,09:00:30,09:06:30,True,3,,4
2162286,medium,405.0,3.0,40-ft,RTC,MF,14873002,14872919,408,408,60482,60483,Richmond-Brighouse Station @ Bay 2,Richmond-Brighouse Station @ Bay 1,60482,Richmond-Brighouse Station,32970,33570,in_service_layover,69.36221708999956,75.366115699152,33.86198815561977,600,10.0,09:09:30,09:19:30,True,4,,4
2162201,medium,401.0,12.0,40-ft,RTC,MF,14871133,14871193,402,402,60482,60483,Richmond-Brighouse Station @ Bay 2,Richmond-Brighouse Station @ Bay 1,60482,Richmond-Brighouse Station,33270,34170,in_service_layover,69.91714336542374,78.13585236322437,46.35351874759556,900,15.0,09:14:30,09:29:30,True,1,,4
2162227,medium,401.0,9.0,40-ft,RTC,MF,14872163,14872252,406,406,60482,60483,Richmond-Brighouse Station @ Bay 2,Richmond-Brighouse Station @ Bay 1,60482,Richmond-Brighouse Station,33870,34230,in_service_layover,65.94436976331903,70.0425242278126,23.113591179743764,360,6.0,09:24:30,09:30:30,True,3,,4
2162224,medium,401.0,10.0,40-ft,RTC,MF,14871134,14871194,402,402,60482,60483,Richmond-Brighouse Station @ Bay 2,Richmond-Brighouse Station @ Bay 1,60482,Richmond-Brighouse Station,34290,35310,in_service_layover,64.07194188250539,74.5100088689626,58.87069780361878,1020,17.0,09:31:30,09:48:30,True,2,,4
2162206,medium,401.0,16.0,40-ft,RTC,MF,14871135,14870838,402,401,60482,59982,Richmond-Brighouse Station @ Bay 2,Southbound Buswell St @ Cook Rd,60482,Richmond-Brighouse Station,35190,36150,in_service_layover,66.90461255529414,76.22978525783694,52.59397404234136,960,16.0,09:46:30,10:02:30,True,4,,4
2162295,medium,401.0,6.0,40-ft,RTC,MF,14872165,14872254,406,406,60482,60483,Richmond-Brighouse Station @ Bay 2,Richmond-Brighouse Station @ Bay 1,60482,Richmond-Brighouse Station,35310,35670,in_service_layover,66.69231821737394,70.73094608694646,22.77786118438911,360,6.0,09:48:30,09:54:30,True,1,,4
2162225,medium,401.0,15.0,40-ft,RTC,MF,14871136,14871195,402,402,60482,60483,Richmond-Brighouse Station @ Bay 2,Richmond-Brighouse Station @ Bay 1,60482,Richmond-Brighouse Station,35970,36630,in_service_layover,69.56462405286473,76.03881508744425,36.514437435028526,660,11.0,09:59:30,10:10:30,True,3,,4
2162291,medium,401.0,11.0,40-ft,RTC,MF,14872166,14872255,406,406,60482,60483,Richmond-Brighouse Station @ Bay 2,Richmond-Brighouse Station @ Bay 1,60482,Richmond-Brighouse Station,36030,36390,in_service_layover,66.69231821737394,70.73094608694646,22.77786118438911,360,6.0,10:00:30,10:06:30,True,2,,4
2162281,medium,401.0,14.0,40-ft,RTC,MF,14872945,14872864,408,408,60482,60483,Richmond-Brighouse Station @ Bay 2,Richmond-Brighouse Station @ Bay 1,60482,Richmond-Brighouse Station,36150,36330,in_service_layover,69.61642245835222,71.59246364082782,11.14487226916242,180,3.0,10:02:30,10:05:30,True,1,,4
2162223,medium,401.0,8.0,40-ft,RTC,MF,14872167,14872256,406,406,60482,60483,Richmond-Brighouse Station @ Bay 2,Richmond-Brighouse Station @ Bay 1,60482,Richmond-Brighouse Station,36750,37110,in_service_layover,63.859369748686,68.11618832435931,24.008456766797508,360,6.0,10:12:30,10:18:30,True,4,,4
2162228,medium,401.0,5.0,40-ft,RTC,MF,14871137,14872257,402,406,60482,60483,Richmond-Brighouse Station @ Bay 2,Richmond-Brighouse Station @ Bay 1,60482,Richmond-Brighouse Station,36870,37830,in_service_layover,69.65335992305086,78.3426035435284,49.00733401949327,960,16.0,10:14:30,10:30:30,True,1,,4
2162229,medium,401.0,1.0,40-ft,RTC,MF,14872946,14872865,408,408,60482,60483,Richmond-Brighouse Station @ Bay 2,Richmond-Brighouse Station @ Bay 1,60482,Richmond-Brighouse Station,37950,38190,in_service_layover,60.818780574410326,63.85808172928454,17.141658513490597,240,4.0,10:32:30,10:36:30,True,2,,4
2162227,medium,401.0,9.0,40-ft,RTC,MF,14872169,14872258,406,406,60482,60483,Richmond-Brighouse Station @ Bay 2,Richmond-Brighouse Station @ Bay 1,60482,Richmond-Brighouse Station,38490,38790,in_service_layover,64.2731259435221,67.83254195356734,20.07510629665518,300,5.0,10:41:30,10:46:30,True,3,,4
2162208,medium,403.0,1.0,40-ft,RTC,MF,14871795,14871758,404,404,60482,60483,Richmond-Brighouse Station @ Bay 2,Richmond-Brighouse Station @ Bay 1,60482,Richmond-Brighouse Station,38610,39510,in_service_layover,69.16882993902985,77.55254560219605,47.28415634025737,900,15.0,10:43:30,10:58:30,True,4,,4
2162317,medium,401.0,13.0,40-ft,RTC,MF,14872947,14872866,408,408,60482,60483,Richmond-Brighouse Station @ Bay 2,Richmond-Brighouse Station @ Bay 1,60482,Richmond-Brighouse Station,38850,39090,in_service_layover,64.81683637072013,67.66710415461043,16.07551030114132,240,4.0,10:47:30,10:51:30,True,1,,4
2162295,medium,401.0,6.0,40-ft,RTC,MF,14872170,14872259,406,406,60482,60483,Richmond-Brighouse Station @ Bay 2,Richmond-Brighouse Station @ Bay 1,60482,Richmond-Brighouse Station,39390,39630,in_service_layover,64.96154780265596,67.80497343846419,16.0369205859584,240,4.0,10:56:30,11:00:30,True,2,,4
2162224,medium,401.0,10.0,40-ft,RTC,MF,14871139,14871197,402,402,60482,60483,Richmond-Brighouse Station @ Bay 2,Richmond-Brighouse Station @ Bay 1,60482,Richmond-Brighouse Station,39450,39990,in_service_layover,69.01732669860327,74.54574817845251,31.180297146349744,540,9.0,10:57:30,11:06:30,True,3,,4
2162281,medium,401.0,14.0,40-ft,RTC,MF,14872948,14872867,408,408,60482,60483,Richmond-Brighouse Station @ Bay 2,Richmond-Brighouse Station @ Bay 1,60482,Richmond-Brighouse Station,39750,39990,in_service_layover,67.04708292154837,69.78770072898813,15.457084433960176,240,4.0,11:02:30,11:06:30,True,1,,4
2162291,medium,401.0,11.0,40-ft,RTC,MF,14872171,14872260,406,406,60482,60483,Richmond-Brighouse Station @ Bay 2,Richmond-Brighouse Station @ Bay 1,60482,Richmond-Brighouse Station,40290,40530,in_service_layover,64.96154780265596,67.80497343846419,16.0369205859584,240,4.0,11:11:30,11:15:30,True,4,,4
2162257,medium,403.0,4.0,40-ft,RTC,MF,14871796,14871759,404,404,60482,60483,Richmond-Brighouse Station @ Bay 2,Richmond-Brighouse Station @ Bay 1,60482,Richmond-Brighouse Station,40410,41310,in_service_layover,67.44879624326387,76.20656158793399,49.39379654393957,900,15.0,11:13:30,11:28:30,True,2,,4
2162286,medium,405.0,3.0,40-ft,RTC,MF,14873000,14872917,408,408,60482,60483,Richmond-Brighouse Station @ Bay 2,Richmond-Brighouse Station @ Bay 1,60482,Richmond-Brighouse Station,40650,40890,in_service_layover,66.2753542605931,69.05523737242629,15.67854075073916,240,4.0,11:17:30,11:21:30,True,1,,4
2162223,medium,401.0,8.0,40-ft,RTC,MF,14872172,14872261,406,406,60482,60483,Richmond-Brighouse Station @ Bay 2,Richmond-Brighouse Station @ Bay 1,60482,Richmond-Brighouse Station,41190,41430,in_service_layover,62.34679004006881,65.31384488450999,16.73418932264832,240,4.0,11:26:30,11:30:30,True,3,,4
2162229,medium,401.0,1.0,40-ft,RTC,MF,14872949,14872868,408,408,60482,60483,Richmond-Brighouse Station @ Bay 2,Richmond-Brighouse Station @ Bay 1,60482,Richmond-Brighouse Station,41550,41790,in_service_layover,59.3127010100051,62.42467320702333,17.55152319118281,240,4.0,11:32:30,11:36:30,True,4,,4
2162317,medium,401.0,13.0,40-ft,RTC,MF,14872950,14872869,408,408,60482,60483,Richmond-Brighouse Station @ Bay 2,Richmond-Brighouse Station @ Bay 1,60482,Richmond-Brighouse Station,42450,42690,in_service_layover,63.12172343533098,66.05213840292762,16.527540417245064,240,4.0,11:47:30,11:51:30,True,1,,4
2162227,medium,401.0,9.0,40-ft,RTC,MF,14872174,14872263,406,406,60482,60483,Richmond-Brighouse Station @ Bay 2,Richmond-Brighouse Station @ Bay 1,60482,Richmond-Brighouse Station,42990,43230,in_service_layover,62.06314366927684,65.043609689642,16.80982835485952,240,4.0,11:56:30,12:00:30,True,2,,4
2162201,medium,401.0,12.0,40-ft,RTC,MF,14871141,14871199,402,402,60482,60483,Richmond-Brighouse Station @ Bay 2,Richmond-Brighouse Station @ Bay 1,60482,Richmond-Brighouse Station,43050,43590,in_service_layover,67.15048802250567,72.91835006789708,32.53074193600753,540,9.0,11:57:30,12:06:30,True,3,,4
2162281,medium,401.0,14.0,40-ft,RTC,MF,14872951,14872870,408,408,60482,60483,Richmond-Brighouse Station @ Bay 2,Richmond-Brighouse Station @ Bay 1,60482,Richmond-Brighouse Station,43350,43590,in_service_layover,65.24232000970868,68.07246802596373,15.962034811678507,240,4.0,12:02:30,12:06:30,True,4,,4
2162295,medium,401.0,6.0,40-ft,RTC,MF,14872175,14872264,406,406,60482,60483,Richmond-Brighouse Station @ Bay 2,Richmond-Brighouse Station @ Bay 1,60482,Richmond-Brighouse Station,43890,44130,in_service_layover,62.035575154173685,65.01734465043026,16.81717995888704,240,4.0,12:11:30,12:15:30,True,1,,4
2162286,medium,405.0,3.0,40-ft,RTC,MF,14872999,14872916,408,408,60482,60483,Richmond-Brighouse Station @ Bay 2,Richmond-Brighouse Station @ Bay 1,60482,Richmond-Brighouse Station,44250,44490,in_service_layover,64.50985665314684,67.37463884448742,16.157371559160822,240,4.0,12:17:30,12:21:30,True,2,,4
2162291,medium,401.0,11.0,40-ft,RTC,MF,14872176,14872265,406,406,60482,60483,Richmond-Brighouse Station @ Bay 2,Richmond-Brighouse Station @ Bay 1,60482,Richmond-Brighouse Station,44790,45030,in_service_layover,62.035575154173685,65.01734465043026,16.81717995888704,240,4.0,12:26:30,12:30:30,True,3,,4
2162224,medium,401.0,10.0,40-ft,RTC,MF,14871142,14871200,402,402,60482,60483,Richmond-Brighouse Station @ Bay 2,Richmond-Brighouse Station @ Bay 1,60482,Richmond-Brighouse Station,44850,45390,in_service_layover,69.05306600809315,74.57681928173223,31.153968463324304,540,9.0,12:27:30,12:36:30,True,4,,4
2162229,medium,401.0,1.0,40-ft,RTC,MF,14872952,14872871,408,408,60482,60483,Richmond-Brighouse Station @ Bay 2,Richmond-Brighouse Station @ Bay 1,60482,Richmond-Brighouse Station,45150,45330,in_service_layover,57.87929248774388,60.25955029334704,13.424654023601818,180,3.0,12:32:30,12:35:30,True,1,,4
2162223,medium,401.0,8.0,40-ft,RTC,MF,14872177,14872266,406,406,60482,60483,Richmond-Brighouse Station @ Bay 2,Richmond-Brighouse Station @ Bay 1,60482,Richmond-Brighouse Station,45690,45930,in_service_layover,59.544446600219494,62.64584099648799,17.49186439495429,240,4.0,12:41:30,12:45:30,True,2,,4
2162317,medium,401.0,13.0,40-ft,RTC,MF,14872953,14872872,408,408,60482,60483,Richmond-Brighouse Station @ Bay 2,Richmond-Brighouse Station @ Bay 1,60482,Richmond-Brighouse Station,46050,46290,in_service_layover,61.506757683648175,64.51353037000051,16.95819795102716,240,4.0,12:47:30,12:51:30,True,3,,4
2162228,medium,401.0,5.0,40-ft,RTC,MF,14872178,14872267,406,406,60482,60483,Richmond-Brighouse Station @ Bay 2,Richmond-Brighouse Station @ Bay 1,60482,Richmond-Brighouse Station,46590,46830,in_service_layover,66.80380697494739,69.5569608731247,15.52778798572001,240,4.0,12:56:30,13:00:30,True,1,,4
2162225,medium,401.0,15.0,40-ft,RTC,MF,14871143,14871201,402,402,60482,60483,Richmond-Brighouse Station @ Bay 2,Richmond-Brighouse Station @ Bay 1,60482,Richmond-Brighouse Station,46650,47010,in_service_layover,65.05345074672556,69.2207120390443,23.50335368867775,360,6.0,12:57:30,13:03:30,True,4,,4
2162281,medium,401.0,14.0,40-ft,RTC,MF,14872954,14872873,408,408,60482,60483,Richmond-Brighouse Station @ Bay 2,Richmond-Brighouse Station @ Bay 1,60482,Richmond-Brighouse Station,46950,47190,in_service_layover,63.52708730668428,66.43833613379141,16.419443384884175,240,4.0,13:02:30,13:06:30,True,2,,4
2162227,medium,401.0,9.0,40-ft,RTC,MF,14872179,14872268,406,406,60482,60483,Richmond-Brighouse Station @ Bay 2,Richmond-Brighouse Station @ Bay 1,60482,Richmond-Brighouse Station,47490,47730,in_service_layover,59.274211405351494,62.38785498364615,17.560949781581883,240,4.0,13:11:30,13:15:30,True,3,,4
2162279,medium,403.0,8.0,40-ft,RTC,MF,14871800,14871763,404,404,60482,60483,Richmond-Brighouse Station @ Bay 2,Richmond-Brighouse Station @ Bay 1,60482,Richmond-Brighouse Station,47610,48510,in_service_layover,66.7827941013875,75.68343515780919,50.19961555821834,900,15.0,13:13:30,13:28:30,True,1,,4
2162286,medium,405.0,3.0,40-ft,RTC,MF,14872998,14872915,408,408,60482,60483,Richmond-Brighouse Station @ Bay 2,Richmond-Brighouse Station @ Bay 1,60482,Richmond-Brighouse Station,47850,48090,in_service_layover,62.82925812520798,65.77350123985536,16.60553116661123,240,4.0,13:17:30,13:21:30,True,4,,4
2162295,medium,401.0,6.0,40-ft,RTC,MF,14872180,14872269,406,406,60482,60483,Richmond-Brighouse Station @ Bay 2,Richmond-Brighouse Station @ Bay 1,60482,Richmond-Brighouse Station,48390,48630,in_service_layover,59.24794636613975,62.36271559435143,17.567298447113842,240,4.0,13:26:30,13:30:30,True,2,,4
2162201,medium,401.0,12.0,40-ft,RTC,MF,14871144,14871202,402,402,60482,60483,Richmond-Brighouse Station @ Bay 2,Richmond-Brighouse Station @ Bay 1,60482,Richmond-Brighouse Station,48390,48750,in_service_layover,67.42566789753774,71.4045939184743,22.441142758082265,360,6.0,13:26:30,13:32:30,True,3,,4
2162229,medium,401.0,1.0,40-ft,RTC,MF,14872992,14872909,408,408,60482,60483,Richmond-Brighouse Station @ Bay 2,Richmond-Brighouse Station @ Bay 1,60482,Richmond-Brighouse Station,48750,48990,in_service_layover,55.7141695740676,58.876794509442476,17.837204635514354,240,4.0,13:32:30,13:36:30,True,4,,4
2162291,medium,401.0,11.0,40-ft,RTC,MF,14872181,14872270,406,406,60482,60483,Richmond-Brighouse Station @ Bay 2,Richmond-Brighouse Station @ Bay 1,60482,Richmond-Brighouse Station,49290,49530,in_service_layover,59.24794636613975,62.36271559435143,17.567298447113842,240,4.0,13:41:30,13:45:30,True,1,,4
2162208,medium,403.0,1.0,40-ft,RTC,MF,14871801,14871764,404,404,60482,60483,Richmond-Brighouse Station @ Bay 2,Richmond-Brighouse Station @ Bay 1,60482,Richmond-Brighouse Station,49410,50250,in_service_layover,67.487982474866,75.77761431522177,46.753523579606565,840,14.0,13:43:30,13:57:30,True,2,,4
2162317,medium,401.0,13.0,40-ft,RTC,MF,14872993,14872910,408,408,60482,60483,Richmond-Brighouse Station @ Bay 2,Richmond-Brighouse Station @ Bay 1,60482,Richmond-Brighouse Station,49710,49890,in_service_layover,59.96814965072106,62.29924426813464,13.147373642212642,180,3.0,13:48:30,13:51:30,True,3,,4
2162223,medium,401.0,8.0,40-ft,RTC,MF,14872182,14872271,406,406,60482,60483,Richmond-Brighouse Station @ Bay 2,Richmond-Brighouse Station @ Bay 1,60482,Richmond-Brighouse Station,50190,50430,in_service_layover,56.87644271219748,60.045939330741035,17.87596092858564,240,4.0,13:56:30,14:00:30,True,4,,4
2162224,medium,401.0,10.0,40-ft,RTC,MF,14871145,14871203,402,402,60482,60483,Richmond-Brighouse Station @ Bay 2,Richmond-Brighouse Station @ Bay 1,60482,Richmond-Brighouse Station,50190,50430,in_service_layover,69.08413711137287,71.7140654468909,14.832795812321649,240,4.0,13:56:30,14:00:30,True,1,,4
2162228,medium,401.0,5.0,40-ft,RTC,MF,14872183,14872272,406,406,60482,60483,Richmond-Brighouse Station @ Bay 2,Richmond-Brighouse Station @ Bay 1,60482,Richmond-Brighouse Station,51090,51330,in_service_layover,63.78756258883419,66.686495799764,16.349983309644188,240,4.0,14:11:30,14:15:30,True,3,,4
2162257,medium,403.0,4.0,40-ft,RTC,MF,14871802,14871765,404,404,60482,60483,Richmond-Brighouse Station @ Bay 2,Richmond-Brighouse Station @ Bay 1,60482,Richmond-Brighouse Station,51330,52050,in_service_layover,66.14199846060396,73.68714586394782,42.554631354859396,720,12.0,14:15:30,14:27:30,True,2,,4
2162225,medium,401.0,15.0,40-ft,RTC,MF,14871146,14871204,402,402,60482,60483,Richmond-Brighouse Station @ Bay 2,Richmond-Brighouse Station @ Bay 1,60482,Richmond-Brighouse Station,51390,51630,in_service_layover,63.728029868684956,66.62977786543745,16.365858701684033,240,4.0,14:16:30,14:20:30,True,1,,4
2162227,medium,401.0,9.0,40-ft,RTC,MF,14872184,14872273,406,406,60482,60483,Richmond-Brighouse Station @ Bay 2,Richmond-Brighouse Station @ Bay 1,60482,Richmond-Brighouse Station,51990,52230,in_service_layover,56.61845669935565,59.78830388204756,17.87793811038233,240,4.0,14:26:30,14:30:30,True,4,,4
2162201,medium,401.0,12.0,40-ft,RTC,MF,14871147,14871205,402,402,60482,60483,Richmond-Brighouse Station @ Bay 2,Richmond-Brighouse Station @ Bay 1,60482,Richmond-Brighouse Station,52590,52830,in_service_layover,65.91191174811495,68.7097787019291,15.779969619511803,240,4.0,14:36:30,14:40:30,True,3,,4
2162295,medium,401.0,6.0,40-ft,RTC,MF,14872185,14872274,406,406,60482,60483,Richmond-Brighouse Station @ Bay 2,Richmond-Brighouse Station @ Bay 1,60482,Richmond-Brighouse Station,52890,53130,in_service_layover,56.59331731006092,59.76313981524653,17.877798929246865,240,4.0,14:41:30,14:45:30,True,1,,4
2162291,medium,401.0,11.0,40-ft,RTC,MF,14872186,14872275,406,406,60482,60483,Richmond-Brighouse Station @ Bay 2,Richmond-Brighouse Station @ Bay 1,60482,Richmond-Brighouse Station,53790,54030,in_service_layover,56.59331731006092,59.76313981524653,17.877798929246865,240,4.0,14:56:30,15:00:30,True,2,,4
2162223,medium,401.0,8.0,40-ft,RTC,MF,14872187,14872276,406,406,60482,60483,Richmond-Brighouse Station @ Bay 2,Richmond-Brighouse Station @ Bay 1,60482,Richmond-Brighouse Station,54690,54930,in_service_layover,54.27654104645053,57.420522907205765,17.73205769465949,240,4.0,15:11:30,15:15:30,True,4,,4
2162224,medium,401.0,10.0,40-ft,RTC,MF,14871149,14871207,402,402,60482,60483,Richmond-Brighouse Station @ Bay 2,Richmond-Brighouse Station @ Bay 1,60482,Richmond-Brighouse Station,55050,55230,in_service_layover,66.22138327653154,68.3305540823283,11.895723344693693,180,3.0,15:17:30,15:20:30,True,3,,4
2162228,medium,401.0,5.0,40-ft,RTC,MF,14872188,14872277,406,406,60482,60483,Richmond-Brighouse Station @ Bay 2,Richmond-Brighouse Station @ Bay 1,60482,Richmond-Brighouse Station,55590,55830,in_service_layover,60.91709751547349,63.9517501152147,17.11544066254038,240,4.0,15:26:30,15:30:30,True,1,,4
2162225,medium,401.0,15.0,40-ft,RTC,MF,14871150,14871208,402,402,60482,60483,Richmond-Brighouse Station @ Bay 2,Richmond-Brighouse Station @ Bay 1,60482,Richmond-Brighouse Station,56010,56250,in_service_layover,61.137095695078095,64.16134648963705,17.056774481312516,240,4.0,15:33:30,15:37:30,True,2,,4
2162227,medium,401.0,9.0,40-ft,RTC,MF,14872189,14871209,406,402,60482,60483,Richmond-Brighouse Station @ Bay 2,Richmond-Brighouse Station @ Bay 1,60482,Richmond-Brighouse Station,56490,57150,in_service_layover,54.01890559775705,62.547935119043586,48.10372650005604,660,11.0,15:41:30,15:52:30,True,4,,4
2162229,medium,401.0,1.0,40-ft,RTC,MF,14872959,14872879,408,408,60482,60483,Richmond-Brighouse Station @ Bay 2,Richmond-Brighouse Station @ Bay 1,60482,Richmond-Brighouse Station,56550,56850,in_service_layover,49.78603307088359,53.6515677309931,21.801615483017656,300,5.0,15:42:30,15:47:30,True,3,,4
2162257,medium,403.0,4.0,40-ft,RTC,MF,14871805,14871768,404,404,60482,60483,Richmond-Brighouse Station @ Bay 2,Richmond-Brighouse Station @ Bay 1,60482,Richmond-Brighouse Station,56730,57450,in_service_layover,68.57186334648071,75.70199914056224,40.213965878619774,720,12.0,15:45:30,15:57:30,True,1,,4
2162201,medium,401.0,12.0,40-ft,RTC,MF,14871151,14874110,402,430,60482,58279,Richmond-Brighouse Station @ Bay 2,Eastbound Cook Rd @ No. 3 Rd,60482,Richmond-Brighouse Station,56910,58110,in_service_layover,63.21709653156975,75.21213000781091,67.65198880600013,1200,20.0,15:48:30,16:08:30,True,2,,4
2162317,medium,401.0,13.0,40-ft,RTC,MF,14872960,14872880,408,408,60482,60483,Richmond-Brighouse Station @ Bay 2,Richmond-Brighouse Station @ Bay 1,60482,Richmond-Brighouse Station,57270,57570,in_service_layover,53.20848282957576,57.12949512612578,22.114509352542143,300,5.0,15:54:30,15:59:30,True,3,,4
2162295,medium,401.0,6.0,40-ft,RTC,MF,14872190,14872279,406,406,60482,60483,Richmond-Brighouse Station @ Bay 2,Richmond-Brighouse Station @ Bay 1,60482,Richmond-Brighouse Station,57390,57630,in_service_layover,53.99374153095603,57.134056065716756,17.71137397605048,240,4.0,15:56:30,16:00:30,True,4,,4
2162206,medium,401.0,16.0,40-ft,RTC,MF,14871152,14871210,402,402,60482,60483,Richmond-Brighouse Station @ Bay 2,Richmond-Brighouse Station @ Bay 1,60482,Richmond-Brighouse Station,57810,58050,in_service_layover,49.50016938023933,52.58252706562055,17.38449734555013,240,4.0,16:03:30,16:07:30,True,1,,4
2162279,medium,403.0,8.0,40-ft,RTC,MF,14871806,14871769,404,404,60482,60483,Richmond-Brighouse Station @ Bay 2,Richmond-Brighouse Station @ Bay 1,60482,Richmond-Brighouse Station,58530,59250,in_service_layover,65.53587107667707,73.18227695907247,43.125729176710024,720,12.0,16:15:30,16:27:30,True,3,,4
2162281,medium,401.0,14.0,40-ft,RTC,MF,14872962,14872882,408,408,60482,60483,Richmond-Brighouse Station @ Bay 2,Richmond-Brighouse Station @ Bay 1,60482,Richmond-Brighouse Station,58590,58890,in_service_layover,52.802193975953074,56.71662036273075,22.07736482142616,300,5.0,16:16:30,16:21:30,True,4,,4
2162223,medium,401.0,8.0,40-ft,RTC,MF,14872192,14872282,406,406,60482,60483,Richmond-Brighouse Station @ Bay 2,Richmond-Brighouse Station @ Bay 1,60482,Richmond-Brighouse Station,59190,59790,in_service_layover,51.651124622915255,59.49469578881725,44.23774137568728,600,10.0,16:26:30,16:36:30,True,1,,4
2162224,medium,401.0,10.0,40-ft,RTC,MF,14871154,14871212,402,402,60482,60483,Richmond-Brighouse Station @ Bay 2,Richmond-Brighouse Station @ Bay 1,60482,Richmond-Brighouse Station,59490,59850,in_service_layover,62.837871911968946,67.1685174562782,24.424840869904187,360,6.0,16:31:30,16:37:30,True,2,,4
2162228,medium,401.0,5.0,40-ft,RTC,MF,14872193,14872283,406,406,60482,60483,Richmond-Brighouse Station @ Bay 2,Richmond-Brighouse Station @ Bay 1,60482,Richmond-Brighouse Station,60090,60510,in_service_layover,58.1823518309242,63.56787211914416,30.37433442556062,420,7.0,16:41:30,16:48:30,True,4,,4
2162208,medium,403.0,1.0,40-ft,RTC,MF,14871807,14871770,404,404,60482,60483,Richmond-Brighouse Station @ Bay 2,Richmond-Brighouse Station @ Bay 1,60482,Richmond-Brighouse Station,60330,61050,in_service_layover,65.55598978790681,73.19904900489486,43.106853983812584,720,12.0,16:45:30,16:57:30,True,3,,4
2162225,medium,401.0,15.0,40-ft,RTC,MF,14871155,14871213,402,402,60482,60483,Richmond-Brighouse Station @ Bay 2,Richmond-Brighouse Station @ Bay 1,60482,Richmond-Brighouse Station,60390,60750,in_service_layover,58.668664319277696,63.29594487708887,26.097862346055024,360,6.0,16:46:30,16:52:30,True,1,,4
2162229,medium,401.0,1.0,40-ft,RTC,MF,14872965,14872885,408,408,60482,60483,Richmond-Brighouse Station @ Bay 2,Richmond-Brighouse Station @ Bay 1,60482,Richmond-Brighouse Station,60570,60990,in_service_layover,49.10618701171366,54.527649198699294,30.57704673459898,420,7.0,16:49:30,16:56:30,True,2,,4
2162227,medium,401.0,9.0,40-ft,RTC,MF,14871156,14871214,402,402,60482,60483,Richmond-Brighouse Station @ Bay 2,Richmond-Brighouse Station @ Bay 1,60482,Richmond-Brighouse Station,61290,61650,in_service_layover,57.055252948684235,61.7588669730427,26.528383097381777,360,6.0,17:01:30,17:07:30,True,4,,4
2162317,medium,401.0,13.0,40-ft,RTC,MF,14872966,14872886,408,408,60482,60483,Richmond-Brighouse Station @ Bay 2,Richmond-Brighouse Station @ Bay 1,60482,Richmond-Brighouse Station,61470,61710,in_service_layover,52.58411440684634,55.7061489873937,17.608275034287146,240,4.0,17:04:30,17:08:30,True,1,,4
2162295,medium,401.0,6.0,40-ft,RTC,MF,14872195,14872285,406,406,60482,60483,Richmond-Brighouse Station @ Bay 2,Richmond-Brighouse Station @ Bay 1,60482,Richmond-Brighouse Station,61710,61950,in_service_layover,51.364657781426246,54.4708785266007,17.519085002783925,240,4.0,17:08:30,17:12:30,True,2,,4
2162263,medium,403.0,35.0,40-ft,RTC,MF,14871808,14871771,404,404,60482,60483,Richmond-Brighouse Station @ Bay 2,Richmond-Brighouse Station @ Bay 1,60482,Richmond-Brighouse Station,62010,62850,in_service_layover,55.281746437696235,65.78560141505245,59.24174207228913,840,14.0,17:13:30,17:27:30,True,3,,4
2162206,medium,401.0,16.0,40-ft,RTC,MF,14871157,14871215,402,402,60482,60483,Richmond-Brighouse Station @ Bay 2,Richmond-Brighouse Station @ Bay 1,60482,Richmond-Brighouse Station,62190,62550,in_service_layover,47.08984489526121,51.69751435396478,25.98725574708817,360,6.0,17:16:30,17:22:30,True,4,,4
2162291,medium,401.0,11.0,40-ft,RTC,MF,14872196,14872286,406,406,60482,60483,Richmond-Brighouse Station @ Bay 2,Richmond-Brighouse Station @ Bay 1,60482,Richmond-Brighouse Station,62430,62670,in_service_layover,48.22434324666552,51.29381707434152,17.311832388092625,240,4.0,17:20:30,17:24:30,True,1,,4
2162281,medium,401.0,14.0,40-ft,RTC,MF,14872968,14872888,408,408,60482,60483,Richmond-Brighouse Station @ Bay 2,Richmond-Brighouse Station @ Bay 1,60482,Richmond-Brighouse Station,62610,63090,in_service_layover,52.17123964345131,58.45663081015099,35.44960618018621,480,8.0,17:23:30,17:31:30,True,2,,4
2162224,medium,401.0,10.0,40-ft,RTC,MF,14871159,14871217,402,402,60482,60483,Richmond-Brighouse Station @ Bay 2,Richmond-Brighouse Station @ Bay 1,60482,Richmond-Brighouse Station,63810,64290,in_service_layover,61.67583528591884,67.44443693965422,32.53491332706756,480,8.0,17:43:30,17:51:30,True,4,,4
2162279,medium,403.0,8.0,40-ft,RTC,MF,14871809,14871772,404,404,60482,60483,Richmond-Brighouse Station @ Bay 2,Richmond-Brighouse Station @ Bay 1,60482,Richmond-Brighouse Station,63810,64650,in_service_layover,68.06699444160536,76.24002409627826,46.09588725235517,840,14.0,17:43:30,17:57:30,True,1,,4
2162228,medium,401.0,5.0,40-ft,RTC,MF,14872199,14872289,406,406,60482,60483,Richmond-Brighouse Station @ Bay 2,Richmond-Brighouse Station @ Bay 1,60482,Richmond-Brighouse Station,64590,64770,in_service_layover,57.79847383485366,60.17918575048632,13.427215204168192,180,3.0,17:56:30,17:59:30,True,3,,4
2162225,medium,401.0,15.0,40-ft,RTC,MF,14871160,14871218,402,402,60482,60483,Richmond-Brighouse Station @ Bay 2,Richmond-Brighouse Station @ Bay 1,60482,Richmond-Brighouse Station,64710,65190,in_service_layover,57.80326270672953,63.934500344326715,34.58018027604817,480,8.0,17:58:30,18:06:30,True,2,,4
2162229,medium,401.0,1.0,40-ft,RTC,MF,14872971,14872891,408,408,60482,60483,Richmond-Brighouse Station @ Bay 2,Richmond-Brighouse Station @ Bay 1,60482,Richmond-Brighouse Station,64770,65130,in_service_layover,49.982268479419844,54.63474495435175,26.23996731861598,360,6.0,17:59:30,18:05:30,True,4,,4
2162317,medium,401.0,13.0,40-ft,RTC,MF,14872972,14872892,408,408,60482,60483,Richmond-Brighouse Station @ Bay 2,Richmond-Brighouse Station @ Bay 1,60482,Richmond-Brighouse Station,65490,65850,in_service_layover,51.16076826811425,55.83616880765445,26.369259043006707,360,6.0,18:11:30,18:17:30,True,1,,4
2162208,medium,403.0,1.0,40-ft,RTC,MF,14871810,14871773,404,404,60482,60483,Richmond-Brighouse Station @ Bay 2,Richmond-Brighouse Station @ Bay 1,60482,Richmond-Brighouse Station,65550,66450,in_service_layover,68.08376648742775,76.70429550593583,48.61978366438552,900,15.0,18:12:30,18:27:30,True,3,,4
2162227,medium,401.0,9.0,40-ft,RTC,MF,14871161,14871219,402,402,60482,60483,Richmond-Brighouse Station @ Bay 2,Richmond-Brighouse Station @ Bay 1,60482,Richmond-Brighouse Station,65610,66090,in_service_layover,56.26618480268335,62.49147567108665,35.11064049779458,480,8.0,18:13:30,18:21:30,True,4,,4
2162295,medium,401.0,6.0,40-ft,RTC,MF,14872201,14872291,406,406,60482,60483,Richmond-Brighouse Station @ Bay 2,Richmond-Brighouse Station @ Bay 1,60482,Richmond-Brighouse Station,66030,66210,in_service_layover,48.70148024231019,51.00215849425486,12.975825340967901,180,3.0,18:20:30,18:23:30,True,2,,4
2162206,medium,401.0,16.0,40-ft,RTC,MF,14871162,14871220,402,402,60482,60483,Richmond-Brighouse Station @ Bay 2,Richmond-Brighouse Station @ Bay 1,60482,Richmond-Brighouse Station,66390,66990,in_service_layover,46.20483218360543,53.926233468981756,43.548703249522475,600,10.0,18:26:30,18:36:30,True,1,,4
2162291,medium,401.0,11.0,40-ft,RTC,MF,14872202,14872292,406,406,60482,60483,Richmond-Brighouse Station @ Bay 2,Richmond-Brighouse Station @ Bay 1,60482,Richmond-Brighouse Station,66750,66990,in_service_layover,45.524418790051016,48.57601985171454,17.211029987782297,240,4.0,18:32:30,18:36:30,True,4,,4
2162226,medium,401.0,21.0,40-ft,RTC,MF,14871163,14871221,402,402,60482,60483,Richmond-Brighouse Station @ Bay 2,Richmond-Brighouse Station @ Bay 1,60482,Richmond-Brighouse Station,67290,67890,in_service_layover,69.56462405286473,75.53888397392498,33.694825954779844,600,10.0,18:41:30,18:51:30,True,2,,4
2162263,medium,403.0,35.0,40-ft,RTC,MF,14871811,14871774,404,404,60482,60483,Richmond-Brighouse Station @ Bay 2,Richmond-Brighouse Station @ Bay 1,60482,Richmond-Brighouse Station,67350,68250,in_service_layover,60.670318897585354,70.83124609883104,57.3076294150257,900,15.0,18:42:30,18:57:30,True,3,,4
2162296,medium,401.0,22.0,40-ft,RTC,MF,14872203,14872293,406,406,60482,60483,Richmond-Brighouse Station @ Bay 2,Richmond-Brighouse Station @ Bay 1,60482,Richmond-Brighouse Station,67470,67770,in_service_layover,68.6153012329053,71.89195173642075,18.480308839827103,300,5.0,18:44:30,18:49:30,True,1,,4
2162224,medium,401.0,10.0,40-ft,RTC,MF,14871164,14871222,402,402,60482,60483,Richmond-Brighouse Station @ Bay 2,Richmond-Brighouse Station @ Bay 1,60482,Richmond-Brighouse Station,68070,68790,in_service_layover,61.95175476929489,70.17842458403402,46.39841775512872,720,12.0,18:54:30,19:06:30,True,4,,4
2162223,medium,401.0,8.0,40-ft,RTC,MF,14872204,14872294,406,406,60482,60483,Richmond-Brighouse Station @ Bay 2,Richmond-Brighouse Station @ Bay 1,60482,Richmond-Brighouse Station,68130,68730,in_service_layover,47.95589922023623,55.719898163519346,43.78895404011672,600,10.0,18:55:30,19:05:30,True,1,,4
2162229,medium,401.0,1.0,40-ft,RTC,MF,14872976,14872896,408,408,60482,60483,Richmond-Brighouse Station @ Bay 2,Richmond-Brighouse Station @ Bay 1,60482,Richmond-Brighouse Station,68610,69150,in_service_layover,50.08936423507231,57.11628355922104,39.63182498819879,540,9.0,19:03:30,19:12:30,True,2,,4
2162228,medium,401.0,5.0,40-ft,RTC,MF,14872205,14872295,406,406,60482,60483,Richmond-Brighouse Station @ Bay 2,Richmond-Brighouse Station @ Bay 1,60482,Richmond-Brighouse Station,68970,69630,in_service_layover,54.409787466195816,62.916956874057206,47.98043546033824,660,11.0,19:09:30,19:20:30,True,3,,4
2162225,medium,401.0,15.0,40-ft,RTC,MF,14871165,14871223,402,402,60482,60483,Richmond-Brighouse Station @ Bay 2,Richmond-Brighouse Station @ Bay 1,60482,Richmond-Brighouse Station,68970,69690,in_service_layover,58.44181817396738,67.22422596135424,49.53277992086191,720,12.0,19:09:30,19:21:30,True,1,,4
2162222,medium,405.0,1.0,40-ft,RTC,MF,14871176,14871232,402,402,60482,60483,Richmond-Brighouse Station @ Bay 2,Richmond-Brighouse Station @ Bay 1,60482,Richmond-Brighouse Station,69990,70770,in_service_layover,41.17265893802459,51.1361928413391,56.194331214693875,780,13.0,19:26:30,19:39:30,True,4,,4
2162291,medium,401.0,11.0,40-ft,RTC,MF,14872207,14872297,406,406,60482,60483,Richmond-Brighouse Station @ Bay 2,Richmond-Brighouse Station @ Bay 1,60482,Richmond-Brighouse Station,70770,71430,in_service_layover,42.80662156742404,51.24027776376521,47.56582094736419,660,11.0,19:39:30,19:50:30,True,2,,4
2162296,medium,401.0,22.0,40-ft,RTC,MF,14872208,14872298,406,406,60482,60483,Richmond-Brighouse Station @ Bay 2,Richmond-Brighouse Station @ Bay 1,60482,Richmond-Brighouse Station,71670,72330,in_service_layover,66.12255345213023,73.137904197488,39.566578203817755,660,11.0,19:54:30,20:05:30,True,3,,4
2162224,medium,401.0,10.0,40-ft,RTC,MF,14871167,14871224,402,402,60482,60483,Richmond-Brighouse Station @ Bay 2,Richmond-Brighouse Station @ Bay 1,60482,Richmond-Brighouse Station,72330,72630,in_service_layover,64.68574241367466,68.22028480464184,19.934819085054755,300,5.0,20:05:30,20:10:30,True,1,,4
2162223,medium,401.0,8.0,40-ft,RTC,MF,14872209,14872299,406,406,60482,60483,Richmond-Brighouse Station @ Bay 2,Richmond-Brighouse Station @ Bay 1,60482,Richmond-Brighouse Station,72570,73230,in_service_layover,49.950499879228836,58.557187782183476,48.54171977266412,660,11.0,20:09:30,20:20:30,True,4,,4
2162263,medium,403.0,35.0,40-ft,RTC,MF,14871814,14871777,404,404,60482,60483,Richmond-Brighouse Station @ Bay 2,Richmond-Brighouse Station @ Bay 1,60482,Richmond-Brighouse Station,72750,73710,in_service_layover,65.79896453516602,75.37558465861983,54.01213749627948,960,16.0,20:12:30,20:28:30,True,2,,4
2162228,medium,401.0,5.0,40-ft,RTC,MF,14872210,14872300,406,406,60482,60483,Richmond-Brighouse Station @ Bay 2,Richmond-Brighouse Station @ Bay 1,60482,Richmond-Brighouse Station,73470,74070,in_service_layover,57.1475585897667,64.74267953271179,42.83648211821031,600,10.0,20:24:30,20:34:30,True,3,,4
2162222,medium,405.0,1.0,40-ft,RTC,MF,14871175,14871231,402,402,60482,60483,Richmond-Brighouse Station @ Bay 2,Richmond-Brighouse Station @ Bay 1,60482,Richmond-Brighouse Station,74130,74430,in_service_layover,45.64351067097975,49.46340992454415,21.544231790103197,300,5.0,20:35:30,20:40:30,True,1,,4
2162279,medium,403.0,8.0,40-ft,RTC,MF,14871815,14871778,404,404,60482,60483,Richmond-Brighouse Station @ Bay 2,Richmond-Brighouse Station @ Bay 1,60482,Richmond-Brighouse Station,74550,75510,in_service_layover,66.16652046132897,75.65988467735168,53.54257417836811,960,16.0,20:42:30,20:58:30,True,4,,4
2162291,medium,401.0,11.0,40-ft,RTC,MF,14872212,14872302,406,406,60482,60483,Richmond-Brighouse Station @ Bay 2,Richmond-Brighouse Station @ Bay 1,60482,Richmond-Brighouse Station,75270,75870,in_service_layover,45.4708794794747,53.17602169427029,43.45700209144712,600,10.0,20:54:30,21:04:30,True,2,,4
2162224,medium,401.0,10.0,40-ft,RTC,MF,14871168,14871225,402,402,60482,60483,Richmond-Brighouse Station @ Bay 2,Richmond-Brighouse Station @ Bay 1,60482,Richmond-Brighouse Station,75930,76230,in_service_layover,62.727602634282476,66.3784535424218,20.59079912190583,300,5.0,21:05:30,21:10:30,True,3,,4
2162296,medium,401.0,22.0,40-ft,RTC,MF,14872213,14872303,406,406,60482,60483,Richmond-Brighouse Station @ Bay 2,Richmond-Brighouse Station @ Bay 1,60482,Richmond-Brighouse Station,76170,76770,in_service_layover,67.3685059131975,73.65895815218843,35.47815062790892,600,10.0,21:09:30,21:19:30,True,1,,4
2162208,medium,403.0,1.0,40-ft,RTC,MF,14871816,14871779,404,404,60482,60483,Richmond-Brighouse Station @ Bay 2,Richmond-Brighouse Station @ Bay 1,60482,Richmond-Brighouse Station,76410,77310,in_service_layover,66.63973237860579,75.57092294740355,50.371914808019426,900,15.0,21:13:30,21:28:30,True,4,,4
2162223,medium,401.0,8.0,40-ft,RTC,MF,14872214,14872304,406,406,60482,60483,Richmond-Brighouse Station @ Bay 2,Richmond-Brighouse Station @ Bay 1,60482,Richmond-Brighouse Station,77070,77670,in_service_layover,52.787789497892966,60.62090778422944,44.17878713493769,600,10.0,21:24:30,21:34:30,True,2,,4
2162222,medium,405.0,1.0,40-ft,RTC,MF,14871174,14871230,402,402,60482,60483,Richmond-Brighouse Station @ Bay 2,Richmond-Brighouse Station @ Bay 1,60482,Richmond-Brighouse Station,77670,78030,in_service_layover,43.97072775418479,48.54705089740226,25.810462527746523,360,6.0,21:34:30,21:40:30,True,3,,4
2162228,medium,401.0,5.0,40-ft,RTC,MF,14872215,14872305,406,406,60482,60483,Richmond-Brighouse Station @ Bay 2,Richmond-Brighouse Station @ Bay 1,60482,Richmond-Brighouse Station,77970,78570,in_service_layover,58.97328124842128,66.37467122665717,41.74383947725039,600,10.0,21:39:30,21:49:30,True,1,,4
2162318,medium,430.0,7.0,40-ft,RTC,MF,14872985,14872903,408,408,60482,60483,Richmond-Brighouse Station @ Bay 2,Richmond-Brighouse Station @ Bay 1,60482,Richmond-Brighouse Station,78030,78210,in_service_layover,56.00888417827643,58.37871039463541,13.36581986026465,180,3.0,21:40:30,21:43:30,True,4,,4
2162224,medium,401.0,10.0,40-ft,RTC,MF,14871169,14872904,402,408,60482,60483,Richmond-Brighouse Station @ Bay 2,Richmond-Brighouse Station @ Bay 1,60482,Richmond-Brighouse Station,79470,79830,in_service_layover,60.88577137206246,65.35486560099419,25.205691451175028,360,6.0,22:04:30,22:10:30,True,2,,4
2162229,medium,401.0,1.0,40-ft,RTC,MF,14872986,14871966,408,405,60482,56451,Richmond-Brighouse Station @ Bay 2,Eastbound Cook Rd @ No. 3 Rd,60482,Richmond-Brighouse Station,79770,79950,in_service_layover,41.81819472106573,44.09558669709626,12.84449074481222,180,3.0,22:09:30,22:12:30,True,3,,4
2162291,medium,401.0,11.0,40-ft,RTC,MF,14872217,14872307,406,406,60482,60483,Richmond-Brighouse Station @ Bay 2,Richmond-Brighouse Station @ Bay 1,60482,Richmond-Brighouse Station,79770,80370,in_service_layover,47.40662340997979,55.15668318158381,43.710337111846684,600,10.0,22:09:30,22:19:30,True,4,,4
2162296,medium,401.0,22.0,40-ft,RTC,MF,14872218,14872308,406,406,60482,60483,Richmond-Brighouse Station @ Bay 2,Richmond-Brighouse Station @ Bay 1,60482,Richmond-Brighouse Station,80730,81270,in_service_layover,67.88955986789793,73.56365521988828,32.00189778522548,540,9.0,22:25:30,22:34:30,True,1,,4
2162318,medium,430.0,7.0,40-ft,RTC,MF,14872987,14872905,408,408,60482,60483,Richmond-Brighouse Station @ Bay 2,Richmond-Brighouse Station @ Bay 1,60482,Richmond-Brighouse Station,81570,81810,in_service_layover,53.27934744858365,56.410397766664154,17.659123793974118,240,4.0,22:39:30,22:43:30,True,2,,4
2162228,medium,401.0,5.0,40-ft,RTC,MF,14872219,14872309,406,406,60482,60483,Richmond-Brighouse Station @ Bay 2,Richmond-Brighouse Station @ Bay 1,60482,Richmond-Brighouse Station,81930,82170,in_service_layover,60.60527294236666,63.65466902074175,17.19859388203554,240,4.0,22:45:30,22:49:30,True,3,,4
2162224,medium,401.0,10.0,40-ft,RTC,MF,14872988,14872906,408,408,60482,60483,Richmond-Brighouse Station @ Bay 2,Richmond-Brighouse Station @ Bay 1,60482,Richmond-Brighouse Station,83130,83490,in_service_layover,60.255502654942426,64.76929679288978,25.457798938023018,360,6.0,23:05:30,23:11:30,True,4,,4
2162296,medium,401.0,22.0,40-ft,RTC,MF,14872221,14872311,406,406,60482,60483,Richmond-Brighouse Station @ Bay 2,Richmond-Brighouse Station @ Bay 1,60482,Richmond-Brighouse Station,84390,84690,in_service_layover,67.79425693559776,71.12793399552626,18.80193861799677,300,5.0,23:26:30,23:31:30,True,1,,4
2162318,medium,430.0,7.0,40-ft,RTC,MF,14872989,14872907,408,408,60482,60483,Richmond-Brighouse Station @ Bay 2,Richmond-Brighouse Station @ Bay 1,60482,Richmond-Brighouse Station,84930,85350,in_service_layover,51.31103482061239,56.78076626794605,30.849285362961837,420,7.0,23:35:30,23:42:30,True,2,,4
2162208,medium,403.0,1.0,40-ft,RTC,MF,14871820,14871782,404,404,60482,60483,Richmond-Brighouse Station @ Bay 2,Richmond-Brighouse Station @ Bay 1,60482,Richmond-Brighouse Station,85230,85890,in_service_layover,65.50635982007351,72.6155093298738,40.09560323527364,660,11.0,23:40:30,23:51:30,True,3,,4
2162228,medium,401.0,5.0,40-ft,RTC,MF,14872222,14872312,406,406,60482,60483,Richmond-Brighouse Station @ Bay 2,Richmond-Brighouse Station @ Bay 1,60482,Richmond-Brighouse Station,85530,85890,in_service_layover,57.88527073645125,62.55498558876369,26.337191767042157,360,6.0,23:45:30,23:51:30,True,4,,4
2162318,medium,430.0,7.0,40-ft,RTC,MF,14872991,14872908,408,408,60482,60483,Richmond-Brighouse Station @ Bay 2,Richmond-Brighouse Station @ Bay 1,60482,Richmond-Brighouse Station,88350,89010,in_service_layover,51.68140332189428,60.28846854747343,48.54384787226638,660,11.0,24:32:30,24:43:30,True,1,,4
2162208,medium,403.0,1.0,40-ft,RTC,MF,14871821,14871783,404,404,60482,60483,Richmond-Brighouse Station @ Bay 2,Richmond-Brighouse Station @ Bay 1,60482,Richmond-Brighouse Station,88830,89490,in_service_layover,67.58322776620878,74.37249597153239,38.29147267802517,660,11.0,24:40:30,24:51:30,True,2,,4
2162228,medium,401.0,5.0,40-ft,RTC,MF,14872225,14872316,406,406,60482,60483,Richmond-Brighouse Station @ Bay 2,Richmond-Brighouse Station @ Bay 1,60482,Richmond-Brighouse Station,89190,90810,in_service_layover,56.78558730447318,73.84060329080569,96.19029016291529,1620,27.0,24:46:30,25:13:30,True,3,,4
2162223,medium,401.0,8.0,40-ft,RTC,MF,14871172,14871229,402,402,60482,60483,Richmond-Brighouse Station @ Bay 2,Richmond-Brighouse Station @ Bay 1,60482,Richmond-Brighouse Station,91410,92670,in_service_layover,47.213783709811906,63.17229626085377,90.00601078787605,1260,21.0,25:23:30,25:44:30,True,4,,4
2160599,medium,123.0,18.0,40-ft,HTC,MF,14848524,14848572,144,144,60662,60662,SFU Transit Exchange @ Bay 4,SFU Transit Exchange @ Bay 4,60662,SFU Transit Exchange,32970,33210,in_service_layover,69.68154295028052,72.27707145386071,14.638780760192333,240,4.0,09:09:30,09:13:30,True,1,,1
2160606,medium,410.0,34.0,40-ft,HTC,MF,14848478,14848580,144,144,60662,60662,SFU Transit Exchange @ Bay 4,SFU Transit Exchange @ Bay 4,60662,SFU Transit Exchange,33810,34110,in_service_layover,69.68154295028052,72.88165842547757,18.048651280111415,300,5.0,09:23:30,09:28:30,True,1,,1
2160608,medium,410.0,37.0,40-ft,HTC,MF,14848519,14848596,144,144,60662,60662,SFU Transit Exchange @ Bay 4,SFU Transit Exchange @ Bay 4,60662,SFU Transit Exchange,34650,34950,in_service_layover,69.68154295028052,72.88165842547757,18.048651280111415,300,5.0,09:37:30,09:42:30,True,1,,1
2164977,medium,410.0,33.0,40-ft,HTC,MF,14848481,14848544,144,144,60662,60662,SFU Transit Exchange @ Bay 4,SFU Transit Exchange @ Bay 4,60662,SFU Transit Exchange,35550,35850,in_service_layover,66.80295036117676,70.20326781195885,19.17779042241102,300,5.0,09:52:30,09:57:30,True,1,,1
2160620,medium,123.0,16.0,40-ft,HTC,MF,14848487,14848573,144,144,60662,60662,SFU Transit Exchange @ Bay 4,SFU Transit Exchange @ Bay 4,60662,SFU Transit Exchange,36450,36690,in_service_layover,66.10233407403348,68.8908191313064,15.727055723019305,240,4.0,10:07:30,10:11:30,True,1,,1
2160566,medium,410.0,1.0,40-ft,HTC,MF,14848501,14848539,144,144,60662,60662,SFU Transit Exchange @ Bay 4,SFU Transit Exchange @ Bay 4,60662,SFU Transit Exchange,37230,37590,in_service_layover,65.79243152230305,69.90250961896966,23.180840465199594,360,6.0,10:20:30,10:26:30,True,1,,1
2160595,medium,106.0,10.0,40-ft,HTC,MF,14848512,14848545,144,144,60662,60662,SFU Transit Exchange @ Bay 4,SFU Transit Exchange @ Bay 4,60662,SFU Transit Exchange,38130,38490,in_service_layover,69.68154295028052,73.46851507973194,21.35852281010608,360,6.0,10:35:30,10:41:30,True,1,,1
2160593,medium,410.0,22.0,40-ft,HTC,MF,14848476,14848568,144,144,60662,60662,SFU Transit Exchange @ Bay 4,SFU Transit Exchange @ Bay 4,60662,SFU Transit Exchange,39030,39330,in_service_layover,63.84313077561619,67.42805212457505,20.21895640812795,300,5.0,10:50:30,10:55:30,True,1,,1
2160599,medium,123.0,18.0,40-ft,HTC,MF,14848522,14848574,144,144,60662,60662,SFU Transit Exchange @ Bay 4,SFU Transit Exchange @ Bay 4,60662,SFU Transit Exchange,39930,40170,in_service_layover,67.54941631831811,70.26368754120045,15.308489697056416,240,4.0,11:05:30,11:09:30,True,1,,1
2160606,medium,410.0,34.0,40-ft,HTC,MF,14848518,14848584,144,144,60662,60662,SFU Transit Exchange @ Bay 4,SFU Transit Exchange @ Bay 4,60662,SFU Transit Exchange,40770,41070,in_service_layover,68.07490827998991,71.38927910402641,18.693051447565892,300,5.0,11:19:30,11:24:30,True,1,,1
2160608,medium,410.0,37.0,40-ft,HTC,MF,14848496,14848546,144,144,60662,60662,SFU Transit Exchange @ Bay 4,SFU Transit Exchange @ Bay 4,60662,SFU Transit Exchange,41670,41970,in_service_layover,68.5945951876529,71.87270407052286,18.48853409938664,300,5.0,11:34:30,11:39:30,True,1,,1
2164977,medium,410.0,33.0,40-ft,HTC,MF,14848502,14848583,144,144,60662,60662,SFU Transit Exchange @ Bay 4,SFU Transit Exchange @ Bay 4,60662,SFU Transit Exchange,42630,42870,in_service_layover,66.29934010389212,69.07802490655173,15.671782287000156,240,4.0,11:50:30,11:54:30,True,1,,1
2160620,medium,123.0,16.0,40-ft,HTC,MF,14848510,14848575,144,144,60662,60662,SFU Transit Exchange @ Bay 4,SFU Transit Exchange @ Bay 4,60662,SFU Transit Exchange,43530,43770,in_service_layover,65.72910602951937,68.53589575118707,15.830294030205835,240,4.0,12:05:30,12:09:30,True,1,,1
2160566,medium,410.0,1.0,40-ft,HTC,MF,14848533,14848595,144,144,60662,60662,SFU Transit Exchange @ Bay 4,SFU Transit Exchange @ Bay 4,60662,SFU Transit Exchange,44430,44670,in_service_layover,66.58647493744738,69.35070477443804,15.59025628062733,240,4.0,12:20:30,12:24:30,True,1,,1
2160595,medium,106.0,10.0,40-ft,HTC,MF,14848474,14848547,144,144,60662,60662,SFU Transit Exchange @ Bay 4,SFU Transit Exchange @ Bay 4,60662,SFU Transit Exchange,45330,45570,in_service_layover,63.18711279315215,66.11443606534354,16.510103255159436,240,4.0,12:35:30,12:39:30,True,1,,1
2160593,medium,410.0,22.0,40-ft,HTC,MF,14848503,14848592,144,144,60662,60662,SFU Transit Exchange @ Bay 4,SFU Transit Exchange @ Bay 4,60662,SFU Transit Exchange,46290,46470,in_service_layover,65.04981471416723,67.20053050444498,12.130037057166533,180,3.0,12:51:30,12:54:30,True,1,,1
2160599,medium,123.0,18.0,40-ft,HTC,MF,14848490,14848576,144,144,60662,60662,SFU Transit Exchange @ Bay 4,SFU Transit Exchange @ Bay 4,60662,SFU Transit Exchange,47190,47370,in_service_layover,66.89194988130814,68.97704367758105,11.75992901097925,180,3.0,13:06:30,13:09:30,True,1,,1
2160606,medium,410.0,34.0,40-ft,HTC,MF,14848516,14848593,144,144,60662,60662,SFU Transit Exchange @ Bay 4,SFU Transit Exchange @ Bay 4,60662,SFU Transit Exchange,48090,48270,in_service_layover,67.84188272824349,69.89102905832334,11.557185301650406,180,3.0,13:21:30,13:24:30,True,1,,1
2160608,medium,410.0,37.0,40-ft,HTC,MF,14848488,14848548,144,144,60662,60662,SFU Transit Exchange @ Bay 4,SFU Transit Exchange @ Bay 4,60662,SFU Transit Exchange,48990,49170,in_service_layover,67.7320426603626,69.7854591763812,11.581269150344838,180,3.0,13:36:30,13:39:30,True,1,,1
2160566,medium,410.0,1.0,40-ft,HTC,MF,14848492,14848549,144,144,60662,60662,SFU Transit Exchange @ Bay 4,SFU Transit Exchange @ Bay 4,60662,SFU Transit Exchange,51870,52650,in_service_layover,65.56502690032883,73.73014869257089,46.051286908245174,780,13.0,14:24:30,14:37:30,True,1,,1
2160595,medium,106.0,10.0,40-ft,HTC,MF,14848473,14848538,144,144,60662,60662,SFU Transit Exchange @ Bay 4,SFU Transit Exchange @ Bay 4,60662,SFU Transit Exchange,52770,53430,in_service_layover,62.14165638976843,69.74649619487487,42.89129650080025,660,11.0,14:39:30,14:50:30,True,1,,1
2160593,medium,410.0,22.0,40-ft,HTC,MF,14848505,14848556,144,144,60662,60662,SFU Transit Exchange @ Bay 4,SFU Transit Exchange @ Bay 4,60662,SFU Transit Exchange,53730,54390,in_service_layover,63.10150146760927,70.56777969341647,42.10980919355262,660,11.0,14:55:30,15:06:30,True,1,,1
2160620,medium,123.0,16.0,40-ft,HTC,MF,14848494,14848551,144,144,60662,60662,SFU Transit Exchange @ Bay 4,SFU Transit Exchange @ Bay 4,60662,SFU Transit Exchange,54630,55350,in_service_layover,63.55856117118878,71.52900414932675,44.95329839669819,720,12.0,15:10:30,15:22:30,True,1,,1
2160606,medium,410.0,34.0,40-ft,HTC,MF,14848506,14848543,144,144,60662,60662,SFU Transit Exchange @ Bay 4,SFU Transit Exchange @ Bay 4,60662,SFU Transit Exchange,55650,56250,in_service_layover,65.46674092585259,72.02141010733342,36.96833418355192,600,10.0,15:27:30,15:37:30,True,1,,1
2160608,medium,410.0,37.0,40-ft,HTC,MF,14848515,14848559,144,144,60662,60662,SFU Transit Exchange @ Bay 4,SFU Transit Exchange @ Bay 4,60662,SFU Transit Exchange,56550,57150,in_service_layover,64.79110501405427,71.43749729377885,37.48565245764672,600,10.0,15:42:30,15:52:30,True,1,,1
2160603,medium,123.0,25.0,40-ft,HTC,MF,14848526,14848550,144,144,60662,60662,SFU Transit Exchange @ Bay 4,SFU Transit Exchange @ Bay 4,60662,SFU Transit Exchange,57570,58050,in_service_layover,57.517623530279884,63.669291817329274,34.69540913895855,480,8.0,15:59:30,16:07:30,True,1,,1
2160605,medium,106.0,4.0,40-ft,HTC,MF,14848521,14848552,144,144,60662,60662,SFU Transit Exchange @ Bay 4,SFU Transit Exchange @ Bay 4,60662,SFU Transit Exchange,58470,58950,in_service_layover,59.10765983650658,65.12846724221691,33.9573537682063,480,8.0,16:14:30,16:22:30,True,1,,1
2160598,medium,123.0,4.0,40-ft,HTC,MF,14895196,14848563,144,144,60662,60662,SFU Transit Exchange @ Bay 4,SFU Transit Exchange @ Bay 4,60662,SFU Transit Exchange,61470,61650,in_service_layover,52.465104476702166,54.8004640620037,13.171428061100642,180,3.0,17:04:30,17:07:30,True,1,,1
2160620,medium,123.0,16.0,40-ft,HTC,MF,14848472,14848553,144,144,60662,60662,SFU Transit Exchange @ Bay 4,SFU Transit Exchange @ Bay 4,60662,SFU Transit Exchange,63090,63450,in_service_layover,64.56197181513511,68.76651969155952,23.713650023033665,360,6.0,17:31:30,17:37:30,True,1,,1
2160597,medium,123.0,31.0,40-ft,HTC,MF,14848483,14848540,144,144,60662,60662,SFU Transit Exchange @ Bay 4,SFU Transit Exchange @ Bay 4,60662,SFU Transit Exchange,64650,65250,in_service_layover,63.87095704619817,70.64045954458678,38.17999409091169,600,10.0,17:57:30,18:07:30,True,1,,1
2160603,medium,123.0,25.0,40-ft,HTC,MF,14848509,14848554,144,144,60662,60662,SFU Transit Exchange @ Bay 4,SFU Transit Exchange @ Bay 4,60662,SFU Transit Exchange,65610,66150,in_service_layover,57.90454140656984,64.73437383068435,38.52025487200575,540,9.0,18:13:30,18:22:30,True,1,,1
2160566,medium,410.0,1.0,40-ft,HTC,MF,14848482,14848601,144,144,60662,60662,SFU Transit Exchange @ Bay 4,SFU Transit Exchange @ Bay 4,60662,SFU Transit Exchange,66570,67050,in_service_layover,65.4484836434884,70.83095598913665,30.35714402945615,480,8.0,18:29:30,18:37:30,True,1,,1
2160596,medium,123.0,12.0,40-ft,HTC,MF,14848493,14848569,144,144,60662,60662,SFU Transit Exchange @ Bay 4,SFU Transit Exchange @ Bay 4,60662,SFU Transit Exchange,67350,68550,in_service_layover,56.763909121203106,70.56041626865421,77.81230031162426,1200,20.0,18:42:30,19:02:30,True,1,,1
2160610,medium,106.0,16.0,40-ft,HTC,MF,14848484,14848600,144,144,60662,60662,SFU Transit Exchange @ Bay 4,SFU Transit Exchange @ Bay 4,60662,SFU Transit Exchange,69810,70290,in_service_layover,66.80295036117676,72.03824288718506,29.527049846686793,480,8.0,19:23:30,19:31:30,True,1,,1
2160605,medium,106.0,4.0,40-ft,HTC,MF,14848477,14848562,144,144,60662,60662,SFU Transit Exchange @ Bay 4,SFU Transit Exchange @ Bay 4,60662,SFU Transit Exchange,71550,72030,in_service_layover,57.56938267544144,63.71744651225904,34.67508003965128,480,8.0,19:52:30,20:00:30,True,1,,1
2160609,medium,123.0,36.0,40-ft,HTC,MF,14848486,14848594,144,144,60662,60662,SFU Transit Exchange @ Bay 4,SFU Transit Exchange @ Bay 4,60662,SFU Transit Exchange,73350,73770,in_service_layover,64.06757557587672,68.96110585288142,27.59951076230641,420,7.0,20:22:30,20:29:30,True,1,,1
2160606,medium,410.0,34.0,40-ft,HTC,MF,14848480,14848589,144,144,60662,60662,SFU Transit Exchange @ Bay 4,SFU Transit Exchange @ Bay 4,60662,SFU Transit Exchange,75150,75510,in_service_layover,66.8633837803005,70.8882036776076,22.699984220812098,360,6.0,20:52:30,20:58:30,True,1,,1
2160610,medium,106.0,16.0,40-ft,HTC,MF,14848523,14848585,144,144,60662,60662,SFU Transit Exchange @ Bay 4,SFU Transit Exchange @ Bay 4,60662,SFU Transit Exchange,76830,77130,in_service_layover,67.8737330035901,71.20196239384045,18.77121376101195,300,5.0,21:20:30,21:25:30,True,1,,1
2160605,medium,106.0,4.0,40-ft,HTC,MF,14848495,14848565,144,144,60662,60662,SFU Transit Exchange @ Bay 4,SFU Transit Exchange @ Bay 4,60662,SFU Transit Exchange,78570,78870,in_service_layover,61.30547047069159,65.04037174310933,21.064843176436113,300,5.0,21:49:30,21:54:30,True,1,,1
2160609,medium,123.0,36.0,40-ft,HTC,MF,14848530,14848541,144,144,60662,60662,SFU Transit Exchange @ Bay 4,SFU Transit Exchange @ Bay 4,60662,SFU Transit Exchange,80370,80670,in_service_layover,67.36202248730076,70.72505378431492,18.967496515159837,300,5.0,22:19:30,22:24:30,True,1,,1
2160609,medium,123.0,36.0,40-ft,HTC,MF,14848479,14848571,144,144,60662,60662,SFU Transit Exchange @ Bay 4,SFU Transit Exchange @ Bay 4,60662,SFU Transit Exchange,86010,86370,in_service_layover,62.51466880811135,66.86823839618856,24.554132476755456,360,6.0,23:53:30,23:59:30,True,1,,1
2160606,medium,410.0,34.0,40-ft,HTC,MF,14848529,14848597,144,144,60662,60662,SFU Transit Exchange @ Bay 4,SFU Transit Exchange @ Bay 4,60662,SFU Transit Exchange,87810,88350,in_service_layover,62.43868549715654,68.77271800794054,35.72394336082169,540,9.0,24:23:30,24:32:30,True,1,,1
2161710,medium,321.0,1.0,40-ft,STC,MF,14863832,14863896,321,321,56397,55835,Scott Rd Station @ Bay 2,Scott Road Station @ Bay 9,55835,Scott Road Station,26250,26670,in_service_layover,67.26191128896906,71.85916074226574,25.92848691659333,420,7.0,07:17:30,07:24:30,True,1,,5
2161720,medium,321.0,2.0,40-ft,STC,MF,14863786,14863898,321,321,56397,55835,Scott Rd Station @ Bay 2,Scott Road Station @ Bay 9,55835,Scott Road Station,27030,27810,in_service_layover,68.06650333848755,75.7707558254078,43.45198402623015,780,13.0,07:30:30,07:43:30,True,2,,5
2161730,medium,620.0,22.0,40-ft,RTC,MF,14878242,14878344,640,640,53104,55096,Scott Road Station @ Bay 1,Scott Road Station @ Bay 7,53104,Scott Road Station,27570,27990,in_service_layover,68.66529728020856,73.12443486050888,25.14953595289387,420,7.0,07:39:30,07:46:30,True,3,,5
2162560,medium,620.0,24.0,40-ft,RTC,MF,14878244,14878346,640,640,53104,55096,Scott Road Station @ Bay 1,Scott Road Station @ Bay 7,53104,Scott Road Station,28530,29550,in_service_layover,68.66529728020856,77.99417474913518,52.61486892474613,1020,17.0,07:55:30,08:12:30,True,4,,5
2161505,medium,321.0,8.0,40-ft,STC,MF,14863792,14863897,321,321,56397,55835,Scott Rd Station @ Bay 2,Scott Road Station @ Bay 9,55835,Scott Road Station,28590,29010,in_service_layover,69.37706501091584,73.76430171784301,24.74401502706928,420,7.0,07:56:30,08:03:30,True,5,,5
2161719,medium,321.0,7.0,40-ft,STC,MF,14863800,14863866,321,321,56397,55835,Scott Rd Station @ Bay 2,Scott Road Station @ Bay 9,55835,Scott Road Station,29070,29610,in_service_layover,68.65732633765711,74.23258911381701,31.444482057541904,540,9.0,08:04:30,08:13:30,True,1,,5
2161718,medium,321.0,5.0,40-ft,STC,MF,14863751,14863867,321,321,56397,55835,Scott Rd Station @ Bay 2,Scott Road Station @ Bay 9,55835,Scott Road Station,29850,30210,in_service_layover,66.4199850450728,70.48044665943286,22.901003504990683,360,6.0,08:17:30,08:23:30,True,2,,5
2161717,medium,321.0,9.0,40-ft,STC,MF,14863729,14863899,321,321,56397,55835,Scott Rd Station @ Bay 2,Scott Road Station @ Bay 9,55835,Scott Road Station,30510,30810,in_service_layover,66.4199850450728,69.84539902025344,19.319334820018753,300,5.0,08:28:30,08:33:30,True,3,,5
2161601,medium,502.0,2.0,40-ft,STC,MF,14905127,14905227,319,319,53104,55200,Scott Road Station @ Bay 1,Scott Road Station @ Bay 4,53104,Scott Road Station,30570,30930,in_service_layover,69.30737307604073,73.12705053569553,21.54298087245303,360,6.0,08:29:30,08:35:30,True,5,,5
2161732,medium,620.0,21.0,40-ft,RTC,MF,14878249,14878348,640,640,53104,55096,Scott Road Station @ Bay 1,Scott Road Station @ Bay 7,53104,Scott Road Station,30570,31350,in_service_layover,65.59021975125835,73.75077727152342,46.025544414294984,780,13.0,08:29:30,08:42:30,True,4,,5
2161596,medium,319.0,1.0,40-ft,STC,MF,14905032,14905180,319,319,53104,55200,Scott Road Station @ Bay 1,Scott Road Station @ Bay 4,53104,Scott Road Station,31170,31530,in_service_layover,68.48396680135805,72.37440208181165,21.942054981758304,360,6.0,08:39:30,08:45:30,True,1,,5
2161736,medium,620.0,30.0,40-ft,RTC,MF,14878250,14878349,640,640,53104,55096,Scott Road Station @ Bay 1,Scott Road Station @ Bay 7,53104,Scott Road Station,31230,32250,in_service_layover,68.66529728020856,77.99417474913518,52.61486892474613,1020,17.0,08:40:30,08:57:30,True,2,,5
2161716,medium,321.0,12.0,40-ft,STC,MF,14863724,14863868,321,321,56397,55835,Scott Rd Station @ Bay 2,Scott Road Station @ Bay 9,55835,Scott Road Station,31530,31950,in_service_layover,68.06650333848755,72.58516349292731,25.48524327104019,420,7.0,08:45:30,08:52:30,True,3,,5
2161519,medium,319.0,6.0,40-ft,STC,MF,14863744,14905182,321,319,56397,55200,Scott Rd Station @ Bay 2,Scott Road Station @ Bay 4,55200,Scott Road Station,32430,32730,in_service_layover,65.28169324769635,68.7795702169442,19.728026106557763,300,5.0,09:00:30,09:05:30,True,5,,5
2161600,medium,503.0,1.0,40-ft,STC,MF,14905129,14905232,319,319,53104,55200,Scott Road Station @ Bay 1,Scott Road Station @ Bay 4,53104,Scott Road Station,32970,33330,in_service_layover,64.35738734682784,68.5772811828534,23.800201235184147,360,6.0,09:09:30,09:15:30,True,4,,5
2161501,medium,312.0,3.0,40-ft,STC,MF,14862269,14862304,312,312,53104,57566,Scott Road Station @ Bay 1,Scott Road Station @ Bay 8,53104,Scott Road Station,33270,34110,in_service_layover,69.9232235655708,77.71687501276774,43.95619416219074,840,14.0,09:14:30,09:28:30,True,1,,5
2161730,medium,620.0,22.0,40-ft,RTC,MF,14878254,14878351,640,640,53104,55096,Scott Road Station @ Bay 1,Scott Road Station @ Bay 7,53104,Scott Road Station,34110,34590,in_service_layover,64.7195505261804,70.17936069276011,30.79332933950957,480,8.0,09:28:30,09:36:30,True,3,,5
2165010,medium,319.0,3.0,40-ft,STC,MF,14905087,14905149,319,319,53104,55200,Scott Road Station @ Bay 1,Scott Road Station @ Bay 4,53104,Scott Road Station,34170,34530,in_service_layover,69.17239674243267,73.00378755614916,21.609044189361043,360,6.0,09:29:30,09:35:30,True,2,,5
2161502,medium,319.0,9.0,40-ft,STC,MF,14905088,14905150,319,319,53104,55200,Scott Road Station @ Bay 1,Scott Road Station @ Bay 4,53104,Scott Road Station,34830,35250,in_service_layover,69.0406988558885,73.46206987049808,24.936532522398124,420,7.0,09:40:30,09:47:30,True,5,,5
2162557,medium,620.0,28.0,40-ft,RTC,MF,14878257,14878353,640,640,53104,55096,Scott Road Station @ Bay 1,Scott Road Station @ Bay 7,53104,Scott Road Station,36690,36990,in_service_layover,63.75203241487504,67.34233782770748,20.24932252837499,300,5.0,10:11:30,10:16:30,True,4,,5
2161732,medium,620.0,21.0,40-ft,RTC,MF,14878258,14878354,640,640,53104,55096,Scott Road Station @ Bay 1,Scott Road Station @ Bay 7,53104,Scott Road Station,37590,38190,in_service_layover,69.77541925896975,75.71870448144394,33.52012865475439,600,10.0,10:26:30,10:36:30,True,1,,5
2161736,medium,620.0,30.0,40-ft,RTC,MF,14878259,14878355,640,640,53104,55096,Scott Road Station @ Bay 1,Scott Road Station @ Bay 7,53104,Scott Road Station,38490,39390,in_service_layover,66.82575046375291,75.71721072486613,50.14783587267863,900,15.0,10:41:30,10:56:30,True,2,,5
2165010,medium,319.0,3.0,40-ft,STC,MF,14905093,14905155,319,319,53104,55200,Scott Road Station @ Bay 1,Scott Road Station @ Bay 4,53104,Scott Road Station,39330,39750,in_service_layover,68.17498773598848,72.68292956975081,25.424791942419517,420,7.0,10:55:30,11:02:30,True,3,,5
2162559,medium,620.0,23.0,40-ft,RTC,MF,14878260,14878356,640,640,53104,55096,Scott Road Station @ Bay 1,Scott Road Station @ Bay 7,53104,Scott Road Station,39390,40590,in_service_layover,65.15388951179145,76.60842696562858,64.60359123964145,1200,20.0,10:56:30,11:16:30,True,5,,5
2161730,medium,620.0,22.0,40-ft,RTC,MF,14878261,14878357,640,640,53104,55096,Scott Road Station @ Bay 1,Scott Road Station @ Bay 7,53104,Scott Road Station,40710,41790,in_service_layover,65.08757474771771,75.72605691536039,60.00103942550464,1080,18.0,11:18:30,11:36:30,True,4,,5
2165007,medium,319.0,5.0,40-ft,STC,MF,14905095,14905157,319,319,53104,55200,Scott Road Station @ Bay 1,Scott Road Station @ Bay 4,53104,Scott Road Station,41190,41550,in_service_layover,69.53316155812618,73.33314470789041,21.431904964670252,360,6.0,11:26:30,11:32:30,True,1,,5
2162560,medium,620.0,24.0,40-ft,RTC,MF,14878262,14878358,640,640,53104,55096,Scott Road Station @ Bay 1,Scott Road Station @ Bay 7,53104,Scott Road Station,41910,42990,in_service_layover,61.464042998349335,73.00622857851488,65.09792667213367,1080,18.0,11:38:30,11:56:30,True,2,,5
2161596,medium,319.0,1.0,40-ft,STC,MF,14905096,14905158,319,319,53104,55200,Scott Road Station @ Bay 1,Scott Road Station @ Bay 4,53104,Scott Road Station,42090,42450,in_service_layover,67.18653149657291,71.18507105680098,22.551763119686314,360,6.0,11:41:30,11:47:30,True,3,,5
2165005,medium,319.0,8.0,40-ft,STC,MF,14905097,14905159,319,319,53104,55200,Scott Road Station @ Bay 1,Scott Road Station @ Bay 4,53104,Scott Road Station,42990,43350,in_service_layover,69.36769467288647,73.18212267599112,21.513373937510266,360,6.0,11:56:30,12:02:30,True,5,,5
2162557,medium,620.0,28.0,40-ft,RTC,MF,14878263,14878359,640,640,53104,55096,Scott Road Station @ Bay 1,Scott Road Station @ Bay 7,53104,Scott Road Station,43110,44190,in_service_layover,62.58044053806607,73.84764438910636,63.547029719867226,1080,18.0,11:58:30,12:16:30,True,1,,5
2161519,medium,319.0,6.0,40-ft,STC,MF,14905098,14905160,319,319,53104,55200,Scott Road Station @ Bay 1,Scott Road Station @ Bay 4,53104,Scott Road Station,43950,44250,in_service_layover,68.4916202583118,71.77696741943359,18.529357988726872,300,5.0,12:12:30,12:17:30,True,4,,5
2161732,medium,620.0,21.0,40-ft,RTC,MF,14878264,14878360,640,640,53104,55096,Scott Road Station @ Bay 1,Scott Road Station @ Bay 7,53104,Scott Road Station,44310,45390,in_service_layover,64.55028019606166,75.32480503157399,60.768320072289555,1080,18.0,12:18:30,12:36:30,True,3,,5
2165010,medium,319.0,3.0,40-ft,STC,MF,14905099,14905161,319,319,53104,55200,Scott Road Station @ Bay 1,Scott Road Station @ Bay 4,53104,Scott Road Station,44850,45150,in_service_layover,68.50476483444454,71.78918928548221,18.52415390385238,300,5.0,12:27:30,12:32:30,True,2,,5
2161736,medium,620.0,30.0,40-ft,RTC,MF,14878265,14878361,640,640,53104,55096,Scott Road Station @ Bay 1,Scott Road Station @ Bay 7,53104,Scott Road Station,45510,46590,in_service_layover,64.54878643948386,75.32368838744347,60.770446986492175,1080,18.0,12:38:30,12:56:30,True,5,,5
2161502,medium,319.0,9.0,40-ft,STC,MF,14905100,14905162,319,319,53104,55200,Scott Road Station @ Bay 1,Scott Road Station @ Bay 4,53104,Scott Road Station,45810,46050,in_service_layover,66.37905774718719,69.15374985795653,15.649263504739054,240,4.0,12:43:30,12:47:30,True,1,,5
2165007,medium,319.0,5.0,40-ft,STC,MF,14905101,14905163,319,319,53104,55200,Scott Road Station @ Bay 1,Scott Road Station @ Bay 4,53104,Scott Road Station,46710,46950,in_service_layover,68.49043487048002,71.15367881009333,15.020695819419018,240,4.0,12:58:30,13:02:30,True,4,,5
2162559,medium,620.0,23.0,40-ft,RTC,MF,14878266,14878362,640,640,53104,55096,Scott Road Station @ Bay 1,Scott Road Station @ Bay 7,53104,Scott Road Station,46710,47790,in_service_layover,65.44000268024631,75.98886708669804,59.49559525238766,1080,18.0,12:58:30,13:16:30,True,2,,5
2161596,medium,319.0,1.0,40-ft,STC,MF,14905102,14905164,319,319,53104,55200,Scott Road Station @ Bay 1,Scott Road Station @ Bay 4,53104,Scott Road Station,47670,47850,in_service_layover,66.4282721383563,68.53010537635984,11.854339462339965,180,3.0,13:14:30,13:17:30,True,3,,5
2161730,medium,620.0,22.0,40-ft,RTC,MF,14878267,14878363,640,640,53104,55096,Scott Road Station @ Bay 1,Scott Road Station @ Bay 7,53104,Scott Road Station,47790,48690,in_service_layover,64.5576326299781,73.92771440977167,52.847261238035685,900,15.0,13:16:30,13:31:30,True,1,,5
2165005,medium,319.0,8.0,40-ft,STC,MF,14905103,14905165,319,319,53104,55200,Scott Road Station @ Bay 1,Scott Road Station @ Bay 4,53104,Scott Road Station,48570,48750,in_service_layover,66.3504061307333,68.45500165801226,11.869918773853328,180,3.0,13:29:30,13:32:30,True,5,,5
2162560,medium,620.0,24.0,40-ft,RTC,MF,14878269,14878366,640,640,53104,55096,Scott Road Station @ Bay 1,Scott Road Station @ Bay 7,53104,Scott Road Station,48990,50250,in_service_layover,66.99959447757311,78.33725370405105,63.94439803733559,1260,21.0,13:36:30,13:57:30,True,4,,5
2161519,medium,319.0,6.0,40-ft,STC,MF,14905104,14905166,319,319,53104,55200,Scott Road Station @ Bay 1,Scott Road Station @ Bay 4,53104,Scott Road Station,49470,49650,in_service_layover,64.94525087417577,67.09967460204189,12.150949825164844,180,3.0,13:44:30,13:47:30,True,2,,5
2162557,medium,620.0,28.0,40-ft,RTC,MF,14878271,14878367,640,640,53104,55096,Scott Road Station @ Bay 1,Scott Road Station @ Bay 7,53104,Scott Road Station,50310,50790,in_service_layover,67.74593497133431,72.87609278444334,28.93409006593498,480,8.0,13:58:30,14:06:30,True,3,,5
2165010,medium,319.0,3.0,40-ft,STC,MF,14905105,14905167,319,319,53104,55200,Scott Road Station @ Bay 1,Scott Road Station @ Bay 4,53104,Scott Road Station,50370,50550,in_service_layover,64.95747274022439,67.11146306858524,12.148505451955145,180,3.0,13:59:30,14:02:30,True,1,,5
2161502,medium,319.0,9.0,40-ft,STC,MF,14905106,14905168,319,319,53104,55200,Scott Road Station @ Bay 1,Scott Road Station @ Bay 4,53104,Scott Road Station,51270,51450,in_service_layover,62.32203331269871,64.56947893990798,12.67559333746027,180,3.0,14:14:30,14:17:30,True,5,,5
2161732,medium,620.0,21.0,40-ft,RTC,MF,14878274,14878370,640,640,53104,55096,Scott Road Station @ Bay 1,Scott Road Station @ Bay 7,53104,Scott Road Station,51510,51990,in_service_layover,69.05196651127838,74.03289627800726,28.09244388435087,480,8.0,14:18:30,14:26:30,True,2,,5
2161507,medium,312.0,2.0,40-ft,STC,MF,14862224,14862276,312,312,53104,57566,Scott Road Station @ Bay 1,Scott Road Station @ Bay 8,53104,Scott Road Station,51690,52110,in_service_layover,69.3918203380262,73.77755317234534,24.735533185559916,420,7.0,14:21:30,14:28:30,True,4,,5
2161736,medium,620.0,30.0,40-ft,RTC,MF,14878277,14878373,640,640,53104,55096,Scott Road Station @ Bay 1,Scott Road Station @ Bay 7,53104,Scott Road Station,52710,53490,in_service_layover,69.05098126123548,76.56962993142011,42.405178499841384,780,13.0,14:38:30,14:51:30,True,1,,5
2162559,medium,620.0,23.0,40-ft,RTC,MF,14878279,14878375,640,640,53104,55096,Scott Road Station @ Bay 1,Scott Road Station @ Bay 7,53104,Scott Road Station,53970,54390,in_service_layover,64.82044280131575,69.64640643189678,27.218434876476977,420,7.0,14:59:30,15:06:30,True,3,,5
2161730,medium,620.0,22.0,40-ft,RTC,MF,14878281,14878377,640,640,53104,55096,Scott Road Station @ Bay 1,Scott Road Station @ Bay 7,53104,Scott Road Station,54810,55350,in_service_layover,65.41880170397562,71.40109746365818,33.74014808460964,540,9.0,15:13:30,15:22:30,True,5,,5
2162557,medium,620.0,28.0,40-ft,RTC,MF,14878282,14878378,640,640,53104,55096,Scott Road Station @ Bay 1,Scott Road Station @ Bay 7,53104,Scott Road Station,55170,55530,in_service_layover,65.0170877551856,69.1871281468942,23.51902780923649,360,6.0,15:19:30,15:25:30,True,2,,5
2161720,medium,321.0,2.0,40-ft,STC,MF,14863757,14863891,321,321,56397,55835,Scott Rd Station @ Bay 2,Scott Road Station @ Bay 9,55835,Scott Road Station,55290,55710,in_service_layover,51.63010041387246,57.1070726999983,30.89012369374973,420,7.0,15:21:30,15:28:30,True,4,,5
2161501,medium,312.0,3.0,40-ft,STC,MF,14862266,14862318,312,312,53104,57566,Scott Road Station @ Bay 1,Scott Road Station @ Bay 8,53104,Scott Road Station,55410,55710,in_service_layover,68.1378856449058,71.44789749685594,18.668466844998875,300,5.0,15:23:30,15:28:30,True,1,,5
2161537,medium,321.0,26.0,40-ft,STC,MF,14863758,14863873,321,321,56397,55835,Scott Rd Station @ Bay 2,Scott Road Station @ Bay 9,55835,Scott Road Station,55890,56310,in_service_layover,60.116063414601896,65.34404871126604,29.48583707318579,420,7.0,15:31:30,15:38:30,True,3,,5
2161602,medium,321.0,4.0,40-ft,STC,MF,14863788,14863901,321,321,56397,55835,Scott Rd Station @ Bay 2,Scott Road Station @ Bay 9,55835,Scott Road Station,56490,56910,in_service_layover,53.51140753081714,59.02677496615297,31.10667233529415,420,7.0,15:41:30,15:48:30,True,5,,5
2165010,medium,319.0,3.0,40-ft,STC,MF,14905112,14905175,319,319,53104,55200,Scott Road Station @ Bay 1,Scott Road Station @ Bay 4,53104,Scott Road Station,56790,57510,in_service_layover,68.69518959062843,75.80387508086295,40.092986164922706,720,12.0,15:46:30,15:58:30,True,2,,5
2162560,medium,620.0,24.0,40-ft,RTC,MF,14878285,14878382,640,640,53104,55096,Scott Road Station @ Bay 1,Scott Road Station @ Bay 7,53104,Scott Road Station,56910,57090,in_service_layover,67.15931289660183,69.23451387171198,11.70413349962132,180,3.0,15:48:30,15:51:30,True,1,,5
2161505,medium,321.0,8.0,40-ft,STC,MF,14863797,14863874,321,321,56397,55835,Scott Rd Station @ Bay 2,Scott Road Station @ Bay 9,55835,Scott Road Station,57090,57510,in_service_layover,54.2522812348541,59.77109886693657,31.126131444945088,420,7.0,15:51:30,15:58:30,True,4,,5
2161502,medium,319.0,9.0,40-ft,STC,MF,14905113,14905176,319,319,53104,55200,Scott Road Station @ Bay 1,Scott Road Station @ Bay 4,53104,Scott Road Station,57450,58170,in_service_layover,64.09331256624017,71.9770704582853,44.46439451113446,720,12.0,15:57:30,16:09:30,True,3,,5
2161719,medium,321.0,7.0,40-ft,STC,MF,14863780,14863875,321,321,56397,55835,Scott Rd Station @ Bay 2,Scott Road Station @ Bay 9,55835,Scott Road Station,57690,57990,in_service_layover,53.90198836637459,57.834242332124376,22.177912366828764,300,5.0,16:01:30,16:06:30,True,5,,5
2161736,medium,620.0,30.0,40-ft,RTC,MF,14878288,14863947,640,321,53104,55835,Scott Road Station @ Bay 1,Scott Road Station @ Bay 9,53104,Scott Road Station,58050,58290,in_service_layover,68.71062490216238,71.36161408195785,14.95157897404647,240,4.0,16:07:30,16:11:30,True,1,,5
2161718,medium,321.0,5.0,40-ft,STC,MF,14863759,14863892,321,321,56397,55835,Scott Rd Station @ Bay 2,Scott Road Station @ Bay 9,55835,Scott Road Station,58290,58950,in_service_layover,49.87861272041587,58.48421677395773,48.53560686197608,660,11.0,16:11:30,16:22:30,True,2,,5
2161732,medium,620.0,21.0,40-ft,RTC,MF,14878289,14878385,640,640,53104,55096,Scott Road Station @ Bay 1,Scott Road Station @ Bay 7,53104,Scott Road Station,58650,59010,in_service_layover,68.45176019356845,72.3449290317674,21.957472247442183,360,6.0,16:17:30,16:23:30,True,4,,5
2161717,medium,321.0,9.0,40-ft,STC,MF,14863760,14863876,321,321,56397,55835,Scott Rd Station @ Bay 2,Scott Road Station @ Bay 9,55835,Scott Road Station,58890,59370,in_service_layover,48.64249197886678,54.841706803862536,34.96357161297601,480,8.0,16:21:30,16:29:30,True,5,,5
2162559,medium,620.0,23.0,40-ft,RTC,MF,14878290,14878386,640,640,53104,55096,Scott Road Station @ Bay 1,Scott Road Station @ Bay 7,53104,Scott Road Station,59010,59430,in_service_layover,61.78740140263902,66.87705253973975,28.705632413248054,420,7.0,16:23:30,16:30:30,True,3,,5
2161712,medium,321.0,13.0,40-ft,STC,MF,14863761,14863877,321,321,56397,55835,Scott Rd Station @ Bay 2,Scott Road Station @ Bay 9,55835,Scott Road Station,59490,60210,in_service_layover,49.47568964373142,58.853563789017194,52.89121017941176,720,12.0,16:31:30,16:43:30,True,1,,5
2161730,medium,620.0,22.0,40-ft,RTC,MF,14878292,14878388,640,640,53104,55096,Scott Road Station @ Bay 1,Scott Road Station @ Bay 7,53104,Scott Road Station,59850,61110,in_service_layover,63.54209243440043,75.85970184964009,69.47131710195163,1260,21.0,16:37:30,16:58:30,True,2,,5
2161596,medium,319.0,1.0,40-ft,STC,MF,14905117,14905183,319,319,53104,55200,Scott Road Station @ Bay 1,Scott Road Station @ Bay 4,53104,Scott Road Station,60090,60810,in_service_layover,64.5422679856504,72.35270594548028,44.05087009344055,720,12.0,16:41:30,16:53:30,True,4,,5
2161711,medium,321.0,17.0,40-ft,STC,MF,14863762,14863878,321,321,56397,55835,Scott Rd Station @ Bay 2,Scott Road Station @ Bay 9,55835,Scott Road Station,60690,61110,in_service_layover,51.366230201219665,56.837214246331,30.85635001442796,420,7.0,16:51:30,16:58:30,True,5,,5
2161734,medium,620.0,42.0,40-ft,RTC,MF,14878295,14863949,640,321,53104,55835,Scott Road Station @ Bay 1,Scott Road Station @ Bay 9,53104,Scott Road Station,60930,61410,in_service_layover,65.42613756841483,70.81100042935869,30.370626535723318,480,8.0,16:55:30,17:03:30,True,3,,5
2161715,medium,321.0,19.0,40-ft,STC,MF,14863781,14863879,321,321,56397,55835,Scott Rd Station @ Bay 2,Scott Road Station @ Bay 9,55835,Scott Road Station,61290,61950,in_service_layover,51.77167525439308,60.37739807344816,48.53627669947065,660,11.0,17:01:30,17:12:30,True,1,,5
2162556,medium,620.0,41.0,40-ft,RTC,MF,14878296,14863950,640,321,53104,55835,Scott Road Station @ Bay 1,Scott Road Station @ Bay 9,53104,Scott Road Station,61470,62070,in_service_layover,65.42613756841483,71.98635083960603,36.999602849518396,600,10.0,17:04:30,17:14:30,True,4,,5
2162557,medium,620.0,28.0,40-ft,RTC,MF,14878297,14878389,640,640,53104,55096,Scott Road Station @ Bay 1,Scott Road Station @ Bay 7,53104,Scott Road Station,61830,62190,in_service_layover,62.281699624685885,66.65179184988547,24.647320150125665,360,6.0,17:10:30,17:16:30,True,2,,5
2161708,medium,321.0,6.0,40-ft,STC,MF,14863763,14863880,321,321,56397,55835,Scott Rd Station @ Bay 2,Scott Road Station @ Bay 9,55835,Scott Road Station,61890,62730,in_service_layover,48.90577302631943,59.808008169089696,61.48860620522436,840,14.0,17:11:30,17:25:30,True,5,,5
2165005,medium,319.0,8.0,40-ft,STC,MF,14905041,14905208,319,319,53104,55200,Scott Road Station @ Bay 1,Scott Road Station @ Bay 4,53104,Scott Road Station,62010,62790,in_service_layover,66.54671755532524,74.53281216920786,45.0415736222979,780,13.0,17:13:30,17:26:30,True,3,,5
2161714,medium,321.0,28.0,40-ft,STC,MF,14863764,14863893,321,321,56397,55835,Scott Rd Station @ Bay 2,Scott Road Station @ Bay 9,55835,Scott Road Station,62490,63150,in_service_layover,50.1681134218099,58.777568923996895,48.55732903233468,660,11.0,17:21:30,17:32:30,True,1,,5
2161733,medium,620.0,44.0,40-ft,RTC,MF,14878299,14878390,640,640,53104,55096,Scott Road Station @ Bay 1,Scott Road Station @ Bay 7,53104,Scott Road Station,62670,63210,in_service_layover,65.42613756841483,71.4075406593585,33.735113432922276,540,9.0,17:24:30,17:33:30,True,4,,5
2161519,medium,319.0,6.0,40-ft,STC,MF,14905042,14905209,319,319,53104,55200,Scott Road Station @ Bay 1,Scott Road Station @ Bay 4,53104,Scott Road Station,62670,63450,in_service_layover,65.52986211473379,73.70135448053446,46.08721694311578,780,13.0,17:24:30,17:37:30,True,2,,5
2161710,medium,321.0,1.0,40-ft,STC,MF,14863765,14863881,321,321,56397,55835,Scott Rd Station @ Bay 2,Scott Road Station @ Bay 9,55835,Scott Road Station,63090,64110,in_service_layover,44.90570419996908,58.097724936988485,74.40299695678942,1020,17.0,17:31:30,17:48:30,True,5,,5
2165010,medium,319.0,3.0,40-ft,STC,MF,14905043,14905210,319,319,53104,55200,Scott Road Station @ Bay 1,Scott Road Station @ Bay 4,53104,Scott Road Station,63330,64110,in_service_layover,68.78222407748893,76.35177753577597,42.69228150473879,780,13.0,17:35:30,17:48:30,True,3,,5
2162560,medium,620.0,24.0,40-ft,RTC,MF,14878301,14878391,640,640,53104,55096,Scott Road Station @ Bay 1,Scott Road Station @ Bay 7,53104,Scott Road Station,63450,64410,in_service_layover,64.24527922489366,74.17015541541096,55.97630171451755,960,16.0,17:37:30,17:53:30,True,1,,5
2161594,medium,321.0,30.0,40-ft,STC,MF,14863766,14863882,321,321,56397,55835,Scott Rd Station @ Bay 2,Scott Road Station @ Bay 9,55835,Scott Road Station,63630,64650,in_service_layover,51.11052765185305,64.05319447001683,72.99664085444374,1020,17.0,17:40:30,17:57:30,True,4,,5
2161502,medium,319.0,9.0,40-ft,STC,MF,14905044,14905211,319,319,53104,55200,Scott Road Station @ Bay 1,Scott Road Station @ Bay 4,53104,Scott Road Station,63930,64770,in_service_layover,66.99998397221434,75.38724858006923,47.30417238830154,840,14.0,17:45:30,17:59:30,True,2,,5
2161731,medium,620.0,43.0,40-ft,RTC,MF,14878302,14863952,640,321,53104,55835,Scott Road Station @ Bay 1,Scott Road Station @ Bay 9,53104,Scott Road Station,64170,65010,in_service_layover,67.24718602032563,75.58506656693157,47.02564628285745,840,14.0,17:49:30,18:03:30,True,3,,5
2161713,medium,502.0,42.0,40-ft,STC,MF,14863795,14863883,321,321,56397,55835,Scott Rd Station @ Bay 2,Scott Road Station @ Bay 9,55835,Scott Road Station,64230,65670,in_service_layover,67.37626448208702,79.7096959377472,69.56055340992344,1440,24.0,17:50:30,18:14:30,True,5,,5
2162559,medium,620.0,23.0,40-ft,RTC,MF,14878303,14878392,640,640,53104,55096,Scott Road Station @ Bay 1,Scott Road Station @ Bay 7,53104,Scott Road Station,65430,65730,in_service_layover,57.99107170565083,61.908123479755886,22.092172005952477,300,5.0,18:10:30,18:15:30,True,1,,5
2165007,medium,319.0,5.0,40-ft,STC,MF,14905047,14905213,319,319,53104,55200,Scott Road Station @ Bay 1,Scott Road Station @ Bay 4,53104,Scott Road Station,65790,66090,in_service_layover,66.53412589003239,69.95209786759018,19.27736195342601,300,5.0,18:16:30,18:21:30,True,4,,5
2161720,medium,321.0,2.0,40-ft,STC,MF,14863768,14863884,321,321,56397,55835,Scott Rd Station @ Bay 2,Scott Road Station @ Bay 9,55835,Scott Road Station,65910,66330,in_service_layover,42.58763097639808,47.92112491072882,30.080905789625376,420,7.0,18:18:30,18:25:30,True,2,,5
2161596,medium,319.0,1.0,40-ft,STC,MF,14905125,14905229,319,319,53104,55200,Scott Road Station @ Bay 1,Scott Road Station @ Bay 4,53104,Scott Road Station,66390,66750,in_service_layover,68.00290356090413,71.93390526245224,22.17084959673133,360,6.0,18:26:30,18:32:30,True,3,,5
2161537,medium,321.0,26.0,40-ft,STC,MF,14863769,14863885,321,321,56397,55835,Scott Rd Station @ Bay 2,Scott Road Station @ Bay 9,55835,Scott Road Station,66510,66930,in_service_layover,50.82460698766583,56.283299496308544,30.787025748744952,420,7.0,18:28:30,18:35:30,True,5,,5
2162558,medium,620.0,47.0,40-ft,RTC,MF,14878304,14878393,640,640,53104,55096,Scott Road Station @ Bay 1,Scott Road Station @ Bay 7,53104,Scott Road Station,66510,66930,in_service_layover,67.80949081800293,72.35342830846314,25.62780744619556,420,7.0,18:28:30,18:35:30,True,1,,5
2161730,medium,620.0,22.0,40-ft,RTC,MF,14878305,14863953,640,321,53104,55835,Scott Road Station @ Bay 1,Scott Road Station @ Bay 9,53104,Scott Road Station,66990,67230,in_service_layover,64.6912775642578,67.54748193474207,16.108992649531274,240,4.0,18:36:30,18:40:30,True,4,,5
2161602,medium,321.0,4.0,40-ft,STC,MF,14863796,14863843,321,321,56397,55835,Scott Rd Station @ Bay 2,Scott Road Station @ Bay 9,55835,Scott Road Station,67110,68010,in_service_layover,44.50733324255277,56.146363987582525,65.64413340196785,900,15.0,18:38:30,18:53:30,True,2,,5
2161657,medium,320.0,20.0,40-ft,STC,MF,14905126,14905186,319,319,53104,55200,Scott Road Station @ Bay 1,Scott Road Station @ Bay 4,53104,Scott Road Station,67710,68070,in_service_layover,66.35554472562293,70.42114567458489,22.92998935214547,360,6.0,18:48:30,18:54:30,True,3,,5
2161505,medium,321.0,8.0,40-ft,STC,MF,14863770,14862319,321,312,56397,57566,Scott Rd Station @ Bay 2,Scott Road Station @ Bay 8,57566,Scott Road Station,67710,68730,in_service_layover,45.25165714333636,58.4421483033043,74.3943701422192,1020,17.0,18:48:30,19:05:30,True,1,,5
2162557,medium,620.0,28.0,40-ft,RTC,MF,14878306,14878394,640,640,53104,55096,Scott Road Station @ Bay 1,Scott Road Station @ Bay 7,53104,Scott Road Station,67950,68130,in_service_layover,57.773798983521885,60.154627877633104,13.427874962787257,180,3.0,18:52:30,18:55:30,True,5,,5
2165005,medium,319.0,8.0,40-ft,STC,MF,14905063,14905187,319,319,53104,55200,Scott Road Station @ Bay 1,Scott Road Station @ Bay 4,53104,Scott Road Station,68370,68730,in_service_layover,67.70109562395004,71.65725676028848,22.31274880894881,360,6.0,18:59:30,19:05:30,True,4,,5
2161508,medium,503.0,10.0,40-ft,STC,MF,14862257,14862288,312,312,53104,57566,Scott Road Station @ Bay 1,Scott Road Station @ Bay 8,53104,Scott Road Station,68610,69870,in_service_layover,69.08980505257965,79.85646583026596,60.72396678615087,1260,21.0,19:03:30,19:24:30,True,2,,5
2161733,medium,620.0,44.0,40-ft,RTC,MF,14878307,14878395,640,640,53104,55096,Scott Road Station @ Bay 1,Scott Road Station @ Bay 7,53104,Scott Road Station,69090,69330,in_service_layover,64.34346080711542,67.216110414344,16.201743784769235,240,4.0,19:11:30,19:15:30,True,3,,5
2165010,medium,319.0,3.0,40-ft,STC,MF,14905065,14905188,319,319,53104,55200,Scott Road Station @ Bay 1,Scott Road Station @ Bay 4,53104,Scott Road Station,69630,70050,in_service_layover,69.52006099051815,73.89270199724083,24.661695277915896,420,7.0,19:20:30,19:27:30,True,5,,5
2162560,medium,620.0,24.0,40-ft,RTC,MF,14878308,14878396,640,640,53104,55096,Scott Road Station @ Bay 1,Scott Road Station @ Bay 7,53104,Scott Road Station,70230,70530,in_service_layover,67.46458219196631,70.82069016275773,18.928448955263605,300,5.0,19:30:30,19:35:30,True,1,,5
2161502,medium,319.0,9.0,40-ft,STC,MF,14905066,14905189,319,319,53104,55200,Scott Road Station @ Bay 1,Scott Road Station @ Bay 4,53104,Scott Road Station,70290,70770,in_service_layover,68.5555320348114,73.59368007346954,28.415154938031947,480,8.0,19:31:30,19:39:30,True,4,,5
2161506,medium,320.0,9.0,40-ft,STC,MF,14862249,14862298,312,312,53104,57566,Scott Road Station @ Bay 1,Scott Road Station @ Bay 8,53104,Scott Road Station,70350,71010,in_service_layover,67.64936521642699,74.42827235874586,38.23303628267848,660,11.0,19:32:30,19:43:30,True,3,,5
2162559,medium,620.0,23.0,40-ft,RTC,MF,14878309,14878397,640,640,53104,55096,Scott Road Station @ Bay 1,Scott Road Station @ Bay 7,53104,Scott Road Station,71370,71730,in_service_layover,55.46281270211109,60.19960619939548,26.71551532468402,360,6.0,19:49:30,19:55:30,True,2,,5
2165007,medium,319.0,5.0,40-ft,STC,MF,14905068,14862322,319,312,53104,57566,Scott Road Station @ Bay 1,Scott Road Station @ Bay 8,53104,Scott Road Station,71550,72150,in_service_layover,68.45062375766166,74.58675926036679,34.607804235256935,600,10.0,19:52:30,20:02:30,True,5,,5
2164444,medium,312.0,4.0,40-ft,STC,MF,14862239,14862312,312,312,53104,57566,Scott Road Station @ Bay 1,Scott Road Station @ Bay 8,53104,Scott Road Station,72090,73230,in_service_layover,67.77770257819029,78.1293102001979,58.38306698812306,1140,19.0,20:01:30,20:20:30,True,1,,5
2162558,medium,620.0,47.0,40-ft,RTC,MF,14878310,14878398,640,640,53104,55096,Scott Road Station @ Bay 1,Scott Road Station @ Bay 7,53104,Scott Road Station,72570,72930,in_service_layover,66.41935675611995,70.479868555897,22.901286550742554,360,6.0,20:09:30,20:15:30,True,4,,5
2165039,medium,319.0,11.0,40-ft,STC,MF,14905070,14905192,319,319,53104,55200,Scott Road Station @ Bay 1,Scott Road Station @ Bay 4,53104,Scott Road Station,72810,73470,in_service_layover,67.95105345561984,74.68256243067779,37.965710619326785,660,11.0,20:13:30,20:24:30,True,3,,5
2162557,medium,620.0,28.0,40-ft,RTC,MF,14878311,14878399,640,640,53104,55096,Scott Road Station @ Bay 1,Scott Road Station @ Bay 7,53104,Scott Road Station,73770,74130,in_service_layover,55.269103349742664,60.00707427032117,26.722155992062767,360,6.0,20:29:30,20:35:30,True,2,,5
2161505,medium,321.0,8.0,40-ft,STC,MF,14862261,14862278,312,312,53104,57566,Scott Road Station @ Bay 1,Scott Road Station @ Bay 8,53104,Scott Road Station,73890,74430,in_service_layover,62.48661627166899,68.81516456449349,35.69301237153019,540,9.0,20:31:30,20:40:30,True,5,,5
2161733,medium,620.0,44.0,40-ft,RTC,MF,14878312,14878400,640,640,53104,55096,Scott Road Station @ Bay 1,Scott Road Station @ Bay 7,53104,Scott Road Station,74910,75330,in_service_layover,61.81645220431231,66.90368546085075,28.69199556687687,420,7.0,20:48:30,20:55:30,True,4,,5
2161506,medium,320.0,9.0,40-ft,STC,MF,14862242,14862313,312,312,53104,57566,Scott Road Station @ Bay 1,Scott Road Station @ Bay 8,53104,Scott Road Station,75630,75810,in_service_layover,67.89037953867651,69.93763101700424,11.546498337768298,180,3.0,21:00:30,21:03:30,True,1,,5
2162560,medium,620.0,24.0,40-ft,RTC,MF,14878313,14878401,640,640,53104,55096,Scott Road Station @ Bay 1,Scott Road Station @ Bay 7,53104,Scott Road Station,76110,76530,in_service_layover,65.05286559180009,69.8576883685737,27.099200461003193,420,7.0,21:08:30,21:15:30,True,3,,5
2165041,medium,319.0,10.0,40-ft,STC,MF,14905074,14905196,319,319,53104,55200,Scott Road Station @ Bay 1,Scott Road Station @ Bay 4,53104,Scott Road Station,76650,77070,in_service_layover,68.7296950259777,73.18237896899416,25.11313743861274,420,7.0,21:17:30,21:24:30,True,2,,5
2162559,medium,620.0,23.0,40-ft,RTC,MF,14878314,14878402,640,640,53104,55096,Scott Road Station @ Bay 1,Scott Road Station @ Bay 7,53104,Scott Road Station,77310,77730,in_service_layover,55.31311322187439,60.82108818182647,31.064978774129713,420,7.0,21:28:30,21:35:30,True,5,,5
2161596,medium,319.0,1.0,40-ft,STC,MF,14905075,14905197,319,319,53104,55200,Scott Road Station @ Bay 1,Scott Road Station @ Bay 4,53104,Scott Road Station,77550,77970,in_service_layover,69.18182756806421,73.58891072550317,24.8559490079557,420,7.0,21:32:30,21:39:30,True,4,,5
2165039,medium,319.0,11.0,40-ft,STC,MF,14905076,14905198,319,319,53104,55200,Scott Road Station @ Bay 1,Scott Road Station @ Bay 4,53104,Scott Road Station,78390,78870,in_service_layover,67.85084588541997,72.96917153017782,28.867356636434295,480,8.0,21:46:30,21:54:30,True,1,,5
2162558,medium,620.0,47.0,40-ft,RTC,MF,14878315,14878403,640,640,53104,55096,Scott Road Station @ Bay 1,Scott Road Station @ Bay 7,53104,Scott Road Station,78510,78930,in_service_layover,64.74822480626212,69.5807301505335,27.255330141690592,420,7.0,21:48:30,21:55:30,True,3,,5
2165005,medium,319.0,8.0,40-ft,STC,MF,14905077,14905199,319,319,53104,55200,Scott Road Station @ Bay 1,Scott Road Station @ Bay 4,53104,Scott Road Station,79290,79770,in_service_layover,69.92227428535143,74.80142996192691,27.518438015885692,480,8.0,22:01:30,22:09:30,True,2,,5
2162557,medium,620.0,28.0,40-ft,RTC,MF,14878316,14878404,640,640,53104,55096,Scott Road Station @ Bay 1,Scott Road Station @ Bay 7,53104,Scott Road Station,79710,80130,in_service_layover,53.57488785903403,59.0909046526719,31.110334716117677,420,7.0,22:08:30,22:15:30,True,5,,5
2161733,medium,620.0,44.0,40-ft,RTC,MF,14878317,14878405,640,640,53104,55096,Scott Road Station @ Bay 1,Scott Road Station @ Bay 7,53104,Scott Road Station,80910,81330,in_service_layover,60.170599643933876,65.39407248663439,29.460386832830864,420,7.0,22:28:30,22:35:30,True,4,,5
2165005,medium,319.0,8.0,40-ft,STC,MF,14905083,14905205,319,319,53104,55200,Scott Road Station @ Bay 1,Scott Road Station @ Bay 4,53104,Scott Road Station,84450,85170,in_service_layover,67.9697134166691,75.2040501494931,40.80165917312735,720,12.0,23:27:30,23:39:30,True,1,,5
2161506,medium,320.0,9.0,40-ft,STC,MF,14862244,14862316,312,312,53104,57566,Scott Road Station @ Bay 1,Scott Road Station @ Bay 8,53104,Scott Road Station,86130,86610,in_service_layover,68.06359478750056,73.15784340223802,28.73156218711921,480,8.0,23:55:30,24:03:30,True,3,,5
2161594,medium,321.0,30.0,40-ft,STC,MF,14905123,14905223,319,319,53104,55200,Scott Road Station @ Bay 1,Scott Road Station @ Bay 4,53104,Scott Road Station,87030,87870,in_service_layover,47.23024387511829,58.1352038525082,61.50397427247913,840,14.0,24:10:30,24:24:30,True,2,,5
2164444,medium,312.0,4.0,40-ft,STC,MF,14862265,14862302,312,312,53104,57566,Scott Road Station @ Bay 1,Scott Road Station @ Bay 8,53104,Scott Road Station,87870,88410,in_service_layover,69.27082795258795,74.76607293521414,30.993181702011782,540,9.0,24:24:30,24:33:30,True,5,,5
2165005,medium,319.0,8.0,40-ft,STC,MF,14905036,14905217,319,319,53104,55200,Scott Road Station @ Bay 1,Scott Road Station @ Bay 4,53104,Scott Road Station,89550,90570,in_service_layover,68.37233360423528,77.77207171565256,53.01452294839345,1020,17.0,24:52:30,25:09:30,True,4,,5
2161505,medium,321.0,8.0,40-ft,STC,MF,14862223,14862317,312,312,53104,57566,Scott Road Station @ Bay 1,Scott Road Station @ Bay 8,53104,Scott Road Station,89670,90210,in_service_layover,68.90165545432171,74.44516204908918,31.265377194488508,540,9.0,24:54:30,25:03:30,True,1,,5
2164444,medium,312.0,4.0,40-ft,STC,MF,14862251,14862282,312,312,53104,57566,Scott Road Station @ Bay 1,Scott Road Station @ Bay 8,53104,Scott Road Station,91950,92190,in_service_layover,68.2281801151448,70.9058641483509,15.102137947282358,240,4.0,25:32:30,25:36:30,True,3,,5
2161596,medium,319.0,1.0,40-ft,STC,MF,14905039,14905219,319,319,53104,55200,Scott Road Station @ Bay 1,Scott Road Station @ Bay 4,53104,Scott Road Station,92430,92730,in_service_layover,66.17281501334618,69.61423505250572,19.409609020859875,300,5.0,25:40:30,25:45:30,True,2,,5
2161649,medium,503.0,2.0,40-ft,STC,MF,14869423,14869355,364,364,56394,55192,Scottsdale Exchange @ Bay 1,Scottsdale Exchange @ Bay 9,56394,Scottsdale Exchange,29970,30330,in_service_layover,67.56224258887981,71.52990359776435,22.377608090108765,360,6.0,08:19:30,08:25:30,True,1,,4
2161501,medium,312.0,3.0,40-ft,STC,MF,14862309,14862269,312,312,56394,54793,Scottsdale Exchange @ Bay 1,Scottsdale Exchange @ Bay 6,56394,Scottsdale Exchange,30870,31110,in_service_layover,69.8733002331246,72.4576006494122,14.575454347862149,240,4.0,08:34:30,08:38:30,True,2,,4
2161467,medium,301.0,41.0,40-ft,RTC,MF,14862012,14862048,310,310,56394,56394,Scottsdale Exchange @ Bay 1,Scottsdale Exchange @ Bay 1,56394,Scottsdale Exchange,31110,31290,in_service_layover,65.53712228042589,67.67055766055263,12.032575543914845,180,3.0,08:38:30,08:41:30,True,3,,4
2163821,medium,320.0,14.0,40-ft,STC,MF,14862662,14862604,316,316,54793,55041,Scottsdale Exchange @ Bay 6,Scottsdale Exchange @ Bay 2,54793,Scottsdale Exchange,32070,32310,in_service_layover,69.42146420207204,72.0320766504914,14.723854209085175,240,4.0,08:54:30,08:58:30,True,4,,4
2161464,medium,301.0,42.0,40-ft,RTC,MF,14862024,14862040,310,310,56394,56394,Scottsdale Exchange @ Bay 1,Scottsdale Exchange @ Bay 1,56394,Scottsdale Exchange,32250,32910,in_service_layover,65.53712228042589,72.6416111643761,40.06931730547922,660,11.0,08:57:30,09:08:30,True,1,,4
2163903,medium,502.0,13.0,40-ft,STC,MF,14869431,14869382,364,364,56394,55192,Scottsdale Exchange @ Bay 1,Scottsdale Exchange @ Bay 9,56394,Scottsdale Exchange,33030,33810,in_service_layover,65.04855623412689,73.3069136946751,46.57713607749184,780,13.0,09:10:30,09:23:30,True,2,,4
2161507,medium,312.0,2.0,40-ft,STC,MF,14862293,14862228,312,312,56394,54793,Scottsdale Exchange @ Bay 1,Scottsdale Exchange @ Bay 6,56394,Scottsdale Exchange,33210,33510,in_service_layover,69.99681507452219,73.17376419723296,17.91799305208866,300,5.0,09:13:30,09:18:30,True,3,,4
2161506,medium,320.0,9.0,40-ft,STC,MF,14862659,14862603,316,316,54793,55041,Scottsdale Exchange @ Bay 6,Scottsdale Exchange @ Bay 2,54793,Scottsdale Exchange,33270,33930,in_service_layover,68.40678910495423,75.0662717632579,37.55948219283272,660,11.0,09:14:30,09:25:30,True,4,,4
2161469,medium,301.0,43.0,40-ft,RTC,MF,14862001,14862049,310,310,56394,56394,Scottsdale Exchange @ Bay 1,Scottsdale Exchange @ Bay 1,56394,Scottsdale Exchange,33570,34710,in_service_layover,65.53712228042589,76.47918314965233,61.713223302437086,1140,19.0,09:19:30,09:38:30,True,1,,4
2161504,medium,312.0,1.0,40-ft,STC,MF,14862292,14862246,312,312,56394,54793,Scottsdale Exchange @ Bay 1,Scottsdale Exchange @ Bay 6,56394,Scottsdale Exchange,34410,35070,in_service_layover,69.56155434602903,76.03624103941792,36.517232950713435,660,11.0,09:33:30,09:44:30,True,3,,4
2161543,medium,319.0,7.0,40-ft,STC,MF,14866026,14866014,329,329,54793,55041,Scottsdale Exchange @ Bay 6,Scottsdale Exchange @ Bay 2,54793,Scottsdale Exchange,34590,34950,in_service_layover,67.44234291017519,71.41989588135036,22.433398757427994,360,6.0,09:36:30,09:42:30,True,2,,4
2161466,medium,301.0,44.0,40-ft,RTC,MF,14862013,14862041,310,310,56394,56394,Scottsdale Exchange @ Bay 1,Scottsdale Exchange @ Bay 1,56394,Scottsdale Exchange,35190,36510,in_service_layover,65.53712228042589,77.67295799128162,68.44611340922631,1320,22.0,09:46:30,10:08:30,True,4,,4
2161625,medium,320.0,12.0,40-ft,STC,MF,14869420,14869383,364,364,56394,55192,Scottsdale Exchange @ Bay 1,Scottsdale Exchange @ Bay 9,56394,Scottsdale Exchange,36450,37410,in_service_layover,68.85864970372411,77.73208524257986,50.04617643914639,960,16.0,10:07:30,10:23:30,True,1,,4
2161467,medium,301.0,41.0,40-ft,RTC,MF,14862002,14862050,310,310,56394,56394,Scottsdale Exchange @ Bay 1,Scottsdale Exchange @ Bay 1,56394,Scottsdale Exchange,36870,38010,in_service_layover,57.768617842744455,70.78250843478205,73.398342939092,1140,19.0,10:14:30,10:33:30,True,2,,4
2163821,medium,320.0,14.0,40-ft,STC,MF,14862656,14862601,316,316,54793,55041,Scottsdale Exchange @ Bay 6,Scottsdale Exchange @ Bay 2,54793,Scottsdale Exchange,36930,37470,in_service_layover,67.39833664853053,73.13490434284915,32.354241795956966,540,9.0,10:15:30,10:24:30,True,3,,4
2161984,medium,503.0,7.0,40-ft,STC,MF,14869419,14869346,364,364,56394,55192,Scottsdale Exchange @ Bay 1,Scottsdale Exchange @ Bay 9,56394,Scottsdale Exchange,37530,38610,in_service_layover,63.85709971388982,74.80608562465873,61.75228053673669,1080,18.0,10:25:30,10:43:30,True,4,,4
2161507,medium,312.0,2.0,40-ft,STC,MF,14862310,14862226,312,312,56394,54793,Scottsdale Exchange @ Bay 1,Scottsdale Exchange @ Bay 6,56394,Scottsdale Exchange,38010,38670,in_service_layover,66.6358713771636,73.57237000259715,39.12185224744525,660,11.0,10:33:30,10:44:30,True,1,,4
2161653,medium,320.0,41.0,40-ft,STC,MF,14866024,14866012,329,329,54793,55041,Scottsdale Exchange @ Bay 6,Scottsdale Exchange @ Bay 2,54793,Scottsdale Exchange,38310,38910,in_service_layover,66.27296233526833,72.71670881749934,36.34273015978289,600,10.0,10:38:30,10:48:30,True,3,,4
2161464,medium,301.0,42.0,40-ft,RTC,MF,14862018,14862042,310,310,56394,56394,Scottsdale Exchange @ Bay 1,Scottsdale Exchange @ Bay 1,56394,Scottsdale Exchange,38610,39750,in_service_layover,62.739671346567924,74.4263334643041,65.91277434403202,1140,19.0,10:43:30,11:02:30,True,2,,4
2161506,medium,320.0,9.0,40-ft,STC,MF,14862628,14862600,316,316,54793,55041,Scottsdale Exchange @ Bay 6,Scottsdale Exchange @ Bay 2,54793,Scottsdale Exchange,38730,39210,in_service_layover,68.41372602253611,73.46810667997138,28.506706907934927,480,8.0,10:45:30,10:53:30,True,4,,4
2161547,medium,503.0,17.0,40-ft,STC,MF,14869434,14869372,364,364,56394,55192,Scottsdale Exchange @ Bay 1,Scottsdale Exchange @ Bay 9,56394,Scottsdale Exchange,38730,39810,in_service_layover,65.4964342616221,76.0309165688832,59.41448021295264,1080,18.0,10:45:30,11:03:30,True,1,,4
2161504,medium,312.0,1.0,40-ft,STC,MF,14862295,14862222,312,312,56394,54793,Scottsdale Exchange @ Bay 1,Scottsdale Exchange @ Bay 6,56394,Scottsdale Exchange,39810,40470,in_service_layover,69.49834821934857,75.98323456921375,36.57475901323954,660,11.0,11:03:30,11:14:30,True,3,,4
2161986,medium,503.0,8.0,40-ft,STC,MF,14869418,14869384,364,364,56394,55192,Scottsdale Exchange @ Bay 1,Scottsdale Exchange @ Bay 9,56394,Scottsdale Exchange,39930,41010,in_service_layover,67.64394842862849,77.63019443021855,56.322427448967915,1080,18.0,11:05:30,11:23:30,True,4,,4
2161469,medium,301.0,43.0,40-ft,RTC,MF,14862003,14862051,310,310,56394,56394,Scottsdale Exchange @ Bay 1,Scottsdale Exchange @ Bay 1,56394,Scottsdale Exchange,40410,41610,in_service_layover,66.57724333184414,77.6420050042053,62.40525583211695,1200,20.0,11:13:30,11:33:30,True,2,,4
2163904,medium,502.0,16.0,40-ft,STC,MF,14869417,14869364,364,364,56394,55192,Scottsdale Exchange @ Bay 1,Scottsdale Exchange @ Bay 9,56394,Scottsdale Exchange,41130,42210,in_service_layover,67.57465756283017,77.57840421219107,56.42113110239552,1080,18.0,11:25:30,11:43:30,True,1,,4
2161501,medium,312.0,3.0,40-ft,STC,MF,14862299,14862254,312,312,56394,54793,Scottsdale Exchange @ Bay 1,Scottsdale Exchange @ Bay 6,56394,Scottsdale Exchange,41610,42270,in_service_layover,67.31521385121246,74.14635869670148,38.52765692855809,660,11.0,11:33:30,11:44:30,True,3,,4
2161538,medium,319.0,4.0,40-ft,STC,MF,14866027,14866018,329,329,54793,55041,Scottsdale Exchange @ Bay 6,Scottsdale Exchange @ Bay 2,54793,Scottsdale Exchange,42090,42510,in_service_layover,59.97036459384696,65.21080119664403,29.556062439775474,420,7.0,11:41:30,11:48:30,True,4,,4
2161846,medium,320.0,26.0,40-ft,STC,MF,14869433,14869363,364,364,56394,55192,Scottsdale Exchange @ Bay 1,Scottsdale Exchange @ Bay 9,56394,Scottsdale Exchange,42330,43410,in_service_layover,68.15499464030097,78.01268430132151,55.59736968815588,1080,18.0,11:45:30,12:03:30,True,2,,4
2161467,medium,301.0,41.0,40-ft,RTC,MF,14862004,14862043,310,310,56394,56394,Scottsdale Exchange @ Bay 1,Scottsdale Exchange @ Bay 1,56394,Scottsdale Exchange,43410,43590,in_service_layover,60.88056861697386,63.17913001353508,12.963886276605251,180,3.0,12:03:30,12:06:30,True,1,,4
2161507,medium,312.0,2.0,40-ft,STC,MF,14862311,14862248,312,312,56394,54793,Scottsdale Exchange @ Bay 1,Scottsdale Exchange @ Bay 6,56394,Scottsdale Exchange,43470,44070,in_service_layover,67.03447718252781,73.37198195976114,35.74352694359601,600,10.0,12:04:30,12:14:30,True,3,,4
2161506,medium,320.0,9.0,40-ft,STC,MF,14862654,14862617,316,316,54793,55041,Scottsdale Exchange @ Bay 6,Scottsdale Exchange @ Bay 2,54793,Scottsdale Exchange,44310,44610,in_service_layover,66.8155609392496,70.21504561805595,19.173093588467793,300,5.0,12:18:30,12:23:30,True,4,,4
2161504,medium,312.0,1.0,40-ft,STC,MF,14862290,14862255,312,312,56394,54793,Scottsdale Exchange @ Bay 1,Scottsdale Exchange @ Bay 6,56394,Scottsdale Exchange,45270,45870,in_service_layover,69.44534174914439,75.4370807743617,33.79340810222561,600,10.0,12:34:30,12:44:30,True,2,,4
2161464,medium,301.0,42.0,40-ft,RTC,MF,14862014,14862052,310,310,56394,56394,Scottsdale Exchange @ Bay 1,Scottsdale Exchange @ Bay 1,56394,Scottsdale Exchange,45330,45510,in_service_layover,64.52439364649591,66.69374138952797,12.235121270700802,180,3.0,12:35:30,12:38:30,True,1,,4
2161657,medium,320.0,20.0,40-ft,STC,MF,14866028,14866019,329,329,54793,55041,Scottsdale Exchange @ Bay 6,Scottsdale Exchange @ Bay 2,54793,Scottsdale Exchange,45750,46350,in_service_layover,66.17488273235548,72.63220845286212,36.41931706365733,600,10.0,12:42:30,12:52:30,True,3,,4
2161469,medium,301.0,43.0,40-ft,RTC,MF,14862005,14862044,310,310,56394,56394,Scottsdale Exchange @ Bay 1,Scottsdale Exchange @ Bay 1,56394,Scottsdale Exchange,47130,47310,in_service_layover,67.74006518639712,69.79317088600627,11.579516145795594,180,3.0,13:05:30,13:08:30,True,4,,4
2161501,medium,312.0,3.0,40-ft,STC,MF,14862291,14862240,312,312,56394,54793,Scottsdale Exchange @ Bay 1,Scottsdale Exchange @ Bay 6,56394,Scottsdale Exchange,47130,47670,in_service_layover,67.60846587663214,73.318382725167,32.20393102573661,540,9.0,13:05:30,13:14:30,True,1,,4
2161508,medium,503.0,10.0,40-ft,STC,MF,14869414,14869386,364,364,56394,55192,Scottsdale Exchange @ Bay 1,Scottsdale Exchange @ Bay 9,56394,Scottsdale Exchange,47190,48210,in_service_layover,63.84601640788286,74.33747230090165,59.17181123662601,1020,17.0,13:06:30,13:23:30,True,2,,4
2163821,medium,320.0,14.0,40-ft,STC,MF,14862650,14862598,316,316,54793,55041,Scottsdale Exchange @ Bay 6,Scottsdale Exchange @ Bay 2,54793,Scottsdale Exchange,47910,48210,in_service_layover,68.76692686246398,72.03286440536975,18.419887741988532,300,5.0,13:18:30,13:23:30,True,3,,4
2161507,medium,312.0,2.0,40-ft,STC,MF,14862307,14862224,312,312,56394,54793,Scottsdale Exchange @ Bay 1,Scottsdale Exchange @ Bay 6,56394,Scottsdale Exchange,48990,49470,in_service_layover,66.8340891396918,72.06594481660962,29.50766601781652,480,8.0,13:36:30,13:44:30,True,4,,4
2161467,medium,301.0,41.0,40-ft,RTC,MF,14862015,14862053,310,310,56394,56394,Scottsdale Exchange @ Bay 1,Scottsdale Exchange @ Bay 1,56394,Scottsdale Exchange,49110,49290,in_service_layover,53.277190195726895,55.62044808770145,13.215974510736487,180,3.0,13:38:30,13:41:30,True,1,,4
2161548,medium,320.0,3.0,40-ft,STC,MF,14866029,14866020,329,329,54793,55041,Scottsdale Exchange @ Bay 6,Scottsdale Exchange @ Bay 2,54793,Scottsdale Exchange,49470,49950,in_service_layover,68.87778345868803,73.87885832982252,28.206062273198597,480,8.0,13:44:30,13:52:30,True,2,,4
2163903,medium,502.0,13.0,40-ft,STC,MF,14869413,14869348,364,364,56394,55192,Scottsdale Exchange @ Bay 1,Scottsdale Exchange @ Bay 9,56394,Scottsdale Exchange,49650,50610,in_service_layover,66.94387493864544,76.26006149150359,52.54329215811998,960,16.0,13:47:30,14:03:30,True,3,,4
2161506,medium,320.0,9.0,40-ft,STC,MF,14862648,14862597,316,316,54793,55041,Scottsdale Exchange @ Bay 6,Scottsdale Exchange @ Bay 2,54793,Scottsdale Exchange,49710,50010,in_service_layover,68.2056392128455,71.51095059173713,18.641956176948838,300,5.0,13:48:30,13:53:30,True,1,,4
2161504,medium,312.0,1.0,40-ft,STC,MF,14862308,14862260,312,312,56394,54793,Scottsdale Exchange @ Bay 1,Scottsdale Exchange @ Bay 6,56394,Scottsdale Exchange,50790,51270,in_service_layover,68.89918795429236,73.89779146113821,28.192123778610608,480,8.0,14:06:30,14:14:30,True,4,,4
2164208,medium,320.0,36.0,40-ft,STC,MF,14869412,14869347,364,364,56394,55192,Scottsdale Exchange @ Bay 1,Scottsdale Exchange @ Bay 9,56394,Scottsdale Exchange,50970,51810,in_service_layover,67.296985198839,75.62490096987577,46.969444948647435,840,14.0,14:09:30,14:23:30,True,2,,4
2161464,medium,301.0,42.0,40-ft,RTC,MF,14862006,14862067,310,310,56394,56394,Scottsdale Exchange @ Bay 1,Scottsdale Exchange @ Bay 1,56394,Scottsdale Exchange,51030,52350,in_service_layover,56.79180157171979,71.60190775671424,83.52899888336862,1320,22.0,14:10:30,14:32:30,True,1,,4
2161645,medium,320.0,11.0,40-ft,STC,MF,14869437,14869387,364,364,56394,55192,Scottsdale Exchange @ Bay 1,Scottsdale Exchange @ Bay 9,56394,Scottsdale Exchange,52170,53010,in_service_layover,65.98384206462353,74.57252319163295,48.44016155633318,840,14.0,14:29:30,14:43:30,True,3,,4
2161501,medium,312.0,3.0,40-ft,STC,MF,14862284,14862266,312,312,56394,54793,Scottsdale Exchange @ Bay 1,Scottsdale Exchange @ Bay 6,56394,Scottsdale Exchange,52710,53070,in_service_layover,66.78048990509765,70.81201012348922,22.737774031728406,360,6.0,14:38:30,14:44:30,True,4,,4
2161543,medium,319.0,7.0,40-ft,STC,MF,14866030,14866015,329,329,54793,55041,Scottsdale Exchange @ Bay 6,Scottsdale Exchange @ Bay 2,54793,Scottsdale Exchange,53250,53670,in_service_layover,67.68519656503553,72.24129995927751,25.69642314352484,420,7.0,14:47:30,14:54:30,True,2,,4
2161469,medium,301.0,43.0,40-ft,RTC,MF,14862016,14862064,310,310,56394,56394,Scottsdale Exchange @ Bay 1,Scottsdale Exchange @ Bay 1,56394,Scottsdale Exchange,53430,54810,in_service_layover,59.891231068198095,74.14893570940494,80.41345417640662,1380,23.0,14:50:30,15:13:30,True,1,,4
2161872,medium,503.0,11.0,40-ft,STC,MF,14869411,14869345,364,364,56394,55192,Scottsdale Exchange @ Bay 1,Scottsdale Exchange @ Bay 9,56394,Scottsdale Exchange,53610,54210,in_service_layover,66.14273972093108,72.60451161069145,36.4443934582485,600,10.0,14:53:30,15:03:30,True,3,,4
2163821,medium,320.0,14.0,40-ft,STC,MF,14862643,14862235,316,312,54793,54793,Scottsdale Exchange @ Bay 6,Scottsdale Exchange @ Bay 6,54793,Scottsdale Exchange,53610,54270,in_service_layover,69.26069682346653,75.7838460833482,36.790561825732595,660,11.0,14:53:30,15:04:30,True,4,,4
2161507,medium,312.0,2.0,40-ft,STC,MF,14862276,14862252,312,312,56394,54793,Scottsdale Exchange @ Bay 1,Scottsdale Exchange @ Bay 6,56394,Scottsdale Exchange,54690,55470,in_service_layover,69.9137848308594,77.26780569036545,41.47667764761411,780,13.0,15:11:30,15:24:30,True,2,,4
2161984,medium,503.0,7.0,40-ft,STC,MF,14869410,14869377,364,364,56394,55192,Scottsdale Exchange @ Bay 1,Scottsdale Exchange @ Bay 9,56394,Scottsdale Exchange,55050,55410,in_service_layover,66.84212442779798,70.86866427101103,22.70968471572155,360,6.0,15:17:30,15:23:30,True,3,,4
2161506,medium,320.0,9.0,40-ft,STC,MF,14862644,14862250,316,312,54793,54793,Scottsdale Exchange @ Bay 6,Scottsdale Exchange @ Bay 6,54793,Scottsdale Exchange,55530,56670,in_service_layover,67.54415781049825,77.9564453817171,58.7253019016743,1140,19.0,15:25:30,15:44:30,True,4,,4
2161467,medium,301.0,41.0,40-ft,RTC,MF,14862007,14862057,310,310,56394,56394,Scottsdale Exchange @ Bay 1,Scottsdale Exchange @ Bay 1,56394,Scottsdale Exchange,56010,57330,in_service_layover,45.71850826989327,62.46475023752408,94.44880469743777,1320,22.0,15:33:30,15:55:30,True,1,,4
2161547,medium,503.0,17.0,40-ft,STC,MF,14869438,14869388,364,364,56394,55192,Scottsdale Exchange @ Bay 1,Scottsdale Exchange @ Bay 9,56394,Scottsdale Exchange,56250,56610,in_service_layover,64.5576621929765,68.76253433932436,23.715478905401994,360,6.0,15:37:30,15:43:30,True,3,,4
2161504,medium,312.0,1.0,40-ft,STC,MF,14862274,14866016,312,329,56394,55041,Scottsdale Exchange @ Bay 1,Scottsdale Exchange @ Bay 2,56394,Scottsdale Exchange,56490,56790,in_service_layover,67.35989864106887,70.72307304356725,18.96830363009093,300,5.0,15:41:30,15:46:30,True,2,,4
2161986,medium,503.0,8.0,40-ft,STC,MF,14869409,14869376,364,364,56394,55192,Scottsdale Exchange @ Bay 1,Scottsdale Exchange @ Bay 9,56394,Scottsdale Exchange,57510,57750,in_service_layover,65.24957591408081,68.079380135805,15.960095810524479,240,4.0,15:58:30,16:02:30,True,3,,4
2161501,medium,312.0,3.0,40-ft,STC,MF,14862318,14869389,312,364,56394,55192,Scottsdale Exchange @ Bay 1,Scottsdale Exchange @ Bay 9,56394,Scottsdale Exchange,58290,58650,in_service_layover,67.58412915537002,71.54998075905677,22.367403044793207,360,6.0,16:11:30,16:17:30,True,4,,4
2161464,medium,301.0,42.0,40-ft,RTC,MF,14862025,14862069,310,310,56394,56394,Scottsdale Exchange @ Bay 1,Scottsdale Exchange @ Bay 1,56394,Scottsdale Exchange,58770,60030,in_service_layover,61.69996793890604,74.55397893316959,72.49662200764635,1260,21.0,16:19:30,16:40:30,True,2,,4
2163821,medium,320.0,14.0,40-ft,STC,MF,14862277,14866017,312,329,56394,55041,Scottsdale Exchange @ Bay 1,Scottsdale Exchange @ Bay 2,56394,Scottsdale Exchange,59490,59910,in_service_layover,69.24595326327885,73.6465284328058,24.81924395613197,420,7.0,16:31:30,16:38:30,True,1,,4
2163903,medium,502.0,13.0,40-ft,STC,MF,14869439,14869392,364,364,56394,55192,Scottsdale Exchange @ Bay 1,Scottsdale Exchange @ Bay 9,56394,Scottsdale Exchange,59970,60510,in_service_layover,64.79202598648284,70.85011563847864,34.16762563725632,540,9.0,16:39:30,16:48:30,True,3,,4
2161469,medium,301.0,43.0,40-ft,RTC,MF,14861998,14862039,310,310,56394,56394,Scottsdale Exchange @ Bay 1,Scottsdale Exchange @ Bay 1,56394,Scottsdale Exchange,61050,62430,in_service_layover,64.24699589159675,77.14954592120745,72.77038216700424,1380,23.0,16:57:30,17:20:30,True,4,,4
2165212,medium,320.0,38.0,40-ft,STC,MF,14869428,14862610,364,316,56394,55041,Scottsdale Exchange @ Bay 1,Scottsdale Exchange @ Bay 2,56394,Scottsdale Exchange,62490,62670,in_service_layover,69.05397204230528,71.05402371883255,11.280291455613906,180,3.0,17:21:30,17:24:30,True,1,,4
2161546,medium,320.0,2.0,40-ft,STC,MF,14862641,14869373,316,364,54793,55192,Scottsdale Exchange @ Bay 6,Scottsdale Exchange @ Bay 9,54793,Scottsdale Exchange,62910,63210,in_service_layover,63.26555590992291,66.88461288924188,20.41148136335903,300,5.0,17:28:30,17:33:30,True,2,,4
2161467,medium,301.0,41.0,40-ft,RTC,MF,14862020,14862059,310,310,56394,56394,Scottsdale Exchange @ Bay 1,Scottsdale Exchange @ Bay 1,56394,Scottsdale Exchange,63510,64830,in_service_layover,52.5628104197159,68.40609231535316,89.35610989139417,1320,22.0,17:38:30,18:00:30,True,3,,4
2161649,medium,503.0,2.0,40-ft,STC,MF,14869407,14869371,364,364,56394,55192,Scottsdale Exchange @ Bay 1,Scottsdale Exchange @ Bay 9,56394,Scottsdale Exchange,64350,65130,in_service_layover,64.87125843035322,73.16146995719282,46.75679301137535,780,13.0,17:52:30,18:05:30,True,4,,4
2161984,medium,503.0,7.0,40-ft,STC,MF,14869444,14869391,364,364,56394,55192,Scottsdale Exchange @ Bay 1,Scottsdale Exchange @ Bay 9,56394,Scottsdale Exchange,65250,66210,in_service_layover,68.00443482854786,77.07649478937154,51.16641817904559,960,16.0,18:07:30,18:23:30,True,1,,4
2161464,medium,301.0,42.0,40-ft,RTC,MF,14862027,14862055,310,310,56394,56394,Scottsdale Exchange @ Bay 1,Scottsdale Exchange @ Bay 1,56394,Scottsdale Exchange,65850,66330,in_service_layover,64.6520391153614,70.1189462236305,30.83335609063778,480,8.0,18:17:30,18:25:30,True,2,,4
2161508,medium,503.0,10.0,40-ft,STC,MF,14869406,14862257,364,312,56394,54793,Scottsdale Exchange @ Bay 1,Scottsdale Exchange @ Bay 6,56394,Scottsdale Exchange,66090,66510,in_service_layover,67.15650255185916,71.76392953116306,25.985888163274012,420,7.0,18:21:30,18:28:30,True,3,,4
2161463,medium,301.0,47.0,40-ft,RTC,MF,14862009,14862071,310,310,56394,56394,Scottsdale Exchange @ Bay 1,Scottsdale Exchange @ Bay 1,56394,Scottsdale Exchange,66810,67710,in_service_layover,65.53712228042589,74.70206376621428,51.690269979846505,900,15.0,18:33:30,18:48:30,True,4,,4
2163937,medium,503.0,20.0,40-ft,STC,MF,14869440,14869369,364,364,56394,55192,Scottsdale Exchange @ Bay 1,Scottsdale Exchange @ Bay 9,56394,Scottsdale Exchange,67710,68610,in_service_layover,67.3965641757828,76.165574195339,49.45721651029697,900,15.0,18:48:30,19:03:30,True,1,,4
2161506,medium,320.0,9.0,40-ft,STC,MF,14862294,14862249,312,312,56394,54793,Scottsdale Exchange @ Bay 1,Scottsdale Exchange @ Bay 6,56394,Scottsdale Exchange,67830,68310,in_service_layover,64.88065974157841,70.32348969501041,30.697560937356513,480,8.0,18:50:30,18:58:30,True,2,,4
2161465,medium,301.0,48.0,40-ft,RTC,MF,14862028,14862072,310,310,56394,56394,Scottsdale Exchange @ Bay 1,Scottsdale Exchange @ Bay 1,56394,Scottsdale Exchange,69030,69510,in_service_layover,65.53712228042589,70.91010100636203,30.303600014279823,480,8.0,19:10:30,19:18:30,True,3,,4
2163903,medium,502.0,13.0,40-ft,STC,MF,14869427,14869394,364,364,56394,55192,Scottsdale Exchange @ Bay 1,Scottsdale Exchange @ Bay 9,56394,Scottsdale Exchange,69390,69810,in_service_layover,68.4728618394742,72.95122471513719,25.257966618739204,420,7.0,19:16:30,19:23:30,True,4,,4
2161505,medium,321.0,8.0,40-ft,STC,MF,14862319,14862261,312,312,56394,54793,Scottsdale Exchange @ Bay 1,Scottsdale Exchange @ Bay 6,56394,Scottsdale Exchange,71070,71910,in_service_layover,54.57837996181838,65.16074075025242,59.68451484676797,840,14.0,19:44:30,19:58:30,True,2,,4
2161464,medium,301.0,42.0,40-ft,RTC,MF,14862029,14862073,310,310,56394,56394,Scottsdale Exchange @ Bay 1,Scottsdale Exchange @ Bay 1,56394,Scottsdale Exchange,71610,71910,in_service_layover,60.217006405822325,64.01623770571463,21.427664531392566,300,5.0,19:53:30,19:58:30,True,1,,4
2161463,medium,301.0,47.0,40-ft,RTC,MF,14862030,14862074,310,310,56394,56394,Scottsdale Exchange @ Bay 1,Scottsdale Exchange @ Bay 1,56394,Scottsdale Exchange,72930,74310,in_service_layover,64.8001239484061,77.53620375394536,71.83149010324138,1380,23.0,20:15:30,20:38:30,True,3,,4
2161543,medium,319.0,7.0,40-ft,STC,MF,14862633,14862599,316,316,54793,55041,Scottsdale Exchange @ Bay 6,Scottsdale Exchange @ Bay 2,54793,Scottsdale Exchange,73770,73950,in_service_layover,69.94889124555598,71.91037328831153,11.062758721141336,180,3.0,20:29:30,20:32:30,True,4,,4
2161984,medium,503.0,7.0,40-ft,STC,MF,14869402,14869366,364,364,56394,55192,Scottsdale Exchange @ Bay 1,Scottsdale Exchange @ Bay 9,56394,Scottsdale Exchange,74430,74850,in_service_layover,65.60845928435079,70.3622069764707,26.811136983556366,420,7.0,20:40:30,20:47:30,True,1,,4
2161987,medium,503.0,25.0,40-ft,STC,MF,14869400,14869365,364,364,56394,55192,Scottsdale Exchange @ Bay 1,Scottsdale Exchange @ Bay 9,56394,Scottsdale Exchange,76110,76770,in_service_layover,69.51863974725053,76.00025298329251,36.55629865127679,660,11.0,21:08:30,21:19:30,True,2,,4
2161505,medium,321.0,8.0,40-ft,STC,MF,14862278,14862241,312,312,56394,54793,Scottsdale Exchange @ Bay 1,Scottsdale Exchange @ Bay 6,56394,Scottsdale Exchange,76590,77310,in_service_layover,64.95139622300758,72.69458674377644,43.6715945371364,720,12.0,21:16:30,21:28:30,True,4,,4
2161464,medium,301.0,42.0,40-ft,RTC,MF,14862032,14900920,310,310,56394,56394,Scottsdale Exchange @ Bay 1,Scottsdale Exchange @ Bay 1,56394,Scottsdale Exchange,76950,77910,in_service_layover,54.114297887906446,66.0686452605022,67.42251918144001,960,16.0,21:22:30,21:38:30,True,3,,4
2161506,medium,320.0,9.0,40-ft,STC,MF,14862313,14862263,312,312,56394,54793,Scottsdale Exchange @ Bay 1,Scottsdale Exchange @ Bay 6,56394,Scottsdale Exchange,77910,79110,in_service_layover,66.07386267551831,77.27561208615334,63.17786667598159,1200,20.0,21:38:30,21:58:30,True,1,,4
2165205,medium,502.0,22.0,40-ft,STC,MF,14869429,14869397,364,364,56394,55192,Scottsdale Exchange @ Bay 1,Scottsdale Exchange @ Bay 9,56394,Scottsdale Exchange,79590,80250,in_service_layover,64.632320243089,71.87291498417258,40.83695433971138,660,11.0,22:06:30,22:17:30,True,2,,4
2164444,medium,312.0,4.0,40-ft,STC,MF,14862281,14862229,312,312,56394,54793,Scottsdale Exchange @ Bay 1,Scottsdale Exchange @ Bay 6,56394,Scottsdale Exchange,79710,80910,in_service_layover,67.72764903864264,78.48284525124072,60.65930663905311,1200,20.0,22:08:30,22:28:30,True,4,,4
2161505,medium,321.0,8.0,40-ft,STC,MF,14862314,14862264,312,312,56394,54793,Scottsdale Exchange @ Bay 1,Scottsdale Exchange @ Bay 6,56394,Scottsdale Exchange,81390,82710,in_service_layover,66.15669392370708,78.11367275297448,67.4373605970681,1320,22.0,22:36:30,22:58:30,True,3,,4
2165004,medium,312.0,53.0,40-ft,STC,MF,14904800,14886049,323,N19,55538,55210,Newton Exchange @ Bay 1,Surrey Central Station @ Bay 2,55210,Surrey Central Station,4290,4590,interline_end,67.14169058392004,70.51950836258567,19.050892271674172,300,5.0,01:11:30,01:16:30,True,1,,10
2161630,medium,502.0,21.0,40-ft,STC,MF,14863331,14863324,320,320,58223,55713,Eastbound 88 Ave @ 156 St,Surrey Central Station @ Bay 5,55713,Surrey Central Station,7650,7950,interline_end,68.7457586842256,72.01319507522209,18.428341245220224,300,5.0,02:07:30,02:12:30,True,2,,10
2162408,medium,502.0,8.0,40-ft,STC,MF,14875329,14874750,503,502,56395,55070,Surrey Central Station @ Bay 1 Unloading Only,Surrey Central Station @ Bay 9,56395,Surrey Central Station,28110,28290,in_service_layover,69.6028799920212,71.57950849010736,11.14818472920598,180,3.0,07:48:30,07:51:30,True,3,,10
2161546,medium,320.0,2.0,40-ft,STC,MF,14865690,14866609,325,337,56395,61677,Surrey Central Station @ Bay 1 Unloading Only,Surrey Central Station @ Bay 5A,56395,Surrey Central Station,28170,28350,in_service_layover,68.76170886242471,70.77392940396078,11.348923854263433,180,3.0,07:49:30,07:52:30,True,4,,10
2161637,medium,320.0,1.0,40-ft,STC,MF,14866651,14866610,337,337,61035,61677,Surrey Central Station @ Bay 12,Surrey Central Station @ Bay 5A,61035,Surrey Central Station,28350,29190,in_service_layover,69.78642810870413,77.60832612060464,44.11550478711888,840,14.0,07:52:30,08:06:30,True,5,,10
2162399,medium,502.0,5.0,40-ft,STC,MF,14875427,14875236,503,503,56395,55441,Surrey Central Station @ Bay 1 Unloading Only,Surrey Central Station @ Bay 10,56395,Surrey Central Station,29910,30150,in_service_layover,67.9542771491756,70.6468618937281,15.186177959276165,240,4.0,08:18:30,08:22:30,True,6,,10
2161578,medium,320.0,15.0,40-ft,STC,MF,14867889,14865438,345,324,54990,54993,King George Station @ Bay 2,Surrey Central Station @ Bay 8,54993,Surrey Central Station,29970,30270,interline_end,69.41058474109556,72.63041492246023,18.159842222896714,300,5.0,08:19:30,08:24:30,True,7,,10
2161651,medium,502.0,12.0,40-ft,STC,MF,14863445,14874516,320,501,61035,55210,Surrey Central Station @ Bay 12,Surrey Central Station @ Bay 2,61035,Surrey Central Station,31050,32490,in_service_layover,68.6307349052167,80.59553239197558,67.48145782532015,1440,24.0,08:37:30,09:01:30,True,8,,10
2161546,medium,320.0,2.0,40-ft,STC,MF,14866658,14866613,337,337,61035,61677,Surrey Central Station @ Bay 12,Surrey Central Station @ Bay 5A,61035,Surrey Central Station,31290,31650,in_service_layover,66.05945457962616,70.14853957189082,23.062439356372636,360,6.0,08:41:30,08:47:30,True,9,,10
2162112,medium,502.0,19.0,40-ft,STC,MF,14874894,14874813,502,502,56395,55070,Surrey Central Station @ Bay 1 Unloading Only,Surrey Central Station @ Bay 9,56395,Surrey Central Station,31770,32130,in_service_layover,69.68711789110942,73.47360001030322,21.355759152252972,360,6.0,08:49:30,08:55:30,True,10,,10
2162188,medium,503.0,12.0,40-ft,STC,MF,14875355,14875237,503,503,56395,55441,Surrey Central Station @ Bay 1 Unloading Only,Surrey Central Station @ Bay 10,56395,Surrey Central Station,31770,32610,in_service_layover,68.39463298536248,76.50131682021308,45.721696828557356,840,14.0,08:49:30,09:03:30,True,1,,10
2161544,medium,320.0,13.0,40-ft,STC,MF,14875332,14865439,503,324,56395,54993,Surrey Central Station @ Bay 1 Unloading Only,Surrey Central Station @ Bay 8,56395,Surrey Central Station,32190,32670,in_service_layover,64.09064125775546,69.61612556718114,31.163731505160854,480,8.0,08:56:30,09:04:30,True,2,,10
2161917,medium,502.0,1.0,40-ft,STC,MF,14874846,14874815,502,502,56395,55070,Surrey Central Station @ Bay 1 Unloading Only,Surrey Central Station @ Bay 9,56395,Surrey Central Station,32670,33090,in_service_layover,63.49651155908076,68.44036197034532,27.883316319532128,420,7.0,09:04:30,09:11:30,True,3,,10
2161711,medium,321.0,17.0,40-ft,STC,MF,14863743,14863906,321,321,61035,61035,Surrey Central Station @ Bay 12,Surrey Central Station @ Bay 12,61035,Surrey Central Station,32670,33210,in_service_layover,65.62557765791016,71.58265672716881,33.5979259506189,540,9.0,09:04:30,09:13:30,True,4,,10
2163935,medium,503.0,3.0,40-ft,STC,MF,14875356,14875256,503,503,56395,55441,Surrey Central Station @ Bay 1 Unloading Only,Surrey Central Station @ Bay 10,56395,Surrey Central Station,32730,33510,in_service_layover,67.9246948538418,75.65548580557547,43.60166096777783,780,13.0,09:05:30,09:18:30,True,5,,10
2161540,medium,320.0,21.0,40-ft,STC,MF,14865352,14863330,324,320,56395,55713,Surrey Central Station @ Bay 1 Unloading Only,Surrey Central Station @ Bay 5,56395,Surrey Central Station,32910,33150,in_service_layover,69.01535672667598,71.64918906204431,14.85481437147746,240,4.0,09:08:30,09:12:30,True,6,,10
2161663,medium,502.0,17.0,40-ft,STC,MF,14874452,14874539,501,501,61787,55210,Surrey Central Station @ Bay 14,Surrey Central Station @ Bay 2,61787,Surrey Central Station,33150,34290,in_service_layover,67.74648786945447,78.10619135344194,58.42872764968939,1140,19.0,09:12:30,09:31:30,True,7,,10
2161715,medium,321.0,19.0,40-ft,STC,MF,14863737,14863907,321,321,61035,61035,Surrey Central Station @ Bay 12,Surrey Central Station @ Bay 12,61035,Surrey Central Station,33210,33810,in_service_layover,65.62557765791016,72.15851969854876,36.84579310920179,600,10.0,09:13:30,09:23:30,True,9,,10
2161728,medium,502.0,3.0,40-ft,STC,MF,14874901,14874790,502,502,56395,55070,Surrey Central Station @ Bay 1 Unloading Only,Surrey Central Station @ Bay 9,56395,Surrey Central Station,33570,33990,in_service_layover,64.6753427466623,69.51443727878703,27.292493161183472,420,7.0,09:19:30,09:26:30,True,10,,10
2161708,medium,321.0,6.0,40-ft,STC,MF,14863834,14863908,321,321,61035,61035,Surrey Central Station @ Bay 12,Surrey Central Station @ Bay 12,61035,Surrey Central Station,33690,34410,in_service_layover,60.650528494431875,69.08003798459787,47.542433524536136,720,12.0,09:21:30,09:33:30,True,8,,10
2165313,medium,320.0,29.0,40-ft,STC,MF,14863421,14863323,320,320,61035,55713,Surrey Central Station @ Bay 12,Surrey Central Station @ Bay 5,61035,Surrey Central Station,33750,34830,in_service_layover,67.39282568870833,77.4425942223364,56.68069452966233,1080,18.0,09:22:30,09:40:30,True,1,,10
2161920,medium,320.0,22.0,40-ft,STC,MF,14875374,14866079,503,335,56395,55836,Surrey Central Station @ Bay 1 Unloading Only,Surrey Central Station @ Bay 3,56395,Surrey Central Station,33870,34170,in_service_layover,64.09064125775546,67.6609242046224,20.136395820329597,300,5.0,09:24:30,09:29:30,True,2,,10
2161622,medium,320.0,32.0,40-ft,STC,MF,14863794,14866050,321,335,61035,55836,Surrey Central Station @ Bay 12,Surrey Central Station @ Bay 3,61035,Surrey Central Station,34170,35010,in_service_layover,65.62557765791016,74.2846673851659,48.83726606172246,840,14.0,09:29:30,09:43:30,True,3,,10
2161539,medium,319.0,2.0,40-ft,STC,MF,14862469,14865925,314,326,56395,54993,Surrey Central Station @ Bay 1 Unloading Only,Surrey Central Station @ Bay 8,56395,Surrey Central Station,34290,34650,in_service_layover,63.91092031663375,68.1639450572611,23.987059537138293,360,6.0,09:31:30,09:37:30,True,6,,10
2161638,medium,320.0,8.0,40-ft,STC,MF,14874463,14866615,501,337,61035,61677,Surrey Central Station @ Bay 12,Surrey Central Station @ Bay 5A,61035,Surrey Central Station,34350,35250,in_service_layover,65.02879992305598,74.30049868290266,52.29238100553522,900,15.0,09:32:30,09:47:30,True,4,,10
2161577,medium,320.0,28.0,40-ft,STC,MF,14874897,14874770,502,502,56395,55070,Surrey Central Station @ Bay 1 Unloading Only,Surrey Central Station @ Bay 9,56395,Surrey Central Station,34410,34890,in_service_layover,67.7625953629273,72.89087589584983,28.92350220568312,480,8.0,09:33:30,09:41:30,True,5,,10
2163821,medium,320.0,14.0,40-ft,STC,MF,14862604,14862656,316,316,56395,55738,Surrey Central Station @ Bay 1 Unloading Only,Surrey Central Station @ Bay 7,56395,Surrey Central Station,34590,34770,in_service_layover,68.60140539403457,70.62021113279549,11.38606436661155,180,3.0,09:36:30,09:39:30,True,9,,10
2161538,medium,319.0,4.0,40-ft,STC,MF,14863446,14862492,320,314,61787,61787,Surrey Central Station @ Bay 14,Surrey Central Station @ Bay 14,61787,Surrey Central Station,34650,34830,in_service_layover,65.78568406686068,67.91030519924152,11.982863186627867,180,3.0,09:37:30,09:40:30,True,10,,10
2161714,medium,321.0,28.0,40-ft,STC,MF,14863753,14863909,321,321,61035,61035,Surrey Central Station @ Bay 12,Surrey Central Station @ Bay 12,61035,Surrey Central Station,34650,35010,in_service_layover,65.62557765791016,69.74868483430558,23.254324474870202,360,6.0,09:37:30,09:43:30,True,2,,10
2161578,medium,320.0,15.0,40-ft,STC,MF,14865353,14865452,324,324,56395,54993,Surrey Central Station @ Bay 1 Unloading Only,Surrey Central Station @ Bay 8,56395,Surrey Central Station,34770,35070,in_service_layover,66.85716893112209,70.25390394947728,19.157585503523308,300,5.0,09:39:30,09:44:30,True,7,,10
2163786,medium,503.0,9.0,40-ft,STC,MF,14875334,14875257,503,503,56395,55441,Surrey Central Station @ Bay 1 Unloading Only,Surrey Central Station @ Bay 10,56395,Surrey Central Station,34890,35310,in_service_layover,64.09064125775546,68.98212274620845,27.58795559487487,420,7.0,09:41:30,09:48:30,True,8,,10
2161710,medium,321.0,1.0,40-ft,STC,MF,14863787,14863910,321,321,61035,61035,Surrey Central Station @ Bay 12,Surrey Central Station @ Bay 12,61035,Surrey Central Station,35130,35610,in_service_layover,57.56925023576135,63.71732336441849,34.675132445626275,480,8.0,09:45:30,09:53:30,True,6,,10
2161631,medium,502.0,15.0,40-ft,STC,MF,14874886,14874801,502,502,56395,55070,Surrey Central Station @ Bay 1 Unloading Only,Surrey Central Station @ Bay 9,56395,Surrey Central Station,35310,35790,in_service_layover,64.76028670608255,70.21580942294717,30.76914812311645,480,8.0,09:48:30,09:56:30,True,9,,10
2161637,medium,320.0,1.0,40-ft,STC,MF,14866662,14863322,337,320,61035,55713,Surrey Central Station @ Bay 12,Surrey Central Station @ Bay 5,61035,Surrey Central Station,35370,35730,in_service_layover,68.17937647193541,72.0955628627123,22.087291243981554,360,6.0,09:49:30,09:55:30,True,1,,10
2161661,medium,320.0,30.0,40-ft,STC,MF,14866222,14866080,335,335,55714,55836,Surrey Central Station @ Bay 6,Surrey Central Station @ Bay 3,55714,Surrey Central Station,35430,35910,in_service_layover,67.60501411265719,72.75102248001045,29.02348719187239,480,8.0,09:50:30,09:58:30,True,10,,10
2161659,medium,502.0,18.0,40-ft,STC,MF,14874464,14874540,501,501,61035,55210,Surrey Central Station @ Bay 12,Surrey Central Station @ Bay 2,61035,Surrey Central Station,35430,36090,in_service_layover,67.68734120237258,74.46029487781021,38.199458729468176,660,11.0,09:50:30,10:01:30,True,5,,10
2161629,medium,320.0,19.0,40-ft,STC,MF,14863420,14863321,320,320,61035,55713,Surrey Central Station @ Bay 12,Surrey Central Station @ Bay 5,61035,Surrey Central Station,35550,36630,in_service_layover,66.25035036435085,76.59198443620316,58.32681616524701,1080,18.0,09:52:30,10:10:30,True,2,,10
2161594,medium,321.0,30.0,40-ft,STC,MF,14863754,14863911,321,321,61035,61035,Surrey Central Station @ Bay 12,Surrey Central Station @ Bay 12,61035,Surrey Central Station,35730,36210,in_service_layover,65.62557765791016,70.98906325933497,30.250058792035986,480,8.0,09:55:30,10:03:30,True,3,,10
2161653,medium,320.0,41.0,40-ft,STC,MF,14875335,14866024,503,329,56395,61787,Surrey Central Station @ Bay 1 Unloading Only,Surrey Central Station @ Bay 14,56395,Surrey Central Station,35970,36150,in_service_layover,67.35210004583851,69.42005826576448,11.66328436038242,180,3.0,09:59:30,10:02:30,True,7,,10
2161838,medium,320.0,40.0,40-ft,STC,MF,14865392,14865453,324,324,56395,54993,Surrey Central Station @ Bay 1 Unloading Only,Surrey Central Station @ Bay 8,56395,Surrey Central Station,35970,36270,in_service_layover,69.23659383629558,72.46898817134898,18.23070404970116,300,5.0,09:59:30,10:04:30,True,4,,10
2162408,medium,502.0,8.0,40-ft,STC,MF,14874874,14874795,502,502,56395,55070,Surrey Central Station @ Bay 1 Unloading Only,Surrey Central Station @ Bay 9,56395,Surrey Central Station,36090,36690,in_service_layover,68.28205445515877,74.44241844727499,34.744452915535476,600,10.0,10:01:30,10:11:30,True,8,,10
2161537,medium,321.0,26.0,40-ft,STC,MF,14862475,14863913,314,321,56395,61035,Surrey Central Station @ Bay 1 Unloading Only,Surrey Central Station @ Bay 12,56395,Surrey Central Station,36210,37410,in_service_layover,66.14467306714901,77.3270997955608,63.06888674824245,1200,20.0,10:03:30,10:23:30,True,6,,10
2161720,medium,321.0,2.0,40-ft,STC,MF,14863755,14863912,321,321,61035,61035,Surrey Central Station @ Bay 12,Surrey Central Station @ Bay 12,61035,Surrey Central Station,36330,36810,in_service_layover,61.4808453189034,67.2684515690196,32.642099250655406,480,8.0,10:05:30,10:13:30,True,1,,10
2161727,medium,503.0,13.0,40-ft,STC,MF,14875359,14875258,503,503,56395,55441,Surrey Central Station @ Bay 1 Unloading Only,Surrey Central Station @ Bay 10,56395,Surrey Central Station,36450,37110,in_service_layover,65.19333963081276,72.34977936010664,40.36232007321752,660,11.0,10:07:30,10:18:30,True,9,,10
2161639,medium,320.0,24.0,40-ft,STC,MF,14865933,14866616,326,337,56395,61677,Surrey Central Station @ Bay 1 Unloading Only,Surrey Central Station @ Bay 5A,56395,Surrey Central Station,36510,36930,in_service_layover,64.11635927866364,69.00555373550156,27.575056736565898,420,7.0,10:08:30,10:15:30,True,10,,10
2161660,medium,502.0,9.0,40-ft,STC,MF,14874440,14874541,501,501,61035,55210,Surrey Central Station @ Bay 12,Surrey Central Station @ Bay 2,61035,Surrey Central Station,36690,37890,in_service_layover,68.75418532061765,79.23728570394536,59.12468616196827,1200,20.0,10:11:30,10:31:30,True,5,,10
2161602,medium,321.0,4.0,40-ft,STC,MF,14863756,14863914,321,321,61035,61035,Surrey Central Station @ Bay 12,Surrey Central Station @ Bay 12,61035,Surrey Central Station,36930,38010,in_service_layover,57.6232670788448,70.13354995465657,70.55799541957839,1080,18.0,10:15:30,10:33:30,True,7,,10
2161990,medium,502.0,4.0,40-ft,STC,MF,14874871,14874800,502,502,56395,55070,Surrey Central Station @ Bay 1 Unloading Only,Surrey Central Station @ Bay 9,56395,Surrey Central Station,36990,37590,in_service_layover,69.53645136393482,75.51484253971998,33.7181262314283,600,10.0,10:16:30,10:26:30,True,3,,10
2161546,medium,320.0,2.0,40-ft,STC,MF,14866663,14863320,337,320,61035,55713,Surrey Central Station @ Bay 12,Surrey Central Station @ Bay 5,61035,Surrey Central Station,37110,37530,in_service_layover,61.9933738615911,67.06583513313544,28.60868157151009,420,7.0,10:18:30,10:25:30,True,4,,10
2161624,medium,320.0,25.0,40-ft,STC,MF,14866213,14863319,335,320,55714,55713,Surrey Central Station @ Bay 6,Surrey Central Station @ Bay 5,55714,Surrey Central Station,37110,38430,in_service_layover,69.517886664307,80.52924309166926,62.104050250323155,1320,22.0,10:18:30,10:40:30,True,2,,10
2161544,medium,320.0,13.0,40-ft,STC,MF,14865393,14865454,324,324,56395,54993,Surrey Central Station @ Bay 1 Unloading Only,Surrey Central Station @ Bay 8,56395,Surrey Central Station,37170,37470,in_service_layover,66.60176176335094,70.0153084576448,19.25240335581742,300,5.0,10:19:30,10:24:30,True,8,,10
2161543,medium,319.0,7.0,40-ft,STC,MF,14866014,14865926,329,326,56395,54993,Surrey Central Station @ Bay 1 Unloading Only,Surrey Central Station @ Bay 8,56395,Surrey Central Station,37170,38250,in_service_layover,68.30763968078946,78.12711837917226,55.381859858878954,1080,18.0,10:19:30,10:37:30,True,1,,10
2161657,medium,320.0,20.0,40-ft,STC,MF,14863418,14862509,320,314,61787,61787,Surrey Central Station @ Bay 14,Surrey Central Station @ Bay 14,61787,Surrey Central Station,37350,38190,in_service_layover,63.11275467702515,72.25679197408323,51.572370355407486,840,14.0,10:22:30,10:36:30,True,10,,10
2161505,medium,321.0,8.0,40-ft,STC,MF,14863802,14863915,321,321,61035,61035,Surrey Central Station @ Bay 12,Surrey Central Station @ Bay 12,61035,Surrey Central Station,37590,38610,in_service_layover,59.47439121133863,70.99138564699568,64.95584861710586,1020,17.0,10:26:30,10:43:30,True,9,,10
2161877,medium,503.0,15.0,40-ft,STC,MF,14875360,14875240,503,503,56395,55441,Surrey Central Station @ Bay 1 Unloading Only,Surrey Central Station @ Bay 10,56395,Surrey Central Station,37770,37950,in_service_layover,64.27180222020688,66.45010710601514,12.285639555958596,180,3.0,10:29:30,10:32:30,True,6,,10
2161632,medium,502.0,10.0,40-ft,STC,MF,14874885,14874774,502,502,56395,55070,Surrey Central Station @ Bay 1 Unloading Only,Surrey Central Station @ Bay 9,56395,Surrey Central Station,37890,38490,in_service_layover,63.892143770772726,70.65883517788826,38.16413953613164,600,10.0,10:31:30,10:41:30,True,8,,10
2161719,medium,321.0,7.0,40-ft,STC,MF,14863803,14863916,321,321,61035,61035,Surrey Central Station @ Bay 12,Surrey Central Station @ Bay 12,61035,Surrey Central Station,38190,39210,in_service_layover,59.94267860731263,71.33876798717776,64.27394410243937,1020,17.0,10:36:30,10:53:30,True,4,,10
2161576,medium,320.0,31.0,40-ft,STC,MF,14863417,14866617,320,337,61035,61677,Surrey Central Station @ Bay 12,Surrey Central Station @ Bay 5A,61035,Surrey Central Station,38250,38790,in_service_layover,65.9495950826166,71.86694790277147,33.37386990567347,540,9.0,10:37:30,10:46:30,True,3,,10
2161575,medium,320.0,5.0,40-ft,STC,MF,14865394,14865455,324,324,56395,54993,Surrey Central Station @ Bay 1 Unloading Only,Surrey Central Station @ Bay 8,56395,Surrey Central Station,38370,38670,in_service_layover,68.01964779947589,71.33783527476763,18.71457736064542,300,5.0,10:39:30,10:44:30,True,5,,10
2161721,medium,503.0,6.0,40-ft,STC,MF,14875337,14875259,503,503,56395,55441,Surrey Central Station @ Bay 1 Unloading Only,Surrey Central Station @ Bay 10,56395,Surrey Central Station,38370,38790,in_service_layover,54.442803224275934,59.961042913833374,31.122871849103888,420,7.0,10:39:30,10:46:30,True,6,,10
2161905,medium,502.0,11.0,40-ft,STC,MF,14874472,14874542,501,501,61787,55210,Surrey Central Station @ Bay 14,Surrey Central Station @ Bay 2,61787,Surrey Central Station,38490,39690,in_service_layover,61.97612443286948,74.31524964831205,69.59266621509607,1200,20.0,10:41:30,11:01:30,True,7,,10
2161858,medium,502.0,20.0,40-ft,STC,MF,14874829,14874799,502,502,56395,55070,Surrey Central Station @ Bay 1 Unloading Only,Surrey Central Station @ Bay 9,56395,Surrey Central Station,38790,39390,in_service_layover,64.48466124345956,71.17228533868257,37.71819989705784,600,10.0,10:46:30,10:56:30,True,10,,10
2161718,medium,321.0,5.0,40-ft,STC,MF,14863804,14863917,321,321,61035,61035,Surrey Central Station @ Bay 12,Surrey Central Station @ Bay 12,61035,Surrey Central Station,38790,39810,in_service_layover,56.19053615292847,68.43292840469063,69.04709229993858,1020,17.0,10:46:30,11:03:30,True,1,,10
2165312,medium,320.0,35.0,40-ft,STC,MF,14866664,14863318,337,320,61035,55713,Surrey Central Station @ Bay 12,Surrey Central Station @ Bay 5,61035,Surrey Central Station,38910,39270,in_service_layover,63.94615701842278,68.19658475960193,23.97241246025044,360,6.0,10:48:30,10:54:30,True,2,,10
2161518,medium,320.0,33.0,40-ft,STC,MF,14866232,14866082,335,335,55714,55836,Surrey Central Station @ Bay 6,Surrey Central Station @ Bay 3,55714,Surrey Central Station,38910,39510,in_service_layover,67.60925822745969,73.86562709002632,35.285920384875794,600,10.0,10:48:30,10:58:30,True,8,,10
2161991,medium,503.0,18.0,40-ft,STC,MF,14875361,14875241,503,503,56395,55441,Surrey Central Station @ Bay 1 Unloading Only,Surrey Central Station @ Bay 10,56395,Surrey Central Station,39030,39630,in_service_layover,68.47145396836618,74.60459059826786,34.59089059264551,600,10.0,10:50:30,11:00:30,True,9,,10
2161644,medium,320.0,4.0,40-ft,STC,MF,14863416,14863317,320,320,61035,55713,Surrey Central Station @ Bay 12,Surrey Central Station @ Bay 5,61035,Surrey Central Station,39150,40170,in_service_layover,59.793733746993304,71.22874806259941,64.49348074001836,1020,17.0,10:52:30,11:09:30,True,5,,10
2161717,medium,321.0,9.0,40-ft,STC,MF,14863805,14863918,321,321,61035,61035,Surrey Central Station @ Bay 12,Surrey Central Station @ Bay 12,61035,Surrey Central Station,39390,40410,in_service_layover,55.555488513749054,67.91344890301222,69.69889659544435,1020,17.0,10:56:30,11:13:30,True,3,,10
2161578,medium,320.0,15.0,40-ft,STC,MF,14865395,14865456,324,324,56395,54993,Surrey Central Station @ Bay 1 Unloading Only,Surrey Central Station @ Bay 8,56395,Surrey Central Station,39570,39870,in_service_layover,67.20654143618783,70.58001944075437,19.026415945755275,300,5.0,10:59:30,11:04:30,True,6,,10
2161538,medium,319.0,4.0,40-ft,STC,MF,14862470,14866027,314,329,56395,61787,Surrey Central Station @ Bay 1 Unloading Only,Surrey Central Station @ Bay 14,56395,Surrey Central Station,39630,39810,in_service_layover,60.81663186714984,63.1174605243431,12.976673626570005,180,3.0,11:00:30,11:03:30,True,4,,10
2162112,medium,502.0,19.0,40-ft,STC,MF,14874870,14874769,502,502,56395,55070,Surrey Central Station @ Bay 1 Unloading Only,Surrey Central Station @ Bay 9,56395,Surrey Central Station,39690,40290,in_service_layover,65.94037226174238,72.43007128306127,36.60190248023849,600,10.0,11:01:30,11:11:30,True,2,,10
2163821,medium,320.0,14.0,40-ft,STC,MF,14862601,14862637,316,316,56395,55738,Surrey Central Station @ Bay 1 Unloading Only,Surrey Central Station @ Bay 7,56395,Surrey Central Station,39750,40170,in_service_layover,69.70423308639232,74.05800196264633,24.555256462072634,420,7.0,11:02:30,11:09:30,True,10,,10
2164234,medium,320.0,10.0,40-ft,STC,MF,14866173,14866065,335,335,55714,55836,Surrey Central Station @ Bay 6,Surrey Central Station @ Bay 3,55714,Surrey Central Station,39810,40410,in_service_layover,63.202724534220664,70.06032571064783,38.67687063504923,600,10.0,11:03:30,11:13:30,True,8,,10
2162193,medium,503.0,5.0,40-ft,STC,MF,14875338,14875260,503,503,56395,55441,Surrey Central Station @ Bay 1 Unloading Only,Surrey Central Station @ Bay 10,56395,Surrey Central Station,39930,40470,in_service_layover,54.14470833904716,61.193649932082,39.75603058471654,540,9.0,11:05:30,11:14:30,True,9,,10
2161712,medium,321.0,13.0,40-ft,STC,MF,14863806,14863919,321,321,61035,61035,Surrey Central Station @ Bay 12,Surrey Central Station @ Bay 12,61035,Surrey Central Station,39990,41010,in_service_layover,56.620991468233385,68.78049137312911,68.57957946361188,1020,17.0,11:06:30,11:23:30,True,7,,10
2161539,medium,319.0,2.0,40-ft,STC,MF,14865947,14866618,326,337,56395,61677,Surrey Central Station @ Bay 1 Unloading Only,Surrey Central Station @ Bay 5A,56395,Surrey Central Station,40050,40530,in_service_layover,61.22269961858377,67.03532239734812,32.78319247223095,480,8.0,11:07:30,11:15:30,True,1,,10
2161861,medium,320.0,27.0,40-ft,STC,MF,14865648,14865737,325,325,56395,55738,Surrey Central Station @ Bay 1 Unloading Only,Surrey Central Station @ Bay 7,56395,Surrey Central Station,40050,40710,in_service_layover,67.52251244834918,74.32128290155092,38.34506535605777,660,11.0,11:07:30,11:18:30,True,4,,10
2161637,medium,320.0,1.0,40-ft,STC,MF,14863415,14863340,320,320,61035,55713,Surrey Central Station @ Bay 12,Surrey Central Station @ Bay 5,61035,Surrey Central Station,40050,41010,in_service_layover,67.34277126298961,76.56746189221525,52.02725514883258,960,16.0,11:07:30,11:23:30,True,6,,10
2161917,medium,502.0,1.0,40-ft,STC,MF,14874902,14874798,502,502,56395,55070,Surrey Central Station @ Bay 1 Unloading Only,Surrey Central Station @ Bay 9,56395,Surrey Central Station,40590,41190,in_service_layover,61.85022046011059,68.88276844734744,39.66357064801582,600,10.0,11:16:30,11:26:30,True,5,,10
2161716,medium,321.0,12.0,40-ft,STC,MF,14863807,14863920,321,321,61035,61035,Surrey Central Station @ Bay 12,Surrey Central Station @ Bay 12,61035,Surrey Central Station,40590,41610,in_service_layover,58.29525298642291,70.09735371147217,66.56384808927777,1020,17.0,11:16:30,11:33:30,True,10,,10
2161853,medium,320.0,18.0,40-ft,STC,MF,14866178,14866083,335,335,55714,55836,Surrey Central Station @ Bay 6,Surrey Central Station @ Bay 3,55714,Surrey Central Station,40710,41310,in_service_layover,64.44397597778283,71.13705745034915,37.748979505274065,600,10.0,11:18:30,11:28:30,True,2,,10
2161638,medium,320.0,8.0,40-ft,STC,MF,14866665,14863339,337,320,61035,55713,Surrey Central Station @ Bay 12,Surrey Central Station @ Bay 5,61035,Surrey Central Station,40710,41910,in_service_layover,66.14533297260293,77.32757944154918,63.06787008485679,1200,20.0,11:18:30,11:38:30,True,3,,10
2161838,medium,320.0,40.0,40-ft,STC,MF,14865396,14865457,324,324,56395,54993,Surrey Central Station @ Bay 1 Unloading Only,Surrey Central Station @ Bay 8,56395,Surrey Central Station,40770,41070,in_service_layover,69.29923636036452,72.52711582001102,18.205240152406247,300,5.0,11:19:30,11:24:30,True,8,,10
2163935,medium,503.0,3.0,40-ft,STC,MF,14875362,14875242,503,503,56395,55441,Surrey Central Station @ Bay 1 Unloading Only,Surrey Central Station @ Bay 10,56395,Surrey Central Station,40830,41310,in_service_layover,66.22365213066874,71.52244562271775,29.88519529515645,480,8.0,11:20:30,11:28:30,True,9,,10
2161548,medium,320.0,3.0,40-ft,STC,MF,14863414,14862499,320,314,61787,61787,Surrey Central Station @ Bay 14,Surrey Central Station @ Bay 14,61787,Surrey Central Station,40950,41670,in_service_layover,64.79558125066666,72.56443215392925,43.81631909440097,720,12.0,11:22:30,11:34:30,True,1,,10
2161653,medium,320.0,41.0,40-ft,STC,MF,14866012,14865907,329,326,56395,54993,Surrey Central Station @ Bay 1 Unloading Only,Surrey Central Station @ Bay 8,56395,Surrey Central Station,41250,41850,in_service_layover,69.60445261693845,75.57286811639415,33.6618634169302,600,10.0,11:27:30,11:37:30,True,4,,10
2161711,medium,321.0,17.0,40-ft,STC,MF,14863808,14863921,321,321,61035,61035,Surrey Central Station @ Bay 12,Surrey Central Station @ Bay 12,61035,Surrey Central Station,41250,42210,in_service_layover,58.92907985172333,70.02805712744095,62.59823183504733,960,16.0,11:27:30,11:43:30,True,6,,10
2161728,medium,502.0,3.0,40-ft,STC,MF,14874837,14874818,502,502,56395,55070,Surrey Central Station @ Bay 1 Unloading Only,Surrey Central Station @ Bay 9,56395,Surrey Central Station,41610,42090,in_service_layover,62.85965146528226,68.51086409727522,31.87283924444023,480,8.0,11:33:30,11:41:30,True,7,,10
2161920,medium,320.0,22.0,40-ft,STC,MF,14866174,14866120,335,335,55714,55836,Surrey Central Station @ Bay 6,Surrey Central Station @ Bay 3,55714,Surrey Central Station,41610,42210,in_service_layover,66.79562006370693,73.1666025124914,35.93234101114433,600,10.0,11:33:30,11:43:30,True,8,,10
2162399,medium,502.0,5.0,40-ft,STC,MF,14875339,14875261,503,503,56395,55441,Surrey Central Station @ Bay 1 Unloading Only,Surrey Central Station @ Bay 10,56395,Surrey Central Station,41730,42210,in_service_layover,53.44471795287053,59.74109156600231,35.51154717806321,480,8.0,11:35:30,11:43:30,True,5,,10
2161715,medium,321.0,19.0,40-ft,STC,MF,14863809,14863922,321,321,61035,61035,Surrey Central Station @ Bay 12,Surrey Central Station @ Bay 12,61035,Surrey Central Station,41850,42810,in_service_layover,59.50494282310328,70.47079187603262,61.84738865852148,960,16.0,11:37:30,11:53:30,True,2,,10
2161546,medium,320.0,2.0,40-ft,STC,MF,14863413,14866619,320,337,61035,61677,Surrey Central Station @ Bay 12,Surrey Central Station @ Bay 5A,61035,Surrey Central Station,41910,42270,in_service_layover,62.313043533412774,66.68091278636223,24.634782586634913,360,6.0,11:38:30,11:44:30,True,9,,10
2161544,medium,320.0,13.0,40-ft,STC,MF,14865397,14865458,324,324,56395,54993,Surrey Central Station @ Bay 1 Unloading Only,Surrey Central Station @ Bay 8,56395,Surrey Central Station,41970,42270,in_service_layover,66.98040812342248,70.3689737529985,19.111510150808726,300,5.0,11:39:30,11:44:30,True,10,,10
2161651,medium,502.0,12.0,40-ft,STC,MF,14874442,14874548,501,501,61035,55210,Surrey Central Station @ Bay 12,Surrey Central Station @ Bay 2,61035,Surrey Central Station,42030,42690,in_service_layover,67.2382491011579,74.08138694519761,38.59529744038389,660,11.0,11:40:30,11:51:30,True,1,,10
2161708,medium,321.0,6.0,40-ft,STC,MF,14863810,14863923,321,321,61035,61035,Surrey Central Station @ Bay 12,Surrey Central Station @ Bay 12,61035,Surrey Central Station,42450,43350,in_service_layover,56.42646110915237,67.41338821326929,61.966268867219355,900,15.0,11:47:30,12:02:30,True,4,,10
2161639,medium,320.0,24.0,40-ft,STC,MF,14866666,14863338,337,320,61035,55713,Surrey Central Station @ Bay 12,Surrey Central Station @ Bay 5,61035,Surrey Central Station,42510,42810,in_service_layover,60.85038802520185,64.61218542323957,21.216537324932744,300,5.0,11:48:30,11:53:30,True,3,,10
2161577,medium,320.0,28.0,40-ft,STC,MF,14874873,14874805,502,502,56395,55070,Surrey Central Station @ Bay 1 Unloading Only,Surrey Central Station @ Bay 9,56395,Surrey Central Station,42510,42990,in_service_layover,67.20977668545449,72.3999803124493,29.27274845625078,480,8.0,11:48:30,11:56:30,True,7,,10
2163786,medium,503.0,9.0,40-ft,STC,MF,14875363,14875243,503,503,56395,55441,Surrey Central Station @ Bay 1 Unloading Only,Surrey Central Station @ Bay 10,56395,Surrey Central Station,42630,43110,in_service_layover,66.1775744751697,71.48138344662715,29.91348259902003,480,8.0,11:50:30,11:58:30,True,5,,10
2161573,medium,502.0,7.0,40-ft,STC,MF,14863412,14863337,320,320,61035,55713,Surrey Central Station @ Bay 12,Surrey Central Station @ Bay 5,61035,Surrey Central Station,42810,43710,in_service_layover,59.844414507281584,70.17341980543421,58.25558988158082,900,15.0,11:53:30,12:08:30,True,6,,10
2161657,medium,320.0,20.0,40-ft,STC,MF,14862476,14866028,314,329,56395,61787,Surrey Central Station @ Bay 1 Unloading Only,Surrey Central Station @ Bay 14,56395,Surrey Central Station,43050,43410,in_service_layover,65.16311864199156,69.32197866285163,23.455970517650883,360,6.0,11:57:30,12:03:30,True,8,,10
2161714,medium,321.0,28.0,40-ft,STC,MF,14863811,14863924,321,321,61035,61035,Surrey Central Station @ Bay 12,Surrey Central Station @ Bay 12,61035,Surrey Central Station,43050,43950,in_service_layover,57.09510795886009,67.9715731537555,61.34326369921013,900,15.0,11:57:30,12:12:30,True,9,,10
2161575,medium,320.0,5.0,40-ft,STC,MF,14865398,14865459,324,324,56395,54993,Surrey Central Station @ Bay 1 Unloading Only,Surrey Central Station @ Bay 8,56395,Surrey Central Station,43170,43470,in_service_layover,68.23209232656174,71.53556547509649,18.631588557735938,300,5.0,11:59:30,12:04:30,True,10,,10
2161631,medium,502.0,15.0,40-ft,STC,MF,14874839,14874778,502,502,56395,55070,Surrey Central Station @ Bay 1 Unloading Only,Surrey Central Station @ Bay 9,56395,Surrey Central Station,43410,43890,in_service_layover,64.79169882241443,70.24391320206082,30.75048910120563,480,8.0,12:03:30,12:11:30,True,1,,10
2162017,medium,502.0,6.0,40-ft,STC,MF,14867903,14874497,345,501,54990,55210,King George Station @ Bay 2,Surrey Central Station @ Bay 2,55210,Surrey Central Station,43590,43890,interline_end,46.47571730546636,50.30234489465579,21.58217960302835,300,5.0,12:06:30,12:11:30,True,2,,10
2162188,medium,503.0,12.0,40-ft,STC,MF,14875340,14875262,503,503,56395,55441,Surrey Central Station @ Bay 1 Unloading Only,Surrey Central Station @ Bay 10,56395,Surrey Central Station,43590,44010,in_service_layover,59.29917287935551,64.6002615838162,29.89814029315835,420,7.0,12:06:30,12:13:30,True,3,,10
2161710,medium,321.0,1.0,40-ft,STC,MF,14863812,14863925,321,321,61035,61035,Surrey Central Station @ Bay 12,Surrey Central Station @ Bay 12,61035,Surrey Central Station,43650,44550,in_service_layover,51.063746488973,62.622509977558515,65.1914260756223,900,15.0,12:07:30,12:22:30,True,7,,10
2165312,medium,320.0,35.0,40-ft,STC,MF,14863404,14866620,320,337,61035,61677,Surrey Central Station @ Bay 12,Surrey Central Station @ Bay 5A,61035,Surrey Central Station,43710,44070,in_service_layover,63.443793159879256,67.73095680994075,24.179602986346822,360,6.0,12:08:30,12:14:30,True,5,,10
2161663,medium,502.0,17.0,40-ft,STC,MF,14874446,14874503,501,501,61035,55210,Surrey Central Station @ Bay 12,Surrey Central Station @ Bay 2,61035,Surrey Central Station,43830,44850,in_service_layover,64.74890806262425,75.02625115100489,57.964215018466746,1020,17.0,12:10:30,12:27:30,True,4,,10
2161594,medium,321.0,30.0,40-ft,STC,MF,14863813,14863926,321,321,61035,61035,Surrey Central Station @ Bay 12,Surrey Central Station @ Bay 12,61035,Surrey Central Station,44250,45150,in_service_layover,58.33548638388948,68.98354064149171,60.05502601287657,900,15.0,12:17:30,12:32:30,True,8,,10
2161576,medium,320.0,31.0,40-ft,STC,MF,14866667,14863336,337,320,61035,55713,Surrey Central Station @ Bay 12,Surrey Central Station @ Bay 5,61035,Surrey Central Station,44310,44610,in_service_layover,63.71178219247176,67.30446646005616,20.262739269176052,300,5.0,12:18:30,12:23:30,True,10,,10
2162408,medium,502.0,8.0,40-ft,STC,MF,14874907,14874757,502,502,56395,55070,Surrey Central Station @ Bay 1 Unloading Only,Surrey Central Station @ Bay 9,56395,Surrey Central Station,44310,44790,in_service_layover,68.60419051642182,73.63675710771476,28.383675574892152,480,8.0,12:18:30,12:26:30,True,6,,10
2161916,medium,320.0,42.0,40-ft,STC,MF,14866214,14866085,335,335,55714,55836,Surrey Central Station @ Bay 6,Surrey Central Station @ Bay 3,55714,Surrey Central Station,44310,44910,in_service_layover,66.76273884693774,73.13831840443186,35.9582687042668,600,10.0,12:18:30,12:28:30,True,1,,10
2161578,medium,320.0,15.0,40-ft,STC,MF,14865399,14865460,324,324,56395,54993,Surrey Central Station @ Bay 1 Unloading Only,Surrey Central Station @ Bay 8,56395,Surrey Central Station,44370,44670,in_service_layover,67.51539669968967,70.86806455481998,18.909046702934916,300,5.0,12:19:30,12:24:30,True,2,,10
2161727,medium,503.0,13.0,40-ft,STC,MF,14875364,14875244,503,503,56395,55441,Surrey Central Station @ Bay 1 Unloading Only,Surrey Central Station @ Bay 10,56395,Surrey Central Station,44490,44910,in_service_layover,69.07570612514881,73.49353783521443,24.91657084477015,420,7.0,12:21:30,12:28:30,True,9,,10
2165313,medium,320.0,29.0,40-ft,STC,MF,14863403,14863335,320,320,61035,55713,Surrey Central Station @ Bay 12,Surrey Central Station @ Bay 5,61035,Surrey Central Station,44610,45510,in_service_layover,63.771455286897904,73.30448116133084,53.76626593180174,900,15.0,12:23:30,12:38:30,True,3,,10
2161538,medium,319.0,4.0,40-ft,STC,MF,14866018,14865908,329,326,56395,54993,Surrey Central Station @ Bay 1 Unloading Only,Surrey Central Station @ Bay 8,56395,Surrey Central Station,44850,45450,in_service_layover,62.09854499608313,69.0993102333292,39.48431593806788,600,10.0,12:27:30,12:37:30,True,5,,10
2161720,medium,321.0,2.0,40-ft,STC,MF,14863814,14863927,321,321,61035,61035,Surrey Central Station @ Bay 12,Surrey Central Station @ Bay 12,61035,Surrey Central Station,44970,45750,in_service_layover,54.61487469357412,64.51320850641376,55.82660270441556,780,13.0,12:29:30,12:42:30,True,7,,10
2163821,medium,320.0,14.0,40-ft,STC,MF,14862611,14862650,316,316,56395,55738,Surrey Central Station @ Bay 1 Unloading Only,Surrey Central Station @ Bay 7,56395,Surrey Central Station,45150,45570,in_service_layover,67.40545622192454,71.98880134672893,25.850066503896755,420,7.0,12:32:30,12:39:30,True,10,,10
2161737,medium,320.0,37.0,40-ft,STC,MF,14866176,14866090,335,335,55714,55836,Surrey Central Station @ Bay 6,Surrey Central Station @ Bay 3,55714,Surrey Central Station,45210,45810,in_service_layover,68.74054506038783,74.83484667413549,34.37186110153681,600,10.0,12:33:30,12:43:30,True,2,,10
2161990,medium,502.0,4.0,40-ft,STC,MF,14874857,14874777,502,502,56395,55070,Surrey Central Station @ Bay 1 Unloading Only,Surrey Central Station @ Bay 9,56395,Surrey Central Station,45270,45690,in_service_layover,65.34304685156907,70.12128815955325,26.949280977030696,420,7.0,12:34:30,12:41:30,True,6,,10
2161861,medium,320.0,27.0,40-ft,STC,MF,14865668,14865729,325,325,56395,55738,Surrey Central Station @ Bay 1 Unloading Only,Surrey Central Station @ Bay 7,56395,Surrey Central Station,45450,46110,in_service_layover,69.61703502661057,76.08276092228984,36.46669405163112,660,11.0,12:37:30,12:48:30,True,4,,10
2161838,medium,320.0,40.0,40-ft,STC,MF,14865400,14865461,324,324,56395,54993,Surrey Central Station @ Bay 1 Unloading Only,Surrey Central Station @ Bay 8,56395,Surrey Central Station,45570,45870,in_service_layover,69.3539894983621,72.57791468334918,18.182938043327113,300,5.0,12:39:30,12:44:30,True,1,,10
2161537,medium,321.0,26.0,40-ft,STC,MF,14863815,14863928,321,321,61035,61035,Surrey Central Station @ Bay 12,Surrey Central Station @ Bay 12,61035,Surrey Central Station,45570,46350,in_service_layover,64.67352292011532,72.9991715071432,46.956658030837275,780,13.0,12:39:30,12:52:30,True,9,,10
2161539,medium,319.0,2.0,40-ft,STC,MF,14866668,14863334,337,320,61035,55713,Surrey Central Station @ Bay 12,Surrey Central Station @ Bay 5,61035,Surrey Central Station,46110,46350,in_service_layover,58.88015668704839,62.009500183345686,17.649497319116733,240,4.0,12:48:30,12:52:30,True,8,,10
2161632,medium,502.0,10.0,40-ft,STC,MF,14874872,14874756,502,502,56395,55070,Surrey Central Station @ Bay 1 Unloading Only,Surrey Central Station @ Bay 9,56395,Surrey Central Station,46170,46590,in_service_layover,63.93206041209151,68.8376045198883,27.667268767973894,420,7.0,12:49:30,12:56:30,True,5,,10
2161602,medium,321.0,4.0,40-ft,STC,MF,14863816,14863929,321,321,61035,61035,Surrey Central Station @ Bay 12,Surrey Central Station @ Bay 12,61035,Surrey Central Station,46170,46890,in_service_layover,57.47997307921109,66.39451562335844,50.27801994899107,720,12.0,12:49:30,13:01:30,True,3,,10
2161721,medium,503.0,6.0,40-ft,STC,MF,14875365,14875245,503,503,56395,55441,Surrey Central Station @ Bay 1 Unloading Only,Surrey Central Station @ Bay 10,56395,Surrey Central Station,46350,46710,in_service_layover,59.61999210330728,64.18211205418716,25.730356522962495,360,6.0,12:52:30,12:58:30,True,10,,10
2161625,medium,320.0,12.0,40-ft,STC,MF,14863401,14863303,320,320,61035,55713,Surrey Central Station @ Bay 12,Surrey Central Station @ Bay 5,61035,Surrey Central Station,46470,47250,in_service_layover,65.30782232192179,73.51945848481253,46.31362795870376,780,13.0,12:54:30,13:07:30,True,6,,10
2161548,medium,320.0,3.0,40-ft,STC,MF,14862471,14866029,314,329,56395,61787,Surrey Central Station @ Bay 1 Unloading Only,Surrey Central Station @ Bay 14,56395,Surrey Central Station,46530,47130,in_service_layover,65.47075882183758,72.02487938918416,36.96523999983481,600,10.0,12:55:30,13:05:30,True,7,,10
2161544,medium,320.0,13.0,40-ft,STC,MF,14865401,14865462,324,324,56395,54993,Surrey Central Station @ Bay 1 Unloading Only,Surrey Central Station @ Bay 8,56395,Surrey Central Station,46770,47070,in_service_layover,66.6601806770745,70.0698962572572,19.230795872230487,300,5.0,12:59:30,13:04:30,True,2,,10
2161505,medium,321.0,8.0,40-ft,STC,MF,14863817,14863930,321,321,61035,61035,Surrey Central Station @ Bay 12,Surrey Central Station @ Bay 12,61035,Surrey Central Station,46770,47490,in_service_layover,58.3378087715502,67.13538932739542,49.618354334966966,720,12.0,12:59:30,13:11:30,True,1,,10
2161506,medium,320.0,9.0,40-ft,STC,MF,14862617,14862648,316,316,56395,55738,Surrey Central Station @ Bay 1 Unloading Only,Surrey Central Station @ Bay 7,56395,Surrey Central Station,46950,47370,in_service_layover,66.78437436159912,71.42751369711044,26.187305852283885,420,7.0,13:02:30,13:09:30,True,4,,10
2161858,medium,502.0,20.0,40-ft,STC,MF,14874858,14874775,502,502,56395,55070,Surrey Central Station @ Bay 1 Unloading Only,Surrey Central Station @ Bay 9,56395,Surrey Central Station,47130,47490,in_service_layover,64.41216359334103,68.62795848938813,23.77708321370568,360,6.0,13:05:30,13:11:30,True,8,,10
2161653,medium,320.0,41.0,40-ft,STC,MF,14865950,14863302,326,320,56395,55713,Surrey Central Station @ Bay 1 Unloading Only,Surrey Central Station @ Bay 5,56395,Surrey Central Station,47310,48150,in_service_layover,68.6316226777168,76.69015025408045,45.45009553069093,840,14.0,13:08:30,13:22:30,True,9,,10
2161639,medium,320.0,24.0,40-ft,STC,MF,14863410,14866622,320,337,61035,61677,Surrey Central Station @ Bay 12,Surrey Central Station @ Bay 5A,61035,Surrey Central Station,47370,47610,in_service_layover,59.859393823516896,62.94498944165839,17.402759286318087,240,4.0,13:09:30,13:13:30,True,5,,10
2161660,medium,502.0,9.0,40-ft,STC,MF,14874441,14874498,501,501,61035,55210,Surrey Central Station @ Bay 12,Surrey Central Station @ Bay 2,61035,Surrey Central Station,47430,47730,in_service_layover,65.88000241312767,69.34018915879754,19.5154532455781,300,5.0,13:10:30,13:15:30,True,10,,10
2161719,medium,321.0,7.0,40-ft,STC,MF,14863818,14863931,321,321,61035,61035,Surrey Central Station @ Bay 12,Surrey Central Station @ Bay 12,61035,Surrey Central Station,47430,48090,in_service_layover,58.68519111173228,66.78509645891589,45.68346615811561,660,11.0,13:10:30,13:21:30,True,3,,10
2164234,medium,320.0,10.0,40-ft,STC,MF,14866215,14866097,335,335,55714,55836,Surrey Central Station @ Bay 6,Surrey Central Station @ Bay 3,55714,Surrey Central Station,47910,48510,in_service_layover,68.22128393924356,74.39036538554706,34.79361935715178,600,10.0,13:18:30,13:28:30,True,2,,10
2161546,medium,320.0,2.0,40-ft,STC,MF,14866669,14862507,337,314,61035,61787,Surrey Central Station @ Bay 12,Surrey Central Station @ Bay 14,61035,Surrey Central Station,47910,48870,in_service_layover,58.52574707606251,69.71404147779153,63.10198042575166,960,16.0,13:18:30,13:34:30,True,7,,10
2161575,medium,320.0,5.0,40-ft,STC,MF,14865402,14865463,324,324,56395,54993,Surrey Central Station @ Bay 1 Unloading Only,Surrey Central Station @ Bay 8,56395,Surrey Central Station,48030,48270,in_service_layover,65.76231948375835,68.56749408427227,15.821184746898552,240,4.0,13:20:30,13:24:30,True,6,,10
2162112,medium,502.0,19.0,40-ft,STC,MF,14874909,14874755,502,502,56395,55070,Surrey Central Station @ Bay 1 Unloading Only,Surrey Central Station @ Bay 9,56395,Surrey Central Station,48030,48390,in_service_layover,64.95443156409063,69.12925283337368,23.54599195875653,360,6.0,13:20:30,13:26:30,True,4,,10
2161718,medium,321.0,5.0,40-ft,STC,MF,14863819,14863932,321,321,61035,61035,Surrey Central Station @ Bay 12,Surrey Central Station @ Bay 12,61035,Surrey Central Station,48090,48630,in_service_layover,55.77935152924513,62.76172081295718,39.38056276013589,540,9.0,13:21:30,13:30:30,True,1,,10
2162193,medium,503.0,5.0,40-ft,STC,MF,14875366,14875269,503,503,56395,55441,Surrey Central Station @ Bay 1 Unloading Only,Surrey Central Station @ Bay 10,56395,Surrey Central Station,48150,48510,in_service_layover,62.01035292551457,66.39968959746389,24.755858829794192,360,6.0,13:22:30,13:28:30,True,8,,10
2161540,medium,320.0,21.0,40-ft,STC,MF,14863400,14863301,320,320,61035,55713,Surrey Central Station @ Bay 12,Surrey Central Station @ Bay 5,61035,Surrey Central Station,48270,49050,in_service_layover,66.22378421018324,74.26903266681639,45.37520129541099,780,13.0,13:24:30,13:37:30,True,5,,10
2161657,medium,320.0,20.0,40-ft,STC,MF,14866019,14865914,329,326,56395,54993,Surrey Central Station @ Bay 1 Unloading Only,Surrey Central Station @ Bay 8,56395,Surrey Central Station,48750,49050,in_service_layover,69.51995225230121,72.7318468953839,18.1150857869863,300,5.0,13:32:30,13:37:30,True,10,,10
2161717,medium,321.0,9.0,40-ft,STC,MF,14863820,14863933,321,321,61035,61035,Surrey Central Station @ Bay 12,Surrey Central Station @ Bay 12,61035,Surrey Central Station,48750,49230,in_service_layover,55.25987202756675,61.52560007140808,35.33870616726517,480,8.0,13:32:30,13:40:30,True,3,,10
2161853,medium,320.0,18.0,40-ft,STC,MF,14866179,14866098,335,335,55714,55836,Surrey Central Station @ Bay 6,Surrey Central Station @ Bay 3,55714,Surrey Central Station,48810,49410,in_service_layover,68.5872203140376,74.70367116774361,34.496782814901906,600,10.0,13:33:30,13:43:30,True,9,,10
2161917,medium,502.0,1.0,40-ft,STC,MF,14874911,14874754,502,502,56395,55070,Surrey Central Station @ Bay 1 Unloading Only,Surrey Central Station @ Bay 9,56395,Surrey Central Station,48930,49290,in_service_layover,61.583747331931285,66.00333971973757,24.92650106722749,360,6.0,13:35:30,13:41:30,True,6,,10
2161877,medium,503.0,15.0,40-ft,STC,MF,14875343,14875270,503,503,56395,55441,Surrey Central Station @ Bay 1 Unloading Only,Surrey Central Station @ Bay 10,56395,Surrey Central Station,48990,49230,in_service_layover,49.24796316515757,52.32754807458498,17.36885888917061,240,4.0,13:36:30,13:40:30,True,4,,10
2161576,medium,320.0,31.0,40-ft,STC,MF,14863399,14866623,320,337,61035,61677,Surrey Central Station @ Bay 12,Surrey Central Station @ Bay 5A,61035,Surrey Central Station,49170,49410,in_service_layover,62.551674860333485,65.50904247923025,16.679553370577707,240,4.0,13:39:30,13:43:30,True,2,,10
2161578,medium,320.0,15.0,40-ft,STC,MF,14865403,14865464,324,324,56395,54993,Surrey Central Station @ Bay 1 Unloading Only,Surrey Central Station @ Bay 8,56395,Surrey Central Station,49230,49470,in_service_layover,65.09481856348184,67.93194298128412,16.001381716404865,240,4.0,13:40:30,13:44:30,True,8,,10
2161905,medium,502.0,11.0,40-ft,STC,MF,14874447,14874551,501,501,61035,55210,Surrey Central Station @ Bay 12,Surrey Central Station @ Bay 2,61035,Surrey Central Station,49230,49650,in_service_layover,68.60790929830802,73.07279019158872,25.181928238103126,420,7.0,13:40:30,13:47:30,True,1,,10
2161712,medium,321.0,13.0,40-ft,STC,MF,14863821,14863934,321,321,61035,61035,Surrey Central Station @ Bay 12,Surrey Central Station @ Bay 12,61035,Surrey Central Station,49350,49830,in_service_layover,56.12691449768362,62.35879773627272,35.14782146564255,480,8.0,13:42:30,13:50:30,True,7,,10
2165312,medium,320.0,35.0,40-ft,STC,MF,14866670,14863300,337,320,61035,55713,Surrey Central Station @ Bay 12,Surrey Central Station @ Bay 5,61035,Surrey Central Station,49710,49950,in_service_layover,59.57579109964103,62.67568575510656,17.483405856825584,240,4.0,13:48:30,13:52:30,True,5,,10
2161728,medium,502.0,3.0,40-ft,STC,MF,14874908,14874776,502,502,56395,55070,Surrey Central Station @ Bay 1 Unloading Only,Surrey Central Station @ Bay 9,56395,Surrey Central Station,49830,50190,in_service_layover,62.58781736092005,66.93619910837253,24.524873055631986,360,6.0,13:50:30,13:56:30,True,10,,10
2161716,medium,321.0,12.0,40-ft,STC,MF,14863822,14874522,321,501,61035,55210,Surrey Central Station @ Bay 12,Surrey Central Station @ Bay 2,61035,Surrey Central Station,49950,50550,in_service_layover,57.44377683602667,65.01133360280802,42.68102016464678,600,10.0,13:52:30,14:02:30,True,3,,10
2161654,medium,320.0,23.0,40-ft,STC,MF,14863398,14863299,320,320,61035,55713,Surrey Central Station @ Bay 12,Surrey Central Station @ Bay 5,61035,Surrey Central Station,50070,50850,in_service_layover,59.257594535478255,68.53210213423984,52.30822285701532,780,13.0,13:54:30,14:07:30,True,4,,10
2161543,medium,319.0,7.0,40-ft,STC,MF,14862479,14866030,314,329,56395,61787,Surrey Central Station @ Bay 1 Unloading Only,Surrey Central Station @ Bay 14,56395,Surrey Central Station,50250,50850,in_service_layover,64.09219960840325,70.83229249553168,38.014123883404295,600,10.0,13:57:30,14:07:30,True,6,,10
2161838,medium,320.0,40.0,40-ft,STC,MF,14865404,14865465,324,324,56395,54993,Surrey Central Station @ Bay 1 Unloading Only,Surrey Central Station @ Bay 8,56395,Surrey Central Station,50430,50670,in_service_layover,66.80466869201103,69.55777844327366,15.527538997121212,240,4.0,14:00:30,14:04:30,True,2,,10
2161711,medium,321.0,17.0,40-ft,STC,MF,14863823,14863936,321,321,61035,61035,Surrey Central Station @ Bay 12,Surrey Central Station @ Bay 12,61035,Surrey Central Station,50430,50970,in_service_layover,57.374480251995465,64.24933829376097,38.77419935555747,540,9.0,14:00:30,14:09:30,True,9,,10
2161577,medium,320.0,28.0,40-ft,STC,MF,14874849,14866087,502,335,56395,55836,Surrey Central Station @ Bay 1 Unloading Only,Surrey Central Station @ Bay 3,56395,Surrey Central Station,50610,50850,in_service_layover,66.1712914226324,68.9563570355338,15.707770056763934,240,4.0,14:03:30,14:07:30,True,8,,10
2163821,medium,320.0,14.0,40-ft,STC,MF,14862598,14862643,316,316,56395,55738,Surrey Central Station @ Bay 1 Unloading Only,Surrey Central Station @ Bay 7,56395,Surrey Central Station,50610,50970,in_service_layover,68.60219314891292,72.48257130773148,21.885332815736717,360,6.0,14:03:30,14:09:30,True,1,,10
2161622,medium,320.0,32.0,40-ft,STC,MF,14866180,14866147,335,335,55714,55836,Surrey Central Station @ Bay 6,Surrey Central Station @ Bay 3,55714,Surrey Central Station,50670,51570,in_service_layover,69.76028495436654,78.01369485394758,46.549231833637066,900,15.0,14:04:30,14:19:30,True,7,,10
2161991,medium,503.0,18.0,40-ft,STC,MF,14875344,14874789,503,502,56395,55070,Surrey Central Station @ Bay 1 Unloading Only,Surrey Central Station @ Bay 9,56395,Surrey Central Station,50730,51090,in_service_layover,57.4024466574103,62.09326436570605,26.45621187478804,360,6.0,14:05:30,14:11:30,True,5,,10
2161539,medium,319.0,2.0,40-ft,STC,MF,14863397,14866624,320,337,61035,61677,Surrey Central Station @ Bay 12,Surrey Central Station @ Bay 5A,61035,Surrey Central Station,50970,51150,in_service_layover,57.256708583623016,59.63767786994008,13.42866677482823,180,3.0,14:09:30,14:12:30,True,10,,10
2161648,medium,502.0,14.0,40-ft,STC,MF,14874448,14874552,501,501,61035,55210,Surrey Central Station @ Bay 12,Surrey Central Station @ Bay 2,61035,Surrey Central Station,51030,51450,in_service_layover,64.61019568731771,69.45516858504762,27.325647143196647,420,7.0,14:10:30,14:17:30,True,3,,10
2161715,medium,321.0,19.0,40-ft,STC,MF,14863824,14863937,321,321,61035,61035,Surrey Central Station @ Bay 12,Surrey Central Station @ Bay 12,61035,Surrey Central Station,51030,51570,in_service_layover,57.81721500058713,64.65478334693438,38.5638854733985,540,9.0,14:10:30,14:19:30,True,2,,10
2161538,medium,319.0,4.0,40-ft,STC,MF,14865959,14862500,326,314,56395,61787,Surrey Central Station @ Bay 1 Unloading Only,Surrey Central Station @ Bay 14,56395,Surrey Central Station,51030,52290,in_service_layover,62.15806479465186,74.879044195888,71.74632382297182,1260,21.0,14:10:30,14:31:30,True,4,,10
2161631,medium,502.0,15.0,40-ft,STC,MF,14874844,14874784,502,502,56395,55070,Surrey Central Station @ Bay 1 Unloading Only,Surrey Central Station @ Bay 9,56395,Surrey Central Station,51510,51990,in_service_layover,64.18926851386885,69.7045180286295,31.106007263249978,480,8.0,14:18:30,14:26:30,True,6,,10
2161637,medium,320.0,1.0,40-ft,STC,MF,14866671,14866625,337,337,61035,61677,Surrey Central Station @ Bay 12,Surrey Central Station @ Bay 5A,61035,Surrey Central Station,51510,52590,in_service_layover,63.65950458219285,74.6580052081126,62.03154353018738,1080,18.0,14:18:30,14:36:30,True,8,,10
2161661,medium,320.0,30.0,40-ft,STC,MF,14866216,14866121,335,335,55714,55836,Surrey Central Station @ Bay 6,Surrey Central Station @ Bay 3,55714,Surrey Central Station,51570,52290,in_service_layover,68.76431888817359,75.86096339503312,40.02507501868769,720,12.0,14:19:30,14:31:30,True,1,,10
2161708,medium,321.0,6.0,40-ft,STC,MF,14863825,14863938,321,321,61035,61035,Surrey Central Station @ Bay 12,Surrey Central Station @ Bay 12,61035,Surrey Central Station,51630,52170,in_service_layover,54.75981133782379,61.78888111886073,39.64395356504832,540,9.0,14:20:30,14:29:30,True,9,,10
2162188,medium,503.0,12.0,40-ft,STC,MF,14875368,14875274,503,503,56395,55441,Surrey Central Station @ Bay 1 Unloading Only,Surrey Central Station @ Bay 10,56395,Surrey Central Station,51690,51930,in_service_layover,65.35310380855496,68.17798713335259,15.932341951858632,240,4.0,14:21:30,14:25:30,True,5,,10
2161638,medium,320.0,8.0,40-ft,STC,MF,14863396,14874537,320,501,61035,55210,Surrey Central Station @ Bay 12,Surrey Central Station @ Bay 2,61035,Surrey Central Station,51930,53070,in_service_layover,63.65644050611067,75.10109152057606,64.54783172158477,1140,19.0,14:25:30,14:44:30,True,10,,10
2161714,medium,321.0,28.0,40-ft,STC,MF,14863826,14863890,321,321,61035,61035,Surrey Central Station @ Bay 12,Surrey Central Station @ Bay 12,61035,Surrey Central Station,52170,52770,in_service_layover,55.31799627831001,63.0512215143512,43.615390331272295,600,10.0,14:29:30,14:39:30,True,3,,10
2162408,medium,502.0,8.0,40-ft,STC,MF,14874842,14863333,502,320,56395,55713,Surrey Central Station @ Bay 1 Unloading Only,Surrey Central Station @ Bay 5,56395,Surrey Central Station,52470,53490,in_service_layover,67.30306540968971,76.96384525490389,54.48679832700799,1020,17.0,14:34:30,14:51:30,True,2,,10
2161506,medium,320.0,9.0,40-ft,STC,MF,14862597,14862644,316,316,56395,55738,Surrey Central Station @ Bay 1 Unloading Only,Surrey Central Station @ Bay 7,56395,Surrey Central Station,52530,52770,in_service_layover,68.0802793352803,70.7660322947632,15.147646691483601,240,4.0,14:35:30,14:39:30,True,7,,10
2161916,medium,320.0,42.0,40-ft,STC,MF,14866181,14866057,335,335,55714,55836,Surrey Central Station @ Bay 6,Surrey Central Station @ Bay 3,55714,Surrey Central Station,52650,53010,in_service_layover,69.74404383106543,73.52551945226982,21.327522503592718,360,6.0,14:37:30,14:43:30,True,5,,10
2161710,medium,321.0,1.0,40-ft,STC,MF,14863827,14863869,321,321,61035,61035,Surrey Central Station @ Bay 12,Surrey Central Station @ Bay 12,61035,Surrey Central Station,52770,53370,in_service_layover,49.968933102113034,57.788812292510386,44.10411863384104,600,10.0,14:39:30,14:49:30,True,6,,10
2162017,medium,502.0,6.0,40-ft,STC,MF,14874476,14874523,501,501,61035,55210,Surrey Central Station @ Bay 12,Surrey Central Station @ Bay 2,61035,Surrey Central Station,53250,53790,in_service_layover,40.75687310090358,47.609712359226904,38.650013416943494,540,9.0,14:47:30,14:56:30,True,9,,10
2161990,medium,502.0,4.0,40-ft,STC,MF,14874905,14874780,502,502,56395,55070,Surrey Central Station @ Bay 1 Unloading Only,Surrey Central Station @ Bay 9,56395,Surrey Central Station,53370,53670,in_service_layover,64.07619810585763,67.64733736188467,20.14122540399245,300,5.0,14:49:30,14:54:30,True,1,,10
2161594,medium,321.0,30.0,40-ft,STC,MF,14863828,14863900,321,321,61035,61035,Surrey Central Station @ Bay 12,Surrey Central Station @ Bay 12,61035,Surrey Central Station,53370,53970,in_service_layover,56.32996376604622,63.99363574439435,43.22310995788342,600,10.0,14:49:30,14:59:30,True,4,,10
2161639,medium,320.0,24.0,40-ft,STC,MF,14866672,14866627,337,337,61035,61677,Surrey Central Station @ Bay 12,Surrey Central Station @ Bay 5A,61035,Surrey Central Station,53430,54390,in_service_layover,54.78982373135868,66.65192577374187,66.90225551904115,960,16.0,14:50:30,15:06:30,True,8,,10
2161624,medium,320.0,25.0,40-ft,STC,MF,14863386,14863370,320,320,61035,55713,Surrey Central Station @ Bay 12,Surrey Central Station @ Bay 5,61035,Surrey Central Station,53730,54390,in_service_layover,59.10981577847018,67.15079191166514,45.35110539121962,660,11.0,14:55:30,15:06:30,True,3,,10
2161546,medium,320.0,2.0,40-ft,STC,MF,14862473,14866022,314,329,56395,61787,Surrey Central Station @ Bay 1 Unloading Only,Surrey Central Station @ Bay 14,56395,Surrey Central Station,53970,54630,in_service_layover,62.62036814569986,70.15638519375563,42.50313615103454,660,11.0,14:59:30,15:10:30,True,7,,10
2161663,medium,502.0,17.0,40-ft,STC,MF,14874462,14874536,501,501,61035,55210,Surrey Central Station @ Bay 12,Surrey Central Station @ Bay 2,61035,Surrey Central Station,54270,54510,in_service_layover,65.50948302005703,68.3268835205096,15.890138822552444,240,4.0,15:04:30,15:08:30,True,5,,10
2163786,medium,503.0,9.0,40-ft,STC,MF,14875346,14875277,503,503,56395,55441,Surrey Central Station @ Bay 1 Unloading Only,Surrey Central Station @ Bay 10,56395,Surrey Central Station,54330,54810,in_service_layover,54.279239505769596,60.56828382666486,35.47020996984929,480,8.0,15:05:30,15:13:30,True,10,,10
2161539,medium,319.0,2.0,40-ft,STC,MF,14866673,14866628,337,337,61787,61677,Surrey Central Station @ Bay 14,Surrey Central Station @ Bay 5A,61787,Surrey Central Station,54330,55290,in_service_layover,54.78259288513839,66.64573486735327,66.9081207796919,960,16.0,15:05:30,15:21:30,True,6,,10
2161921,medium,320.0,34.0,40-ft,STC,MF,14866182,14866117,335,335,55714,55836,Surrey Central Station @ Bay 6,Surrey Central Station @ Bay 3,55714,Surrey Central Station,54510,55050,in_service_layover,67.02901622389741,72.81216109803519,32.61693709013713,540,9.0,15:08:30,15:17:30,True,2,,10
2165312,medium,320.0,35.0,40-ft,STC,MF,14863385,14863360,320,320,61035,55713,Surrey Central Station @ Bay 12,Surrey Central Station @ Bay 5,61035,Surrey Central Station,54570,55290,in_service_layover,57.92289415538389,66.77886943217011,49.947700561074384,720,12.0,15:09:30,15:21:30,True,1,,10
2161632,medium,502.0,10.0,40-ft,STC,MF,14874841,14874763,502,502,56395,55070,Surrey Central Station @ Bay 1 Unloading Only,Surrey Central Station @ Bay 9,56395,Surrey Central Station,54870,55110,in_service_layover,62.890312703196905,65.8316690765682,16.589249945814174,240,4.0,15:14:30,15:18:30,True,9,,10
2161657,medium,320.0,20.0,40-ft,STC,MF,14865954,14865912,326,326,56395,54993,Surrey Central Station @ Bay 1 Unloading Only,Surrey Central Station @ Bay 8,56395,Surrey Central Station,55050,55710,in_service_layover,65.79060145670654,72.85659889407256,39.852225546744364,660,11.0,15:17:30,15:28:30,True,4,,10
2161659,medium,502.0,18.0,40-ft,STC,MF,14874471,14874501,501,501,61035,55210,Surrey Central Station @ Bay 12,Surrey Central Station @ Bay 2,61035,Surrey Central Station,55230,55410,in_service_layover,60.27224723305093,62.592380309893095,13.085550553389794,180,3.0,15:20:30,15:23:30,True,3,,10
2161576,medium,320.0,31.0,40-ft,STC,MF,14866674,14865726,337,325,61035,55738,Surrey Central Station @ Bay 12,Surrey Central Station @ Bay 7,61035,Surrey Central Station,55230,56070,in_service_layover,57.353876768930526,67.56933277142372,57.6151718540616,840,14.0,15:20:30,15:34:30,True,8,,10
2161518,medium,320.0,33.0,40-ft,STC,MF,14866218,14866128,335,335,55714,55836,Surrey Central Station @ Bay 6,Surrey Central Station @ Bay 3,55714,Surrey Central Station,55410,55710,in_service_layover,67.66403542712575,71.00660452328475,18.852089702336684,300,5.0,15:23:30,15:28:30,True,5,,10
2165313,medium,320.0,29.0,40-ft,STC,MF,14863384,14863369,320,320,61035,55713,Surrey Central Station @ Bay 12,Surrey Central Station @ Bay 5,61035,Surrey Central Station,55530,56190,in_service_layover,67.5182381899399,74.31767715453275,38.3488357603037,660,11.0,15:25:30,15:36:30,True,7,,10
2161861,medium,320.0,27.0,40-ft,STC,MF,14865658,14865413,325,324,56395,54993,Surrey Central Station @ Bay 1 Unloading Only,Surrey Central Station @ Bay 8,56395,Surrey Central Station,55710,56190,in_service_layover,69.74839078178134,74.64802974961314,27.6339637785714,480,8.0,15:28:30,15:36:30,True,10,,10
2161637,medium,320.0,1.0,40-ft,STC,MF,14866675,14866561,337,337,61035,61677,Surrey Central Station @ Bay 12,Surrey Central Station @ Bay 5A,61035,Surrey Central Station,55830,57030,in_service_layover,69.94353038377798,80.11623913576992,57.37407736123447,1200,20.0,15:30:30,15:50:30,True,2,,10
2161644,medium,320.0,4.0,40-ft,STC,MF,14874481,14874535,501,501,61035,55210,Surrey Central Station @ Bay 12,Surrey Central Station @ Bay 2,61035,Surrey Central Station,55950,56310,in_service_layover,61.365533845094944,65.80060236671942,25.013786461962013,360,6.0,15:32:30,15:38:30,True,9,,10
2161838,medium,320.0,40.0,40-ft,STC,MF,14865409,14865713,324,325,56395,55738,Surrey Central Station @ Bay 1 Unloading Only,Surrey Central Station @ Bay 7,56395,Surrey Central Station,56130,57150,in_service_layover,69.03850215392583,78.2775593030811,52.10828232123578,1020,17.0,15:35:30,15:52:30,True,1,,10
2161727,medium,503.0,13.0,40-ft,STC,MF,14875347,14875314,503,503,56395,55441,Surrey Central Station @ Bay 1 Unloading Only,Surrey Central Station @ Bay 10,56395,Surrey Central Station,56190,56610,in_service_layover,56.291393894356865,61.77289496953682,30.915666064014943,420,7.0,15:36:30,15:43:30,True,6,,10
2161543,medium,319.0,7.0,40-ft,STC,MF,14866015,14866069,329,335,56395,55836,Surrey Central Station @ Bay 1 Unloading Only,Surrey Central Station @ Bay 3,56395,Surrey Central Station,56310,56610,in_service_layover,69.12904375871662,72.36916727918765,18.27429665545668,300,5.0,15:38:30,15:43:30,True,3,,10
2161653,medium,320.0,41.0,40-ft,STC,MF,14866676,14866562,337,337,61035,61677,Surrey Central Station @ Bay 12,Surrey Central Station @ Bay 5A,61035,Surrey Central Station,56730,57810,in_service_layover,67.22288383002316,77.3157742369956,56.92390189532455,1080,18.0,15:45:30,16:03:30,True,4,,10
2162112,medium,502.0,19.0,40-ft,STC,MF,14874899,14874761,502,502,56395,55070,Surrey Central Station @ Bay 1 Unloading Only,Surrey Central Station @ Bay 9,56395,Surrey Central Station,56850,57270,in_service_layover,63.16009779715566,68.13321572168928,28.048385094369678,420,7.0,15:47:30,15:54:30,True,5,,10
2161853,medium,320.0,18.0,40-ft,STC,MF,14866252,14865470,335,324,55714,54993,Surrey Central Station @ Bay 6,Surrey Central Station @ Bay 8,55714,Surrey Central Station,57270,57870,in_service_layover,68.3893659337479,74.53431421568817,34.6575083101431,600,10.0,15:54:30,16:04:30,True,8,,10
2161625,medium,320.0,12.0,40-ft,STC,MF,14863450,14863368,320,320,61035,55713,Surrey Central Station @ Bay 12,Surrey Central Station @ Bay 5,61035,Surrey Central Station,57330,57990,in_service_layover,67.19563263239317,74.04540500869413,38.63271620233746,660,11.0,15:55:30,16:06:30,True,7,,10
2161660,medium,502.0,9.0,40-ft,STC,MF,14874466,14874533,501,501,61035,55210,Surrey Central Station @ Bay 12,Surrey Central Station @ Bay 2,61035,Surrey Central Station,57510,58110,in_service_layover,62.2081037891142,69.19479764717893,39.40495335948509,600,10.0,15:58:30,16:08:30,True,10,,10
2161639,medium,320.0,24.0,40-ft,STC,MF,14866677,14866105,337,335,61035,55836,Surrey Central Station @ Bay 12,Surrey Central Station @ Bay 3,61035,Surrey Central Station,57630,57870,in_service_layover,61.93745094940725,64.92385988796956,16.843346413491417,240,4.0,16:00:30,16:04:30,True,9,,10
2161538,medium,319.0,4.0,40-ft,STC,MF,14862478,14862516,314,314,61035,61787,Surrey Central Station @ Bay 12,Surrey Central Station @ Bay 14,61035,Surrey Central Station,57690,58290,in_service_layover,67.84286042212551,74.06602194111514,35.0986309671016,600,10.0,16:01:30,16:11:30,True,3,,10
2161917,medium,502.0,1.0,40-ft,STC,MF,14874903,14874788,502,502,56395,55070,Surrey Central Station @ Bay 1 Unloading Only,Surrey Central Station @ Bay 9,56395,Surrey Central Station,57750,57990,in_service_layover,59.557230257411106,62.658014482726855,17.48842303078078,240,4.0,16:02:30,16:06:30,True,6,,10
2161544,medium,320.0,13.0,40-ft,STC,MF,14865389,14866629,324,337,56395,61677,Surrey Central Station @ Bay 1 Unloading Only,Surrey Central Station @ Bay 5A,56395,Surrey Central Station,58110,58710,in_service_layover,69.87683880626113,75.8051830079594,33.43586129757824,600,10.0,16:08:30,16:18:30,True,2,,10
2161728,medium,502.0,3.0,40-ft,STC,MF,14875348,14875281,503,503,56395,55441,Surrey Central Station @ Bay 1 Unloading Only,Surrey Central Station @ Bay 10,56395,Surrey Central Station,58170,58410,in_service_layover,62.70977328402125,65.65966580014317,16.63739379092766,240,4.0,16:09:30,16:13:30,True,1,,10
2161920,medium,320.0,22.0,40-ft,STC,MF,14866254,14866054,335,335,55714,55836,Surrey Central Station @ Bay 6,Surrey Central Station @ Bay 3,55714,Surrey Central Station,58470,59070,in_service_layover,67.68971744411563,73.93466390837973,35.22149805844958,600,10.0,16:14:30,16:24:30,True,5,,10
2161539,medium,319.0,2.0,40-ft,STC,MF,14866678,14865416,337,324,61035,54993,Surrey Central Station @ Bay 12,Surrey Central Station @ Bay 8,61035,Surrey Central Station,58530,58710,in_service_layover,61.93126004301867,64.1925628783726,12.753747991396267,180,3.0,16:15:30,16:18:30,True,4,,10
2161548,medium,320.0,3.0,40-ft,STC,MF,14865937,14865918,326,326,56395,54993,Surrey Central Station @ Bay 1 Unloading Only,Surrey Central Station @ Bay 8,56395,Surrey Central Station,58650,59310,in_service_layover,63.82535669058428,71.18563834174986,41.51198851257391,660,11.0,16:17:30,16:28:30,True,8,,10
2161575,medium,320.0,5.0,40-ft,STC,MF,14865368,14866563,324,337,56395,61677,Surrey Central Station @ Bay 1 Unloading Only,Surrey Central Station @ Bay 5A,56395,Surrey Central Station,59010,59610,in_service_layover,64.09284893297966,70.83285528090983,38.01363580232612,600,10.0,16:23:30,16:33:30,True,9,,10
2161721,medium,503.0,6.0,40-ft,STC,MF,14875430,14875283,503,503,56395,55441,Surrey Central Station @ Bay 1 Unloading Only,Surrey Central Station @ Bay 10,56395,Surrey Central Station,59310,59610,in_service_layover,46.97996811332959,50.81126231107353,21.60849927527579,300,5.0,16:28:30,16:33:30,True,6,,10
2161577,medium,320.0,28.0,40-ft,STC,MF,14866208,14870685,335,393,55714,55612,Surrey Central Station @ Bay 6,Surrey Central Station @ Bay 4,55714,Surrey Central Station,59550,59730,in_service_layover,67.66851743599315,69.72439008004592,11.595121712457626,180,3.0,16:32:30,16:35:30,True,7,,10
2161504,medium,312.0,1.0,40-ft,STC,MF,14866016,14875757,329,509,61035,55210,Surrey Central Station @ Bay 12,Surrey Central Station @ Bay 2,61035,Surrey Central Station,59610,59970,in_service_layover,67.61210529217742,71.57564249691761,22.354349834734705,360,6.0,16:33:30,16:39:30,True,10,,10
2161905,medium,502.0,11.0,40-ft,STC,MF,14874889,14874779,502,502,56395,55070,Surrey Central Station @ Bay 1 Unloading Only,Surrey Central Station @ Bay 9,56395,Surrey Central Station,59670,60150,in_service_layover,69.36525009057608,74.30975951546034,27.887033156347286,480,8.0,16:34:30,16:42:30,True,3,,10
2161546,medium,320.0,2.0,40-ft,STC,MF,14862594,14862641,316,316,56395,55738,Surrey Central Station @ Bay 1 Unloading Only,Surrey Central Station @ Bay 7,56395,Surrey Central Station,59730,59970,in_service_layover,63.57861800680264,66.48743039418787,16.40570186485263,240,4.0,16:35:30,16:39:30,True,1,,10
2161654,medium,320.0,23.0,40-ft,STC,MF,14875375,14875284,503,503,56395,55441,Surrey Central Station @ Bay 1 Unloading Only,Surrey Central Station @ Bay 10,56395,Surrey Central Station,59850,60210,in_service_layover,62.646126061392046,66.99037244001673,24.501549575443164,360,6.0,16:37:30,16:43:30,True,2,,10
2161622,medium,320.0,32.0,40-ft,STC,MF,14866234,14899941,335,335,55714,55836,Surrey Central Station @ Bay 6,Surrey Central Station @ Bay 3,55714,Surrey Central Station,60090,60270,in_service_layover,67.73443751509772,69.78776126559579,11.580745952809139,180,3.0,16:41:30,16:44:30,True,4,,10
2161573,medium,502.0,7.0,40-ft,STC,MF,14874461,14874510,501,501,61035,55210,Surrey Central Station @ Bay 12,Surrey Central Station @ Bay 2,61035,Surrey Central Station,60270,60810,in_service_layover,59.28206006747325,65.9731642114971,37.73782737229453,540,9.0,16:44:30,16:53:30,True,5,,10
2162193,medium,503.0,5.0,40-ft,STC,MF,14875376,14875285,503,503,56395,55441,Surrey Central Station @ Bay 1 Unloading Only,Surrey Central Station @ Bay 10,56395,Surrey Central Station,60450,60810,in_service_layover,49.19754565660632,53.836036697631705,26.16108947138315,360,6.0,16:47:30,16:53:30,True,8,,10
2161991,medium,503.0,18.0,40-ft,STC,MF,14874861,14874767,502,502,56395,55070,Surrey Central Station @ Bay 1 Unloading Only,Surrey Central Station @ Bay 9,56395,Surrey Central Station,60570,60870,in_service_layover,62.71747689050729,66.3689262468603,20.59417436983091,300,5.0,16:49:30,16:54:30,True,6,,10
2161661,medium,320.0,30.0,40-ft,STC,MF,14866236,14899942,335,335,55714,55836,Surrey Central Station @ Bay 6,Surrey Central Station @ Bay 3,55714,Surrey Central Station,60630,61410,in_service_layover,65.58170605618325,73.74380603069301,46.03424385623498,780,13.0,16:50:30,17:03:30,True,9,,10
2161551,medium,320.0,39.0,40-ft,STC,MF,14865364,14865930,324,326,56395,54993,Surrey Central Station @ Bay 1 Unloading Only,Surrey Central Station @ Bay 8,56395,Surrey Central Station,60810,61110,in_service_layover,61.47096776700069,65.19608787533397,21.009677410999757,300,5.0,16:53:30,16:58:30,True,7,,10
2161631,medium,502.0,15.0,40-ft,STC,MF,14874914,14874785,502,502,56395,55070,Surrey Central Station @ Bay 1 Unloading Only,Surrey Central Station @ Bay 9,56395,Surrey Central Station,60930,61590,in_service_layover,67.24104198099757,74.08374483210277,38.592844080233306,660,11.0,16:55:30,17:06:30,True,1,,10
2164208,medium,320.0,36.0,40-ft,STC,MF,14863411,14865697,320,325,61035,55738,Surrey Central Station @ Bay 12,Surrey Central Station @ Bay 7,61035,Surrey Central Station,61230,61650,in_service_layover,63.200638049217716,68.17024372987952,28.0285760389325,420,7.0,17:00:30,17:07:30,True,10,,10
2162399,medium,502.0,5.0,40-ft,STC,MF,14875378,14875287,503,503,56395,55441,Surrey Central Station @ Bay 1 Unloading Only,Surrey Central Station @ Bay 10,56395,Surrey Central Station,61650,62010,in_service_layover,42.89847885163498,47.46795842666116,25.77186480314768,360,6.0,17:07:30,17:13:30,True,3,,10
2161645,medium,320.0,11.0,40-ft,STC,MF,14863377,14863316,320,320,61035,55713,Surrey Central Station @ Bay 12,Surrey Central Station @ Bay 5,61035,Surrey Central Station,61950,62310,in_service_layover,62.148260270974895,66.52781628012562,24.700695891610053,360,6.0,17:12:30,17:18:30,True,2,,10
2161657,medium,320.0,20.0,40-ft,STC,MF,14865938,14865449,326,324,56395,54993,Surrey Central Station @ Bay 1 Unloading Only,Surrey Central Station @ Bay 8,56395,Surrey Central Station,61950,62310,in_service_layover,65.91535345539522,70.01578944201563,23.126458964539097,360,6.0,17:12:30,17:18:30,True,4,,10
2161651,medium,502.0,12.0,40-ft,STC,MF,14874853,14874793,502,502,56395,55070,Surrey Central Station @ Bay 1 Unloading Only,Surrey Central Station @ Bay 9,56395,Surrey Central Station,62310,63150,in_service_layover,65.84086633464678,74.45768404501096,48.598851886453986,840,14.0,17:18:30,17:32:30,True,5,,10
2161877,medium,503.0,15.0,40-ft,STC,MF,14875379,14875289,503,503,56395,55441,Surrey Central Station @ Bay 1 Unloading Only,Surrey Central Station @ Bay 10,56395,Surrey Central Station,62850,63150,in_service_layover,51.467807110611275,55.36060319318992,21.955369905743567,300,5.0,17:27:30,17:32:30,True,8,,10
2161507,medium,312.0,2.0,40-ft,STC,MF,14862620,14863315,316,320,56395,55713,Surrey Central Station @ Bay 1 Unloading Only,Surrey Central Station @ Bay 5,56395,Surrey Central Station,63330,63810,in_service_layover,67.29924161383927,72.47947540229508,29.216518566890727,480,8.0,17:35:30,17:43:30,True,6,,10
2161845,medium,320.0,6.0,40-ft,STC,MF,14867407,14870681,341,393,60419,55612,Guildford @ Layover,Surrey Central Station @ Bay 4,55612,Surrey Central Station,63390,63690,interline_end,40.072427546638465,43.86551131448227,21.392992450639042,300,5.0,17:36:30,17:41:30,True,7,,10
2161921,medium,320.0,34.0,40-ft,STC,MF,14866237,14874530,335,501,55714,55210,Surrey Central Station @ Bay 6,Surrey Central Station @ Bay 2,55714,Surrey Central Station,63390,63750,in_service_layover,66.48349671491351,70.53888264612642,22.87237665204077,360,6.0,17:36:30,17:42:30,True,9,,10
2161853,medium,320.0,18.0,40-ft,STC,MF,14865351,14875291,324,503,56395,55441,Surrey Central Station @ Bay 1 Unloading Only,Surrey Central Station @ Bay 10,56395,Surrey Central Station,63630,64110,in_service_layover,68.54983646461625,73.58863743051924,28.41883744769291,480,8.0,17:40:30,17:48:30,True,1,,10
2161861,medium,320.0,27.0,40-ft,STC,MF,14866204,14866073,335,335,55714,55836,Surrey Central Station @ Bay 6,Surrey Central Station @ Bay 3,55714,Surrey Central Station,63810,64530,in_service_layover,66.48837791269077,73.97525338813098,42.22597768148279,720,12.0,17:43:30,17:55:30,True,10,,10
2162188,medium,503.0,12.0,40-ft,STC,MF,14875381,14905304,503,502,56395,55070,Surrey Central Station @ Bay 1 Unloading Only,Surrey Central Station @ Bay 9,56395,Surrey Central Station,64170,64710,in_service_layover,50.97584319249502,58.02812532242068,39.77487121278068,540,9.0,17:49:30,17:58:30,True,3,,10
2161518,medium,320.0,33.0,40-ft,STC,MF,14866168,14865434,335,324,55714,54993,Surrey Central Station @ Bay 6,Surrey Central Station @ Bay 8,55714,Surrey Central Station,64290,64470,in_service_layover,67.76714209305855,69.81919729169555,11.57359132031263,180,3.0,17:51:30,17:54:30,True,2,,10
2161858,medium,502.0,20.0,40-ft,STC,MF,14874843,14866125,502,335,56395,55836,Surrey Central Station @ Bay 1 Unloading Only,Surrey Central Station @ Bay 3,56395,Surrey Central Station,64410,64950,in_service_layover,54.23637695682356,61.28275368720073,39.74156475932722,540,9.0,17:53:30,18:02:30,True,4,,10
2162017,medium,502.0,6.0,40-ft,STC,MF,14874484,14874512,501,501,61035,55210,Surrey Central Station @ Bay 12,Surrey Central Station @ Bay 2,61035,Surrey Central Station,64590,64830,in_service_layover,48.18249340020984,51.251592853493676,17.30972091652086,240,4.0,17:56:30,18:00:30,True,5,,10
2163904,medium,502.0,16.0,40-ft,STC,MF,14875382,14865435,503,324,56395,54993,Surrey Central Station @ Bay 1 Unloading Only,Surrey Central Station @ Bay 8,56395,Surrey Central Station,64830,65190,in_service_layover,56.08007291828755,60.80897625867323,26.67101483977524,360,6.0,18:00:30,18:06:30,True,8,,10
2161663,medium,502.0,17.0,40-ft,STC,MF,14863378,14875758,320,509,61035,55210,Surrey Central Station @ Bay 12,Surrey Central Station @ Bay 2,61035,Surrey Central Station,64830,65310,in_service_layover,64.189780695121,69.7049770002751,31.105707161069063,480,8.0,18:00:30,18:08:30,True,7,,10
2161653,medium,320.0,41.0,40-ft,STC,MF,14866685,14866124,337,335,61035,55836,Surrey Central Station @ Bay 12,Surrey Central Station @ Bay 3,61035,Surrey Central Station,64890,65310,in_service_layover,67.88682458832636,72.4231734856294,25.585007780789113,420,7.0,18:01:30,18:08:30,True,9,,10
2161543,medium,319.0,7.0,40-ft,STC,MF,14866200,14862635,335,316,55714,55738,Surrey Central Station @ Bay 6,Surrey Central Station @ Bay 7,55714,Surrey Central Station,65070,65370,in_service_layover,68.91950881807831,72.17460865710265,18.358763092097263,300,5.0,18:04:30,18:09:30,True,6,,10
2161504,medium,312.0,1.0,40-ft,STC,MF,14875757,14865699,509,325,57210,55738,Westbound 88 Ave @ 212 St,Surrey Central Station @ Bay 7,55738,Surrey Central Station,65190,65490,interline_end,62.879060317751154,66.5209598261583,20.540313227416277,300,5.0,18:06:30,18:11:30,True,1,,10
2165212,medium,320.0,38.0,40-ft,STC,MF,14862610,14866569,316,337,56395,61677,Surrey Central Station @ Bay 1 Unloading Only,Surrey Central Station @ Bay 5A,56395,Surrey Central Station,65190,65550,in_service_layover,67.62335246237573,71.58595821511307,22.34909644543859,360,6.0,18:06:30,18:12:30,True,2,,10
2161548,medium,320.0,3.0,40-ft,STC,MF,14865940,14866088,326,335,56395,55836,Surrey Central Station @ Bay 1 Unloading Only,Surrey Central Station @ Bay 3,56395,Surrey Central Station,65430,65730,in_service_layover,64.24439290307252,67.80552534844165,20.084786991881856,300,5.0,18:10:30,18:15:30,True,10,,10
2165312,medium,320.0,35.0,40-ft,STC,MF,14874473,14874529,501,501,61035,55210,Surrey Central Station @ Bay 12,Surrey Central Station @ Bay 2,61035,Surrey Central Station,65430,65790,in_service_layover,59.04752748192925,63.65064862533993,25.96160324883624,360,6.0,18:10:30,18:16:30,True,3,,10
2161540,medium,320.0,21.0,40-ft,STC,MF,14862467,14863365,314,320,56395,55713,Surrey Central Station @ Bay 1 Unloading Only,Surrey Central Station @ Bay 5,56395,Surrey Central Station,65430,66030,in_service_layover,64.56673921959457,71.24334313890202,37.656046104894074,600,10.0,18:10:30,18:20:30,True,5,,10
2163935,medium,503.0,3.0,40-ft,STC,MF,14875383,14875294,503,503,56395,55441,Surrey Central Station @ Bay 1 Unloading Only,Surrey Central Station @ Bay 10,56395,Surrey Central Station,65490,65730,in_service_layover,37.11815774100262,40.14033568694575,17.04508361511924,240,4.0,18:11:30,18:15:30,True,4,,10
2161539,medium,319.0,2.0,40-ft,STC,MF,14866199,14862512,335,314,61787,61787,Surrey Central Station @ Bay 14,Surrey Central Station @ Bay 14,61787,Surrey Central Station,65550,66090,in_service_layover,59.65927828427039,66.30672722244722,37.49161201131733,540,9.0,18:12:30,18:21:30,True,8,,10
2161577,medium,320.0,28.0,40-ft,STC,MF,14865383,14866150,324,335,56395,55836,Surrey Central Station @ Bay 1 Unloading Only,Surrey Central Station @ Bay 3,56395,Surrey Central Station,65730,66090,in_service_layover,62.986330880996455,67.30640630353906,24.365225383140285,360,6.0,18:15:30,18:21:30,True,7,,10
2162112,medium,502.0,19.0,40-ft,STC,MF,14874863,14874773,502,502,56395,55070,Surrey Central Station @ Bay 1 Unloading Only,Surrey Central Station @ Bay 9,56395,Surrey Central Station,65850,66030,in_service_layover,60.86963445145791,63.16858358438493,12.966073109708418,180,3.0,18:17:30,18:20:30,True,9,,10
2161639,medium,320.0,24.0,40-ft,STC,MF,14866220,14865916,335,326,55714,54993,Surrey Central Station @ Bay 6,Surrey Central Station @ Bay 8,55714,Surrey Central Station,66150,66510,in_service_layover,60.5868000571374,65.07709792542553,25.325279977145044,360,6.0,18:22:30,18:28:30,True,6,,10
2161644,medium,320.0,4.0,40-ft,STC,MF,14863405,14866130,320,335,61035,55836,Surrey Central Station @ Bay 12,Surrey Central Station @ Bay 3,61035,Surrey Central Station,66210,66510,in_service_layover,59.66573033567008,63.49988040767946,21.624606406132955,300,5.0,18:23:30,18:28:30,True,1,,10
2163786,medium,503.0,9.0,40-ft,STC,MF,14875385,14874827,503,502,56395,55070,Surrey Central Station @ Bay 1 Unloading Only,Surrey Central Station @ Bay 9,56395,Surrey Central Station,66390,66630,in_service_layover,43.366139885807286,46.41005817263887,17.167699137730125,240,4.0,18:26:30,18:30:30,True,2,,10
2161917,medium,502.0,1.0,40-ft,STC,MF,14874869,14874812,502,502,56395,55070,Surrey Central Station @ Bay 1 Unloading Only,Surrey Central Station @ Bay 9,56395,Surrey Central Station,66570,67230,in_service_layover,55.63869719982615,64.06070606714286,47.500130011666215,660,11.0,18:29:30,18:40:30,True,4,,10
2161601,medium,502.0,2.0,40-ft,STC,MF,14867409,14866138,341,335,60419,55836,Guildford @ Layover,Surrey Central Station @ Bay 3,55836,Surrey Central Station,66690,66990,interline_end,48.283936178173946,52.12936087802874,21.688195307181047,300,5.0,18:31:30,18:36:30,True,10,,10
2161629,medium,320.0,19.0,40-ft,STC,MF,14863451,14863359,320,320,61035,55713,Surrey Central Station @ Bay 12,Surrey Central Station @ Bay 5,61035,Surrey Central Station,66870,67470,in_service_layover,61.91016568697458,68.93505514045309,39.62037651761875,600,10.0,18:34:30,18:44:30,True,3,,10
2161551,medium,320.0,39.0,40-ft,STC,MF,14865941,14862510,326,314,56395,61787,Surrey Central Station @ Bay 1 Unloading Only,Surrey Central Station @ Bay 14,56395,Surrey Central Station,67170,67590,in_service_layover,58.25484243665663,63.63550773625371,30.346952289727483,420,7.0,18:39:30,18:46:30,True,5,,10
2161648,medium,502.0,14.0,40-ft,STC,MF,14865374,14865708,324,325,56395,55738,Surrey Central Station @ Bay 1 Unloading Only,Surrey Central Station @ Bay 7,56395,Surrey Central Station,67170,67650,in_service_layover,62.858223207043686,68.50957946741481,31.8736493084931,480,8.0,18:39:30,18:47:30,True,9,,10
2161920,medium,320.0,22.0,40-ft,STC,MF,14866202,14866571,335,337,55714,61677,Surrey Central Station @ Bay 6,Surrey Central Station @ Bay 5A,55714,Surrey Central Station,67230,67470,in_service_layover,68.65499924274661,71.30909560755427,14.969103497515164,240,4.0,18:40:30,18:44:30,True,7,,10
2161625,medium,320.0,12.0,40-ft,STC,MF,14863443,14863358,320,320,61035,55713,Surrey Central Station @ Bay 12,Surrey Central Station @ Bay 5,61035,Surrey Central Station,67590,68250,in_service_layover,64.91551738196137,72.11372801083151,40.59790794682766,660,11.0,18:46:30,18:57:30,True,8,,10
2161727,medium,503.0,13.0,40-ft,STC,MF,14875387,14875298,503,503,56395,55441,Surrey Central Station @ Bay 1 Unloading Only,Surrey Central Station @ Bay 10,56395,Surrey Central Station,67950,68670,in_service_layover,44.570751028679254,53.83000537735237,52.222194526516404,720,12.0,18:52:30,19:04:30,True,1,,10
2161660,medium,502.0,9.0,40-ft,STC,MF,14874468,14865714,501,325,61035,55738,Surrey Central Station @ Bay 12,Surrey Central Station @ Bay 7,61035,Surrey Central Station,68010,68370,in_service_layover,63.28427683556349,67.58297514661547,24.244658474333107,360,6.0,18:53:30,18:59:30,True,6,,10
2161547,medium,503.0,17.0,40-ft,STC,MF,14865386,14874782,324,502,56395,55070,Surrey Central Station @ Bay 1 Unloading Only,Surrey Central Station @ Bay 9,56395,Surrey Central Station,68070,68430,in_service_layover,68.42376849518801,72.31931104949385,21.97086000628491,360,6.0,18:54:30,19:00:30,True,2,,10
2161846,medium,320.0,26.0,40-ft,STC,MF,14865677,14862639,325,316,56395,55738,Surrey Central Station @ Bay 1 Unloading Only,Surrey Central Station @ Bay 7,56395,Surrey Central Station,68070,68970,in_service_layover,67.2338030355472,76.03780916408935,49.65459456497774,900,15.0,18:54:30,19:09:30,True,10,,10
2161622,medium,320.0,32.0,40-ft,STC,MF,14866211,14866072,335,335,55714,55836,Surrey Central Station @ Bay 6,Surrey Central Station @ Bay 3,55714,Surrey Central Station,68310,68550,in_service_layover,66.90850457535376,69.65628131270175,15.497460798642692,240,4.0,18:58:30,19:02:30,True,4,,10
2161630,medium,502.0,21.0,40-ft,STC,MF,14863376,14863357,320,320,61035,55713,Surrey Central Station @ Bay 12,Surrey Central Station @ Bay 5,61035,Surrey Central Station,68310,68970,in_service_layover,63.96837426324913,71.30756088512241,41.39301254736529,660,11.0,18:58:30,19:09:30,True,3,,10
2161905,medium,502.0,11.0,40-ft,STC,MF,14874898,14874741,502,502,56395,55070,Surrey Central Station @ Bay 1 Unloading Only,Surrey Central Station @ Bay 9,56395,Surrey Central Station,68370,69030,in_service_layover,67.33176475994372,74.16032908661194,38.513102802408696,660,11.0,18:59:30,19:10:30,True,7,,10
2165212,medium,320.0,38.0,40-ft,STC,MF,14866689,14865415,337,324,61035,54993,Surrey Central Station @ Bay 12,Surrey Central Station @ Bay 8,61035,Surrey Central Station,68610,68970,in_service_layover,66.87148339077845,70.89564766100341,22.696286484068764,360,6.0,19:03:30,19:09:30,True,5,,10
2161661,medium,320.0,30.0,40-ft,STC,MF,14866207,14866131,335,335,55714,55836,Surrey Central Station @ Bay 6,Surrey Central Station @ Bay 3,55714,Surrey Central Station,68910,69150,in_service_layover,65.65537681696753,68.46574189327671,15.850459030383774,240,4.0,19:08:30,19:12:30,True,9,,10
2161986,medium,503.0,8.0,40-ft,STC,MF,14865376,14863939,324,321,56395,61035,Surrey Central Station @ Bay 1 Unloading Only,Surrey Central Station @ Bay 12,56395,Surrey Central Station,68910,69210,in_service_layover,69.03956543997396,72.28609755923264,18.31044115261909,300,5.0,19:08:30,19:13:30,True,8,,10
2162410,medium,503.0,19.0,40-ft,STC,MF,14875388,14875315,503,503,56395,55441,Surrey Central Station @ Bay 1 Unloading Only,Surrey Central Station @ Bay 10,56395,Surrey Central Station,68910,69270,in_service_layover,56.16470792978594,60.89203828810159,26.662143220900305,360,6.0,19:08:30,19:14:30,True,6,,10
2161539,medium,319.0,2.0,40-ft,STC,MF,14862465,14862496,314,314,61035,61787,Surrey Central Station @ Bay 12,Surrey Central Station @ Bay 14,61035,Surrey Central Station,68910,69510,in_service_layover,62.7829170258282,69.69530237273212,38.98585335653809,600,10.0,19:08:30,19:18:30,True,2,,10
2161991,medium,503.0,18.0,40-ft,STC,MF,14874893,14863356,502,320,56395,55713,Surrey Central Station @ Bay 1 Unloading Only,Surrey Central Station @ Bay 5,56395,Surrey Central Station,68910,69690,in_service_layover,59.90121001579135,69.0555225592698,51.63032274521845,780,13.0,19:08:30,19:21:30,True,4,,10
2161861,medium,320.0,27.0,40-ft,STC,MF,14865936,14865447,326,324,56395,54993,Surrey Central Station @ Bay 1 Unloading Only,Surrey Central Station @ Bay 8,56395,Surrey Central Station,69030,69870,in_service_layover,68.7527156143481,76.78658432647191,45.31101953637824,840,14.0,19:10:30,19:24:30,True,1,,10
2164981,medium,312.0,51.0,40-ft,STC,MF,14904655,14904776,323,323,61035,55612,Surrey Central Station @ Bay 12,Surrey Central Station @ Bay 4,61035,Surrey Central Station,69270,69870,in_service_layover,68.68708319880913,74.78911435847873,34.41545574053646,600,10.0,19:14:30,19:24:30,True,3,,10
2161728,medium,502.0,3.0,40-ft,STC,MF,14875389,14875299,503,503,56395,55441,Surrey Central Station @ Bay 1 Unloading Only,Surrey Central Station @ Bay 10,56395,Surrey Central Station,69450,69870,in_service_layover,48.45752185928561,53.8668987079615,30.508885426532004,420,7.0,19:17:30,19:24:30,True,5,,10
2161719,medium,321.0,7.0,40-ft,STC,MF,14863783,14863887,321,321,56397,61035,Scott Rd Station @ Bay 2,Surrey Central Station @ Bay 12,61035,Surrey Central Station,69570,69870,interline_end,41.8885712952972,45.68955433031302,21.437544317489255,300,5.0,19:19:30,19:24:30,True,10,,10
2161631,medium,502.0,15.0,40-ft,STC,MF,14874840,14874781,502,502,56395,55070,Surrey Central Station @ Bay 1 Unloading Only,Surrey Central Station @ Bay 9,56395,Surrey Central Station,69630,70470,in_service_layover,68.83582772103837,76.8527510649158,45.21544765946868,840,14.0,19:20:30,19:34:30,True,7,,10
2161712,medium,321.0,13.0,40-ft,STC,MF,14863773,14863848,321,321,61035,61035,Surrey Central Station @ Bay 12,Surrey Central Station @ Bay 12,61035,Surrey Central Station,69690,70530,in_service_layover,44.5636532825128,55.40880568553034,61.16665955301892,840,14.0,19:21:30,19:35:30,True,9,,10
2161535,medium,320.0,47.0,40-ft,STC,MF,14865657,14865715,325,325,56395,55738,Surrey Central Station @ Bay 1 Unloading Only,Surrey Central Station @ Bay 7,56395,Surrey Central Station,69750,70350,in_service_layover,69.64192371416411,75.60483831783371,33.63083836469656,600,10.0,19:22:30,19:32:30,True,8,,10
2161540,medium,320.0,21.0,40-ft,STC,MF,14863441,14863355,320,320,61035,55713,Surrey Central Station @ Bay 12,Surrey Central Station @ Bay 5,61035,Surrey Central Station,69750,70410,in_service_layover,66.49055153917935,73.44943968846506,39.24812916197152,660,11.0,19:22:30,19:33:30,True,6,,10
2161573,medium,502.0,7.0,40-ft,STC,MF,14874477,14865909,501,326,61035,54993,Surrey Central Station @ Bay 12,Surrey Central Station @ Bay 8,61035,Surrey Central Station,69990,70170,in_service_layover,57.85232722071938,60.23274854356243,13.425576260834816,180,3.0,19:26:30,19:29:30,True,2,,10
2161711,medium,321.0,17.0,40-ft,STC,MF,14863774,14865422,321,324,61035,54993,Surrey Central Station @ Bay 12,Surrey Central Station @ Bay 8,61035,Surrey Central Station,70410,70770,in_service_layover,42.54730373982661,47.11493573257386,25.761444439094475,360,6.0,19:33:30,19:39:30,True,4,,10
2161576,medium,320.0,31.0,40-ft,STC,MF,14863440,14874527,320,501,61035,55210,Surrey Central Station @ Bay 12,Surrey Central Station @ Bay 2,61035,Surrey Central Station,70410,70950,in_service_layover,64.91837480752085,70.96126281290982,34.0818883503938,540,9.0,19:33:30,19:42:30,True,1,,10
2161920,medium,320.0,22.0,40-ft,STC,MF,14866691,14866574,337,337,61035,61677,Surrey Central Station @ Bay 12,Surrey Central Station @ Bay 5A,61035,Surrey Central Station,70410,71250,in_service_layover,66.59462078321965,75.06254029067094,47.75906602202525,840,14.0,19:33:30,19:47:30,True,3,,10
2161543,medium,319.0,7.0,40-ft,STC,MF,14862606,14862633,316,316,56395,55738,Surrey Central Station @ Bay 1 Unloading Only,Surrey Central Station @ Bay 7,56395,Surrey Central Station,70650,71370,in_service_layover,65.52206291638086,73.17076572982093,43.138683867802,720,12.0,19:37:30,19:49:30,True,5,,10
2161654,medium,320.0,23.0,40-ft,STC,MF,14875393,14875300,503,503,56395,55441,Surrey Central Station @ Bay 1 Unloading Only,Surrey Central Station @ Bay 10,56395,Surrey Central Station,70890,71070,in_service_layover,49.78822849915915,52.0975529173583,13.024589718643199,180,3.0,19:41:30,19:44:30,True,10,,10
2164361,medium,320.0,50.0,40-ft,STC,MF,14865681,14865700,325,325,56395,55738,Surrey Central Station @ Bay 1 Unloading Only,Surrey Central Station @ Bay 7,56395,Surrey Central Station,70890,71550,in_service_layover,69.57073877290587,76.04394247709278,36.50886889161421,660,11.0,19:41:30,19:52:30,True,2,,10
2161645,medium,320.0,11.0,40-ft,STC,MF,14874469,14863844,501,321,61035,61035,Surrey Central Station @ Bay 12,Surrey Central Station @ Bay 12,61035,Surrey Central Station,71010,71190,in_service_layover,57.43063615888562,59.81205110850046,13.431180315827703,180,3.0,19:43:30,19:46:30,True,8,,10
2161715,medium,321.0,19.0,40-ft,STC,MF,14863775,14863849,321,321,61035,61035,Surrey Central Station @ Bay 12,Surrey Central Station @ Bay 12,61035,Surrey Central Station,71130,71850,in_service_layover,46.08748756694377,55.3877607974734,52.45354102018712,720,12.0,19:45:30,19:57:30,True,6,,10
2161878,medium,321.0,21.0,40-ft,STC,MF,14865952,14866058,326,335,56395,55836,Surrey Central Station @ Bay 1 Unloading Only,Surrey Central Station @ Bay 3,56395,Surrey Central Station,71130,72150,in_service_layover,38.235519359928794,51.2657351879947,73.49041727029172,1020,17.0,19:45:30,20:02:30,True,7,,10
2162193,medium,503.0,5.0,40-ft,STC,MF,14875417,14875301,503,503,56395,55441,Surrey Central Station @ Bay 1 Unloading Only,Surrey Central Station @ Bay 10,56395,Surrey Central Station,71430,71730,in_service_layover,36.63389275677413,40.412020712334076,21.30864166935808,300,5.0,19:50:30,19:55:30,True,9,,10
2162188,medium,503.0,12.0,40-ft,STC,MF,14874866,14874771,502,502,56395,55070,Surrey Central Station @ Bay 1 Unloading Only,Surrey Central Station @ Bay 9,56395,Surrey Central Station,71670,72090,in_service_layover,50.201620099116575,55.64617461317476,30.70728745928818,420,7.0,19:54:30,20:01:30,True,4,,10
2161632,medium,502.0,10.0,40-ft,STC,MF,14863438,14863353,320,320,61035,55713,Surrey Central Station @ Bay 12,Surrey Central Station @ Bay 5,61035,Surrey Central Station,71850,72090,in_service_layover,62.24573539682643,65.21756823858405,16.76113722751296,240,4.0,19:57:30,20:01:30,True,1,,10
2161714,medium,321.0,28.0,40-ft,STC,MF,14863776,14863888,321,321,61035,61035,Surrey Central Station @ Bay 12,Surrey Central Station @ Bay 12,61035,Surrey Central Station,71850,72690,in_service_layover,44.487658417492504,55.33042276974848,61.15319094672367,840,14.0,19:57:30,20:11:30,True,10,,10
2161552,medium,502.0,58.0,40-ft,STC,MF,14866233,14866144,335,335,55714,55836,Surrey Central Station @ Bay 6,Surrey Central Station @ Bay 3,55714,Surrey Central Station,71850,72750,in_service_layover,65.0722203211543,74.33482287202804,52.241078386927825,900,15.0,19:57:30,20:12:30,True,8,,10
2161539,medium,319.0,2.0,40-ft,STC,MF,14862463,14862513,314,314,61035,61787,Surrey Central Station @ Bay 12,Surrey Central Station @ Bay 14,61035,Surrey Central Station,71910,72990,in_service_layover,66.17149217611309,76.53336407993199,58.440957537538566,1080,18.0,19:58:30,20:16:30,True,3,,10
2162423,medium,503.0,23.0,40-ft,STC,MF,14875392,14875302,503,503,56395,55441,Surrey Central Station @ Bay 1 Unloading Only,Surrey Central Station @ Bay 10,56395,Surrey Central Station,71970,72450,in_service_layover,62.21311349022678,67.92886523639679,32.2368398483988,480,8.0,19:59:30,20:07:30,True,5,,10
2161637,medium,320.0,1.0,40-ft,STC,MF,14866693,14866575,337,337,61787,61677,Surrey Central Station @ Bay 14,Surrey Central Station @ Bay 5A,61787,Surrey Central Station,72150,73050,in_service_layover,68.27271010214217,76.85221160455865,48.38838847362882,900,15.0,20:02:30,20:17:30,True,2,,10
2161630,medium,502.0,21.0,40-ft,STC,MF,14863437,14863311,320,320,61035,55713,Surrey Central Station @ Bay 12,Surrey Central Station @ Bay 5,61035,Surrey Central Station,72570,72990,in_service_layover,66.55476928539973,71.21977291178403,26.310620452807484,420,7.0,20:09:30,20:16:30,True,9,,10
2165205,medium,502.0,22.0,40-ft,STC,MF,14905305,14874809,502,502,56395,55070,Surrey Central Station @ Bay 1 Unloading Only,Surrey Central Station @ Bay 9,56395,Surrey Central Station,72570,72990,in_service_layover,68.54541045755843,73.01653591097552,25.21714755727237,420,7.0,20:09:30,20:16:30,True,6,,10
2161653,medium,320.0,41.0,40-ft,STC,MF,14866224,14866145,335,335,55714,55836,Surrey Central Station @ Bay 6,Surrey Central Station @ Bay 3,55714,Surrey Central Station,72570,73350,in_service_layover,68.05896869857524,75.76463280601612,43.45994556596662,780,13.0,20:09:30,20:22:30,True,1,,10
2165004,medium,312.0,53.0,40-ft,STC,MF,14904661,14904782,323,323,61035,55612,Surrey Central Station @ Bay 12,Surrey Central Station @ Bay 4,61035,Surrey Central Station,72690,73230,in_service_layover,68.93042183749756,74.47017981024831,31.24423496631414,540,9.0,20:11:30,20:20:30,True,4,,10
2161710,medium,321.0,1.0,40-ft,STC,MF,14863739,14863845,321,321,61035,61035,Surrey Central Station @ Bay 12,Surrey Central Station @ Bay 12,61035,Surrey Central Station,72750,73410,in_service_layover,43.807814430484086,52.26211094117311,47.68223232028612,660,11.0,20:12:30,20:23:30,True,7,,10
2161516,medium,320.0,48.0,40-ft,STC,MF,14865680,14865749,325,325,56395,55738,Surrey Central Station @ Bay 1 Unloading Only,Surrey Central Station @ Bay 7,56395,Surrey Central Station,73290,73950,in_service_layover,67.89706584723196,74.63707281388778,38.01363929193889,660,11.0,20:21:30,20:32:30,True,5,,10
2161548,medium,320.0,3.0,40-ft,STC,MF,14866256,14866152,335,335,55714,55836,Surrey Central Station @ Bay 6,Surrey Central Station @ Bay 3,55714,Surrey Central Station,73290,73950,in_service_layover,66.91291342849874,73.80658491079947,38.88030716017607,660,11.0,20:21:30,20:32:30,True,10,,10
2161546,medium,320.0,2.0,40-ft,STC,MF,14865370,14865910,324,326,56395,54993,Surrey Central Station @ Bay 1 Unloading Only,Surrey Central Station @ Bay 8,56395,Surrey Central Station,73350,74250,in_service_layover,67.77090491727384,76.45917616183388,49.00184981931869,900,15.0,20:22:30,20:37:30,True,8,,10
2161877,medium,503.0,15.0,40-ft,STC,MF,14875395,14875304,503,503,56395,55441,Surrey Central Station @ Bay 1 Unloading Only,Surrey Central Station @ Bay 10,56395,Surrey Central Station,73470,73890,in_service_layover,38.15845925233235,43.46415497096895,29.924123853110416,420,7.0,20:24:30,20:31:30,True,3,,10
2162112,medium,502.0,19.0,40-ft,STC,MF,14874900,14874816,502,502,56395,55070,Surrey Central Station @ Bay 1 Unloading Only,Surrey Central Station @ Bay 9,56395,Surrey Central Station,73470,73890,in_service_layover,61.10453784248343,66.25073447490206,29.024549006841085,420,7.0,20:24:30,20:31:30,True,6,,10
2161633,medium,320.0,44.0,40-ft,STC,MF,14863436,14863352,320,320,61035,55713,Surrey Central Station @ Bay 12,Surrey Central Station @ Bay 5,61035,Surrey Central Station,73530,73950,in_service_layover,68.8243200180087,73.26750199067192,25.05954632582052,420,7.0,20:25:30,20:32:30,True,9,,10
2161594,medium,321.0,30.0,40-ft,STC,MF,14863721,14863851,321,321,61035,61035,Surrey Central Station @ Bay 12,Surrey Central Station @ Bay 12,61035,Surrey Central Station,73650,74130,in_service_layover,49.763283963512436,55.98762032374034,35.105257071685344,480,8.0,20:27:30,20:35:30,True,2,,10
2165010,medium,319.0,3.0,40-ft,STC,MF,14905188,14865423,319,324,55456,54993,Newton Exchange @ Bay 5,Surrey Central Station @ Bay 8,54993,Surrey Central Station,73830,74130,interline_end,68.23226850626803,71.5357294044037,18.631519465485155,300,5.0,20:30:30,20:35:30,True,4,,10
2161660,medium,502.0,9.0,40-ft,STC,MF,14866225,14866140,335,335,55714,55836,Surrey Central Station @ Bay 6,Surrey Central Station @ Bay 3,55714,Surrey Central Station,74010,74550,in_service_layover,67.9959635651251,73.65644865633189,31.925135914406326,540,9.0,20:33:30,20:42:30,True,1,,10
2165312,medium,320.0,35.0,40-ft,STC,MF,14874451,14874526,501,501,61035,55210,Surrey Central Station @ Bay 12,Surrey Central Station @ Bay 2,61035,Surrey Central Station,74250,74550,in_service_layover,57.14186757634175,61.083257423664314,22.229438738899262,300,5.0,20:37:30,20:42:30,True,7,,10
2161917,medium,502.0,1.0,40-ft,STC,MF,14874865,14874806,502,502,56395,55070,Surrey Central Station @ Bay 1 Unloading Only,Surrey Central Station @ Bay 9,56395,Surrey Central Station,74370,74790,in_service_layover,59.86909109691327,65.11915510791356,29.610361022041616,420,7.0,20:39:30,20:46:30,True,3,,10
2161853,medium,320.0,18.0,40-ft,STC,MF,14875418,14875320,503,503,56395,55441,Surrey Central Station @ Bay 1 Unloading Only,Surrey Central Station @ Bay 10,56395,Surrey Central Station,74430,74670,in_service_layover,56.38649348966168,59.55571750700122,17.87442345779499,240,4.0,20:40:30,20:44:30,True,6,,10
2161540,medium,320.0,21.0,40-ft,STC,MF,14863435,14863351,320,320,61035,55713,Surrey Central Station @ Bay 12,Surrey Central Station @ Bay 5,61035,Surrey Central Station,74550,74850,in_service_layover,68.69664808874239,71.96755804311138,18.447932142641093,300,5.0,20:42:30,20:47:30,True,5,,10
2161729,medium,502.0,61.0,40-ft,STC,MF,14863726,14863940,321,321,61035,61035,Surrey Central Station @ Bay 12,Surrey Central Station @ Bay 12,61035,Surrey Central Station,74550,74850,in_service_layover,60.3364785940723,64.1286488899309,21.387840468642537,300,5.0,20:42:30,20:47:30,True,9,,10
2164983,medium,312.0,57.0,40-ft,STC,MF,14904664,14904785,323,323,61035,55612,Surrey Central Station @ Bay 12,Surrey Central Station @ Bay 4,61035,Surrey Central Station,74790,75150,in_service_layover,68.93042183749756,72.78269886174678,21.72684241676552,360,6.0,20:46:30,20:52:30,True,10,,10
2161573,medium,502.0,7.0,40-ft,STC,MF,14865942,14863846,326,321,56395,61035,Surrey Central Station @ Bay 1 Unloading Only,Surrey Central Station @ Bay 12,56395,Surrey Central Station,75030,75570,in_service_layover,53.29150310488509,60.35766494682532,39.8531527885429,540,9.0,20:50:30,20:59:30,True,2,,10
2161716,medium,321.0,12.0,40-ft,STC,MF,14874862,14874765,502,502,56395,55070,Surrey Central Station @ Bay 1 Unloading Only,Surrey Central Station @ Bay 9,56395,Surrey Central Station,75210,75690,in_service_layover,62.605685134484425,68.28237183127483,32.01651296989786,480,8.0,20:53:30,21:01:30,True,4,,10
2161711,medium,321.0,17.0,40-ft,STC,MF,14865362,14865419,324,324,56395,54993,Surrey Central Station @ Bay 1 Unloading Only,Surrey Central Station @ Bay 8,56395,Surrey Central Station,75270,75750,in_service_layover,45.919663950582155,52.06742862685364,34.67339277417119,480,8.0,20:54:30,21:02:30,True,8,,10
2161537,medium,321.0,26.0,40-ft,STC,MF,14863722,14866584,321,337,61035,61677,Surrey Central Station @ Bay 12,Surrey Central Station @ Bay 5A,61035,Surrey Central Station,75390,75690,in_service_layover,41.99338898980416,45.7948279264929,21.440115602924493,300,5.0,20:56:30,21:01:30,True,1,,10
2161632,medium,502.0,10.0,40-ft,STC,MF,14863434,14863350,320,320,61035,55713,Surrey Central Station @ Bay 12,Surrey Central Station @ Bay 5,61035,Surrey Central Station,75570,75750,in_service_layover,60.46477663886137,62.77808243180956,13.047044672227742,180,3.0,20:59:30,21:02:30,True,7,,10
2161622,medium,320.0,32.0,40-ft,STC,MF,14866226,14862494,335,314,61787,61787,Surrey Central Station @ Bay 14,Surrey Central Station @ Bay 14,61787,Surrey Central Station,75750,76470,in_service_layover,67.76774386053766,75.03683030120153,40.99764752534418,720,12.0,21:02:30,21:14:30,True,6,,10
2163821,medium,320.0,14.0,40-ft,STC,MF,14874436,14874508,501,501,61035,55210,Surrey Central Station @ Bay 12,Surrey Central Station @ Bay 2,61035,Surrey Central Station,75930,76350,in_service_layover,68.15135394363655,72.66163330537503,25.437975600205107,420,7.0,21:05:30,21:12:30,True,3,,10
2161905,medium,502.0,11.0,40-ft,STC,MF,14874864,14874760,502,502,56395,55070,Surrey Central Station @ Bay 1 Unloading Only,Surrey Central Station @ Bay 9,56395,Surrey Central Station,76110,76590,in_service_layover,69.95490474360749,74.83020883290533,27.496715063639783,480,8.0,21:08:30,21:16:30,True,5,,10
2161543,medium,319.0,7.0,40-ft,STC,MF,14862599,14863840,316,321,56395,61035,Surrey Central Station @ Bay 1 Unloading Only,Surrey Central Station @ Bay 12,56395,Surrey Central Station,76110,77010,in_service_layover,68.4797020318547,77.01415467391428,48.134312901215935,900,15.0,21:08:30,21:23:30,True,9,,10
2161989,medium,320.0,53.0,40-ft,STC,MF,14875399,14875307,503,503,56395,55441,Surrey Central Station @ Bay 1 Unloading Only,Surrey Central Station @ Bay 10,56395,Surrey Central Station,76590,76890,in_service_layover,59.14734585895465,63.01210858077033,21.79726175104048,300,5.0,21:16:30,21:21:30,True,10,,10
2161625,medium,320.0,12.0,40-ft,STC,MF,14863433,14866146,320,335,61035,55836,Surrey Central Station @ Bay 12,Surrey Central Station @ Bay 3,61035,Surrey Central Station,76590,76950,in_service_layover,66.02740258272134,70.11901664020853,23.07670328422779,360,6.0,21:16:30,21:22:30,True,2,,10
2161851,medium,320.0,51.0,40-ft,STC,MF,14866654,14866141,337,335,61035,55836,Surrey Central Station @ Bay 12,Surrey Central Station @ Bay 3,61035,Surrey Central Station,76590,78150,in_service_layover,65.90388693865404,79.39165832459953,76.07103061673257,1560,26.0,21:16:30,21:42:30,True,1,,10
2165202,medium,502.0,88.0,40-ft,STC,MF,14866246,14866153,335,335,55714,55836,Surrey Central Station @ Bay 6,Surrey Central Station @ Bay 3,55714,Surrey Central Station,76650,77550,in_service_layover,69.28747722526994,77.64512292347786,47.13712173789264,900,15.0,21:17:30,21:32:30,True,4,,10
2161648,medium,502.0,14.0,40-ft,STC,MF,14865649,14865748,325,325,56395,55738,Surrey Central Station @ Bay 1 Unloading Only,Surrey Central Station @ Bay 7,56395,Surrey Central Station,76830,77910,in_service_layover,69.83737969506927,79.27867460093498,53.24890326908263,1080,18.0,21:20:30,21:38:30,True,7,,10
2161631,medium,502.0,15.0,40-ft,STC,MF,14874832,14874759,502,502,56395,55070,Surrey Central Station @ Bay 1 Unloading Only,Surrey Central Station @ Bay 9,56395,Surrey Central Station,76950,77490,in_service_layover,66.6809553767649,72.50768948500135,32.86278037045355,540,9.0,21:22:30,21:31:30,True,8,,10
2161572,medium,320.0,49.0,40-ft,STC,MF,14865371,14865424,324,324,56395,54993,Surrey Central Station @ Bay 1 Unloading Only,Surrey Central Station @ Bay 8,56395,Surrey Central Station,77070,77310,in_service_layover,64.4865035871332,67.35238994235148,16.163599043431134,240,4.0,21:24:30,21:28:30,True,3,,10
2161719,medium,321.0,7.0,40-ft,STC,MF,14863733,14863941,321,321,61035,61035,Surrey Central Station @ Bay 12,Surrey Central Station @ Bay 12,61035,Surrey Central Station,77070,77730,in_service_layover,33.035977454867535,41.346587111927505,46.87183846581823,660,11.0,21:24:30,21:35:30,True,6,,10
2161920,medium,320.0,22.0,40-ft,STC,MF,14866641,14863349,337,320,61035,55713,Surrey Central Station @ Bay 12,Surrey Central Station @ Bay 5,61035,Surrey Central Station,77430,78030,in_service_layover,65.63359064200172,72.1654349989167,36.8396021730004,600,10.0,21:30:30,21:40:30,True,5,,10
2165004,medium,312.0,53.0,40-ft,STC,MF,14904668,14904789,323,323,61035,55612,Surrey Central Station @ Bay 12,Surrey Central Station @ Bay 4,61035,Surrey Central Station,77490,78030,in_service_layover,68.65290355609959,74.22873998636803,31.447717466713982,540,9.0,21:31:30,21:40:30,True,10,,10
2161916,medium,320.0,42.0,40-ft,STC,MF,14866257,14866578,335,337,55714,61677,Surrey Central Station @ Bay 6,Surrey Central Station @ Bay 5A,55714,Surrey Central Station,77550,77970,in_service_layover,65.53426112135298,70.29487350339004,26.849853834689043,420,7.0,21:32:30,21:39:30,True,2,,10
2161991,medium,503.0,18.0,40-ft,STC,MF,14874450,14874525,501,501,61035,55210,Surrey Central Station @ Bay 12,Surrey Central Station @ Bay 2,61035,Surrey Central Station,77730,78150,in_service_layover,61.101557449614184,66.24800068664373,29.02593985684672,420,7.0,21:35:30,21:42:30,True,9,,10
2161651,medium,502.0,12.0,40-ft,STC,MF,14874848,14874742,502,502,56395,55070,Surrey Central Station @ Bay 1 Unloading Only,Surrey Central Station @ Bay 9,56395,Surrey Central Station,77910,78390,in_service_layover,65.23361495912444,70.63902050691033,30.486487289512354,480,8.0,21:38:30,21:46:30,True,3,,10
2161633,medium,320.0,44.0,40-ft,STC,MF,14863432,14865431,320,324,61035,54993,Surrey Central Station @ Bay 12,Surrey Central Station @ Bay 8,61035,Surrey Central Station,78150,78930,in_service_layover,68.51471039094923,76.13475913153052,42.977074896878435,780,13.0,21:42:30,21:55:30,True,8,,10
2161712,medium,321.0,13.0,40-ft,STC,MF,14863784,14866585,321,337,61035,61677,Surrey Central Station @ Bay 12,Surrey Central Station @ Bay 5A,61035,Surrey Central Station,78150,79230,in_service_layover,42.75522881008485,56.70301794355104,78.66553071274927,1080,18.0,21:42:30,22:00:30,True,4,,10
2161537,medium,321.0,26.0,40-ft,STC,MF,14866655,14866049,337,335,61035,55836,Surrey Central Station @ Bay 12,Surrey Central Station @ Bay 3,61035,Surrey Central Station,78330,78870,in_service_layover,41.0803531021583,47.93663798143697,38.66944671913174,540,9.0,21:45:30,21:54:30,True,6,,10
2162410,medium,503.0,19.0,40-ft,STC,MF,14875402,14875309,503,503,56395,55441,Surrey Central Station @ Bay 1 Unloading Only,Surrey Central Station @ Bay 10,56395,Surrey Central Station,78390,79050,in_service_layover,43.68989434724402,52.14166847752827,47.66800609480313,660,11.0,21:46:30,21:57:30,True,7,,10
2161535,medium,320.0,47.0,40-ft,STC,MF,14865363,14865745,324,325,56395,55738,Surrey Central Station @ Bay 1 Unloading Only,Surrey Central Station @ Bay 7,56395,Surrey Central Station,78930,79230,in_service_layover,68.50371939484879,71.78821723760403,18.5245678331396,300,5.0,21:55:30,22:00:30,True,2,,10
2161552,medium,502.0,58.0,40-ft,STC,MF,14866227,14866110,335,335,55714,55836,Surrey Central Station @ Bay 6,Surrey Central Station @ Bay 3,55714,Surrey Central Station,79050,79590,in_service_layover,69.18480907136556,74.69132998409565,31.056777947797627,540,9.0,21:57:30,22:06:30,True,5,,10
2161546,medium,320.0,2.0,40-ft,STC,MF,14865946,14863348,326,320,56395,55713,Surrey Central Station @ Bay 1 Unloading Only,Surrey Central Station @ Bay 5,56395,Surrey Central Station,79050,79830,in_service_layover,69.51793072315654,76.94771012024692,41.90395579958977,780,13.0,21:57:30,22:10:30,True,10,,10
2161715,medium,321.0,19.0,40-ft,STC,MF,14863727,14863837,321,321,61035,61035,Surrey Central Station @ Bay 12,Surrey Central Station @ Bay 12,61035,Surrey Central Station,79350,79590,in_service_layover,42.73418392202791,45.77590326882403,17.155297115930125,240,4.0,22:02:30,22:06:30,True,1,,10
2161576,medium,320.0,31.0,40-ft,STC,MF,14874437,14874504,501,501,61035,55210,Surrey Central Station @ Bay 12,Surrey Central Station @ Bay 2,61035,Surrey Central Station,79410,80130,in_service_layover,69.50245461986158,76.46979900245839,39.29582231784599,720,12.0,22:03:30,22:15:30,True,9,,10
2161737,medium,320.0,37.0,40-ft,STC,MF,14874884,14863944,502,321,56395,61035,Surrey Central Station @ Bay 1 Unloading Only,Surrey Central Station @ Bay 12,56395,Surrey Central Station,79470,80490,in_service_layover,63.59210142144621,74.14340599119974,59.509357773409874,1020,17.0,22:04:30,22:21:30,True,3,,10
2161504,medium,312.0,1.0,40-ft,STC,MF,14863431,14866579,320,337,61035,61677,Surrey Central Station @ Bay 12,Surrey Central Station @ Bay 5A,61035,Surrey Central Station,79830,80250,in_service_layover,58.28955894204368,63.667868113487316,30.333663726942063,420,7.0,22:10:30,22:17:30,True,6,,10
2161653,medium,320.0,41.0,40-ft,STC,MF,14866248,14866142,335,335,55714,55836,Surrey Central Station @ Bay 6,Surrey Central Station @ Bay 3,55714,Surrey Central Station,79950,81030,in_service_layover,65.66143099971912,76.15383076352519,59.177134667866255,1080,18.0,22:12:30,22:30:30,True,8,,10
2161654,medium,320.0,23.0,40-ft,STC,MF,14875405,14875311,503,503,56395,55441,Surrey Central Station @ Bay 1 Unloading Only,Surrey Central Station @ Bay 10,56395,Surrey Central Station,80190,80490,in_service_layover,34.89540897650073,38.665975444780415,21.265994881097413,300,5.0,22:16:30,22:21:30,True,7,,10
2162112,medium,502.0,19.0,40-ft,STC,MF,14874831,14874822,502,502,56395,55070,Surrey Central Station @ Bay 1 Unloading Only,Surrey Central Station @ Bay 9,56395,Surrey Central Station,80370,80550,in_service_layover,61.84432026920758,64.10870607526404,12.771135946158495,180,3.0,22:19:30,22:22:30,True,2,,10
2161714,medium,321.0,28.0,40-ft,STC,MF,14863742,14863835,321,321,61035,61035,Surrey Central Station @ Bay 12,Surrey Central Station @ Bay 12,61035,Surrey Central Station,80490,81390,in_service_layover,41.60648956383617,53.15567972925631,65.1374325329696,900,15.0,22:21:30,22:36:30,True,4,,10
2161916,medium,320.0,42.0,40-ft,STC,MF,14866696,14866154,337,335,61035,55836,Surrey Central Station @ Bay 12,Surrey Central Station @ Bay 3,61035,Surrey Central Station,80550,81750,in_service_layover,65.58039867905543,76.91734664098506,63.94038650528313,1200,20.0,22:22:30,22:42:30,True,1,,10
2161853,medium,320.0,18.0,40-ft,STC,MF,14875406,14875312,503,503,56395,55441,Surrey Central Station @ Bay 1 Unloading Only,Surrey Central Station @ Bay 10,56395,Surrey Central Station,80790,81210,in_service_layover,58.55628381587449,63.91582952732085,30.227837812557482,420,7.0,22:26:30,22:33:30,True,5,,10
2161575,medium,320.0,5.0,40-ft,STC,MF,14874449,14870427,501,375,61035,60419,Surrey Central Station @ Bay 12,Guildford @ Layover,61035,Surrey Central Station,81090,81390,interline_start,68.69136054015628,71.96264404538236,18.450038969475145,300,5.0,22:31:30,22:36:30,True,10,,10
2161710,medium,321.0,1.0,40-ft,STC,MF,14863750,14863903,321,321,61035,61035,Surrey Central Station @ Bay 12,Surrey Central Station @ Bay 12,61035,Surrey Central Station,81450,82470,in_service_layover,39.60853406572763,52.6803358912421,73.72496229590166,1020,17.0,22:37:30,22:54:30,True,9,,10
2161917,medium,502.0,1.0,40-ft,STC,MF,14874910,14874803,502,502,56395,55070,Surrey Central Station @ Bay 1 Unloading Only,Surrey Central Station @ Bay 9,56395,Surrey Central Station,81570,81750,in_service_layover,63.98543817654203,66.17389781567175,12.342912364691585,180,3.0,22:39:30,22:42:30,True,6,,10
2161712,medium,321.0,13.0,40-ft,STC,MF,14866656,14866580,337,337,61035,61677,Surrey Central Station @ Bay 12,Surrey Central Station @ Bay 5A,61035,Surrey Central Station,81810,82590,in_service_layover,51.98854311921642,62.06647997277616,56.839563854076914,780,13.0,22:43:30,22:56:30,True,3,,10
2161602,medium,321.0,4.0,40-ft,STC,MF,14866190,14866112,335,335,55714,55836,Surrey Central Station @ Bay 6,Surrey Central Station @ Bay 3,55714,Surrey Central Station,82470,83250,in_service_layover,38.5733647652503,48.48390661736887,55.89545604594878,780,13.0,22:54:30,23:07:30,True,7,,10
2161877,medium,503.0,15.0,40-ft,STC,MF,14875409,14865746,503,325,56395,55738,Surrey Central Station @ Bay 1 Unloading Only,Surrey Central Station @ Bay 7,56395,Surrey Central Station,82530,82710,in_service_layover,26.26201103011138,28.498810910519172,12.615551325499922,180,3.0,22:55:30,22:58:30,True,2,,10
2161905,medium,502.0,11.0,40-ft,STC,MF,14874882,14874810,502,502,56395,55070,Surrey Central Station @ Bay 1 Unloading Only,Surrey Central Station @ Bay 9,56395,Surrey Central Station,82710,82950,in_service_layover,64.65841314475442,67.51617138850125,16.117756494732134,240,4.0,22:58:30,23:02:30,True,8,,10
2165004,medium,312.0,53.0,40-ft,STC,MF,14904674,14904795,323,323,61035,55612,Surrey Central Station @ Bay 12,Surrey Central Station @ Bay 4,61035,Surrey Central Station,82770,83250,in_service_layover,68.4114637322193,73.4661030653534,28.508165838876266,480,8.0,22:59:30,23:07:30,True,5,,10
2161622,medium,320.0,32.0,40-ft,STC,MF,14862483,14862508,314,314,61035,61787,Surrey Central Station @ Bay 12,Surrey Central Station @ Bay 14,61035,Surrey Central Station,82770,83670,in_service_layover,67.98920990796348,76.63023814012966,48.73539922941717,900,15.0,22:59:30,23:14:30,True,4,,10
2165312,medium,320.0,35.0,40-ft,STC,MF,14874438,14874513,501,501,61035,55210,Surrey Central Station @ Bay 12,Surrey Central Station @ Bay 2,61035,Surrey Central Station,82770,83850,in_service_layover,61.34232541895679,72.91430661585068,65.26597395048157,1080,18.0,22:59:30,23:17:30,True,10,,10
2161642,medium,321.0,3.0,40-ft,STC,MF,14863429,14863329,320,320,61035,55713,Surrey Central Station @ Bay 12,Surrey Central Station @ Bay 5,61035,Surrey Central Station,83310,83490,in_service_layover,60.135279319214085,62.46026941427741,13.112944136157182,180,3.0,23:08:30,23:11:30,True,1,,10
2161573,medium,502.0,7.0,40-ft,STC,MF,14863725,14863886,321,321,61035,61035,Surrey Central Station @ Bay 12,Surrey Central Station @ Bay 12,61035,Surrey Central Station,83370,83730,in_service_layover,46.633731740913014,51.235754562602665,25.95540871432962,360,6.0,23:09:30,23:15:30,True,6,,10
2161625,medium,320.0,12.0,40-ft,STC,MF,14866191,14866134,335,335,55714,55836,Surrey Central Station @ Bay 6,Surrey Central Station @ Bay 3,55714,Surrey Central Station,83370,84150,in_service_layover,68.78249399142227,76.35199641217723,42.691993653057864,780,13.0,23:09:30,23:22:30,True,9,,10
2161631,medium,502.0,15.0,40-ft,STC,MF,14874836,14874746,502,502,56395,55070,Surrey Central Station @ Bay 1 Unloading Only,Surrey Central Station @ Bay 9,56395,Surrey Central Station,83910,84090,in_service_layover,68.5415335895121,70.56278259151314,11.399844371285894,180,3.0,23:18:30,23:21:30,True,3,,10
2161633,medium,320.0,44.0,40-ft,STC,MF,14866259,14866155,335,335,55714,55836,Surrey Central Station @ Bay 6,Surrey Central Station @ Bay 3,55714,Surrey Central Station,84270,85050,in_service_layover,68.15116282716099,75.83954800699232,43.36249241424866,780,13.0,23:24:30,23:37:30,True,2,,10
2161543,medium,319.0,7.0,40-ft,STC,MF,14863777,14863904,321,321,61035,61035,Surrey Central Station @ Bay 12,Surrey Central Station @ Bay 12,61035,Surrey Central Station,84570,84810,in_service_layover,63.29022146800195,66.21266962554323,16.482607608532817,240,4.0,23:29:30,23:33:30,True,8,,10
2161920,medium,320.0,22.0,40-ft,STC,MF,14863428,14863328,320,320,61035,55713,Surrey Central Station @ Bay 12,Surrey Central Station @ Bay 5,61035,Surrey Central Station,84990,85290,in_service_layover,62.65985179947133,66.31470689406524,20.61338273350958,300,5.0,23:36:30,23:41:30,True,5,,10
2161537,medium,321.0,26.0,40-ft,STC,MF,14866250,14866113,335,335,55714,55836,Surrey Central Station @ Bay 6,Surrey Central Station @ Bay 3,55714,Surrey Central Station,85170,85950,in_service_layover,47.05199688966892,57.1746241599972,57.09161780465149,780,13.0,23:39:30,23:52:30,True,7,,10
2161989,medium,320.0,53.0,40-ft,STC,MF,14875433,14865472,503,324,56395,54993,Surrey Central Station @ Bay 1 Unloading Only,Surrey Central Station @ Bay 8,56395,Surrey Central Station,85350,86130,in_service_layover,45.80996463991277,55.89740612009613,56.893169948234174,780,13.0,23:42:30,23:55:30,True,1,,10
2162188,medium,503.0,12.0,40-ft,STC,MF,14863734,14863842,321,321,61035,61035,Surrey Central Station @ Bay 12,Surrey Central Station @ Bay 12,61035,Surrey Central Station,85770,86130,in_service_layover,39.079916857499406,43.62945128584901,25.65937417589174,360,6.0,23:49:30,23:55:30,True,4,,10
2161546,medium,320.0,2.0,40-ft,STC,MF,14863427,14862505,320,314,61787,61787,Surrey Central Station @ Bay 14,Surrey Central Station @ Bay 14,61787,Surrey Central Station,86790,87330,in_service_layover,63.29326247955366,69.52866757897405,35.16768476073105,540,9.0,24:06:30,24:15:30,True,6,,10
2161715,medium,321.0,19.0,40-ft,STC,MF,14863778,14863853,321,321,61035,61035,Surrey Central Station @ Bay 12,Surrey Central Station @ Bay 12,61035,Surrey Central Station,87090,87330,in_service_layover,32.05197006291173,35.056519813931445,16.945660595751207,240,4.0,24:11:30,24:15:30,True,10,,10
2161576,medium,320.0,31.0,40-ft,STC,MF,14874439,14874505,501,501,61035,55210,Surrey Central Station @ Bay 12,Surrey Central Station @ Bay 2,61035,Surrey Central Station,87270,88410,in_service_layover,63.1125157116407,74.70100523036947,65.3590808856303,1140,19.0,24:14:30,24:33:30,True,3,,10
2161653,medium,320.0,41.0,40-ft,STC,MF,14866193,14866115,335,335,55714,55836,Surrey Central Station @ Bay 6,Surrey Central Station @ Bay 3,55714,Surrey Central Station,87390,88650,in_service_layover,66.05062895722817,77.65285865141021,65.43657547518671,1260,21.0,24:16:30,24:37:30,True,9,,10
2165004,medium,312.0,53.0,40-ft,STC,MF,14904679,14904800,323,323,61035,55612,Surrey Central Station @ Bay 12,Surrey Central Station @ Bay 4,61035,Surrey Central Station,87750,88110,in_service_layover,67.64882681120467,71.60932281369773,22.337197454060856,360,6.0,24:22:30,24:28:30,True,8,,10
2161920,medium,320.0,22.0,40-ft,STC,MF,14863426,14863326,320,320,61035,55713,Surrey Central Station @ Bay 12,Surrey Central Station @ Bay 5,61035,Surrey Central Station,88530,88830,in_service_layover,61.56191529434255,65.28166025330576,20.979361568552463,300,5.0,24:35:30,24:40:30,True,2,,10
2161853,medium,320.0,18.0,40-ft,STC,MF,14875415,14886050,503,N19,56395,55210,Surrey Central Station @ Bay 1 Unloading Only,Surrey Central Station @ Bay 2,56395,Surrey Central Station,89130,89310,in_service_layover,46.713685586463285,49.0040538053053,12.917676754268939,180,3.0,24:45:30,24:48:30,True,5,,10
2161625,medium,320.0,12.0,40-ft,STC,MF,14866194,14866116,335,335,55714,55836,Surrey Central Station @ Bay 6,Surrey Central Station @ Bay 3,55714,Surrey Central Station,89670,90630,in_service_layover,66.2487946058802,75.72347805309553,53.437214642294464,960,16.0,24:54:30,25:10:30,True,7,,10
2161546,medium,320.0,2.0,40-ft,STC,MF,14862481,14863855,314,321,56395,61035,Surrey Central Station @ Bay 1 Unloading Only,Surrey Central Station @ Bay 12,56395,Surrey Central Station,89970,90390,in_service_layover,65.9665362359347,70.68696285892642,26.623206153673323,420,7.0,24:59:30,25:06:30,True,1,,10
2161642,medium,321.0,3.0,40-ft,STC,MF,14874443,14874744,501,502,61035,55070,Surrey Central Station @ Bay 12,Surrey Central Station @ Bay 9,61035,Surrey Central Station,90450,91170,in_service_layover,52.02227386720296,61.36818994682315,52.7109666890579,720,12.0,25:07:30,25:19:30,True,4,,10
2161630,medium,502.0,21.0,40-ft,STC,MF,14874830,14863331,502,320,56395,55713,Surrey Central Station @ Bay 1 Unloading Only,Surrey Central Station @ Bay 5,56395,Surrey Central Station,91290,92310,in_service_layover,61.70654877924851,72.69734096956196,61.988067953367874,1020,17.0,25:21:30,25:38:30,True,6,,10
2161715,medium,321.0,19.0,40-ft,STC,MF,14863728,14863856,321,321,61035,61035,Surrey Central Station @ Bay 12,Surrey Central Station @ Bay 12,61035,Surrey Central Station,93030,93330,in_service_layover,22.402942938485957,26.11788207624563,20.952256736964543,300,5.0,25:50:30,25:55:30,True,10,,10
2160687,medium,130.0,6.0,40-ft,BTC,MF,14886021,14886149,N17,N24,60358,59832,UBC Exchange @ Unloading Only,Southbound Howe St @ Dunsmuir St,60358,UBC Exchange,10530,10830,interline_start,64.4361180911816,67.98575844099828,20.019971572966085,300,5.0,02:55:30,03:00:30,True,1,,3
2160156,medium,44.0,21.0,40-ft,BTC,MF,14839225,14839186,044,044,60358,60160,UBC Exchange @ Unloading Only,UBC Exchange @ Bay 3,60358,UBC Exchange,34410,35010,in_service_layover,67.1823821995715,73.49908634876824,35.62621140146956,600,10.0,09:33:30,09:43:30,True,2,,3
2164521,medium,9.0,1.0,40-ft,VTC,MF,14901857,14901750,009,009,58895,58895,UBC Exchange @ Bay 9,UBC Exchange @ Bay 9,58895,UBC Exchange,35970,36210,in_service_layover,61.79132448902725,64.78464248008979,16.88231346959276,240,4.0,09:59:30,10:03:30,True,3,,3
2164522,medium,9.0,2.0,40-ft,VTC,MF,14901859,14901752,009,009,58895,58895,UBC Exchange @ Bay 9,UBC Exchange @ Bay 9,58895,UBC Exchange,36930,37650,in_service_layover,61.79132448902725,70.04322759943439,46.54073354269627,720,12.0,10:15:30,10:27:30,True,1,,3
2164528,medium,9.0,6.0,40-ft,VTC,MF,14901861,14901754,009,009,58895,58895,UBC Exchange @ Bay 9,UBC Exchange @ Bay 9,58895,UBC Exchange,37950,38910,in_service_layover,69.49126098814916,78.21788509285493,49.21815995054055,960,16.0,10:32:30,10:48:30,True,2,,3
2160107,medium,33.0,81.0,40-ft,VTC,MF,14838482,14838434,033,033,60358,60158,UBC Exchange @ Unloading Only,UBC Exchange @ Bay 1,60358,UBC Exchange,40830,41010,in_service_layover,63.30027097680711,65.51302732514729,12.47994580463859,180,3.0,11:20:30,11:23:30,True,3,,3
2160104,medium,33.0,82.0,40-ft,VTC,MF,14838484,14838436,033,033,60358,60158,UBC Exchange @ Unloading Only,UBC Exchange @ Bay 1,60358,UBC Exchange,42570,42810,in_service_layover,63.30027097680711,66.22224398026776,16.479927739518075,240,4.0,11:49:30,11:53:30,True,1,,3
2160105,medium,33.0,83.0,40-ft,VTC,MF,14838485,14838437,033,033,60358,60158,UBC Exchange @ Unloading Only,UBC Exchange @ Bay 1,60358,UBC Exchange,43470,43710,in_service_layover,63.30027097680711,66.22224398026776,16.479927739518075,240,4.0,12:04:30,12:08:30,True,2,,3
2160113,medium,33.0,84.0,40-ft,VTC,MF,14838486,14838425,033,033,60358,60158,UBC Exchange @ Unloading Only,UBC Exchange @ Bay 1,60358,UBC Exchange,44370,44610,in_service_layover,63.30027097680711,66.22224398026776,16.479927739518075,240,4.0,12:19:30,12:23:30,True,3,,3
2160110,medium,33.0,85.0,40-ft,VTC,MF,14838487,14838449,033,033,60358,60158,UBC Exchange @ Unloading Only,UBC Exchange @ Bay 1,60358,UBC Exchange,45270,45510,in_service_layover,63.30027097680711,66.22224398026776,16.479927739518075,240,4.0,12:34:30,12:38:30,True,1,,3
2160103,medium,33.0,86.0,40-ft,VTC,MF,14838488,14838438,033,033,60358,60158,UBC Exchange @ Unloading Only,UBC Exchange @ Bay 1,60358,UBC Exchange,46170,46410,in_service_layover,63.30027097680711,66.22224398026776,16.479927739518075,240,4.0,12:49:30,12:53:30,True,2,,3
2160107,medium,33.0,81.0,40-ft,VTC,MF,14838468,14838440,033,033,60358,60158,UBC Exchange @ Unloading Only,UBC Exchange @ Bay 1,60358,UBC Exchange,47970,48150,in_service_layover,56.00024599167804,58.36998819344934,13.365346017990134,180,3.0,13:19:30,13:22:30,True,3,,3
2160114,medium,33.0,88.0,40-ft,VTC,MF,14838490,14838441,033,033,60358,60158,UBC Exchange @ Unloading Only,UBC Exchange @ Bay 1,60358,UBC Exchange,48870,49050,in_service_layover,63.30027097680711,65.51302732514729,12.47994580463859,180,3.0,13:34:30,13:37:30,True,1,,3
2160104,medium,33.0,82.0,40-ft,VTC,MF,14838495,14838442,033,033,60358,60158,UBC Exchange @ Unloading Only,UBC Exchange @ Bay 1,60358,UBC Exchange,49770,49950,in_service_layover,56.70946264679853,59.08610265567137,13.404249650042857,180,3.0,13:49:30,13:52:30,True,2,,3
2160105,medium,33.0,83.0,40-ft,VTC,MF,14838496,14838461,033,033,60358,60158,UBC Exchange @ Unloading Only,UBC Exchange @ Bay 1,60358,UBC Exchange,50730,51690,in_service_layover,56.70946264679853,68.25995874167516,65.14479797510427,960,16.0,14:05:30,14:21:30,True,3,,3
2160113,medium,33.0,84.0,40-ft,VTC,MF,14838497,14838444,033,033,60358,60158,UBC Exchange @ Unloading Only,UBC Exchange @ Bay 1,60358,UBC Exchange,51630,52470,in_service_layover,56.70946264679853,67.02374241686367,58.17253790316744,840,14.0,14:20:30,14:34:30,True,1,,3
2160110,medium,33.0,85.0,40-ft,VTC,MF,14838498,14838445,033,033,60358,60158,UBC Exchange @ Unloading Only,UBC Exchange @ Bay 1,60358,UBC Exchange,52590,53370,in_service_layover,56.70946264679853,66.37904378308063,54.53643760863116,780,13.0,14:36:30,14:49:30,True,2,,3
2160103,medium,33.0,86.0,40-ft,VTC,MF,14838499,14838411,033,033,60358,60158,UBC Exchange @ Unloading Only,UBC Exchange @ Bay 1,60358,UBC Exchange,53550,53910,in_service_layover,56.70946264679853,61.423842389019256,26.589101746124925,360,6.0,14:52:30,14:58:30,True,3,,3
2164530,medium,9.0,5.0,40-ft,VTC,MF,14901884,14901784,009,009,58895,58895,UBC Exchange @ Bay 9,UBC Exchange @ Bay 9,58895,UBC Exchange,54030,54810,in_service_layover,55.86754547810393,65.63931578275162,55.112784518213005,780,13.0,15:00:30,15:13:30,True,1,,3
2160109,medium,33.0,87.0,40-ft,VTC,MF,14838500,14838412,033,033,60358,60158,UBC Exchange @ Unloading Only,UBC Exchange @ Bay 1,60358,UBC Exchange,54390,54930,in_service_layover,53.78748964333787,60.84510239364823,39.804935911750476,540,9.0,15:06:30,15:15:30,True,2,,3
2164528,medium,9.0,6.0,40-ft,VTC,MF,14901885,14901786,009,009,58895,58895,UBC Exchange @ Bay 9,UBC Exchange @ Bay 9,58895,UBC Exchange,54690,55590,in_service_layover,60.207540927535554,70.46013746024119,57.82464444445975,900,15.0,15:11:30,15:26:30,True,3,,3
2164531,medium,9.0,7.0,40-ft,VTC,MF,14901887,14901789,009,009,58895,58895,UBC Exchange @ Bay 9,UBC Exchange @ Bay 9,58895,UBC Exchange,55770,56550,in_service_layover,57.382617893331414,66.96036271449033,54.01848079133629,780,13.0,15:29:30,15:42:30,True,1,,3
2160107,medium,33.0,81.0,40-ft,VTC,MF,14838502,14838414,033,033,60358,60158,UBC Exchange @ Unloading Only,UBC Exchange @ Bay 1,60358,UBC Exchange,56130,56790,in_service_layover,48.8572068599801,57.441686535126024,48.41646536782304,660,11.0,15:35:30,15:46:30,True,2,,3
2164534,medium,9.0,8.0,40-ft,VTC,MF,14901889,14901791,009,009,58895,58895,UBC Exchange @ Bay 9,UBC Exchange @ Bay 9,58895,UBC Exchange,56790,57450,in_service_layover,55.86754547810393,64.27094084377197,47.39514986236776,660,11.0,15:46:30,15:57:30,True,3,,3
2160114,medium,33.0,88.0,40-ft,VTC,MF,14838503,14838418,033,033,60358,60158,UBC Exchange @ Unloading Only,UBC Exchange @ Bay 1,60358,UBC Exchange,57030,57690,in_service_layover,56.00024599167804,64.39245337187934,47.332049624335355,660,11.0,15:50:30,16:01:30,True,1,,3
2160104,medium,33.0,82.0,40-ft,VTC,MF,14838504,14838466,033,033,60358,60158,UBC Exchange @ Unloading Only,UBC Exchange @ Bay 1,60358,UBC Exchange,57870,58590,in_service_layover,49.573321322202126,58.9518094970668,52.89467330623677,720,12.0,16:04:30,16:16:30,True,2,,3
2164521,medium,9.0,1.0,40-ft,VTC,MF,14901895,14901796,009,009,58895,58895,UBC Exchange @ Bay 9,UBC Exchange @ Bay 9,58895,UBC Exchange,59310,59610,in_service_layover,39.07436181564849,42.863104524107456,21.368508875708557,300,5.0,16:28:30,16:33:30,True,3,,3
2160105,medium,33.0,83.0,40-ft,VTC,MF,14838505,14838420,033,033,60358,60158,UBC Exchange @ Unloading Only,UBC Exchange @ Bay 1,60358,UBC Exchange,59670,60390,in_service_layover,58.74717740820592,67.48378978817846,49.274493823045134,720,12.0,16:34:30,16:46:30,True,1,,3
2160113,medium,33.0,84.0,40-ft,VTC,MF,14838506,14838421,033,033,60358,60158,UBC Exchange @ Unloading Only,UBC Exchange @ Bay 1,60358,UBC Exchange,60570,61290,in_service_layover,57.51096108339443,66.42153836771062,50.25565588354334,720,12.0,16:49:30,17:01:30,True,2,,3
2160110,medium,33.0,85.0,40-ft,VTC,MF,14838507,14838422,033,033,60358,60158,UBC Exchange @ Unloading Only,UBC Exchange @ Bay 1,60358,UBC Exchange,61470,62190,in_service_layover,56.86626244961139,65.85551535602711,50.699386392184635,720,12.0,17:04:30,17:16:30,True,3,,3
2160103,medium,33.0,86.0,40-ft,VTC,MF,14838523,14838423,033,033,60358,60158,UBC Exchange @ Unloading Only,UBC Exchange @ Bay 1,60358,UBC Exchange,62370,63210,in_service_layover,51.911061055550014,62.71033639943996,60.9079129395393,840,14.0,17:19:30,17:33:30,True,1,,3
2164525,medium,9.0,3.0,40-ft,VTC,MF,14901903,14901802,009,009,58895,58895,UBC Exchange @ Bay 9,UBC Exchange @ Bay 9,58895,UBC Exchange,62550,62850,in_service_layover,40.7866888005296,44.582879228008295,21.410514010979796,300,5.0,17:22:30,17:27:30,True,2,,3
2160109,medium,33.0,87.0,40-ft,VTC,MF,14838508,14838424,033,033,60358,60158,UBC Exchange @ Unloading Only,UBC Exchange @ Bay 1,60358,UBC Exchange,63270,64110,in_service_layover,51.332321060179,62.16308384929362,61.08550213060647,840,14.0,17:34:30,17:48:30,True,3,,3
2164530,medium,9.0,5.0,40-ft,VTC,MF,14901906,14901804,009,009,58895,58895,UBC Exchange @ Bay 9,UBC Exchange @ Bay 9,58895,UBC Exchange,63750,64530,in_service_layover,55.32890811655417,65.15867487053191,55.43988449243449,780,13.0,17:42:30,17:55:30,True,2,,3
2164528,medium,9.0,6.0,40-ft,VTC,MF,14901908,14901805,009,009,58895,58895,UBC Exchange @ Bay 9,UBC Exchange @ Bay 9,58895,UBC Exchange,64590,65430,in_service_layover,60.149729794043715,69.84562225062348,54.68483345510981,840,14.0,17:56:30,18:10:30,True,1,,3
2160107,medium,33.0,81.0,40-ft,VTC,MF,14838510,14838447,033,033,60358,60158,UBC Exchange @ Unloading Only,UBC Exchange @ Bay 1,60358,UBC Exchange,65010,65970,in_service_layover,47.92890520165678,60.334009220155295,69.9647866643316,960,16.0,18:03:30,18:19:30,True,3,,3
2160104,medium,33.0,82.0,40-ft,VTC,MF,14838474,14838448,033,033,60358,60158,UBC Exchange @ Unloading Only,UBC Exchange @ Bay 1,60358,UBC Exchange,66810,67050,in_service_layover,49.439028163597555,52.5207034083984,17.380648380676746,240,4.0,18:33:30,18:37:30,True,2,,3
2160108,medium,33.0,94.0,40-ft,VTC,MF,14838511,14838450,033,033,60358,60158,UBC Exchange @ Unloading Only,UBC Exchange @ Bay 1,60358,UBC Exchange,67710,67950,in_service_layover,67.74765835241585,70.45136109491534,15.24888346769717,240,4.0,18:48:30,18:52:30,True,1,,3
2160105,medium,33.0,83.0,40-ft,VTC,MF,14838512,14838451,033,033,60358,60158,UBC Exchange @ Unloading Only,UBC Exchange @ Bay 1,60358,UBC Exchange,68610,69030,in_service_layover,57.971008454709214,63.37018936153128,30.451380314476467,420,7.0,19:03:30,19:10:30,True,3,,3
2160262,medium,84.0,20.0,40-ft,VTC,MF,14840847,14840791,084,084,60358,60159,UBC Exchange @ Unloading Only,UBC Exchange @ Bay 2,60358,UBC Exchange,69690,70050,in_service_layover,68.0099353977448,71.94034848149542,22.167529792353548,360,6.0,19:21:30,19:27:30,True,2,,3
2159970,medium,25.0,35.0,40-ft,VTC,MF,14836634,14836566,025,025,60358,60164,UBC Exchange @ Unloading Only,UBC Exchange @ Bay 6,60358,UBC Exchange,71130,71550,in_service_layover,65.06630723103322,69.86990342165686,27.092282515117233,420,7.0,19:45:30,19:52:30,True,1,,3
2160109,medium,33.0,87.0,40-ft,VTC,MF,14838514,14838432,033,033,60358,60158,UBC Exchange @ Unloading Only,UBC Exchange @ Bay 1,60358,UBC Exchange,71310,71850,in_service_layover,52.65030251582438,59.72148637790534,39.88147698213669,540,9.0,19:48:30,19:57:30,True,3,,3
2160268,medium,84.0,21.0,40-ft,VTC,MF,14840831,14840793,084,084,60358,60159,UBC Exchange @ Unloading Only,UBC Exchange @ Bay 2,60358,UBC Exchange,72150,72450,in_service_layover,69.18225006343295,72.41855348127224,18.252751276613594,300,5.0,20:02:30,20:07:30,True,2,,3
2160107,medium,33.0,81.0,40-ft,VTC,MF,14838515,14838455,033,033,60358,60158,UBC Exchange @ Unloading Only,UBC Exchange @ Bay 1,60358,UBC Exchange,72810,73650,in_service_layover,50.821227886686046,61.67519821753803,61.21639266600516,840,14.0,20:13:30,20:27:30,True,1,,3
2160262,medium,84.0,20.0,40-ft,VTC,MF,14840833,14840795,084,084,60358,60159,UBC Exchange @ Unloading Only,UBC Exchange @ Bay 2,60358,UBC Exchange,74430,74850,in_service_layover,66.59366998806823,71.25497842601817,26.289779590037654,420,7.0,20:40:30,20:47:30,True,3,,3
2160108,medium,33.0,94.0,40-ft,VTC,MF,14838516,14838456,033,033,60358,60158,UBC Exchange @ Unloading Only,UBC Exchange @ Bay 1,60358,UBC Exchange,74550,75450,in_service_layover,60.9385797614461,71.04612643162868,57.00656321982973,900,15.0,20:42:30,20:57:30,True,2,,3
2160110,medium,33.0,85.0,40-ft,VTC,MF,14838517,14838457,033,033,60358,60158,UBC Exchange @ Unloading Only,UBC Exchange @ Bay 1,60358,UBC Exchange,76350,77250,in_service_layover,46.82995268908863,58.50012213035127,65.81975564872135,900,15.0,21:12:30,21:27:30,True,1,,3
2160268,medium,84.0,21.0,40-ft,VTC,MF,14840835,14840797,084,084,60358,60159,UBC Exchange @ Unloading Only,UBC Exchange @ Bay 2,60358,UBC Exchange,76890,77310,in_service_layover,67.67772149568094,72.23455560356572,25.70054436847016,420,7.0,21:21:30,21:28:30,True,3,,3
2160109,medium,33.0,87.0,40-ft,VTC,MF,14838518,14838458,033,033,60358,60158,UBC Exchange @ Unloading Only,UBC Exchange @ Bay 1,60358,UBC Exchange,78150,79050,in_service_layover,50.208705044436094,61.81184532419335,65.44171117783088,900,15.0,21:42:30,21:57:30,True,2,,3
2160107,medium,33.0,81.0,40-ft,VTC,MF,14838519,14838459,033,033,60358,60158,UBC Exchange @ Unloading Only,UBC Exchange @ Bay 1,60358,UBC Exchange,79950,80850,in_service_layover,52.16241688406878,63.64643319576193,64.76985199794933,900,15.0,22:12:30,22:27:30,True,1,,3
2160108,medium,33.0,94.0,40-ft,VTC,MF,14838520,14838460,033,033,60358,60158,UBC Exchange @ Unloading Only,UBC Exchange @ Bay 1,60358,UBC Exchange,81750,82650,in_service_layover,61.53334509815943,71.52190853328277,56.33549777409564,900,15.0,22:42:30,22:57:30,True,3,,3
2160110,medium,33.0,85.0,40-ft,VTC,MF,14901982,14901981,033,033,60358,60158,UBC Exchange @ Unloading Only,UBC Exchange @ Bay 1,60358,UBC Exchange,83550,84450,in_service_layover,48.98734079688204,60.631418663031,65.67259916508016,900,15.0,23:12:30,23:27:30,True,2,,3
2160262,medium,84.0,20.0,40-ft,VTC,MF,14840750,14840847,084,084,59767,59803,VCC-Clark Station @ Unloading Only,VCC-Clark Station @ Bay 1,59767,VCC-Clark Station,66990,67290,in_service_layover,69.12885818511825,72.36899502253475,18.274371763029023,300,5.0,18:36:30,18:41:30,True,1,,1
2160268,medium,84.0,21.0,40-ft,VTC,MF,14840804,14840831,084,084,59767,59803,VCC-Clark Station @ Unloading Only,VCC-Clark Station @ Bay 1,59767,VCC-Clark Station,69570,69990,in_service_layover,69.12885818511825,73.5413096882229,24.886226477510206,420,7.0,19:19:30,19:26:30,True,1,,1
2160262,medium,84.0,20.0,40-ft,VTC,MF,14840791,14840833,084,084,59767,59803,VCC-Clark Station @ Unloading Only,VCC-Clark Station @ Bay 1,59767,VCC-Clark Station,72210,72390,in_service_layover,68.94825177246351,70.95272961285816,11.305255019825893,180,3.0,20:03:30,20:06:30,True,1,,1
2160268,medium,84.0,21.0,40-ft,VTC,MF,14840793,14840835,084,084,59767,59803,VCC-Clark Station @ Unloading Only,VCC-Clark Station @ Bay 1,59767,VCC-Clark Station,74610,74850,in_service_layover,69.42645677224031,72.03678112047088,14.722229324020361,240,4.0,20:43:30,20:47:30,True,1,,1
2160262,medium,84.0,20.0,40-ft,VTC,MF,14840795,14840837,084,084,59767,59803,VCC-Clark Station @ Unloading Only,VCC-Clark Station @ Bay 1,59767,VCC-Clark Station,76890,77250,in_service_layover,68.26288171698624,72.17203129453634,22.047603617382492,360,6.0,21:21:30,21:27:30,True,1,,1
