shape_id,distance_km,pack_used_kwh_heavy_duty,pack_used_kwh_medium_duty,kwh_per_km_heavy_duty,kwh_per_km_medium_duty,route_id,route_short_name,route_long_name,route_direction
307253,6.650718965969092,18.399469464102225,11.631798372007971,2.75755292064433,1.7489535239011673,6612,002,Macdonald/Burrard Station,EAST
307254,10.648862583436799,26.116058616835698,16.42328532170471,2.4436227104356942,1.5422572310445086,6612,002,Macdonald/Burrard Station,EAST
307255,6.405752479838995,17.45424484603307,11.113196457037404,2.7133618625009484,1.7348775951013218,6612,002,Macdonald/Burrard Station,WEST
307256,10.050674992213294,26.50525093255787,17.055095372608115,2.627123959839132,1.6969104449026018,6612,002,Macdonald/Burrard Station,WEST
307257,10.627708974150423,32.03318416106756,20.273894478681118,2.998524877339383,1.9076448675808617,6613,003,Main/Waterfront Station,NORTH
307258,10.111965488211009,29.544665996807076,18.047831781273064,2.909904497621791,1.7847995824663416,6613,003,Main/Waterfront Station,SOUTH
307259,12.477229407154324,27.156602704296994,16.932153658015487,2.176711079481833,1.357044348988787,6614,004,Powell/Downtown/UBC,EAST
307260,18.885056331731597,45.22983444267752,28.40399307748434,2.3836479583922636,1.5040459810415583,6614,004,Powell/Downtown/UBC,EAST
307261,12.442578916185806,27.156602704296994,16.750239915569598,2.176711079481833,1.3462032291215942,6614,004,Powell/Downtown/UBC,EAST
307262,13.674600605914787,30.026209643985762,18.296199073943175,2.188510035366734,1.337969539383064,6614,004,Powell/Downtown/UBC,EAST
307263,16.30052511135308,40.567345042379,24.895026700742054,2.4787410507111276,1.5272530504801365,6614,004,Powell/Downtown/UBC,EAST
307264,6.330554558088607,18.6557515546259,11.530854938211938,2.915970955112766,1.8214604790790185,6614,004,Powell/Downtown/UBC,EAST
307265,17.814950302726984,49.35162980427533,31.962868854005563,2.7582393810341124,1.7941598663406273,6614,004,Powell/Downtown/UBC,WEST
307266,12.390420931777228,34.83384673072644,23.398832139143593,2.802858141077451,1.8884614387178342,6614,004,Powell/Downtown/UBC,WEST
307267,12.361671477205736,34.83384673072644,23.406996397418943,2.802858141077451,1.8935138699147764,6614,004,Powell/Downtown/UBC,WEST
307268,12.405212967557343,34.83384673072644,23.124519101408385,2.802858141077451,1.864096905219172,6614,004,Powell/Downtown/UBC,WEST
307269,12.341292898724706,34.22417982955752,23.168358945817452,2.7762307873380734,1.8773040341836118,6614,004,Powell/Downtown/UBC,WEST
307270,12.368966067605628,34.83384673072644,23.32371404562166,2.802858141077451,1.8856640011897647,6614,004,Powell/Downtown/UBC,WEST
307271,12.271742440082159,34.22417982955752,22.776547589606555,2.7762307873380734,1.8560157777768733,6614,004,Powell/Downtown/UBC,WEST
307272,9.234934232837974,27.95623331698565,18.60379186408088,3.0145522554665587,2.01450182481308,6614,004,Powell/Downtown/UBC,WEST
307273,14.920214970260437,44.28187155033445,28.33414601180241,2.943349369310844,1.8990440867158518,6614,004,Powell/Downtown/UBC,WEST
307274,17.76523353980916,49.35936403252867,31.941705990072748,2.7579463960912314,1.7979896475042836,6614,004,Powell/Downtown/UBC,WEST
307275,2.151545637903522,8.24705800478807,5.21763875812247,3.77847102849436,2.4250653419588004,6615,005,Robson/Downtown,EAST
307276,3.518722744218958,12.92753141802571,7.739043817258709,3.6059808161767912,2.1993900570806484,6615,005,Robson/Downtown,EAST
307277,3.5106666744425485,12.92753141802571,7.495710458569291,3.6059808161767912,2.13512450872583,6615,005,Robson/Downtown,EAST
307278,3.1558781073673936,10.790276245837205,5.956412073953443,3.385244376804289,1.887402450699286,6615,005,Robson/Downtown,WEST
307279,2.056954027023086,6.241600014725938,3.4383277294121024,2.9950478677929353,1.6715627496975227,6615,005,Robson/Downtown,WEST
307280,3.6921759176465874,12.477236140706536,7.423197840617196,3.3521680425671123,2.010521168598267,6615,005,Robson/Downtown,WEST
307282,3.1507222019548613,11.32536819316395,7.147712711100294,3.566886180901236,2.2685950245519915,6616,006,Davie/Downtown,EAST
307283,1.4787806670290176,4.175619375574767,2.135170602796843,2.8180062895124176,1.4438724081283554,6616,006,Davie/Downtown,WEST
307284,3.2397879963925917,10.506635990549995,5.969332340339793,3.2067832733956574,1.8425070859532997,6616,006,Davie/Downtown,WEST
307285,8.858283424854054,25.37847362565466,16.017174448746363,2.861334951013268,1.8081578202619155,6617,007,Nanaimo Station/Dunbar,EAST
307286,18.814814869890295,51.81751951558637,33.073309927825946,2.740381449344169,1.757833396530188,6617,007,Nanaimo Station/Dunbar,EAST
307287,3.653142964064722,9.746144802375552,6.572384028523983,2.6573720357419877,1.7991039751729632,6617,007,Nanaimo Station/Dunbar,EAST
307288,20.059336259988108,54.68838344338826,34.40221799086368,2.7120577850595944,1.7150227477608513,6617,007,Nanaimo Station/Dunbar,EAST
307289,18.822932693795675,51.81751951558637,33.3342080726064,2.740381449344169,1.7709359436637557,6617,007,Nanaimo Station/Dunbar,EAST
307290,20.092581373117945,54.68838344338826,35.24211787893376,2.7120577850595944,1.7539865696940526,6617,007,Nanaimo Station/Dunbar,EAST
307291,18.897820656464305,51.50603759277789,31.71447051321031,2.7055628539127072,1.6782078256395063,6617,007,Nanaimo Station/Dunbar,WEST
307292,19.000889623382612,52.0989234927206,32.964273370894645,2.7229850343445454,1.7348805252954371,6617,007,Nanaimo Station/Dunbar,WEST
307293,9.216048471915983,24.359212238632004,14.536870355437756,2.626852358416328,1.5773430879553083,6617,007,Nanaimo Station/Dunbar,WEST
307294,10.546352269550429,30.577774991761885,19.43315095952421,2.885135027689562,1.8426419356038264,6617,007,Nanaimo Station/Dunbar,WEST
307295,10.533018272027268,30.577774991761885,19.72285757996534,2.885135027689562,1.872479195478441,6617,007,Nanaimo Station/Dunbar,WEST
307296,18.9597655338352,51.50603759277789,32.60828250737338,2.7055628539127072,1.7198673923040517,6617,007,Nanaimo Station/Dunbar,WEST
307297,19.020799398994722,52.0989234927206,32.48777461924233,2.7229850343445454,1.7080131038530042,6617,007,Nanaimo Station/Dunbar,WEST
307298,3.820818255262917,8.981400945331485,5.637952575294764,2.335539946729931,1.4755877402775879,6617,007,Nanaimo Station/Dunbar,WEST
307299,18.931261450796356,51.642311099365294,31.83374132478225,2.7119175061903253,1.6815435890270873,6617,007,Nanaimo Station/Dunbar,WEST
307300,18.99960420451613,52.235196999307995,32.81242849230572,2.7293026988964026,1.7270058964968509,6617,007,Nanaimo Station/Dunbar,WEST
307302,18.915983751277423,51.649657986840495,32.39340189025528,2.711638849650026,1.7124883546206104,6617,007,Nanaimo Station/Dunbar,WEST
307303,2.360106588642944,3.605532203187386,0.8719134236684039,1.509834648060647,0.36943815498170024,6618,008,Fraser/Waterfront Station,EAST
307304,2.3549951014417854,3.605532203187386,0.8315935784981969,1.509834648060647,0.3531190268672215,6618,008,Fraser/Waterfront Station,EAST
307305,9.531296985810522,29.539360914250633,18.419934098859848,3.086222702661958,1.9325737227873667,6618,008,Fraser/Waterfront Station,EAST
307306,9.524518069182417,29.539360914250633,17.895586627214527,3.086222702661958,1.878896811075154,6618,008,Fraser/Waterfront Station,EAST
307307,9.490890647478794,29.539360914250633,17.747999572215534,3.086222702661958,1.8700035888549824,6618,008,Fraser/Waterfront Station,EAST
307308,10.285102959708885,32.04162960106241,19.33711503402495,3.0920985574597193,1.8801090382640446,6618,008,Fraser/Waterfront Station,WEST
307309,10.172207918885741,31.99380118247017,19.452304231286032,3.1101796397295978,1.9122991179890105,6618,008,Fraser/Waterfront Station,WEST
307310,2.8519025293821114,13.456907112632683,9.337904743768181,4.6728750939570505,3.2742720508724106,6618,008,Fraser/Waterfront Station,WEST
307311,7.676423325396203,19.666101419264546,11.17957825006164,2.5485987300134014,1.4563524933644314,6618,008,Fraser/Waterfront Station,WEST
307314,11.882140099261374,33.813925155857916,21.042599246966375,2.840504346046747,1.7709435397310658,6619,009,Boundary/Commercial-Broadway/Granville/Alma/UBC,EAST
307315,16.623515370379632,41.163119183445765,25.21455098116616,2.4671418059668775,1.5168001724890476,6619,009,Boundary/Commercial-Broadway/Granville/Alma/UBC,EAST
307318,11.849062687848589,33.813925155857916,21.230926296992898,2.840504346046747,1.7917810763855242,6619,009,Boundary/Commercial-Broadway/Granville/Alma/UBC,EAST
307321,8.821604249486871,23.823430187544346,14.319199864299218,2.68231069150277,1.6231968085773205,6619,009,Boundary/Commercial-Broadway/Granville/Alma/UBC,EAST
307322,4.0447709908908935,11.248515854175634,6.786152908860859,2.7579183040382245,1.677759488520796,6619,009,Boundary/Commercial-Broadway/Granville/Alma/UBC,EAST
307325,8.469465414388527,25.343069706430107,16.179817779888168,2.971887803785923,1.9103706064376567,6619,009,Boundary/Commercial-Broadway/Granville/Alma/UBC,WEST
307326,11.8717245389234,33.88437161247893,20.98255883148929,2.8433689939148414,1.7674398325782004,6619,009,Boundary/Commercial-Broadway/Granville/Alma/UBC,WEST
307329,7.060213801933336,20.47475510973044,12.57428156554113,2.877183237880096,1.7810057766377907,6619,009,Boundary/Commercial-Broadway/Granville/Alma/UBC,WEST
307332,8.636606985554835,25.806311673463572,16.592632684989972,2.9636288123566725,1.9211980715044688,6619,009,Boundary/Commercial-Broadway/Granville/Alma/UBC,WEST
307334,11.886066392178487,33.88437161247893,21.376384290323394,2.8433689939148414,1.7984405929610086,6619,009,Boundary/Commercial-Broadway/Granville/Alma/UBC,WEST
307335,16.76762032375274,48.073411043290484,31.571597874290674,2.863675211844028,1.8828907897900609,6619,009,Boundary/Commercial-Broadway/Granville/Alma/UBC,WEST
307336,8.481739591717455,25.343069706430107,16.0218788537132,2.971887803785923,1.8889849989451226,6619,009,Boundary/Commercial-Broadway/Granville/Alma/UBC,WEST
307338,5.984056577176297,17.10139939473098,10.385179518138033,2.867679364794161,1.735474821168636,6619,009,Boundary/Commercial-Broadway/Granville/Alma/UBC,WEST
307339,11.6211565834431,30.87117836129868,20.10012076124612,2.641456925963412,1.7296144851781083,6620,010,Granville/Waterfront Station,NORTH
307340,11.642121417736286,30.977784172286412,20.2085845180068,2.6520562985813165,1.7358163338873844,6620,010,Granville/Waterfront Station,NORTH
307341,12.218843078965248,32.49211670142039,20.50673841231232,2.6548815053946755,1.6782880572068801,6620,010,Granville/Waterfront Station,NORTH
307342,13.396145417342279,35.33703336192523,22.326408621827607,2.6190122405743828,1.6666293121097697,6620,010,Granville/Waterfront Station,NORTH
307344,8.900340892312743,23.662827862083255,15.393530661782908,2.6443138439235727,1.7295439408481934,6620,010,Granville/Waterfront Station,NORTH
307346,13.378018102071376,35.230419883831814,22.429124615424296,2.6098508890938916,1.6765655752814013,6620,010,Granville/Waterfront Station,NORTH
307347,10.371723529661843,26.3030764432722,16.557584898532596,2.5274606427981685,1.596415952582997,6620,010,Granville/Waterfront Station,SOUTH
307348,10.256434597625391,25.682833092823355,15.567022544653515,2.494958048371949,1.5177810960016895,6620,010,Granville/Waterfront Station,SOUTH
307349,12.361326203730897,30.928389500137893,18.997683207390835,2.496812964100522,1.5368644831698521,6620,010,Granville/Waterfront Station,SOUTH
307350,12.202422918633854,30.24622314586176,19.374224339543545,2.463799634868282,1.5877358512101647,6620,010,Granville/Waterfront Station,SOUTH
307351,12.358077068434087,30.928389500137893,19.42247103917941,2.496812964100522,1.5716418445706024,6620,010,Granville/Waterfront Station,SOUTH
307352,12.241629207522838,30.24622314586176,19.028954425271827,2.463799634868282,1.5544462344585621,6620,010,Granville/Waterfront Station,SOUTH
307361,19.54478230171365,50.936004659681984,31.274502820495368,2.5928653601157237,1.6001458771814143,16718,014,Hastings/UBC,EAST
307362,17.253947693748437,46.77490158708226,29.02021903257393,2.6998584321139325,1.6819466215890249,16718,014,Hastings/UBC,EAST
307363,13.198150912198631,30.633426744037134,18.59819642755125,2.3100508996254523,1.4091516721756476,16718,014,Hastings/UBC,EAST
307364,11.943717010396716,27.871907488572358,16.485940150165415,2.3190520115471944,1.3803023075492165,16718,014,Hastings/UBC,EAST
307365,11.058586899041638,30.62875250869271,,2.7696805015247534,,16718,014,Hastings/UBC,EAST
307375,18.627136890245623,50.746656461965976,,2.724340125966445,,16718,014,Hastings/UBC,WEST
307376,12.49600024722933,35.43257893950928,22.941743963320235,2.8215987757584076,1.8359269773867828,16718,014,Hastings/UBC,WEST
307377,12.378185224558267,35.712093413392424,23.398378519075894,2.86252611784653,1.89029151645377,16718,014,Hastings/UBC,WEST
307379,6.787560356094456,17.67304419818296,11.302365072250597,2.5838081931918984,1.6651586843131878,6621,015,Cambie/Olympic Village Station,NORTH
307380,6.813903604473634,17.823034448909752,11.187852211388021,2.6007833236037152,1.641915245769355,6621,015,Cambie/Olympic Village Station,SOUTH
307382,5.376825303291962,17.420491590796367,11.677084676796225,3.227726362831646,2.171743364927056,6622,016,29th Avenue Station/Arbutus,EAST
307394,21.503729709100938,60.091001973043646,38.14459103882761,2.7840363041318428,1.7738593050992373,6622,016,29th Avenue Station/Arbutus,EAST
307395,20.307421352001032,57.368470986590864,37.011805389977496,2.817683336158429,1.822575340730322,6622,016,29th Avenue Station/Arbutus,EAST
307396,21.488414062152536,60.091001973043646,39.151098272673146,2.7840363041318428,1.8219631360152273,6622,016,29th Avenue Station/Arbutus,EAST
307397,20.340883216926958,57.19883948430594,37.3639537700138,2.810011914931782,1.8368894492703665,6622,016,29th Avenue Station/Arbutus,EAST
307398,23.020963264020114,63.692092024957226,41.07001321204127,2.7637892881291077,1.7840267038795177,6622,016,29th Avenue Station/Arbutus,EAST
307399,21.77404342329131,60.95605936358589,38.721537919806835,2.790270286347578,1.7783347432102155,6622,016,29th Avenue Station/Arbutus,EAST
307400,14.19490151660231,41.08694384074705,,2.8944860091274247,,6622,016,29th Avenue Station/Arbutus,EAST
307401,12.197601646675874,29.205521226312083,18.692195464473787,2.3851319766922594,1.5324484276437933,6622,016,29th Avenue Station/Arbutus,EAST
307402,23.087539082374672,64.03176268447828,41.18139279574654,2.7636157251889704,1.7837064681867696,6622,016,29th Avenue Station/Arbutus,EAST
307403,21.837597747763528,61.30308521815204,39.33067344068585,2.7901369906184765,1.801053114677591,6622,016,29th Avenue Station/Arbutus,EAST
307411,6.55198942372991,15.76629975104092,9.607950544458948,2.3970953580061516,1.46641728536084,6622,016,29th Avenue Station/Arbutus,WEST
307413,20.482693404672027,53.60817190604062,33.412906934147934,2.6035503332260785,1.6312750610486886,6622,016,29th Avenue Station/Arbutus,WEST
307414,20.422275993581856,53.82575781210539,34.242385125765885,2.6282502605953764,1.6767173813793967,6622,016,29th Avenue Station/Arbutus,WEST
307415,20.462265463413267,53.60817190604062,32.824220513724335,2.6035503332260785,1.6041342329574584,6622,016,29th Avenue Station/Arbutus,WEST
307416,20.345251501467196,53.82575781210539,33.61743778645443,2.6282502605953764,1.6523481060939509,6622,016,29th Avenue Station/Arbutus,WEST
307417,21.710065404156826,56.868023043794615,34.96501575309121,2.61945454648699,1.6105440081445566,6622,016,29th Avenue Station/Arbutus,WEST
307418,21.653386433773036,56.645286022126434,35.24098170082621,2.5982819542804987,1.6275044002290766,6622,016,29th Avenue Station/Arbutus,WEST
307421,10.546646184130768,27.442549498750296,17.771729163243567,2.6014654449345107,1.6850597671498804,6623,017,Downtown/Oak,NORTH
307422,12.5668384578652,31.6946780737252,19.850735931241964,2.520041715563944,1.5796125650694581,6623,017,Downtown/Oak,SOUTH
307423,13.115580140963047,32.751449711240454,20.25631083333218,2.5015688974933457,1.5444464229277168,6623,017,Downtown/Oak,SOUTH
307424,12.546630184530434,31.6946780737252,19.413161198684993,2.520041715563944,1.547280896397246,6623,017,Downtown/Oak,SOUTH
307425,13.088167810685519,32.751449711240454,20.584699907198676,2.5015688974933457,1.572771697685049,6623,017,Downtown/Oak,SOUTH
307427,15.030384793015877,48.38766847810552,,3.2193233336640636,,6624,019,Metrotown Station/Stanley Park,EAST
307428,8.960529836427451,29.77968442466032,19.971009695248252,3.302932595260729,2.22877553669423,6624,019,Metrotown Station/Stanley Park,EAST
307429,3.2112785079792023,10.575326950818093,7.16553333020966,3.2651881037032475,2.2313646457026852,6624,019,Metrotown Station/Stanley Park,EAST
307430,12.412939701781779,42.01267338878794,28.00810677612025,3.361703902641958,2.2563637179434544,6624,019,Metrotown Station/Stanley Park,EAST
307431,15.030384793015877,48.38766847810552,,3.2193233336640636,,6624,019,Metrotown Station/Stanley Park,EAST
307432,15.030384793015877,48.38766847810552,,3.2193233336640636,,6624,019,Metrotown Station/Stanley Park,EAST
307433,2.818688336010426,7.63411276575287,,2.708391938272324,,6624,019,Metrotown Station/Stanley Park,EAST
307436,3.3253339793005705,8.38244724158552,5.091752706094149,2.496437390300287,1.5312003960471712,6624,019,Metrotown Station/Stanley Park,WEST
307437,12.932096188076088,31.7591942269479,18.624567581129845,2.4530424202285186,1.4401816465224289,6624,019,Metrotown Station/Stanley Park,WEST
307438,11.860795237327581,28.35363473414504,16.434293614710832,2.381358903886439,1.3855979540890995,6624,019,Metrotown Station/Stanley Park,WEST
307439,3.3639604353950534,10.139164488763166,6.437658869815456,3.0011082690542126,1.9137142048638383,6624,019,Metrotown Station/Stanley Park,WEST
307440,14.841567978070406,36.6768759755736,21.522310820036186,2.45109709891486,1.4501372666174561,6624,019,Metrotown Station/Stanley Park,WEST
307441,14.831666263350737,36.6768759755736,21.680217951369183,2.45109709891486,1.4617520086021163,6624,019,Metrotown Station/Stanley Park,WEST
307442,14.840991414487917,36.684474107476255,21.65674252986253,2.4508375718371354,1.4592517389856456,6624,019,Metrotown Station/Stanley Park,WEST
307445,2.596014315496819,9.840773202830542,7.021405311140771,3.7833315566425334,2.7046866688009885,6625,020,Victoria/Downtown,NORTH
307446,10.421077704110754,27.623621438008012,16.230835461891207,2.6372352602373264,1.5575006657410015,6625,020,Victoria/Downtown,NORTH
307447,9.002708058534928,23.54491150847628,13.68343429647086,2.608047019681008,1.5199242502924901,6625,020,Victoria/Downtown,NORTH
307448,11.478673668177377,32.78223068814717,20.1046132628868,2.8473651452950945,1.751475287482328,6625,020,Victoria/Downtown,NORTH
307449,1.8075391187690868,4.854271432119757,2.9948963882525317,2.6631205959486643,1.656891603149381,6625,020,Victoria/Downtown,SOUTH
307450,11.747783761469885,37.852688175692826,24.058093928164766,3.2156917195453687,2.047883619297621,6625,020,Victoria/Downtown,SOUTH
307451,2.764456948694715,4.859332344198214,2.4892974237836873,1.7402681401347202,0.900465252301741,6625,020,Victoria/Downtown,SOUTH
307452,9.82466722148158,33.092024649259045,21.524434807479285,3.3488012040521657,2.190856374291867,6625,020,Victoria/Downtown,SOUTH
307453,10.340726636928142,34.20742984258706,21.66825137725333,3.2948777620538854,2.0954283135068144,6625,020,Victoria/Downtown,SOUTH
307454,12.144720665513741,36.72213265157226,23.040036562016276,3.0002906011306263,1.8971236306357355,6625,020,Victoria/Downtown,SOUTH
307455,12.601244162455266,37.85813909289585,23.43695793124898,2.9720049127993384,1.8598923748401086,6625,020,Victoria/Downtown,SOUTH
307456,12.198912239937071,36.72213265157226,22.557118036449182,3.0002906011306263,1.8491089691260494,6625,020,Victoria/Downtown,SOUTH
307457,12.63705721434654,37.85813909289585,23.618521530694665,2.9720049127993384,1.8689890478521487,6625,020,Victoria/Downtown,SOUTH
307458,2.439405196997072,3.628922847195489,1.5450031692956503,1.4855947226980468,0.6333524136119584,6626,022,Knight/Downtown,EAST
307459,5.81404693203365,15.496943453065958,10.070729607163047,2.670748803129891,1.7321376529790904,6626,022,Knight/Downtown,EAST
307460,13.771385017824567,32.58468638305221,20.47714700327262,2.3580571349453554,1.4869344642364335,6626,022,Knight/Downtown,EAST
307462,11.079149602633631,30.936015723554,19.202332978161913,2.7652259542869313,1.7331955670674684,6626,022,Knight/Downtown,EAST
307463,11.216435621500194,32.901447074839346,20.92891223980649,2.9353280094284337,1.8659147117725137,6626,022,Knight/Downtown,EAST
307464,11.368309632974004,33.01700718236522,20.432676327516454,2.8952936291481146,1.7973363663715736,6626,022,Knight/Downtown,EAST
307465,11.178808070582232,32.901447074839346,20.391639459782372,2.9353280094284337,1.8241336044979886,6626,022,Knight/Downtown,EAST
307466,11.317028497604555,33.01700718236522,20.322249262779344,2.8952936291481146,1.7957230793472774,6626,022,Knight/Downtown,EAST
307467,11.230186204349259,32.99003905791604,20.319595123261337,2.93071461273979,1.8093729483658878,6626,022,Knight/Downtown,WEST
307468,8.7498159454883,22.465001349292784,12.99323543708368,2.542626443011974,1.4849724289095965,6626,022,Knight/Downtown,WEST
307470,10.968772751827748,31.522954154731142,19.639679653240496,2.8642290387557012,1.7905083911933446,6626,022,Knight/Downtown,WEST
307471,11.216631604252251,32.997968886822285,20.54685076857965,2.9301977499531295,1.8318200591334648,6626,022,Knight/Downtown,WEST
307472,15.110038350629601,39.77780776679049,25.759592791955892,2.6254544729494813,1.7047999610724052,6626,022,Knight/Downtown,WEST
307473,5.376971145534521,14.482747409384249,8.521859196022346,2.649236902361176,1.5848809609290166,30055,023,Main St Station/English Bay,EAST
307474,5.270194329829899,14.798031592264723,9.608330919480872,2.7897314255655066,1.8231454701957812,30055,023,Main St Station/English Bay,WEST
307475,17.086139929874555,37.76567233397556,,2.2103103737283294,,6627,025,Brentwood Station/UBC,EAST
307476,13.442826734139269,29.404825588474363,18.473852650240346,2.1884417672857017,1.374253571484659,6627,025,Brentwood Station/UBC,EAST
307478,16.75184879460952,36.081688662446005,23.653183181529066,2.1594601389155894,1.4119744913851113,6627,025,Brentwood Station/UBC,EAST
307479,23.29572409337228,49.93350844837935,32.6206312427935,2.142306354160325,1.400284065524033,6627,025,Brentwood Station/UBC,EAST
307481,17.129161661358825,40.134175150908206,27.336339429398777,2.3374983248327617,1.5958947653034314,6627,025,Brentwood Station/UBC,WEST
307482,19.70547630983567,44.128573059637844,28.96114921839688,2.2372347364780745,1.4697005422772444,6627,025,Brentwood Station/UBC,WEST
307483,13.944397336815475,34.90195019371743,22.8710707375815,2.5104049397151957,1.6401620080918202,6627,025,Brentwood Station/UBC,WEST
307484,23.85521670546123,56.243159895598936,37.93506625971868,2.3584584097991077,1.5902209872205486,6627,025,Brentwood Station/UBC,WEST
307485,10.622876079780315,27.587597308084998,17.76877007837072,2.5976247842820452,1.6726891987558783,6628,026,Joyce Station/29th Avenue Station,EAST
307486,8.332083827150713,21.3909784647066,13.56843872069264,2.564146827610559,1.6284568185066592,6628,026,Joyce Station/29th Avenue Station,EAST
307487,10.75004259117382,25.996020619228048,17.058646400739924,2.414788213988632,1.5868445409458842,6628,026,Joyce Station/29th Avenue Station,WEST
307488,4.5147389254690875,11.671915673408295,7.322127269663161,2.565010509424136,1.6218273947927968,6629,027,Kootenay Loop/Joyce Station,NORTH
307489,7.5143381398348055,17.942934900241816,10.299584972897245,2.3644370611252747,1.370657638933942,6629,027,Kootenay Loop/Joyce Station,NORTH
307490,6.085627544027141,14.779413410154,8.76803545233309,2.426235393654146,1.4407775350857037,6629,027,Kootenay Loop/Joyce Station,NORTH
307491,3.1161263558436185,11.727784568457773,,3.763577990496072,,6629,027,Kootenay Loop/Joyce Station,SOUTH
307492,6.678214543369005,20.242546330584233,,3.031131479698215,,6629,027,Kootenay Loop/Joyce Station,SOUTH
307493,6.1159305641323565,18.485867215737876,12.251461481164364,3.0201480931814215,2.0032048030457705,6629,027,Kootenay Loop/Joyce Station,SOUTH
307494,12.222925815307015,21.534747611374417,13.702966041192804,1.7613699647760643,1.12108722970668,6630,028,Phibbs Exchange/Joyce Station,NORTH
307495,4.882302883675097,7.750844709681423,5.209663936435776,1.5905227534662914,1.067050541631752,6630,028,Phibbs Exchange/Joyce Station,NORTH
307497,8.550403009503373,19.10360672804985,12.253653599470333,2.231494208896744,1.4331083091464776,6630,028,Phibbs Exchange/Joyce Station,NORTH
307499,11.832109817095269,30.837330975904194,21.879810567057774,2.6030106756924205,1.849189274379907,6630,028,Phibbs Exchange/Joyce Station,SOUTH
307501,3.356175583822718,8.512932874366696,6.5335687487611205,2.5345202473426824,1.9467303141867565,6630,028,Phibbs Exchange/Joyce Station,SOUTH
307502,7.334927070650466,21.37464696399819,14.792885406259156,2.9009853523554017,2.0167733453616075,6630,028,Phibbs Exchange/Joyce Station,SOUTH
307503,4.1408387201059,11.192883540020881,7.538751892611239,2.7060999825087473,1.8205857320660002,6631,029,Elliott/29th Avenue Station,NORTH
307504,4.783935418545617,11.632776866682308,7.275772717238848,2.413825542681552,1.520876032112236,6631,029,Elliott/29th Avenue Station,SOUTH
307505,5.051256384752251,18.98339749541642,14.034264808937351,3.7506091878544527,2.7783711100670434,39304,031,Metrotown Station/River District,NORTH
307506,5.667434777374212,6.283350600584732,2.5695908668120846,1.1026384885002323,0.45339575447264446,39304,031,Metrotown Station/River District,SOUTH
307507,17.637618153800975,39.058461895160384,25.717884044737218,2.211402860807296,1.4581268185123348,11201,033,29th Avenue Station/UBC,EAST
307508,17.84692942346305,39.796568040506166,25.86082644983518,2.2248993870820395,1.4490350601059923,11201,033,29th Avenue Station/UBC,WEST
307509,7.328082410827314,20.3042712023711,12.769564759915134,2.7645326350802346,1.7425520134773562,6633,041,Joyce Station/Crown,EAST
307510,12.23811107832143,37.29955858281468,25.29230108741161,3.0331645143716486,2.06668340608661,6633,041,Joyce Station/Crown,EAST
307511,4.01795476997459,15.142488667697302,10.430924541744933,3.7124898988458868,2.596078138980867,6633,041,Joyce Station/Crown,EAST
307512,12.530620984058167,30.118584132782857,18.01041275319863,2.4048089050323784,1.4373120674635373,6633,041,Joyce Station/Crown,WEST
307513,7.847729599137897,20.27776177424183,12.675433826312833,2.5918379739014643,1.615172091009007,6633,041,Joyce Station/Crown,WEST
307514,7.723541220904004,20.174549746539018,12.694534006021483,2.602777474474063,1.6436157512389953,6633,041,Joyce Station/Crown,WEST
307515,7.167476789029291,18.330858384408725,11.384985276131527,2.560087168098825,1.5884230408053297,6633,041,Joyce Station/Crown,WEST
307518,12.023992765057503,23.610015070378836,15.07998751720572,1.9664325009465118,1.2541580664477057,6635,044,UBC/Downtown,EAST
307519,21.907550236801416,42.45099279684315,27.649283015054937,1.9353961925472487,1.2620892211219612,6635,044,UBC/Downtown,EAST
307520,11.948848590928854,30.1337451678182,20.925304232871834,2.5311234938047633,1.7512402198114376,6635,044,UBC/Downtown,WEST
307521,21.23785799298054,47.206648081672355,32.791087563593635,2.2301738180114787,1.5439922224939835,6635,044,UBC/Downtown,WEST
307522,10.401352550760457,28.491921493769343,19.062132595919994,2.740790806136791,1.8326590222659394,6636,049,Metrotown Station/Dunbar Loop/UBC,EAST
307525,14.256314476700853,41.00184375655687,27.97422256372972,2.8686709745042007,1.9622338304509273,6636,049,Metrotown Station/Dunbar Loop/UBC,EAST
307526,14.348585068405312,40.75660124298482,,2.8404613450512493,,6636,049,Metrotown Station/Dunbar Loop/UBC,EAST
307527,21.035685130058855,50.21297360013925,33.72211546015307,2.380447502193236,1.603090902514318,6636,049,Metrotown Station/Dunbar Loop/UBC,EAST
307534,11.369925570676209,26.252137368154003,16.23996715657497,2.2956909672499393,1.4283266021071344,6636,049,Metrotown Station/Dunbar Loop/UBC,WEST
307535,21.995448715425656,48.28097450004864,31.46406928331407,2.1909278714999347,1.4304809004077268,6636,049,Metrotown Station/Dunbar Loop/UBC,WEST
307537,6.839475582312174,17.505545968881425,11.371243085754044,2.5497443806850724,1.6625899089634364,6637,050,Waterfront Station/False Creek South,NORTH
307538,8.100043544879448,20.381381676254136,12.783111802238158,2.510551392299051,1.5781534668809498,6637,050,Waterfront Station/False Creek South,NORTH
307539,7.0710082822171465,19.233399347913977,12.004247441502852,2.697447471270187,1.6976712460784822,6637,050,Waterfront Station/False Creek South,SOUTH
307540,6.961641289169696,18.488414990503188,11.644768128342616,2.6286660744857024,1.6727044161925597,6637,050,Waterfront Station/False Creek South,SOUTH
307541,7.0764502480283245,19.233399347913977,11.809729050810887,2.697447471270187,1.6688775638748217,6637,050,Waterfront Station/False Creek South,SOUTH
307542,6.985708158762613,18.488414990503188,11.745677333831619,2.6286660744857024,1.6813867781032734,6637,050,Waterfront Station/False Creek South,SOUTH
307543,7.072600855669913,19.233399347913977,11.965448579135542,2.697447471270187,1.69180317443521,6637,050,Waterfront Station/False Creek South,SOUTH
307544,6.980078804225487,18.488414990503188,11.623204822844952,2.6286660744857024,1.66519679058762,6637,050,Waterfront Station/False Creek South,SOUTH
307545,6.587463148297561,12.489378906153576,8.354218552983317,1.8978788379840916,1.268199664258061,33538,068,UBC Exchange/Wesbrook Village,NORTH
307546,5.571616056841445,10.041453327249558,6.7299480044442666,1.8036657989087568,1.2078987381372939,33538,068,UBC Exchange/Wesbrook Village,SOUTH
307547,6.9571110698566905,14.662516525147332,9.901519277385612,2.1058045712596565,1.4232228259638195,45596,080,Marine Dr Station/River District,EAST
307548,7.267459321822452,15.138782911592623,9.928706847917928,2.0804671264733865,1.3661867797600713,45596,080,Marine Dr Station/River District,WEST
307549,13.623150177075765,27.000678029843737,16.620707526382827,1.9723347258204293,1.2200340824511482,6638,084,UBC/VCC-Clark Station,EAST
307550,13.552325660880284,34.27844131223074,23.596916450113568,2.5460550107018705,1.7411710019799542,6638,084,UBC/VCC-Clark Station,WEST
307551,16.82548119676178,34.99468062603978,21.673065364659877,2.0680333521591874,1.2881096897740472,6641,099,Commercial-Broadway/UBC (B-Line),EAST
307552,13.675740280383206,29.351519664717404,18.011751271182213,2.144101673623285,1.3170585944088657,6641,099,Commercial-Broadway/UBC (B-Line),EAST
307553,16.868461885891563,34.99468062603978,22.07617900714985,2.0680333521591874,1.308725072652529,6641,099,Commercial-Broadway/UBC (B-Line),EAST
307554,8.812413681734617,24.03156183901767,15.54822019840211,2.7203572717119,1.76435432560647,6641,099,Commercial-Broadway/UBC (B-Line),EAST
307555,13.674886528773914,29.351519664717404,18.544587344040156,2.144101673623285,1.3561053910772638,6641,099,Commercial-Broadway/UBC (B-Line),EAST
307556,12.362991385796937,30.800619326239733,19.328334764728375,2.4851819616053477,1.5634027527458672,6641,099,Commercial-Broadway/UBC (B-Line),WEST
307557,16.844691010329797,41.92718740143418,27.336313445942533,2.4875351682411417,1.6228444575907555,6641,099,Commercial-Broadway/UBC (B-Line),WEST
307558,13.89540468567169,35.35726853716694,23.463414537314254,2.54068869457829,1.6885736736770727,6641,099,Commercial-Broadway/UBC (B-Line),WEST
307559,15.227841125530002,36.55242022157,24.64099421841486,2.396246985388759,1.618154143800685,6642,100,22nd St Station/Marpole Loop,EAST
307560,14.93796667493267,35.560838499183724,24.041678395300387,2.374461627433611,1.609434464440506,6642,100,22nd St Station/Marpole Loop,EAST
307563,17.352162392323294,36.4399550609075,,2.1000238608318216,,6642,100,22nd St Station/Marpole Loop,WEST
307564,16.441936879137824,34.3192856199626,22.460530374138635,2.081823298855034,1.366051368475781,6642,100,22nd St Station/Marpole Loop,WEST
307565,17.664149300723437,37.77317166319022,,2.1384087634292817,,6642,100,22nd St Station/Marpole Loop,WEST
307566,16.770498091740553,35.668766155072845,23.022459446087815,2.1235628667234083,1.37279520978726,6642,100,22nd St Station/Marpole Loop,WEST
307567,11.38626908338811,26.743692863892974,17.630096928481787,2.3394738215053614,1.54836468375783,6643,101,Lougheed Station/22nd St Station,EAST
307569,5.708084954221949,11.716762777538502,7.545355156256786,2.0517660121182257,1.3218715588099144,6643,101,Lougheed Station/22nd St Station,WEST
307570,11.193199163268021,26.45534948631354,17.51690238254277,2.359531059572712,1.5649594121425827,6643,101,Lougheed Station/22nd St Station,WEST
307571,3.3550584858319135,11.982783069625091,8.260260161437465,3.5562327289825495,2.4620316445509793,46099,102,New Westminster Station/Victoria  Hill,EAST
307572,3.0764151904756454,5.19275094847871,2.6441959615661896,1.6740878225803262,0.8595055601572978,46099,102,New Westminster Station/Victoria  Hill,WEST
307573,1.3538431110824627,3.591122007258476,2.0813071388514666,2.602069399306619,1.537332591800361,6790,103,New Westminster Station/Quayside,EAST
307574,1.6813386819610834,3.856680378209544,2.553471077008637,2.2938152911055263,1.5187130971318128,6790,103,New Westminster Station/Quayside,WEST
307576,11.124692330447623,22.40165277275784,15.733784511146318,2.0108020632573242,1.4143118788178872,6644,104,22nd St Station/Annacis Island,NORTH
307577,4.13498272071542,9.571619061073116,6.879164622853136,2.3096743749413737,1.6636501498276943,6644,104,22nd St Station/Annacis Island,NORTH
307579,11.68776450688549,21.22706095301611,14.076963420460302,1.8140879077152519,1.2044188101297977,6644,104,22nd St Station/Annacis Island,SOUTH
307580,5.712665280427121,8.6586585573717,5.506852669309534,1.5139705771282397,0.9639725765444814,6644,104,22nd St Station/Annacis Island,SOUTH
307581,7.76962294761175,26.197543920215356,17.726258304773943,3.3608434896108625,2.281482437989181,6796,105,Uptown/New Westminster Station,EAST
307582,6.333151342226798,13.345755822091784,7.22891098793282,2.096026569125922,1.1414397978670543,6796,105,Uptown/New Westminster Station,WEST
307583,6.283232607506357,13.463618467795586,7.032599813518414,2.120903127277142,1.1192645971942554,6645,106,New Westminster Station/Edmonds Station,EAST
307584,6.171254013498908,21.88520558697825,15.015154049484467,3.543794454772837,2.433079892132222,6645,106,New Westminster Station/Edmonds Station,WEST
307585,7.266058478329444,20.204999675859614,13.171374930731988,2.7734774062814456,1.8127262490406282,16719,109,New Westminster Station/Lougheed Station,NORTH
307586,7.072106598876065,15.193999252476605,8.630951085326048,2.1228875588466436,1.22042152004577,16719,109,New Westminster Station/Lougheed Station,SOUTH
307587,8.14886351047592,19.791983222458562,13.34515511821938,2.4186263885283594,1.6376707133532513,6646,110,Lougheed Station/Metrotown Station,EAST
307588,17.30516693121902,35.63647764128128,22.331648486275554,2.0594540212202097,1.2904613156888198,6646,110,Lougheed Station/Metrotown Station,EAST
307589,8.055471074006563,17.10085331645119,10.951580120577342,2.1245388120991135,1.359520755516826,6646,110,Lougheed Station/Metrotown Station,WEST
307590,13.830758381939818,36.60964899643781,25.309985571012113,2.6461133983131284,1.8299781452376358,6646,110,Lougheed Station/Metrotown Station,WEST
307591,5.70709410912196,18.036959048527557,13.095933434658328,3.1451456701062233,2.294676272067493,6646,110,Lougheed Station/Metrotown Station,WEST
307592,17.296225382719722,45.48427490806438,30.75637387784043,2.6203052746343416,1.7782130607854154,6646,110,Lougheed Station/Metrotown Station,WEST
307594,4.80163158909352,7.502844940385276,3.3945673071594697,1.5492109985106615,0.7069612160312191,6647,112,Edmonds Station/New West Station,EAST
307595,2.346410780622793,5.312064293032616,3.388916334033557,2.264433529259914,1.4442979728954612,6647,112,Edmonds Station/New West Station,WEST
307596,5.2486014509896135,18.154732296413936,12.755767336379186,3.4429487986997014,2.4303173817806476,6647,112,Edmonds Station/New West Station,WEST
307597,14.344495012859607,29.381343749831377,19.3287998762815,2.0495665495634623,1.3474716160418019,6648,116,Edmonds Station/Metrotown Station,EAST
307599,7.326148181946194,19.00572622064422,14.087632436304656,2.586109083559602,1.9229248557954053,6648,116,Edmonds Station/Metrotown Station,EAST
307600,15.498587049705959,35.18509325709586,24.158987406839778,2.266711678902777,1.5587864448132467,6648,116,Edmonds Station/Metrotown Station,WEST
307601,15.507378266290885,35.319559919713875,24.381065595500857,2.27386279787203,1.5722235684737969,6648,116,Edmonds Station/Metrotown Station,WEST
307602,7.222190257504289,9.569053413108868,5.558717133540302,1.3210984314924552,0.7696719326612119,6648,116,Edmonds Station/Metrotown Station,WEST
307603,5.558585423776459,13.570523140630579,8.19506574102757,2.438321114105927,1.4743077808921945,32799,119,Edmonds Station/Metrotown Station,EAST
307604,6.004843841839869,18.591817328455555,12.641755610047472,3.0976551503666885,2.1052596775229495,32799,119,Edmonds Station/Metrotown Station,WEST
307605,2.046924093347586,2.252196129147647,,1.100283169496703,,6649,123,New West Station/Brentwood Station,EAST
307606,7.298388944379017,18.235670923739658,11.548729046361013,2.4816176881467054,1.5823668941699072,6649,123,New West Station/Brentwood Station,EAST
307607,10.964340852714793,26.18019444744739,16.898908836818876,2.3728203405013417,1.5412608075418115,6649,123,New West Station/Brentwood Station,EAST
307608,12.498323042214876,30.015551546571384,19.121592221136833,2.385189453219636,1.5299326282854842,6649,123,New West Station/Brentwood Station,EAST
307609,1.9910372461707788,10.439261567910881,7.587328790244429,5.20686736318517,3.810741765296758,6649,123,New West Station/Brentwood Station,WEST
307612,10.978017663119644,29.897200719632266,19.580387714125294,2.715511321907955,1.7835995819085881,6649,123,New West Station/Brentwood Station,WEST
307613,8.453603089149688,17.392355561830207,10.8524885749378,2.063392045353963,1.2837707733010453,6649,123,New West Station/Brentwood Station,WEST
307614,4.185370654091971,6.087552032638404,3.211674411085763,1.4538229751191976,0.7673572250872834,6662,128,Braid Station/22nd Street Station,EAST
307615,7.121124518903367,15.7859001119331,10.135788537022119,2.2215795815105714,1.4233410060610765,6662,128,Braid Station/22nd Street Station,EAST
307616,3.2821960678995437,4.9626872582940695,2.605172157997269,1.512235266074855,0.7937283770084037,6662,128,Braid Station/22nd Street Station,WEST
307617,7.164372055393729,18.841314884743657,12.824060317739798,2.6283861788145075,1.789976877050257,6662,128,Braid Station/22nd Street Station,WEST
307618,12.312355968808548,27.049088075148024,16.24780602041025,2.188662152971057,1.319634200113411,6650,129,Patterson Station/Holdom Station,EAST
307619,11.484679714957641,24.78210236842357,14.601234534697879,2.1472018346473254,1.2713662807401793,6650,129,Patterson Station/Holdom Station,EAST
307620,12.136920974455249,37.48065025240782,25.42425661011192,3.088158822962771,2.094786368274352,6650,129,Patterson Station/Holdom Station,WEST
307622,12.289939873749617,22.277705500148336,13.117046182764273,1.8033478606328985,1.067299459355476,6651,130,Metrotown/Phibbs Exchange,NORTH
307623,8.236108083772123,18.991827729463463,11.373717187166628,2.2962942169426768,1.3809577377422524,6651,130,Metrotown/Phibbs Exchange,NORTH
307625,8.243952788030265,18.991827729463463,10.92430797669825,2.2962942169426768,1.3251298567065672,6651,130,Metrotown/Phibbs Exchange,NORTH
307627,11.393529511642267,34.33464424232282,24.047051229942085,3.0015198532006684,2.1105884006681204,6651,130,Metrotown/Phibbs Exchange,SOUTH
307628,8.124831774866363,26.278010176027394,17.980978918148768,3.2167346409635824,2.2130893803576033,6651,130,Metrotown/Phibbs Exchange,SOUTH
307629,4.799795622934914,16.829920273142143,12.105714678794918,3.493258032732317,2.5221312801216063,6651,130,Metrotown/Phibbs Exchange,SOUTH
307630,2.1192820428162302,10.249396424540597,7.242089589494133,4.748092283386058,3.417237273369431,6651,130,Metrotown/Phibbs Exchange,SOUTH
307631,4.26229839128029,12.679962862989095,8.899649377184513,2.9965906947402035,2.0879930404195086,6776,131,Hastings @ Gilmore/Kootenay Loop,EAST
307632,4.629399859413852,11.000783958505384,6.901816218461532,2.3643769102587386,1.4908662954284964,6776,131,Hastings @ Gilmore/Kootenay Loop,WEST
307633,3.574930328855447,15.660202585079883,11.692793863327916,4.374133547732246,3.2707753124440586,7322,132,Capitol Hill/Hastings @ Gilmore,NORTH
307634,3.6184307383043177,5.410432599989926,2.0777383351310785,1.4829215086417824,0.5742097846827258,7322,132,Capitol Hill/Hastings @ Gilmore,SOUTH
307635,6.077462321970163,18.09328441517919,12.719602874574939,2.981200004900445,2.0929134893347325,33292,133,Holdom Station/Edmonds Station,EAST
307636,9.21433033809048,26.658821238955326,18.599606213145552,2.9018363671992797,2.018552138971829,33292,133,Holdom Station/Edmonds Station,EAST
307637,8.763683755246044,25.577995961276322,17.94068372664761,2.9072792732911084,2.0471623837302557,33292,133,Holdom Station/Edmonds Station,EAST
307638,9.477058414994188,19.307461514186574,11.96046667518165,2.0383185748976276,1.2620442073310767,33292,133,Holdom Station/Edmonds Station,WEST
307639,8.867578896164554,17.697572350414394,11.068074386987833,2.002418128853058,1.2481506526854864,33292,133,Holdom Station/Edmonds Station,WEST
307640,3.694849302637467,5.91041144763181,3.021332403781901,1.5954736347415837,0.8177146498573583,6652,134,Lake City Station/Brentwood Station,EAST
307641,7.872345312557199,15.045244091682445,9.72749595526875,1.9125805938787188,1.2356541245405477,6652,134,Lake City Station/Brentwood Station,EAST
307642,12.755114049247208,30.841963877572603,21.038076445923153,2.4128728326545374,1.6493836405300348,6652,134,Lake City Station/Brentwood Station,EAST
307644,11.29494295982217,25.510813609321694,16.471019255058504,2.254864027153607,1.458264934462124,6652,134,Lake City Station/Brentwood Station,WEST
307645,8.038522306384953,20.856243408766893,13.92192455569155,2.5845480636341827,1.73190096700154,6652,134,Lake City Station/Brentwood Station,WEST
307646,11.944524522454405,22.171070817405184,14.736047869879167,1.854914722969122,1.2337073645901102,6652,134,Lake City Station/Brentwood Station,WEST
307647,13.424928678911499,29.11943741180723,20.451898348933227,2.1682742735566207,1.5234269647227265,6654,136,Lougheed Station/Brentwood Station,EAST
307649,5.162306017826485,12.366451831226101,9.046863111957261,2.400055271945408,1.7524848547754852,6654,136,Lougheed Station/Brentwood Station,WEST
307651,13.972422719713965,30.70071543520131,21.175613631272018,2.192663582550281,1.5155291287741337,6654,136,Lougheed Station/Brentwood Station,WEST
307652,7.5427073097231725,1.2149339869679459,-1.298271335458053,0.16096631339738857,-0.17212272492457373,6656,143,Burquitlam Station/SFU,EAST
307653,6.478197266194868,24.52199402513388,,3.7853114095640206,,6656,143,Burquitlam Station/SFU,WEST
307654,18.721176154065482,51.80632190877029,37.51603990043146,2.7645927320682357,2.003936055710073,6657,144,SFU/Metrotown Station,NORTH
307655,14.309954691381892,34.9369699909928,23.243999335193987,2.445815905513366,1.6243237547909628,6657,144,SFU/Metrotown Station,SOUTH
307656,19.87593771624791,33.14294290519424,20.251072196439274,1.6719697759802792,1.0188738003482827,6657,144,SFU/Metrotown Station,SOUTH
307658,7.217183401699317,21.992048489352246,15.448934246627662,3.059573231994777,2.140576646977011,6657,144,SFU/Metrotown Station,SOUTH
307659,7.404898006992529,29.17283912994252,23.976099776837486,3.948348604386571,3.2378703601584493,6658,145,SFU/Production Station,NORTH
307660,8.766474888504144,0.04919802438660809,-2.7604854519905633,0.005603303024693904,-0.3148911605975746,6658,145,SFU/Production Station,SOUTH
307661,3.560230806143926,14.454676866256754,10.952775073061543,4.080730874655513,3.07642275724378,6811,146,Metrotown Station/Suncrest,NORTH
307662,2.9773335855481107,1.4891514224595044,,0.5001627730556635,,6811,146,Metrotown Station/Suncrest,SOUTH
307663,6.640441162045732,14.417177634742329,9.200727705637094,2.164072101922447,1.3855597062172613,6817,147,Metrotown Station/Edmonds Station,EAST
307664,6.499498444668757,17.717247149981855,11.961128142846727,2.7221534096122384,1.8403155635275052,6817,147,Metrotown Station/Edmonds Station,WEST
307665,8.26997045642403,15.750822938324305,,1.9045803151677796,,6806,148,Royal Oak Station/Edmonds Station,EAST
307666,7.398233740847119,17.458127778148565,12.349370549982618,2.353829675955983,1.6692322765904635,6806,148,Royal Oak Station/Edmonds Station,WEST
307669,8.968930950223417,16.94804437786589,10.010823714739377,1.882726028805849,1.1161668843587214,6659,151,Coquitlam Central Station/Burquitlam Station,EAST
307670,7.2430752585556775,14.680656282513377,9.115660368719894,2.0271060683235143,1.2585345372398662,6659,151,Coquitlam Central Station/Burquitlam Station,WEST
307671,8.578295366563983,24.491207679425813,17.412850622008364,2.860240201491147,2.0298730549520636,6659,151,Coquitlam Central Station/Burquitlam Station,WEST
307672,5.072971332129279,10.162828716945322,6.0428138251447665,2.000355345525785,1.1911783902410533,6659,151,Coquitlam Central Station/Burquitlam Station,WEST
307673,12.894246970584751,30.38632674018945,19.716681214700895,2.3475510683329333,1.5291068380867803,6660,152,Coquitlam Central Station/Lougheed Station,EAST
307674,13.270598548846701,31.69286367668907,20.680423800669715,2.3861656321601,1.558364057547877,6660,152,Coquitlam Central Station/Lougheed Station,EAST
307675,14.03607800104732,32.66352858307637,21.59751419994954,2.3280875570577386,1.538714318796035,6660,152,Coquitlam Central Station/Lougheed Station,EAST
307676,12.16272561536211,29.29894372025433,19.098636976027446,2.4044381123160696,1.570259626008906,6660,152,Coquitlam Central Station/Lougheed Station,EAST
307678,12.793560931081188,32.69689493365233,22.105489304922965,2.5485841297831406,1.7278605561035791,6660,152,Coquitlam Central Station/Lougheed Station,WEST
307679,12.456150431188988,30.87960302275723,21.288521297449627,2.4789011925602247,1.7090770872632721,6660,152,Coquitlam Central Station/Lougheed Station,WEST
307680,13.879968026883775,34.914373314991494,23.65258417598741,2.5124200645196644,1.7040805951552116,6660,152,Coquitlam Central Station/Lougheed Station,WEST
307681,11.278421806355553,27.05659418531135,18.631578753304808,2.4050712272668577,1.651966833055104,6661,153,Coquitlam Central Station/Braid Station,EAST
307682,6.292069754168182,8.253057533439636,4.181772880147341,1.3133226315008413,0.6646100637039387,6661,153,Coquitlam Central Station/Braid Station,EAST
307683,11.660019960648885,27.393991144182486,18.4908158621046,2.3509735844311597,1.5858305495624194,6661,153,Coquitlam Central Station/Braid Station,WEST
307684,7.483150886182297,16.372101652602517,9.890961346837727,2.1786066569673666,1.321764253758597,6663,155,Braid Station/22nd Street  Station,EAST
307685,7.4394484400306125,19.224210921246822,12.774543566200874,2.572479317335573,1.7171358426873253,6663,155,Braid Station/22nd Street  Station,WEST
307686,14.553824358803642,33.363376808848784,21.571453614375667,2.288899196819991,1.4821845504358477,6664,156,Braid Station/Lougheed Station,EAST
307687,15.008135964358166,37.44983523642461,25.496131575790375,2.4913115066915315,1.6988206687585627,6664,156,Braid Station/Lougheed Station,WEST
307688,10.524442178441436,27.465771467374577,19.234124905095783,2.609116638531974,1.8275671602334902,6665,157,Burquitlam Station/Lougheed Station,EAST
307689,11.406622324600487,22.81130280453558,14.91967381017494,1.9998032309038858,1.3079835016539392,6665,157,Burquitlam Station/Lougheed Station,WEST
307690,21.853899396818655,44.387422148542846,30.516336790335163,2.032022931269416,1.3963794852454354,6666,159,Coquitlam Central Station/Braid Station,EAST
307691,19.75229470815796,39.98469122170754,27.372101421138687,2.0319836700803484,1.3857681765872825,6666,159,Coquitlam Central Station/Braid Station,EAST
307692,9.678775084583231,21.258590932433318,14.5113094649402,2.20086779498579,1.4992919391271358,6666,159,Coquitlam Central Station/Braid Station,EAST
307693,20.46381054937323,41.89351178770318,29.036145468549616,2.0491873521507578,1.4189021833687248,6666,159,Coquitlam Central Station/Braid Station,EAST
307694,19.4580503934944,38.91172911122892,26.45407767731024,1.9985228040519822,1.3595441034603801,6666,159,Coquitlam Central Station/Braid Station,WEST
307695,16.025147444446652,32.432217199569955,22.717708756077222,2.019877376351096,1.4176286885865632,6666,159,Coquitlam Central Station/Braid Station,WEST
307696,20.247777275558423,40.84636848119217,27.89195479542585,2.018686525349324,1.377531687346981,6666,159,Coquitlam Central Station/Braid Station,WEST
307697,26.666067447598106,55.89989726491986,37.023702753178874,2.089913270317769,1.388420052035596,6667,160,Port Coquitlam Station/Kootenay Loop,EAST
307698,26.69416502586549,55.70149743466806,36.21063909862901,2.081933395228789,1.3565001588752623,6667,160,Port Coquitlam Station/Kootenay Loop,EAST
307699,26.72466589297969,55.90294612611686,36.99338227412016,2.0894308776611905,1.3842411509375674,6667,160,Port Coquitlam Station/Kootenay Loop,EAST
307700,26.72110990792585,62.14365330741988,42.129174242607924,2.3236147302499495,1.576625162194772,6667,160,Port Coquitlam Station/Kootenay Loop,WEST
307701,11.614145903161537,22.685919826045197,15.967619533887284,1.9515332702946981,1.374842340282695,6668,169,Coquitlam Central Station/Braid Station,EAST
307702,10.838016305743967,19.499816088080504,13.64507060933403,1.8046141432488103,1.2590007455610095,6668,169,Coquitlam Central Station/Braid Station,WEST
307703,4.118445501273241,6.853736734290312,3.8803797038092087,1.6617213563518414,0.9421952293916642,30036,170,Port Coquitlam Station/Port Coquitlam South,NORTH
307704,5.011728922288202,14.566240722039092,10.485850114980547,2.9050320115951167,2.092262027251272,30036,170,Port Coquitlam Station/Port Coquitlam South,SOUTH
307705,4.242663791882296,13.51336938807279,9.677681334239429,3.1915708733387227,2.281038943683501,30036,170,Port Coquitlam Station/Port Coquitlam South,SOUTH
307706,3.4483649636530833,11.001648535132462,8.190072018347418,3.184735728751025,2.375059515066853,30036,170,Port Coquitlam Station/Port Coquitlam South,SOUTH
307707,6.885712168220421,13.050116690394054,8.559498289065555,1.8938478048223126,1.2430810466592181,30037,171,Coquitlam Central Station/Fremont,EAST
307708,6.687789714324413,14.965673715385392,10.236623864036241,2.235580053805554,1.5306438003142753,30037,171,Coquitlam Central Station/Fremont,WEST
307709,9.12060868811695,19.267488820481606,13.004486145808409,2.108015596419224,1.4258353351735922,30038,172,Coquitlam Central Station/Riverside,EAST
307710,10.681930139878357,22.235230903143638,15.010062138457965,2.0768090372902743,1.4051825786073615,30038,172,Coquitlam Central Station/Riverside,EAST
307711,10.762373054155146,23.103446630616446,15.676804627381621,2.1370365530174693,1.456630851625154,30038,172,Coquitlam Central Station/Riverside,WEST
307712,11.627127096941708,26.301362237056917,18.05826942630973,2.2591796300811335,1.5531153375849494,30039,173,Coquitlam Central Station/Cedar,EAST
307713,7.387372769631069,17.310084037740392,11.777822781136527,2.340548971788926,1.5943181897567515,30039,173,Coquitlam Central Station/Cedar,EAST
307714,6.102105923074009,13.257550232214134,9.173595170934476,2.155681331642158,1.5033490546675348,30039,173,Coquitlam Central Station/Cedar,EAST
307715,12.103182753809106,26.247110409784852,17.477159392286232,2.1603964177467723,1.4440135084951793,30039,173,Coquitlam Central Station/Cedar,WEST
307716,12.918575947213009,28.90697866778682,19.869862970193985,2.2312249007867675,1.5380846194955886,30040,174,Coquitlam Central Station/Rocklin,EAST
307717,8.712421996157115,19.85364523248416,13.493266093410753,2.2756983503533084,1.5487388121652486,30040,174,Coquitlam Central Station/Rocklin,EAST
307718,13.25632215469757,29.326801391750198,19.692625662991816,2.2135466631620773,1.4855270891265606,30040,174,Coquitlam Central Station/Rocklin,WEST
307719,12.587827957691374,27.268003069310648,18.69767614201963,2.1696497669060255,1.4853774777399176,30040,174,Coquitlam Central Station/Rocklin,WEST
307720,8.74966696158204,18.25866417170724,12.075327947016234,2.085632004943635,1.3800900080010448,30041,175,Coquitlam Central Station/Meridian,EAST
307721,8.776211823305314,18.25866417170724,12.047006110927791,2.085632004943635,1.3726886216370544,30041,175,Coquitlam Central Station/Meridian,EAST
307722,4.592347973079992,8.696187116447822,6.071648274693138,1.8926090172649759,1.3221228683637862,30041,175,Coquitlam Central Station/Meridian,EAST
307723,8.161485455998257,18.35806682905109,12.196513039091464,2.2318916675183242,1.4943986734826167,30041,175,Coquitlam Central Station/Meridian,WEST
307724,8.199875247939127,18.35806682905109,12.513075497962589,2.2318916675183242,1.5260080330011725,30041,175,Coquitlam Central Station/Meridian,WEST
307727,9.81918502893934,21.77687617790595,14.137891191531585,2.2171338429924417,1.439823279616796,30043,180,Moody Centre Station/Lougheed Station,NORTH
307729,9.505161390075477,24.07339026322448,16.305630648540813,2.536736598332772,1.7154501622209,30043,180,Moody Centre Station/Lougheed Station,SOUTH
307730,7.845154631781619,19.383429038669817,13.333313824413198,2.4694799941791934,1.6995603592564534,30043,180,Moody Centre Station/Lougheed Station,SOUTH
307731,19.99663356146508,36.84960957171609,26.319182404597814,1.8448101530894196,1.316180662294914,30044,181,Moody Centre Station/Ioco,NORTH
307732,7.387071747551523,15.566386663009409,10.289876399181425,2.0995857897343124,1.3929574195068635,30044,181,Moody Centre Station/Ioco,NORTH
307733,14.301228227133844,25.88870291545981,18.168744441899683,1.8121379709786982,1.270432451908429,30044,181,Moody Centre Station/Ioco,SOUTH
307734,7.142538059660963,14.62865491979328,9.799687741170347,2.0469644151655166,1.3720175740492324,30044,181,Moody Centre Station/Ioco,SOUTH
307735,18.297515417828038,36.51064683157416,25.79953347182218,1.994809882256896,1.4100020075230877,30045,182,Moody Centre Station/Belcarra,NORTH
307736,20.227301233263045,39.49777493922455,27.782233585542052,1.9515332606428653,1.373501747225438,30045,182,Moody Centre Station/Belcarra,NORTH
307737,18.16784574760167,35.36849394941092,24.86987527717036,1.9452827364354601,1.3688951140755596,30045,182,Moody Centre Station/Belcarra,SOUTH
307738,20.104648918846426,38.20978673689149,26.821307215025048,1.8992734649910332,1.3340848339750075,30045,182,Moody Centre Station/Belcarra,SOUTH
307739,13.299920676134981,30.517885705060326,20.24629464158411,2.307007395146713,1.5222868718242444,30046,183,Moody Centre Station/Coquitlam Central Station,EAST
307740,13.212970035417733,30.318462861110863,20.19330873614896,2.2906942266569863,1.528294447200004,30046,183,Moody Centre Station/Coquitlam Central Station,EAST
307741,13.335419240437256,32.83777829252275,22.40315630461525,2.4511327539430834,1.6799739026338008,30046,183,Moody Centre Station/Coquitlam Central Station,WEST
307742,6.192117400559756,24.00887208930707,18.123897352593655,3.8536443150025335,2.926930511839987,30047,184,Moody Centre Station/Noons Creek,NORTH
307743,5.733229367024609,4.19221246639852,0.9529829404492475,0.7296102572555117,0.16622096892380567,30047,184,Moody Centre Station/Noons Creek,SOUTH
307744,4.497759301157333,20.2514270545778,15.84336070315361,4.504702826882857,3.5225007925784078,30048,185,Coquitlam Central Station/Lansdowne,NORTH
307745,4.5136061280494815,0.7264591867638663,-1.479650376412664,0.16005376554999565,-0.32782000343749157,30048,185,Coquitlam Central Station/Lansdowne,SOUTH
307746,6.73376538267073,28.312485218694487,21.722187679094276,4.187900561568877,3.2258604873576506,30049,186,Coquitlam Central Station/Hampton Park,NORTH
307747,6.364962082713237,2.81653935323904,-0.8860338973672849,0.4426732904010441,-0.13920489797946903,30049,186,Coquitlam Central Station/Hampton Park,SOUTH
307748,6.505720107474262,32.435024216540846,25.355401285694,4.970393213224015,3.897401189541463,30050,187,Coquitlam Central Station/Parkway Blvd,NORTH
307749,6.61188045787629,0.21356630598253673,-3.0576095279378412,0.03251429388349502,-0.46244174367906427,30050,187,Coquitlam Central Station/Parkway Blvd,SOUTH
307750,12.509369194720797,28.29904508507084,17.994319814263655,2.2561987927552662,1.4384674026455,22638,188,Coquitlam Central Station/Port Coquitlam Station,EAST
307751,12.496274589443821,30.655861854502408,20.29849856190798,2.448107695378931,1.6243639987756877,22638,188,Coquitlam Central Station/Port Coquitlam Station,WEST
307752,4.555614763233023,12.121183114252833,7.974034068891621,2.6462611237038622,1.7503749731534848,30051,189,Coquitlam Central Station/Lafarge Park,NORTH
307753,4.006967358172367,8.949226856897159,5.579468983242681,2.235179981843619,1.3924418355600368,30051,189,Coquitlam Central Station/Lafarge Park,SOUTH
307754,7.606789059328368,23.732728858173875,16.859345104585334,3.091459608994518,2.2163550182728358,30584,191,Coquitlam Central Station/Princeton,NORTH
307755,7.499868039336215,11.625588262609847,6.578634687806553,1.5514581539115213,0.8771667252413154,30584,191,Coquitlam Central Station/Princeton,SOUTH
307756,18.488407290527693,50.87276887720085,35.3871764180643,2.746399936063305,1.9140197347445111,16717,209,Upper Lynn Valley/Burrard Station,EAST
307757,17.898840473891926,35.081028600175294,21.432442317782243,1.952528015634054,1.1974207127575995,16717,209,Upper Lynn Valley/Burrard Station,WEST
307758,10.621387438641431,26.828603306536273,17.678008273724018,2.523840172760927,1.6643784416911536,16717,209,Upper Lynn Valley/Burrard Station,WEST
307759,7.874388522039996,9.188732579934072,4.041486101281044,1.1651187598535027,0.5132444366910699,16717,209,Upper Lynn Valley/Burrard Station,WEST
307761,17.87608742304526,35.21722123615,21.572274884270993,1.9594989717978215,1.2067671394614423,16717,209,Upper Lynn Valley/Burrard Station,WEST
307763,3.655830117749715,10.526733032749068,7.450372820952122,2.881839523497785,2.0379428422505788,6672,210,Upper Lynn Valley/Burrard Station,NORTH
307764,10.425664929893353,22.270026238649894,14.397987338965208,2.131616146680497,1.3810138188579297,6672,210,Upper Lynn Valley/Burrard Station,NORTH
307765,5.4726582950209535,15.35627943378255,10.696020525065737,2.7969847950997897,1.9544469887325178,6672,210,Upper Lynn Valley/Burrard Station,NORTH
307766,8.066116288268624,27.13628162979215,20.48608624718837,3.3686596344780235,2.539770753985208,6672,210,Upper Lynn Valley/Burrard Station,NORTH
307767,18.507114413369127,49.330979019414,34.50849586172844,2.6602102834811845,1.8646070419708582,6672,210,Upper Lynn Valley/Burrard Station,NORTH
307769,5.055739481812682,4.912551166488299,,0.9716780669099975,,6672,210,Upper Lynn Valley/Burrard Station,SOUTH
307770,10.569146134130719,25.22530809578964,16.391644689081232,2.368871444226731,1.5508958321758881,6672,210,Upper Lynn Valley/Burrard Station,SOUTH
307771,7.880101361670659,9.159382235478018,4.0321819273585975,1.1627310479689388,0.5116916321624237,6672,210,Upper Lynn Valley/Burrard Station,SOUTH
307772,17.880908779097663,33.454675481544726,20.105725470891496,1.8614288068161524,1.1244241396944314,6672,210,Upper Lynn Valley/Burrard Station,SOUTH
307773,12.001572509013604,27.812698835824015,18.95486477943547,2.306853630015082,1.5793651011315142,6673,211,Seymour/Phibbs Exchange/Burrard Station,EAST
307774,9.509288966155149,21.532942549041294,14.911328084004722,2.261872874587987,1.5680802357648573,6673,211,Seymour/Phibbs Exchange/Burrard Station,EAST
307775,6.937837827309792,12.96874650266061,7.974125936140423,1.8623303484323381,1.149367588955659,6673,211,Seymour/Phibbs Exchange/Burrard Station,EAST
307776,10.339171973123474,23.071653733777993,15.72254349106938,2.2284759414793407,1.520677239138676,6673,211,Seymour/Phibbs Exchange/Burrard Station,EAST
307777,20.704376245275796,45.38559016411425,30.20126389901687,2.185721700787916,1.4586898702590965,6673,211,Seymour/Phibbs Exchange/Burrard Station,EAST
307778,19.87974270152944,43.483038887891844,28.712921130656923,2.1866126597433784,1.444330621464628,6673,211,Seymour/Phibbs Exchange/Burrard Station,EAST
307779,7.7212029059874085,14.707240907615473,9.09882626402808,1.896446741358331,1.1784208205398143,6673,211,Seymour/Phibbs Exchange/Burrard Station,WEST
307780,20.882456813494592,47.897942704682,31.288495313901514,2.2843045829085318,1.49831485793771,6673,211,Seymour/Phibbs Exchange/Burrard Station,WEST
307781,10.795482096469623,23.692132574340977,15.785926697767326,2.1851653710979706,1.4622715833070294,6673,211,Seymour/Phibbs Exchange/Burrard Station,WEST
307782,10.786049359551638,23.563384334371925,15.447916495368323,2.173546881208171,1.4322126647499853,6673,211,Seymour/Phibbs Exchange/Burrard Station,WEST
307783,10.832394637484274,23.692132574340977,15.69228059634287,2.1851653710979706,1.4486437322031742,6673,211,Seymour/Phibbs Exchange/Burrard Station,WEST
307784,8.595751218007269,17.3177548718931,12.088207438022147,2.0161322810069855,1.4063002908574784,6674,212,Deep Cove/Phibbs Exchange,EAST
307785,8.888905785689733,17.852073056871895,12.294366327153996,2.0032446665900125,1.383113582657915,6674,212,Deep Cove/Phibbs Exchange,EAST
307786,8.902550156120746,16.21118086490514,11.206124389589766,1.8202528726461467,1.2587544235159684,6674,212,Deep Cove/Phibbs Exchange,WEST
307787,8.880443232483394,16.21118086490514,11.160314433044741,1.8202528726461467,1.256729438033217,6674,212,Deep Cove/Phibbs Exchange,WEST
307788,8.526798836095285,15.781360665875445,10.686649709456038,1.8455619178725025,1.2533014927264103,6674,212,Deep Cove/Phibbs Exchange,WEST
307789,7.456911361735183,23.600611784556502,17.56999884706293,3.153822481958492,2.3562032582581867,6675,214,Blueridge/Phibbs Exchange/Burrard Station,EAST
307790,7.43711546583729,23.600611784556502,17.483529554783075,3.153822481958492,2.350848206551911,6675,214,Blueridge/Phibbs Exchange/Burrard Station,EAST
307791,17.674075342100778,45.233010103545446,31.590009806131018,2.5413390139208896,1.7873642153647264,6675,214,Blueridge/Phibbs Exchange/Burrard Station,EAST
307792,5.271906035129017,3.9751311291294726,1.1117969009105202,0.7546562804033691,0.21089087959878855,6675,214,Blueridge/Phibbs Exchange/Burrard Station,WEST
307793,5.2670110077394146,3.9751311291294726,1.1231855716755703,0.7546562804033691,0.21324914074133258,6675,214,Blueridge/Phibbs Exchange/Burrard Station,WEST
307794,16.941513149080325,32.162008093600576,19.70819482672332,1.8901048746959195,1.1633078257707568,6675,214,Blueridge/Phibbs Exchange/Burrard Station,WEST
307796,6.851314115132677,20.710118561933882,15.196793526135153,3.0140837590976988,2.218084482883305,6780,215,Indian River/Phibbs Exchange,EAST
307797,6.556388490602825,8.667192081170894,4.577232566518286,1.3222047185851067,0.6981332135944607,6780,215,Indian River/Phibbs Exchange,WEST
307798,6.545619377024191,8.416808432769221,4.5623067887872635,1.283875905105856,0.6970015404197558,6780,215,Indian River/Phibbs Exchange,WEST
307799,11.784047559075235,17.664119020578603,10.474978430727097,1.4974944544058835,0.8889117578840738,39305,222,Metrotown Station/Phibbs Exchange,NORTH
307800,11.423221928869596,30.67089981902931,22.232979247021625,2.681629136021187,1.9462967090600616,39305,222,Metrotown Station/Phibbs Exchange,SOUTH
307804,8.229979415804184,25.13104526074084,18.396661992750747,3.068139272518351,2.235322965379876,22639,227,Lynn Valley/Phibbs Exchange,NORTH
307806,6.904220498248314,9.055722336270131,4.645235443793161,1.3160098539550342,0.6728109921998746,22639,227,Lynn Valley/Phibbs Exchange,SOUTH
307807,4.203007392481152,13.796224613596259,9.676193963300337,3.260303193899372,2.3022072196709154,6676,228,Lynn Valley/Lonsdale Quay,NORTH
307808,8.185331409152006,30.396447288991833,22.30367699987276,3.7020662097281676,2.724834937646514,6676,228,Lynn Valley/Lonsdale Quay,NORTH
307809,5.623047204054743,20.637788961543524,14.940769610884232,3.6558923737538698,2.6570592542973035,6676,228,Lynn Valley/Lonsdale Quay,NORTH
307810,4.6522636966952104,8.456442252504639,4.744886116829263,1.8163132474739467,1.0199091079467073,6676,228,Lynn Valley/Lonsdale Quay,SOUTH
307811,8.246143398655494,11.861225052510612,5.2393254555823665,1.4328008138450405,0.6353667650791303,6676,228,Lynn Valley/Lonsdale Quay,SOUTH
307812,4.613740495625709,8.389047978225465,4.575801516685258,1.80686979620163,0.9917769586355321,6676,228,Lynn Valley/Lonsdale Quay,SOUTH
307813,4.167094188768981,4.308116871694045,,1.033841971536219,,6676,228,Lynn Valley/Lonsdale Quay,SOUTH
307814,5.769173067047591,23.607664322055644,16.79876469152781,4.0644018599333895,2.9118150029991527,6677,229,Lynn Valley/Lonsdale Quay,EAST
307815,6.539781089533389,11.920328733571607,5.9100885995971755,1.8098072539151626,0.9037135217042652,6677,229,Lynn Valley/Lonsdale Quay,WEST
307816,3.8754792083239127,22.50805724686923,16.296262687006507,5.734018646912223,4.204967130775654,6678,230,Upper Lonsdale/Lonsdale Quay,NORTH
307817,7.381353697091465,31.31864491786005,22.741370464719818,4.22047707349656,3.080921386233095,6678,230,Upper Lonsdale/Lonsdale Quay,NORTH
307818,5.658006880290814,21.41003745487472,15.635321654261515,3.763394794595738,2.763397426879389,6678,230,Upper Lonsdale/Lonsdale Quay,NORTH
307819,7.382720531412997,31.31864491786005,22.600031312860583,4.22047707349656,3.0612063963005123,6678,230,Upper Lonsdale/Lonsdale Quay,NORTH
307820,7.873090105366441,11.612886554100013,5.127535384386604,1.4708849517233828,0.6512735553339575,6678,230,Upper Lonsdale/Lonsdale Quay,SOUTH
307821,4.3049585395566545,2.44819139842533,-1.427061625281422,0.5627662083408868,-0.33149253637838466,6678,230,Upper Lonsdale/Lonsdale Quay,SOUTH
307822,2.5225455448777994,6.036964845564592,3.914675572105023,2.398138226773899,1.5518750811274897,18213,231,Harbourside/Lonsdale Quay,EAST
307823,2.3857922314910702,6.184751744279266,3.926826355672532,2.5569454786054564,1.6459213437954519,18213,231,Harbourside/Lonsdale Quay,WEST
307824,9.94878625406029,22.871007794954878,13.761650227323504,2.289971523466633,1.3832491598366696,6679,232,Grouse Mountain/Phibbs Exchange,EAST
307825,10.979061502168223,21.461328871373286,,1.954750765093624,,6679,232,Grouse Mountain/Phibbs Exchange,EAST
307826,12.154995761314087,24.2552649320243,13.515197870427214,1.9770950531667746,1.1119047785637461,6679,232,Grouse Mountain/Phibbs Exchange,EAST
307827,13.123310334337004,19.68141425180902,9.561950086984139,1.4967570825413596,0.7286233308043776,6679,232,Grouse Mountain/Phibbs Exchange,EAST
307828,13.11093447909078,19.532561382257466,9.702825458606668,1.485092471884249,0.7400559795398766,6679,232,Grouse Mountain/Phibbs Exchange,EAST
307829,9.819021584170677,30.73804899587001,20.538425051939413,3.1103474184838746,2.0916977191545816,6679,232,Grouse Mountain/Phibbs Exchange,WEST
307830,12.982888756399968,47.198486162028324,34.0697139694195,3.6018597383949205,2.624201332128391,6679,232,Grouse Mountain/Phibbs Exchange,WEST
307831,7.529951445423625,31.255608136401673,24.39463506678333,4.173425981565178,3.2396802613660043,6680,236,Grouse Mountain/Lonsdale Quay,NORTH
307832,4.346331449571931,13.473465552686687,9.267020974714843,3.104967158406575,2.132147785375998,6680,236,Grouse Mountain/Lonsdale Quay,NORTH
307833,9.24903459099487,36.40155736365791,27.655892767622085,3.924881277101143,2.990138321522623,6680,236,Grouse Mountain/Lonsdale Quay,NORTH
307834,4.428235581606655,9.112776019798448,5.548779225913104,2.0555508812770764,1.2530451742361666,6680,236,Grouse Mountain/Lonsdale Quay,SOUTH
307835,9.87267417885245,9.016054120847553,3.529571550847588,0.9125998036628454,0.35750916994789833,6680,236,Grouse Mountain/Lonsdale Quay,SOUTH
307836,2.2724863034669442,6.939443720680826,4.424749161440951,3.031893209420742,1.9470960747664252,6682,240,Lynn Valley/Downtown,EAST
307837,14.085180226247248,37.84895863093423,26.588254330306203,2.682187746367861,1.8876758339776092,6682,240,Lynn Valley/Downtown,EAST
307839,14.84518934810129,39.42106773997409,27.16524954314902,2.6526188266077857,1.8299025297796876,6682,240,Lynn Valley/Downtown,EAST
307841,15.054453410348492,28.774865284558658,18.067185155278338,1.9114727421478928,1.2001222935705445,6682,240,Lynn Valley/Downtown,WEST
307842,14.248873355861557,27.079736184233564,16.283128701681974,1.8955691836843638,1.142766048586121,6682,240,Lynn Valley/Downtown,WEST
307843,14.522505228962785,27.530124471072373,16.02743586847076,1.8920734420405485,1.1036274813319835,6682,240,Lynn Valley/Downtown,WEST
307844,15.279968647862535,29.23536084918545,18.20370529712532,1.9081548720985038,1.191344414157013,6682,240,Lynn Valley/Downtown,WEST
307845,14.042133771164817,41.604876694847334,29.42720146226663,2.9503153891719682,2.0956360295252763,6683,241,Upper Lonsdale/Downtown,NORTH
307846,2.1738997297589213,12.656471479983187,9.311820273769255,5.770420835019579,4.283463559196407,6683,241,Upper Lonsdale/Downtown,NORTH
307847,14.295715065032757,25.817018595954373,14.595562490543491,1.7981370936416825,1.0209746363960597,6683,241,Upper Lonsdale/Downtown,SOUTH
307848,14.586746817081798,26.313075914482706,14.96600291502027,1.7990493745536045,1.026000046665261,6683,241,Upper Lonsdale/Downtown,SOUTH
307849,4.010759538893695,13.665723260948774,10.189228937087472,3.384492921058566,2.540473653002396,39307,245,Phibbs/Capilano,EAST
307850,3.8836913955294214,4.4832566976178345,,1.1543802637816645,,39307,245,Phibbs/Capilano,WEST
307851,6.21029372162293,25.78185333693375,20.01877107453173,4.161439656445662,3.2234821687790065,6685,246,Highland/Downtown,NORTH
307852,12.969919066037207,37.59882215294758,27.531466307352485,2.8977565143462263,2.122716893388015,6685,246,Highland/Downtown,NORTH
307853,6.186635201717784,4.505232426484816,0.4932831620903171,0.7266705036473058,0.07973367525425644,6685,246,Highland/Downtown,SOUTH
307854,6.161380229257049,4.174671018612174,0.35588837116282784,0.6778227050507123,0.0577611440814685,6685,246,Highland/Downtown,SOUTH
307855,6.319684383127248,4.753843693419726,0.9272144990731765,0.7522887653538762,0.1467184819464594,6685,246,Highland/Downtown,SOUTH
307856,13.40766627513336,18.740771561555196,10.505900991361589,1.3986738046617202,0.7835741713564608,6685,246,Highland/Downtown,SOUTH
307857,13.619708658363582,19.246658822952607,10.80498255210626,1.4071531375482245,0.7933343379904931,6685,246,Highland/Downtown,SOUTH
307858,16.16031833228338,46.65232338320176,34.92232115973561,2.8887416894511477,2.1609921563222847,6686,247,Grouse Mountain/Downtown,NORTH
307859,16.24901701635211,21.229025844877263,12.352809849288946,1.307022296193945,0.7602189004330393,6686,247,Grouse Mountain/Downtown,SOUTH
307860,16.52471240318291,21.732170089316682,12.419190755168273,1.3162574082245073,0.7515526111532295,6686,247,Grouse Mountain/Downtown,SOUTH
307862,5.724997588844811,27.57488130601699,20.697602491376273,4.807601859548785,3.615303267848647,36799,249,Lonsdale Quay/Delbrook,NORTH
307863,5.654868913064032,4.074528741239111,-0.0020524549849652166,0.7203986238197781,-0.00036295359212016026,36799,249,Lonsdale Quay/Delbrook,SOUTH
307864,8.614906986702842,18.697850782272646,12.329029213612394,2.163811398340132,1.4311273740554973,6687,250,Horseshoe Bay/Dundarave/Vancouver,EAST
307865,10.393025582954108,17.656200936953894,10.543320456483508,1.6904016255949683,1.0144611280256928,6687,250,Horseshoe Bay/Dundarave/Vancouver,EAST
307866,12.79434867587379,27.81473567429212,18.209792065888383,2.159896894672133,1.4232683919445197,6687,250,Horseshoe Bay/Dundarave/Vancouver,EAST
307867,10.405264935746894,23.294488264107482,15.370905794177842,2.2251757456644534,1.4772238755182174,6687,250,Horseshoe Bay/Dundarave/Vancouver,EAST
307868,23.575092896975057,49.23506301839114,33.35288280874608,2.0788581586647465,1.4147508539839357,6687,250,Horseshoe Bay/Dundarave/Vancouver,EAST
307869,12.8182139251535,27.81473567429212,18.25201166614874,2.159896894672133,1.4239122371278545,6687,250,Horseshoe Bay/Dundarave/Vancouver,EAST
307870,3.4598451621271935,8.829174769176985,5.233555972892588,2.5519819973644067,1.5126561240893437,6687,250,Horseshoe Bay/Dundarave/Vancouver,EAST
307875,4.96256636946588,11.789103291012951,8.34600026344092,2.3731989128720223,1.6817911624906285,6687,250,Horseshoe Bay/Dundarave/Vancouver,WEST
307876,7.362661711685964,12.609531991775635,8.352219196486853,1.7074559713937014,1.1344021392739356,6687,250,Horseshoe Bay/Dundarave/Vancouver,WEST
307877,6.149410927796074,16.498433239863708,11.202138671453437,2.661684025492666,1.8216604489412844,6687,250,Horseshoe Bay/Dundarave/Vancouver,WEST
307878,3.9032415241898653,11.198349974687487,7.2817515368189545,2.841990226712495,1.8655651954128853,6687,250,Horseshoe Bay/Dundarave/Vancouver,WEST
307879,13.386004439709833,28.61927221421534,19.145338194783577,2.1288443717706196,1.4302503992893183,6687,250,Horseshoe Bay/Dundarave/Vancouver,WEST
307880,11.111713878221689,23.303749891299255,15.323899010383885,2.08815176072485,1.379076097380246,6687,250,Horseshoe Bay/Dundarave/Vancouver,WEST
307881,16.355914830490903,35.09422239838349,23.840392928770346,2.1412417613096357,1.45760070138827,6687,250,Horseshoe Bay/Dundarave/Vancouver,WEST
307882,23.585622501592386,47.15520860967242,31.49732740955775,1.9963391185097237,1.3354460925265468,6687,250,Horseshoe Bay/Dundarave/Vancouver,WEST
307883,1.731806374041898,0.7743654795425271,,0.44714322059874384,,6687,250,Horseshoe Bay/Dundarave/Vancouver,WEST
307884,9.118854555928483,21.111657714784805,14.140291550986765,2.3168559685954175,1.5506653236171721,6688,251,Queens/Park Royal,EAST
307885,10.391347706005048,27.614446900609874,19.07493372460309,2.6462117821452673,1.8356554187461065,6688,251,Queens/Park Royal,WEST
307886,6.531708428940877,15.038452351098634,9.800670846058315,2.3082240204777804,1.5004758636550934,6689,252,Inglewood/Park Royal,EAST
307888,7.040630612984754,19.062016988353452,12.83836697493068,2.687326685993432,1.8234683341082252,6689,252,Inglewood/Park Royal,WEST
307890,10.447606971205126,16.900145901880226,9.958492782104623,1.616532918838446,0.9531840936925976,6690,253,Caulfeild/Vancouver/Park Royal,EAST
307891,17.391949029561967,31.59917988348855,19.39823057397696,1.8122158082578026,1.1153569126154186,6690,253,Caulfeild/Vancouver/Park Royal,EAST
307892,10.235922434205866,33.6086365234897,24.07927263714903,3.271281764113692,2.3524282048760146,6690,253,Caulfeild/Vancouver/Park Royal,WEST
307893,17.41296454686833,45.74737878460498,32.36042964247635,2.6171714999680677,1.8584101262812411,6690,253,Caulfeild/Vancouver/Park Royal,WEST
307894,8.12557691820912,18.04708009235164,12.386665094376658,2.219966470987546,1.5244043861819332,6691,254,British Properties/Park Royal/Van,NORTH
307895,12.594065597169068,33.97402340934104,25.139392478590228,2.704631117204629,1.9961300252589709,6691,254,British Properties/Park Royal/Van,NORTH
307896,4.626230949091193,20.218595404745145,15.994866403843155,4.35640409861998,3.4574292939234454,6691,254,British Properties/Park Royal/Van,NORTH
307897,12.192476930054307,38.598794645035014,29.03597395851935,3.173943248225143,2.3814663849759707,6691,254,British Properties/Park Royal/Van,NORTH
307898,20.094732501901248,52.24514478315986,37.84170659359073,2.603418683794467,1.8831654808050002,6691,254,British Properties/Park Royal/Van,NORTH
307899,14.621245101680943,19.71081474646077,11.87824576051368,1.347452089699464,0.8123963231522662,6691,254,British Properties/Park Royal/Van,SOUTH
307900,12.343076807922381,16.979187746698287,9.440045775689683,1.3695667340447981,0.7648049123076514,6691,254,British Properties/Park Royal/Van,SOUTH
307901,21.47938146139579,35.098542887226,22.476649166114054,1.6310483957363164,1.0464290699669645,6691,254,British Properties/Park Royal/Van,SOUTH
307903,4.725546015093514,0.5798159290427439,-1.9686428534480123,0.12261598909188258,-0.41659584885219975,6691,254,British Properties/Park Royal/Van,SOUTH
307905,12.145066571994878,34.69812212193764,23.489781925477548,2.8399711655548385,1.934100713753375,6692,255,Dundarave/Capilano University,EAST
307906,15.47555396355247,42.9956426655684,28.557019785846474,2.7636152866787507,1.8452987113161219,6692,255,Dundarave/Capilano University,EAST
307907,12.066334019789654,27.288099808113707,16.619750300493692,2.2549406017664335,1.3773653433790336,6692,255,Dundarave/Capilano University,WEST
307908,10.946144582124921,24.08541237312619,14.09482737320981,2.185619270554632,1.2876522201457758,6692,255,Dundarave/Capilano University,WEST
307909,15.814311524024045,38.19165541986267,23.320388160483443,2.4009920731452423,1.4746382177344026,6692,255,Dundarave/Capilano University,WEST
307910,11.63901945764927,38.20283678762407,28.617932737345253,3.26630004793974,2.4587924130101255,10232,256,Whitby Estate/Park Royal/Spuraway,NORTH
307914,6.123066284813033,0.8749018019876877,-2.3616610361533814,0.14258608961740582,-0.38569908054253477,10232,256,Whitby Estate/Park Royal/Spuraway,SOUTH
307916,21.764460606364903,35.669576013309445,26.444334980345936,1.6372233983023707,1.2150236782166073,6693,257,Horseshoe Bay/Vancouver Express,EAST
307917,22.22592922125959,34.502560312068894,25.3836360002537,1.5508972379578625,1.142073105135856,6693,257,Horseshoe Bay/Vancouver Express,WEST
307918,5.306910968832429,0.003725275123467048,-1.0048424050812903,0.0007019667647235175,-0.1893460076837063,6779,262,Lions Bay/Caulfeild,NORTH
307919,19.753146914001857,21.358892680723997,15.489191198726852,1.0819262112673382,0.7841379029964823,6779,262,Lions Bay/Caulfeild,NORTH
307920,19.4007686332653,36.48656477658105,28.503727170902106,1.8801093677142349,1.4692060768163857,6779,262,Lions Bay/Caulfeild,SOUTH
307921,5.142817178625528,16.4964267307228,13.467275321683056,3.206270436060423,2.6186572172262843,6779,262,Lions Bay/Caulfeild,SOUTH
307922,14.763146250601869,22.766330666462565,16.262947483866746,1.5404355809376065,1.1015908945021615,6777,280,Bluewater/Snug Cove,EAST
307923,15.570037235585312,24.521016496844393,17.6360012891776,1.5738338080492207,1.1326884465549336,6777,280,Bluewater/Snug Cove,EAST
307924,8.577784629948734,15.672806105022044,11.836990651670368,1.8267909428475653,1.379958947715048,6777,280,Bluewater/Snug Cove,WEST
307925,9.398647937590479,17.345301578266103,13.009448582097276,1.8447993179778657,1.3841829876471035,6777,280,Bluewater/Snug Cove,WEST
307927,4.62097193502892,9.986461793403599,7.550052523150899,2.1600250723281698,1.6338667772289006,6778,281,Eagle Cliff/Snug Cove,NORTH
307929,7.416714178436598,10.61423784987871,7.123514770023394,1.4311240253451607,0.960467748741666,6778,281,Eagle Cliff/Snug Cove,SOUTH
307930,4.051455205207443,8.011634748217318,6.148541097901732,1.975381709020357,1.5176130023599543,34544,282,Mt Gardner/Snug Cove,NORTH
307931,6.301980185789262,9.129409696343016,6.4275608749856055,1.4462406458576322,1.0199271793141342,34544,282,Mt Gardner/Snug Cove,SOUTH
307932,29.611542546525087,50.32521688845727,36.564027083181955,1.6971505154584496,1.234789677901219,6698,301,Newton Exchange/Brighouse Station,EAST
307933,29.197532972357724,44.04641425043149,30.66661247387166,1.5051259765598373,1.0503151928248446,6698,301,Newton Exchange/Brighouse Station,WEST
307934,21.11220347650357,40.00484620029732,29.517475807019597,1.8970691295937832,1.398123878441704,6822,310,Scottsdale/Ladner,EAST
307935,22.956804011935027,45.12473565713763,32.825299880157715,1.9640587703395584,1.4298723752266278,6822,310,Scottsdale/Ladner,EAST
307936,21.00624829580781,42.53874500715455,30.558100502553202,2.018177896656536,1.4547148101953855,6822,310,Scottsdale/Ladner,EAST
307937,23.285983302955472,37.66903623505816,25.738275080332134,1.6182638075694635,1.105311927156858,6822,310,Scottsdale/Ladner,WEST
307938,21.452493317385972,35.29135228631576,23.816358143608603,1.6438998189753242,1.110190679994612,6822,310,Scottsdale/Ladner,WEST
307939,29.413249327782495,36.86448799725964,27.778637536510118,1.2529817899084195,0.9444260043133558,6699,311,Scottsdale/Bridgeport Station,NORTH
307940,29.4462029518542,45.92608426220897,35.55688299482308,1.5589435332220294,1.2075201360582926,6699,311,Scottsdale/Bridgeport Station,SOUTH
307941,12.035339604126671,22.72163047340647,14.524039754672515,1.8887171793635176,1.2067827109500524,6700,312,Scottsdale/Scott Road Station,NORTH
307942,12.017876071092324,22.985532470405577,14.291516289923937,1.9115056294079054,1.1891881897751138,6700,312,Scottsdale/Scott Road Station,NORTH
307943,12.321723358291253,30.03163430746323,21.481292176779434,2.437935047868723,1.7433675105458954,6700,312,Scottsdale/Scott Road Station,SOUTH
307944,12.277914158918145,30.03163430746323,20.77537524012326,2.437935047868723,1.6920932147935672,6700,312,Scottsdale/Scott Road Station,SOUTH
307945,8.494504377381089,18.632562759010746,12.434122066020336,2.1888603588838538,1.4637842908327345,6700,312,Scottsdale/Scott Road Station,SOUTH
307946,3.652909866037864,7.018181611688288,4.368171119410562,1.9190772374458904,1.1958058861574121,6701,314,Surrey Central/Sunbury,EAST
307947,11.988831264814031,31.778284330524198,21.575255981709855,2.6421821367050464,1.7996129485140875,6701,314,Surrey Central/Sunbury,EAST
307948,5.281518991999216,12.671606947188177,7.885642131281398,2.383955461887745,1.4930632916831454,6701,314,Surrey Central/Sunbury,EAST
307949,12.181347675685618,31.878085859442024,21.272316620014855,2.6081361002291215,1.7463023949702312,6701,314,Surrey Central/Sunbury,EAST
307950,5.090067883131153,12.533599884837727,7.985307295879899,2.454357344893167,1.568801729018934,6701,314,Surrey Central/Sunbury,EAST
307951,4.781738725323196,11.549307915129024,7.378449951942873,2.392378052339388,1.5430474929272022,6701,314,Surrey Central/Sunbury,EAST
307952,4.911638210045682,12.598423139943124,8.470784073691819,2.5555925607735492,1.7246351851336856,6701,314,Surrey Central/Sunbury,WEST
307953,12.700021135097675,26.76664507535946,16.84869134004627,2.1043523386743064,1.3266664016395502,6701,314,Surrey Central/Sunbury,WEST
307954,6.941757599693178,16.966407377462176,11.034435050179782,2.426638000008162,1.589573662247656,6701,314,Surrey Central/Sunbury,WEST
307955,12.263469390297113,28.293575711699102,18.63390475785303,2.3031414117033404,1.5194643672855108,6702,316,Surrey Central Station/Scottsdale,NORTH
307956,11.768466182340028,27.066407211894525,17.73039141376726,2.2931068095964795,1.506601721843226,6702,316,Surrey Central Station/Scottsdale,NORTH
307957,6.964865320325591,16.313472072552006,10.542560868976643,2.3332005878945705,1.5136776354038393,6702,316,Surrey Central Station/Scottsdale,SOUTH
307958,11.723652560401673,27.254845653836103,17.76841407874055,2.313578770524087,1.515603945715342,6702,316,Surrey Central Station/Scottsdale,SOUTH
307959,11.965717776036195,24.697908032218074,15.399817291677847,2.0608566532475145,1.2869948614799473,6703,319,Scott Station/Newton Exchange/Scottsdale,NORTH
307960,11.963362548622277,24.961684066498094,15.7130359568748,2.0837989445840277,1.3134297228737202,6703,319,Scott Station/Newton Exchange/Scottsdale,NORTH
307961,12.445080514418944,25.928288933976958,16.37716075273152,2.0798252451566617,1.3159545841231677,6703,319,Scott Station/Newton Exchange/Scottsdale,NORTH
307962,12.39644903223127,25.66413928048627,16.06973979586307,2.0577534706751504,1.2963179821964417,6703,319,Scott Station/Newton Exchange/Scottsdale,NORTH
307963,12.296388720985805,31.754629613798624,21.94839217508083,2.5768166250668396,1.7849461881131246,6703,319,Scott Station/Newton Exchange/Scottsdale,SOUTH
307964,8.078444331410994,21.39676480015372,14.097838225655627,2.625335615889376,1.7451179518363131,6704,320,Langley/Fleetwood/Surrey Central Station,EAST
307965,24.783127180946526,52.19419192806294,34.05644664869945,2.1038407448504257,1.3741787466951438,6704,320,Langley/Fleetwood/Surrey Central Station,EAST
307966,7.392929420127916,18.450056459057123,12.2849370843846,2.4844496400227727,1.661714374133987,6704,320,Langley/Fleetwood/Surrey Central Station,WEST
307967,7.827574437611059,19.51633862616117,12.867190787364345,2.4885858367406852,1.6438286074340234,6704,320,Langley/Fleetwood/Surrey Central Station,WEST
307968,24.486485149810783,58.61522035760668,40.041456241914794,2.3929927226215204,1.6352471984826378,6704,320,Langley/Fleetwood/Surrey Central Station,WEST
307970,22.962698291172376,51.16860246661756,34.45886794378876,2.2197695037787417,1.5006454166162124,6705,321,White Rock/Newton/Surrey Central Station,NORTH
307971,24.617345194638087,57.58189198734024,39.38017044298112,2.3259889793856177,1.599692011125494,6705,321,White Rock/Newton/Surrey Central Station,NORTH
307972,27.08010277365593,55.25935095498163,36.07711711244102,2.0381175786984884,1.3322370824802618,6705,321,White Rock/Newton/Surrey Central Station,NORTH
307973,27.98860686983423,60.1593350790909,40.51965330785695,2.1394998941862156,1.4477195487542656,6705,321,White Rock/Newton/Surrey Central Station,NORTH
307974,26.97716383186514,56.705785964756416,37.91266202100194,2.100360149612127,1.405361299552917,6705,321,White Rock/Newton/Surrey Central Station,NORTH
307975,27.023288693294692,55.470113630014716,35.75979778586865,2.045815054194799,1.3232955541322309,6705,321,White Rock/Newton/Surrey Central Station,NORTH
307976,23.423216060282705,52.42598020250128,34.82312305487051,2.2290440857736558,1.486692645674644,6705,321,White Rock/Newton/Surrey Central Station,NORTH
307977,7.276826247831885,18.858062337207166,12.266276184736643,2.5780680274272214,1.6856629204787397,6705,321,White Rock/Newton/Surrey Central Station,NORTH
307978,31.60441232057062,63.569568763611045,41.7243495198132,2.0067401140506242,1.3202064666349052,6705,321,White Rock/Newton/Surrey Central Station,NORTH
307979,30.09198547220655,67.0667088193192,45.98443084485111,2.2245135250235477,1.5281288397311996,6705,321,White Rock/Newton/Surrey Central Station,SOUTH
307980,25.654722307231907,62.41062773563044,43.39500042329533,2.425338626328781,1.6915014672001556,6705,321,White Rock/Newton/Surrey Central Station,SOUTH
307981,18.983029295447174,37.16423992664996,24.887849854820534,1.9573243183183195,1.3110578647628992,6705,321,White Rock/Newton/Surrey Central Station,SOUTH
307982,26.20827162673661,54.30382284045949,36.67067512225583,2.066698769938864,1.3992023451422833,6705,321,White Rock/Newton/Surrey Central Station,SOUTH
307983,21.81317223950895,49.72864832890543,34.07783751645116,2.2745156253283936,1.5622595898604754,6705,321,White Rock/Newton/Surrey Central Station,SOUTH
307984,29.998374011329624,69.85464695292136,48.45116117551415,2.3230325044226565,1.6151262450829962,6705,321,White Rock/Newton/Surrey Central Station,SOUTH
307985,7.227668010426866,17.441512746873478,11.608858644232324,2.405425580629654,1.6061693242529973,6705,321,White Rock/Newton/Surrey Central Station,SOUTH
307986,14.691259932467997,32.746406974961864,22.999296283282874,2.2268200859809593,1.5655087711336413,6705,321,White Rock/Newton/Surrey Central Station,SOUTH
307987,13.84768869205036,28.91105843896541,18.996203843466454,2.0726432830934707,1.3717959918012699,6821,322,Newton Exchange/Scottsdale,EAST
307988,15.375335628807424,32.67164309539908,22.145780791143945,2.12173074407758,1.4403445443916898,6821,322,Newton Exchange/Scottsdale,WEST
307989,10.433711023680383,24.563823118920553,15.932694694274279,2.3492485639522895,1.5270400587205633,6706,323,Newton Exchange/Surrey Central Station,NORTH
307991,10.811627105489174,25.798829060560053,17.15870174898121,2.3687122710281656,1.587060077226448,6706,323,Newton Exchange/Surrey Central Station,NORTH
307994,10.65668568205176,24.786365063786924,16.16711630421611,2.3257906050870853,1.5170867178193257,6706,323,Newton Exchange/Surrey Central Station,SOUTH
307995,10.6115840144657,24.568174940968238,16.202472641533685,2.3138271846403096,1.5268665469214107,6707,324,Newton Exchange/Surrey Central Station,NORTH
307997,11.023080451739046,25.70805786462784,17.379210883260598,2.32860088856338,1.5766201616099773,6707,324,Newton Exchange/Surrey Central Station,NORTH
307998,10.947410319572116,24.930306153189015,16.125928986801558,2.2681124029695017,1.4730359524362695,6707,324,Newton Exchange/Surrey Central Station,SOUTH
307999,6.570602331169133,17.56820315559858,,2.6737583968915377,,6708,325,Newton Exchange/Surrey Central Station,NORTH
308000,8.172567183048043,20.557851035588623,13.591915712627893,2.5105157894466226,1.6631145891123342,6708,325,Newton Exchange/Surrey Central Station,NORTH
308001,7.722938743706505,19.336157691973522,12.553614168270784,2.480572900470713,1.6254970529839876,6708,325,Newton Exchange/Surrey Central Station,NORTH
308002,8.493902941154541,21.55500743227641,14.343513457306939,2.5292433171669093,1.6886834658552483,6708,325,Newton Exchange/Surrey Central Station,NORTH
308003,8.101601478654445,18.593194568290954,12.548456422325637,2.300227866683553,1.5488859153819732,6708,325,Newton Exchange/Surrey Central Station,SOUTH
308004,12.553290895664665,29.334173653660528,19.005198833607682,2.3334416271489533,1.5139614776370085,6709,326,Guildford/Surrey Central Station,EAST
308006,12.184962729258215,27.732218639844923,18.245038091358865,2.263877472883404,1.4973404922732636,6709,326,Guildford/Surrey Central Station,WEST
308007,12.478989147725635,28.742763292479054,18.77862729151178,2.2920550993285964,1.504819586683773,6709,326,Guildford/Surrey Central Station,WEST
308008,6.034894272024826,13.842097490953226,9.12062414730527,2.2893466753850977,1.511314653776879,6710,329,Surrey Central Station/Scottsdale,NORTH
308009,11.041950836003293,26.180127853346722,17.511966289471086,2.3668835578149743,1.5859485836842993,6710,329,Surrey Central Station/Scottsdale,NORTH
308010,11.257580385176192,26.25381862600465,17.02687812488572,2.337038808287868,1.5124811497954258,6710,329,Surrey Central Station/Scottsdale,NORTH
308011,5.134366661226716,10.774397724354998,6.969674946650306,2.089012021895962,1.3574556330936236,6710,329,Surrey Central Station/Scottsdale,SOUTH
308012,11.179675040610602,26.186466713013406,17.70350466519308,2.3309817000912822,1.5835437614138528,6710,329,Surrey Central Station/Scottsdale,SOUTH
308013,20.36952167132932,43.87583714327629,29.445318021142086,2.14545474314768,1.4455576569864774,6712,335,Newton/Surrey Central Station,EAST
308015,18.65006879858388,41.60849946863095,27.855902073314063,2.2260298865196413,1.4936085423679075,6712,335,Newton/Surrey Central Station,EAST
308016,17.800096422318013,38.29407425816575,25.446150106242357,2.151688944571432,1.4295512508762376,6712,335,Newton/Surrey Central Station,WEST
308017,18.39571154970139,42.77344548934751,28.047765073592934,2.31113917674227,1.5246904148183507,6712,335,Newton/Surrey Central Station,WEST
308019,10.551455632942634,25.627831585629327,16.817840820767167,2.4225959121050473,1.593888218442609,6712,335,Newton/Surrey Central Station,WEST
308020,18.778759853450982,43.719542510139945,29.07578913883111,2.3211683787825965,1.548333828524243,6712,335,Newton/Surrey Central Station,WEST
308021,9.270194481725365,17.65575166023431,11.872635856638473,1.9020861383545107,1.2807321227233566,17707,337,Fraser Heights/Guildford/Surrey Centre,EAST
308022,5.768783176109246,10.132142981713521,6.543010905091093,1.7542270466093834,1.134209885403255,17707,337,Fraser Heights/Guildford/Surrey Centre,EAST
308023,6.368331661094728,12.010835978963808,7.8675507554385735,1.8882902318193118,1.2354178730204712,17707,337,Fraser Heights/Guildford/Surrey Centre,EAST
308024,9.632103831036995,21.28734805629093,14.879226050671884,2.2147303536545144,1.544753494322536,17707,337,Fraser Heights/Guildford/Surrey Centre,WEST
308025,9.224445579282339,20.33060175023123,14.424011515107557,2.204704021313446,1.5636724604352583,17707,337,Fraser Heights/Guildford/Surrey Centre,WEST
308026,6.312606842328341,15.56979981298402,10.600736635554762,2.4553970901878817,1.679296192576566,17707,337,Fraser Heights/Guildford/Surrey Centre,WEST
308027,6.759994628886795,11.417408850976047,7.024346117524559,1.6829541226802858,1.0391052808693277,48855,338,East Fraser Heights/Guildford,EAST
308028,6.971676821893303,17.545557343865276,12.731634067632932,2.5173098010820434,1.826193954896405,48855,338,East Fraser Heights/Guildford,WEST
308029,16.95386811401647,29.557312771431793,21.81636059416024,1.7385225817701584,1.2868072611773915,6713,340,Scottsdale/22nd St Station,EAST
308030,16.063126773098023,23.66958701866776,16.92054279942411,1.4721020908368843,1.0533779032213115,6713,340,Scottsdale/22nd St Station,WEST
308031,8.280486059222937,18.756185793029214,12.379482216495843,2.260768200921985,1.4950187860901447,8290,341,Guildford/Newton Exchange,NORTH
308032,10.284885405011918,23.844469450296828,16.135451038047105,2.3256894638641876,1.5688508332999171,8290,341,Guildford/Newton Exchange,NORTH
308033,10.6141230901903,24.956578099006954,16.82797797736454,2.3577123249345835,1.5854327139768294,8290,341,Guildford/Newton Exchange,NORTH
308034,10.227644655836455,22.35711960518886,14.572070883957139,2.1770627476725366,1.4247728948660252,8290,341,Guildford/Newton Exchange,SOUTH
308035,8.067330580624397,17.354963540981498,11.150792501818481,2.1435467412279503,1.382215887941886,8290,341,Guildford/Newton Exchange,SOUTH
308036,20.572984292351567,38.36173038718836,25.68467235474506,1.8613031516692744,1.248466046041452,29038,342,Langley Centre/Newton Exchange,EAST
308037,20.75917875168173,38.92942685257059,26.292527047488946,1.8730927221676885,1.2665494797263572,29038,342,Langley Centre/Newton Exchange,EAST
308038,21.571685517856146,47.18116371251743,33.31231394711937,2.1822420755973693,1.5442610601542852,29038,342,Langley Centre/Newton Exchange,WEST
308039,21.096491336065245,45.38067015817658,30.31177389117326,2.1420183144900227,1.4368158860309697,6714,345,King George Station/White Rock Centre,NORTH
308040,19.1384078691847,39.898963604753625,26.31779627565506,2.0746832707532206,1.3751298674133756,6714,345,King George Station/White Rock Centre,NORTH
308042,20.05706143619349,45.33798253819584,31.201158168353047,2.254020754890959,1.5556196139505134,6714,345,King George Station/White Rock Centre,SOUTH
308043,19.801339726027518,44.32864276424397,30.429563247991982,2.233110963899396,1.5367426481751831,6714,345,King George Station/White Rock Centre,SOUTH
308044,10.10616866024416,27.820292381398477,20.096235968055364,2.7582979862727703,1.9885118330856997,40855,350,White Rock Centre/Crescent Beach,EAST
308045,8.227531361512174,21.60456684295605,14.856245111784634,2.6114787550227296,1.805674686489939,40855,350,White Rock Centre/Crescent Beach,EAST
308046,8.689366824329982,12.914177818319837,7.544838709961382,1.4914023159034575,0.8682840605642342,40855,350,White Rock Centre/Crescent Beach,WEST
308047,39.49799625378667,52.725913926700166,38.56052255755044,1.333491303183265,0.976265284694123,6715,351,White Rock Centre/Bridgeport Station,NORTH
308048,39.48230718274102,52.725913926700166,38.82247350180465,1.333491303183265,0.9832878641594481,6715,351,White Rock Centre/Bridgeport Station,NORTH
308049,37.996086592669194,58.64750849087538,44.613483240551815,1.5403482543762435,1.1741599528083861,6715,351,White Rock Centre/Bridgeport Station,SOUTH
308050,38.06476989024339,58.64750849087538,44.83545810670707,1.5403482543762435,1.1778728266579936,6715,351,White Rock Centre/Bridgeport Station,SOUTH
308051,44.330198053503516,57.36066285352602,42.3073769161457,1.293328452838398,0.9543692285128884,6716,352,Ocean Park/Bridgeport Station,NORTH
308052,43.86571871336921,68.28245861698976,52.005779635908425,1.5549156449354447,1.1855677089375563,6716,352,Ocean Park/Bridgeport Station,SOUTH
308053,46.37298370477865,65.24113321248048,,1.406878057013129,,6717,354,White Rock South/Bridgeport Station,NORTH
308055,45.67409194241482,75.53657667416255,56.77195992833314,1.6509633717574677,1.2429794991854537,6717,354,White Rock South/Bridgeport Station,SOUTH
308056,12.595649008427369,27.530464101678778,19.183842727854863,2.183558001203254,1.5230531364457307,31816,360,Ocean Park/Peace Arch Hospital,EAST
308057,11.339562879045669,22.618567635262824,15.250649350026029,1.9930044671902118,1.344906281899776,31816,360,Ocean Park/Peace Arch Hospital,WEST
308058,10.693000457889196,26.112800010875198,17.301827866377472,2.433585967349174,1.6180517278115651,31817,361,Ocean Park/White Rock Centre,EAST
308060,12.055133415958291,26.001974318958435,16.857179314985444,2.1534707052153026,1.398340336297757,31817,361,Ocean Park/White Rock Centre,WEST
308062,4.1575610495105275,15.589238533213448,11.376560573348792,3.7238871844713173,2.736354424594237,31818,362,Seaside/White Rock Centre,NORTH
308064,3.5561171109217686,4.65286762736442,2.0425709861600154,1.3059386785569664,0.5743823733719973,31818,362,Seaside/White Rock Centre,SOUTH
308066,11.246078202897621,23.205788841672625,15.119351661336802,2.0613764667039787,1.3444110372130622,31819,363,Southpoint/Peace Arch Hospital,NORTH
308067,12.752964695282627,31.898543118252444,22.14741546634629,2.4985861085989867,1.7366483790658267,31819,363,Southpoint/Peace Arch Hospital,SOUTH
308068,21.03850344536276,41.72252001268572,27.4710024520621,1.979079640652891,1.3057488867211784,11692,364,Langley Centre/Scottsdale,EAST
308069,21.907027604470024,51.83164844906384,35.187443249497214,2.357408170347131,1.6062171411295152,11692,364,Langley Centre/Scottsdale,WEST
308071,10.6802042551062,24.137400404979896,16.710043097321712,2.2574941340301335,1.564580854278386,8286,370,Cloverdale/Willowbrook,EAST
308073,11.071038997979397,23.71469745621941,15.501284423232596,2.132984261088823,1.4001652804277696,8286,370,Cloverdale/Willowbrook,WEST
308074,8.146609513177525,22.065709865223923,15.715429794632826,2.6992531198764613,1.9290761106460763,6818,371,Surrey Central/Scott Rd Station,EAST
308075,8.139964664028396,14.058687248309306,8.42570258199715,1.7182229923330823,1.0351030907089154,6818,371,Surrey Central/Scott Rd Station,WEST
308076,11.08426565199069,21.896275120116737,13.96856794997238,1.9682287133861576,1.260215912225424,31820,372,Clayton Heights/Langley Centre,EAST
308077,10.967500618233084,26.310135534620873,18.576016158734067,2.4007315184475986,1.693732857224744,31820,372,Clayton Heights/Langley Centre,WEST
308078,14.689688266267607,35.01562000937092,23.365853873440436,2.3892077653686106,1.590629661426933,6819,373,Guildford/Surrey Central Station,EAST
308079,7.215395947838664,17.945545079667397,11.8293419506986,2.4760910247541434,1.6394584630164366,6819,373,Guildford/Surrey Central Station,EAST
308080,8.77545810126905,21.69965320579535,14.587770554056224,2.4694748825082624,1.6623372119965605,6819,373,Guildford/Surrey Central Station,EAST
308081,13.532745986566235,32.04787772058672,21.271314931547074,2.3590165673920582,1.5718402571557026,6819,373,Guildford/Surrey Central Station,WEST
308082,8.291285155570977,19.322656223349984,12.850145911050124,2.3233130207808035,1.5498376512133363,6819,373,Guildford/Surrey Central Station,WEST
308083,8.67352791315781,20.574677253872224,13.644755993619183,2.362588458643157,1.573149487755724,6819,373,Guildford/Surrey Central Station,WEST
308084,21.73304948751193,52.26571514819023,35.450236169423086,2.400158111584985,1.631167139696305,7321,375,White Rock/White Rock South/Guildford,NORTH
308085,23.693629897838697,49.527255240225536,32.849507348209315,2.0862384429547176,1.3864278073831906,7321,375,White Rock/White Rock South/Guildford,SOUTH
308086,34.33981793544357,61.181270440754666,42.47300837800538,1.7793479282322957,1.2368443087803096,11693,388,22nd St Station/Carvolth Exchange,EAST
308088,33.11598903159083,60.879155533227774,42.30467078641167,1.8353331565264588,1.2774696460388166,11693,388,22nd St Station/Carvolth Exchange,WEST
308089,10.339410490330629,19.560353512352005,12.297165121223042,1.8939288181523894,1.1893487672941603,6718,391,Scottsdale/Scott Road Station,NORTH
308090,10.641709580305733,27.71271058851566,19.503453406889736,2.5870467755709035,1.832736860530769,6718,391,Scottsdale/Scott Road Station,SOUTH
308091,13.373314369244198,31.316401312385295,21.031572764717158,2.3370277841678746,1.5726522374352716,6719,393,Newton Exchange/Surrey Central Station,NORTH
308092,13.814427540055236,32.48881759027926,21.289940479394183,2.34976767085206,1.5411380904249221,6719,393,Newton Exchange/Surrey Central Station,NORTH
308093,13.299782088463013,31.461599575461165,20.287026110592784,2.353337560927862,1.5253653011496258,6719,393,Newton Exchange/Surrey Central Station,SOUTH
308094,21.037776351687086,38.48855778736633,26.791817415245138,1.8284964652132822,1.2735099455079346,6720,394,White Rock/King George Station Express,NORTH
308095,22.144467029509755,44.65268050534513,31.202232168681153,2.015782101160516,1.4090306227330287,6720,394,White Rock/King George Station Express,SOUTH
308096,20.548227292860215,39.77503963688707,26.608557836105927,1.9377158812448612,1.2949320375364675,6721,395,Langley Centre/King George Station,EAST
308097,21.416052652844506,49.584055697718526,34.329958554730645,2.312668441531502,1.603001221150383,6721,395,Langley Centre/King George Station,WEST
308098,9.090437621351377,22.966272368357203,14.505664740061597,2.5195279111703655,1.5957058773486414,6722,401,Richmond-Brighouse Station/One Road,EAST
308099,9.27297987520581,22.62693917621859,14.55562389804986,2.43232186388852,1.5696813854809324,6722,401,Richmond-Brighouse Station/One Road,WEST
308100,9.721462820586945,23.300622613564876,14.830301951594329,2.392189869682248,1.5255216447661044,6722,401,Richmond-Brighouse Station/One Road,WEST
308101,8.428091007834773,20.787889872352626,13.246892264159492,2.4555585508491355,1.5717547724443353,6723,402,Two Road/Brighouse Station,NORTH
308102,10.437881532077332,25.998393146357017,16.03203349946738,2.4919699125770234,1.5359470645646147,6723,402,Two Road/Brighouse Station,SOUTH
308103,8.372127565237285,20.644910714006155,12.895127162735006,2.4604781538225784,1.5402449451771496,6723,402,Two Road/Brighouse Station,SOUTH
308104,2.2746312437223777,4.252183471701349,2.9851798709672703,1.8684148748476297,1.312379700756285,6724,403,Bridgeport Station/Three Road,NORTH
308106,13.255342168513838,31.492962362271275,20.625332520297956,2.3786781466273337,1.5560015168292276,6724,403,Bridgeport Station/Three Road,NORTH
308109,13.430819873944278,33.22937069108948,21.248083765781935,2.4552237190027864,1.5820392176506743,6724,403,Bridgeport Station/Three Road,SOUTH
308110,13.43866179715239,33.045242463018035,21.04607087546439,2.4412432932857993,1.5660838253942804,6724,403,Bridgeport Station/Three Road,SOUTH
308113,9.61204516899747,22.134875537775894,14.850780244334391,2.2950997011150918,1.5450177338152602,6725,404,Four Road/Brighouse Station,EAST
308114,9.613178097886186,21.949239833327045,14.421267155987989,2.2753868494870835,1.5001560367594813,6725,404,Four Road/Brighouse Station,EAST
308115,2.262218771641968,4.252183471701349,2.8916283619121828,1.8684148748476297,1.2782266676239167,6725,404,Four Road/Brighouse Station,WEST
308117,7.126781536348277,16.663818961247237,10.96543986837666,2.3245934133114483,1.5386243864008338,6725,404,Four Road/Brighouse Station,WEST
308118,9.314212929825349,20.450425154989123,13.491116698712313,2.192880881157665,1.4484440929530356,6725,404,Four Road/Brighouse Station,WEST
308119,10.580852139661438,24.484595975173477,16.136695406096127,2.300149677034647,1.525084671168315,6726,405,Five Road/Cambie,NORTH
308120,23.239265510564998,50.086837355714685,33.53796728418402,2.152106760585522,1.4431595210673522,6726,405,Five Road/Cambie,NORTH
308121,21.195789580917843,46.085191034396644,30.703359585451203,2.163797846817475,1.4485593692198586,6726,405,Five Road/Cambie,NORTH
308122,20.779698336990652,44.58352854262968,29.95005473304752,2.140928534999908,1.441313259092525,6726,405,Five Road/Cambie,NORTH
308123,18.798638535300565,40.55519662911238,26.9167019648776,2.1495074092556767,1.4318431579144801,6726,405,Five Road/Cambie,NORTH
308124,11.328921484133687,24.18519553823713,15.784232261299005,2.135612579423693,1.3932687487864615,6726,405,Five Road/Cambie,SOUTH
308125,10.789537275294814,22.35145625346455,14.680523838996054,2.069389032662643,1.360625897517456,6726,405,Five Road/Cambie,SOUTH
308126,19.43932368545695,40.10998538008545,26.484796976384054,2.0565790772883163,1.3624340746071324,6726,405,Five Road/Cambie,SOUTH
308127,21.41486734370597,44.063310602815726,28.894870920351845,2.0567028109203243,1.3492902130371738,6726,405,Five Road/Cambie,SOUTH
308128,23.88472177106599,49.52930873153115,32.92085544186436,2.070926472345926,1.3783227519838546,6726,405,Five Road/Cambie,SOUTH
308129,21.805996599206637,45.57751992006652,29.9990095850315,2.080399564926074,1.3757229323847069,6726,405,Five Road/Cambie,SOUTH
308130,9.280694481692366,22.31504715715764,14.744578968485614,2.3824593539192613,1.5887365969832992,34542,406,Richmond Brighouse Station/Steveston,NORTH
308131,9.217951363886918,21.31483437828782,13.83757533114987,2.30126992708403,1.5011551683122575,34542,406,Richmond Brighouse Station/Steveston,SOUTH
308132,11.296086463425306,26.378818437311864,16.984345150277353,2.3305903299313764,1.5035601228150655,34542,406,Richmond Brighouse Station/Steveston,SOUTH
308133,9.598285720408231,23.185678361106536,14.780081531451867,2.40802236155174,1.5398668014253742,6727,407,Gilbert/Bridgeport,NORTH
308134,11.72071319602474,27.500585482894845,17.54131991362889,2.324680863750085,1.4966085783566736,6727,407,Gilbert/Bridgeport,NORTH
308135,21.45371371492646,49.9543663874452,32.802081890076956,2.3160721944743723,1.5289698709484898,6727,407,Gilbert/Bridgeport,NORTH
308136,20.561255796950718,47.371864626542134,31.213960307158988,2.2963430300223546,1.5180960061684603,6727,407,Gilbert/Bridgeport,NORTH
308137,10.908965122737278,23.259061664521628,15.137604813607988,2.1283812081127844,1.387629774528939,6727,407,Gilbert/Bridgeport,SOUTH
308138,8.340807286470683,18.63730199665906,11.8390498119021,2.237819958120128,1.4194129423306288,6727,407,Gilbert/Bridgeport,SOUTH
308139,9.035795827305312,22.142116960907913,13.988683338968107,2.4468762222911598,1.5481407068424058,6727,407,Gilbert/Bridgeport,SOUTH
308140,9.435285899075293,22.835501687648442,14.538853838553052,2.404966623968974,1.5409023101226784,6727,407,Gilbert/Bridgeport,SOUTH
308141,21.63293194883954,48.17624444581789,31.570530989295282,2.2227381969109836,1.459373656051686,6727,407,Gilbert/Bridgeport,SOUTH
308142,22.04566409242615,48.862224036299935,30.981432242133202,2.2092328692934444,1.4053299602245577,6727,407,Gilbert/Bridgeport,SOUTH
308143,19.567404849010288,44.672158325622874,29.066957516855684,2.2768985030416085,1.4854784137777923,6727,407,Gilbert/Bridgeport,SOUTH
308144,20.005337511010904,45.37235747014346,29.374360605449233,2.261135982144073,1.468326169917485,6727,407,Gilbert/Bridgeport,SOUTH
308145,4.209832105947311,9.741942794420241,6.3472242837740085,2.301742154281123,1.5077143515550566,34543,408,Brighouse/Ironwood/Riverport,EAST
308146,10.305273886530628,22.87474203499232,14.764267172963333,2.2066158231275876,1.4326904200247188,34543,408,Brighouse/Ironwood/Riverport,EAST
308147,7.9361797728992824,18.437892741994915,11.96043639079488,2.313658262639374,1.5070773007987743,34543,408,Brighouse/Ironwood/Riverport,EAST
308148,9.258325237247066,20.534155938892095,13.499933166852426,2.2100895108574075,1.4581398709715871,34543,408,Brighouse/Ironwood/Riverport,EAST
308149,8.535950969754325,19.415974155185374,12.780209562809862,2.2710366705519482,1.4972215290474769,34543,408,Brighouse/Ironwood/Riverport,WEST
308150,10.185911951669864,21.91447458251766,14.347087308577459,2.146214299663147,1.4085226120794632,34543,408,Brighouse/Ironwood/Riverport,WEST
308151,7.671115592305021,17.272480400276283,11.451961093690441,2.234673152899644,1.4928677525310694,34543,408,Brighouse/Ironwood/Riverport,WEST
308153,22.51257907381004,49.5895460554391,33.62437261406197,2.195482229314244,1.4935815440701241,6728,410,Richmond-Brighouse Station/22nd St Station,EAST
308154,21.748845659114565,44.02480829100145,30.422872306532877,2.0162387274051143,1.398826989872135,6728,410,Richmond-Brighouse Station/22nd St Station,EAST
308155,17.95121328148473,35.16109586361728,23.744120145589754,1.9476694813004576,1.3227028041653293,6728,410,Richmond-Brighouse Station/22nd St Station,EAST
308156,3.101074919829899,7.828927769371175,5.846167896420536,2.515003885585174,1.8852069193933605,6728,410,Richmond-Brighouse Station/22nd St Station,EAST
308157,17.841643221440073,34.97016824408722,23.888762623719547,1.9498670072609403,1.338932873347267,6728,410,Richmond-Brighouse Station/22nd St Station,WEST
308158,23.28659082015661,47.03775190429127,31.130046868200424,2.016087477717222,1.3368228569230753,6728,410,Richmond-Brighouse Station/22nd St Station,WEST
308159,22.269774578470386,40.76763987362482,27.921991947778128,1.8284358551935183,1.2538066718812728,6728,410,Richmond-Brighouse Station/22nd St Station,WEST
308161,7.134487809962831,13.715090061378405,9.240835348458225,1.9217727915308598,1.2952345837011623,6827,412,Bridgeport Station/Sea Island South,EAST
308162,6.083972789803554,11.657500374952033,7.939662964972359,1.9113913885466414,1.3050128985255904,6827,412,Bridgeport Station/Sea Island South,EAST
308163,8.243628850383892,13.979535779068842,9.731230688222261,1.6986021801806506,1.1804547323560175,6827,412,Bridgeport Station/Sea Island South,WEST
308164,7.186360551907261,11.953798842398282,8.21275289921827,1.6579295320073364,1.1428250558676192,6827,412,Bridgeport Station/Sea Island South,WEST
308165,11.77086777329688,24.755502760360088,16.196791974410722,2.0989887427573044,1.3760066195930254,6828,413,Riverport/Steveston,EAST
308166,5.642606393517982,12.134990430912692,8.131877128295812,2.1405361484508427,1.441156189387481,6828,413,Riverport/Steveston,EAST
308167,11.783345923278226,25.16085518961166,16.9248695096289,2.1325164757585386,1.4363381691267751,6828,413,Riverport/Steveston,EAST
308168,11.762443320271425,24.938550094694822,16.80986812490115,2.1148637656396465,1.4291136345737778,6828,413,Riverport/Steveston,EAST
308169,13.799194863597371,29.44392105026194,19.313000533948106,2.127483423687149,1.3995744479916212,6828,413,Riverport/Steveston,WEST
308171,9.150834973742901,20.583519178375767,13.89333085984389,2.2428278628533542,1.518258268202732,6828,413,Riverport/Steveston,WEST
308172,5.852595886214877,14.260248672964554,8.947149852029211,2.4286461856290344,1.5287489561859557,13684,414,Richmond Oval/Brighouse Station,EAST
308173,5.173504000591843,12.749975223696428,8.134482816560604,2.4367043352514557,1.5723352713422136,13684,414,Richmond Oval/Brighouse Station,EAST
308174,3.8899493924465367,11.283447958519902,7.067162977043721,2.8948402136313067,1.8167750435948253,13684,414,Richmond Oval/Brighouse Station,WEST
308175,3.0494613335256466,9.005706386775216,5.611783425186722,2.9203371943705716,1.8402540027286185,13684,414,Richmond Oval/Brighouse Station,WEST
308176,11.127644823431758,26.291491939920835,16.593451184925602,2.348828969844373,1.4911916625865305,6829,416,East Cambie/Brighouse Station,EAST
308177,10.620108225171837,25.74168720853034,17.211280418009274,2.4135645824567002,1.6206313582770282,6829,416,East Cambie/Brighouse Station,WEST
308178,12.154424869611695,23.077175810724835,16.19047056181215,1.8841456895374202,1.3320638973458392,9745,418,Kingswood/22nd St Station,NORTH
308179,3.069374344230009,7.320202995354456,5.545906996654067,2.3840992234872065,1.806852594268793,9745,418,Kingswood/22nd St Station,NORTH
308180,10.52213198556502,18.35842033221702,12.57435438215872,1.7361447257839913,1.1950386480048987,9745,418,Kingswood/22nd St Station,SOUTH
308181,14.571415641725057,22.744098504314874,15.308767804980963,1.5533880636979913,1.0506026443405065,9745,418,Kingswood/22nd St Station,SOUTH
308182,3.7114998504957986,3.800416396248799,2.3549438384211365,1.0200016412098325,0.6344992410835077,9745,418,Kingswood/22nd St Station,SOUTH
308183,19.533097911414046,47.307610290935216,33.22237918950959,2.421255895319805,1.7008248942476398,6730,430,Metrotown/Brighouse Station,EAST
308186,18.41663768442484,31.848906845797046,19.261078189318262,1.7269111619669124,1.045852045273583,6730,430,Metrotown/Brighouse Station,WEST
308188,27.405924768685885,57.415381422439665,40.108606338408265,2.0931221333837144,1.4635012931304734,6737,501,Langley Centre/Surrey Central Station,NORTH
308189,27.81260703722293,58.36453040451451,41.11416917161241,2.0984964024489035,1.47825657323628,6737,501,Langley Centre/Surrey Central Station,NORTH
308190,28.350542402175897,59.19270851485365,41.39345846367198,2.0856683787360435,1.4600587839368833,6737,501,Langley Centre/Surrey Central Station,NORTH
308191,27.503274444436332,51.12748888787721,34.24725673341349,1.8577540510363222,1.2452065226852072,6737,501,Langley Centre/Surrey Central Station,SOUTH
308192,26.52244173034437,48.91323976795615,32.88899845883214,1.8430191077298015,1.240044140476093,6737,501,Langley Centre/Surrey Central Station,SOUTH
308193,18.747461912583137,37.233991157935364,24.891362181088976,1.9830504760199996,1.327719042564482,6738,502,Langley Centre/Surrey Central Station,EAST
308195,18.61056885512906,44.02407075308358,30.624033326943646,2.3478113415551016,1.6455183914759104,6738,502,Langley Centre/Surrey Central Station,WEST
308196,6.294388114495705,13.846844117980906,9.181051747794529,2.1916965660526158,1.4586090944489047,6738,502,Langley Centre/Surrey Central Station,WEST
308197,18.434394836684106,32.77616182079895,22.127451408978807,1.7750422285087475,1.2003351129783542,23384,503,Aldergrove/Surrey Central Station,EAST
308198,15.87584604949282,32.943640916973,24.404082504436342,2.0727833048987128,1.5371831163112073,23384,503,Aldergrove/Surrey Central Station,EAST
308199,33.84693876886182,64.65870620158807,45.7171236065005,1.9109432067492864,1.3507018734751546,23384,503,Aldergrove/Surrey Central Station,EAST
308200,20.32048658611234,36.995118517799675,24.64251802345577,1.8197510577549858,1.212693304317685,23384,503,Aldergrove/Surrey Central Station,EAST
308201,18.31544460759523,40.75294402275164,29.14634608248578,2.2206938780843646,1.5913534564374752,23384,503,Aldergrove/Surrey Central Station,WEST
308202,18.731576487328745,29.291788926876862,19.711477073695697,1.559407969827243,1.0523127664684186,23384,503,Aldergrove/Surrey Central Station,WEST
308203,36.91958832257266,69.61710359574941,48.96441749471263,1.879559883374332,1.3262449479908136,23384,503,Aldergrove/Surrey Central Station,WEST
308204,20.079497012503463,45.07545550279253,31.745905545799495,2.237443691432271,1.5810109947490907,23384,503,Aldergrove/Surrey Central Station,WEST
308205,24.965465475583365,41.23710653863071,28.989898274691132,1.6497840493143758,1.1611999905647155,6739,509,Walnut Grove/Surrey Central Station,EAST
308206,15.98718251976138,21.59554663873565,15.789495653719872,1.3524405299893836,0.9876346650951691,6739,509,Walnut Grove/Surrey Central Station,EAST
308207,21.13342745633787,37.24215480035633,26.232520562245675,1.7642567731741505,1.2412809335562178,6739,509,Walnut Grove/Surrey Central Station,EAST
308209,24.619461861223172,42.47071034478084,31.17513437826705,1.7250676572929617,1.2662800898735067,6739,509,Walnut Grove/Surrey Central Station,WEST
308210,11.847166959744653,23.60737381782935,16.337241984216053,1.9922978083442737,1.3789998942133737,6739,509,Walnut Grove/Surrey Central Station,WEST
308211,20.536213827638534,40.2156273988601,28.346558286257956,1.9555623727752158,1.3803205656199353,6739,509,Walnut Grove/Surrey Central Station,WEST
308212,25.79379457259099,44.825889655930304,32.284297534578506,1.739387637396758,1.2516304045037427,6739,509,Walnut Grove/Surrey Central Station,WEST
308213,8.179293318670132,16.174346165801797,10.336705852449343,1.9777333910116728,1.263765150572933,18705,531,White Rock Centre/Willowbrook,NORTH
308214,22.858524245191358,44.21171129759823,28.96370493572895,1.9309498145472463,1.267085513703795,18705,531,White Rock Centre/Willowbrook,NORTH
308215,23.420499337447023,54.8488040261885,37.774456762589914,2.3366562609524295,1.612880076480366,18705,531,White Rock Centre/Willowbrook,SOUTH
308216,23.0867944392091,53.4041903524414,37.06175112034394,2.311334631090102,1.6053225240053548,18705,531,White Rock Centre/Willowbrook,SOUTH
308217,22.299571116165986,27.477705223072597,21.643222551382532,1.2317496853076189,0.9705667628599531,20667,555,Carvolth Exchange/Lougheed Station,EAST
308218,22.044738505445263,27.748976366739385,22.117243506640897,1.2588125822911,1.003288993479225,20667,555,Carvolth Exchange/Lougheed Station,WEST
308219,10.688242893613841,22.86792852271224,15.647988679008305,2.1419786783526886,1.4640375256028173,34044,560,Murrayville/Langley Centre,EAST
308220,10.856145716098275,23.1622546170691,15.682586216703147,2.1320354318618295,1.4445814036419828,34044,560,Murrayville/Langley Centre,WEST
308221,11.347029340097928,24.59060252606211,16.34959404846444,2.1616334509901147,1.44086998970634,34045,561,Langley Centre/Brookswood,EAST
308222,11.270295834224077,23.78832764268627,15.902532706036165,2.1054926761940904,1.4110128908724429,34045,561,Langley Centre/Brookswood,WEST
308223,20.246710430908564,39.617677705797675,27.988975732669562,1.9559881563662824,1.3823962084201926,6814,562,Langley Centre/Walnut Grove,NORTH
308225,21.249781761487288,41.086958838392,29.121213214281777,1.935914121319746,1.370424107934159,6814,562,Langley Centre/Walnut Grove,NORTH
308226,21.038805472471868,37.88142812191261,26.41799221276477,1.7945148406130733,1.2556792849922622,6814,562,Langley Centre/Walnut Grove,SOUTH
308228,22.205083194101213,39.658744948030254,27.55726136149509,1.7846390886759904,1.241033916450972,6814,562,Langley Centre/Walnut Grove,SOUTH
308231,12.885383720892019,24.57682611304714,15.916418331741612,1.8987144449226494,1.23523044998149,6815,563,Langley Centre/Fernridge,NORTH
308232,12.355695510044978,27.63194418447994,18.74284011182854,2.233683816226693,1.5169393011175225,6815,563,Langley Centre/Fernridge,SOUTH
308233,11.761001031645723,27.5321502181808,18.241596633816943,2.326286983128337,1.5510241504727074,6816,564,Langley Centre/Willowbrook,EAST
308235,11.370096880276725,25.643951383399727,17.10391818951062,2.246318702056435,1.5042895737484996,6816,564,Langley Centre/Willowbrook,WEST
308236,17.441281692923887,31.278428390588974,21.57725303958146,1.7930537042083459,1.2371368927740891,12940,595,Maple Meadows Station/Langley Centre,NORTH
308237,18.806786725811502,34.57572441491521,24.06598941204815,1.8414889228013795,1.2796438734012239,12940,595,Maple Meadows Station/Langley Centre,NORTH
308238,16.19224072539034,27.979826731257965,19.440377737139425,1.7242275869461474,1.2005983647868959,12940,595,Maple Meadows Station/Langley Centre,SOUTH
308239,17.675532293563606,30.596147783504584,21.19754475688847,1.7273802560459266,1.1992592022027746,12940,595,Maple Meadows Station/Langley Centre,SOUTH
308240,18.772910275957813,27.856243798931295,19.967711911863727,1.4844235190655197,1.0636449872898013,6741,601,South Delta/Boundary Bay/Bridgeport,NORTH
308242,25.802427859470306,39.973472730104895,28.989434646659745,1.5461500738266325,1.123515771637734,6741,601,South Delta/Boundary Bay/Bridgeport,NORTH
308243,16.118667293240296,21.255208537732422,16.344004288255668,1.3182635413078587,1.0139798775491737,6741,601,South Delta/Boundary Bay/Bridgeport,NORTH
308244,30.685996492401642,49.48027959081157,34.94608805860783,1.6114666172786036,1.1388285228821249,6741,601,South Delta/Boundary Bay/Bridgeport,NORTH
308245,30.91786846476538,50.49322962931814,36.07418839550264,1.6334725196023459,1.16677475475431,6741,601,South Delta/Boundary Bay/Bridgeport,NORTH
308246,30.63267771071607,49.48027959081157,34.94885988615119,1.6114666172786036,1.140901236783659,6741,601,South Delta/Boundary Bay/Bridgeport,NORTH
308247,24.93298038342669,39.0333146104903,28.58176316998607,1.5637343760987596,1.1463436272137277,6741,601,South Delta/Boundary Bay/Bridgeport,SOUTH
308248,30.27255374818484,54.12096808615072,39.55169943900102,1.7849256811234364,1.3065200831090296,6741,601,South Delta/Boundary Bay/Bridgeport,SOUTH
308249,30.149143764519774,49.4351705150756,35.54115316177968,1.6373188294449312,1.1788445283678455,6741,601,South Delta/Boundary Bay/Bridgeport,SOUTH
308250,30.30502272588605,54.12096808615072,39.40042590319695,1.7849256811234364,1.3001285714114232,6741,601,South Delta/Boundary Bay/Bridgeport,SOUTH
308251,17.33727626495028,30.976695304674113,22.996110312999125,1.783754647617091,1.3263969473387793,6741,601,South Delta/Boundary Bay/Bridgeport,SOUTH
308252,15.208904510462496,20.001535262901246,15.383617750432858,1.3126144204319874,1.0114875624243793,6741,601,South Delta/Boundary Bay/Bridgeport,SOUTH
308253,26.604443374656615,37.61596952900956,27.48888803991538,1.4131314443811338,1.033244246188638,6742,602,Tsawwassen Heights/Bridgeport,NORTH
308254,26.30176747021555,42.35952940697548,31.924912576351737,1.6125275479054986,1.2137934308979008,6742,602,Tsawwassen Heights/Bridgeport,SOUTH
308255,7.401859701588288,13.793761189976127,8.553489913254746,1.8577012046143107,1.1555866036503422,6743,603,Beach Grove/Bridgeport,NORTH
308256,7.091651713111536,12.933759854665373,7.728773008422372,1.8204987382040907,1.089841030141523,6743,603,Beach Grove/Bridgeport,NORTH
308257,28.69109275699139,40.43440252232618,29.49068505238236,1.4095470400858026,1.027869008063352,6743,603,Beach Grove/Bridgeport,NORTH
308258,5.120137815713375,14.827427324229882,10.662254809517124,2.9029788282138758,2.082415589829506,6743,603,Beach Grove/Bridgeport,SOUTH
308259,25.806454568415298,41.48857430743512,31.49236690612568,1.6059851240075416,1.220329077852849,6743,603,Beach Grove/Bridgeport,SOUTH
308260,5.063889128509718,9.42025765196462,5.854643444322344,1.8595652254501094,1.156155534954483,6744,604,English Bluff/Bridgeport,NORTH
308261,26.630507242982425,36.8258836567458,26.92312841921159,1.382672185860561,1.0109881938619956,6744,604,English Bluff/Bridgeport,NORTH
308262,27.806019832680626,45.18510157689465,33.39800380057777,1.6199015501455256,1.2011069545927908,6744,604,English Bluff/Bridgeport,SOUTH
308263,7.185491369090185,18.553117993674586,12.974291919652401,2.5845893015371364,1.8056234783697451,6744,604,English Bluff/Bridgeport,SOUTH
308264,7.593845157639966,16.81953648068933,11.615718741425527,2.209992744750465,1.5296228064038493,6745,606,Ladner Ring,EAST
308265,3.2727970729419713,7.178615715340651,4.8636680576138875,2.186494938248172,1.486089100306441,6745,606,Ladner Ring,WEST
308266,3.45984460556667,7.199785748278401,4.897443461060927,2.073275539346286,1.4155096599371115,6746,608,Ladner Ring,EAST
308267,6.290750551605536,14.608994063519596,9.805733876765578,2.3204049474964523,1.5587542052931889,6746,608,Ladner Ring,WEST
308268,18.682946544658016,37.157033868681516,24.97058237127334,1.9840993440459522,1.3365441212169575,11696,609,South Delta Exchange/Ladner Exchange,NORTH
308269,18.5450550110526,36.78855281053496,24.68613613758373,1.9777923226492142,1.3311438614159479,11696,609,South Delta Exchange/Ladner Exchange,SOUTH
308270,7.931698344426505,14.422315470006911,9.230952490095607,1.8133165710292165,1.1638052897690025,6843,614,English Bluff/South Delta Exchange,NORTH
308271,5.316500494496222,15.497907958547083,10.930119643241015,2.908633640500804,2.0558861330975433,6843,614,English Bluff/South Delta Exchange,SOUTH
308272,4.3341100161426835,10.646145578058048,7.088793749810336,2.4422433830484915,1.635582327953755,6823,616,Ladner South/Ladner Exchange,EAST
308273,3.2589582575172553,7.178615715340651,4.716953001637578,2.186494938248172,1.4473806133469946,6823,616,Ladner South/Ladner Exchange,WEST
308274,4.6076701880098465,10.214405951006913,6.960467628829605,2.2086221567880724,1.510626269853742,6825,618,Ladner North/Ladner Exchange,NORTH
308275,3.986388689065407,9.758623794247162,6.7348468345283345,2.4376681906218254,1.6894606521942777,6825,618,Ladner North/Ladner Exchange,NORTH
308276,3.877382847239014,9.299288523262344,6.322881336306633,2.390155185993463,1.6307085437304694,6825,618,Ladner North/Ladner Exchange,SOUTH
308277,4.506245104417779,10.058441101983055,6.537949338610549,2.2172760220090533,1.4508641201520422,6825,618,Ladner North/Ladner Exchange,SOUTH
308278,5.507569077458728,11.920701581805304,7.925068715344569,2.1619274806324564,1.4389413194616363,6844,619,Boundary Bay/South Delta Recreation Centre,NORTH
308279,5.602166427069902,11.712058617872271,7.993454289996176,2.084760909516866,1.426850557557782,6844,619,Boundary Bay/South Delta Recreation Centre,SOUTH
308280,28.65924184309616,37.98897429626749,29.3289967689309,1.3244463746649533,1.023369596777944,6747,620,Tsawwassen Ferry/Bridgeport Station,NORTH
308281,27.607446812572054,35.83220530131392,27.499984699826513,1.294700827406136,0.9961074954350142,6747,620,Tsawwassen Ferry/Bridgeport Station,SOUTH
308282,20.423730860990563,35.01628081656325,24.327956665899688,1.7089818434226118,1.1911612443134088,6748,640,Ladner Exchange/Scott Road Station,NORTH
308283,20.449918418688846,35.28208842501778,25.073748827510112,1.7224110125530558,1.226105078472862,6748,640,Ladner Exchange/Scott Road Station,NORTH
308284,17.80539980036458,32.68184117274204,23.052051001885157,1.8329513091298677,1.2946662956376385,6748,640,Ladner Exchange/Scott Road Station,NORTH
308285,24.983779271090278,43.70270604666589,30.995920940152367,1.745683358232276,1.2406418021799839,6748,640,Ladner Exchange/Scott Road Station,NORTH
308286,23.92370021491407,40.979762702455034,28.61547311210527,1.7113527528167773,1.1961140147654226,6748,640,Ladner Exchange/Scott Road Station,NORTH
308287,25.0020757512707,43.968180684167784,31.363561146017542,1.7566663419105522,1.254438289765742,6748,640,Ladner Exchange/Scott Road Station,NORTH
308288,16.67330823308826,29.227050226683605,20.420253241294738,1.7512753624935975,1.224727148075548,6748,640,Ladner Exchange/Scott Road Station,NORTH
308290,16.659599277595916,29.491352853401192,20.83050975188729,1.7676854668435047,1.250360792285111,6748,640,Ladner Exchange/Scott Road Station,NORTH
308291,24.999689905082352,43.968180684167784,30.95012002681052,1.7566663419105522,1.238020157222769,6748,640,Ladner Exchange/Scott Road Station,NORTH
308292,24.747881947023583,43.52328890151586,30.465308938850423,1.7543429456771642,1.231026921983296,6748,640,Ladner Exchange/Scott Road Station,SOUTH
308293,23.669052757559747,39.94477123054103,28.502258483137936,1.6862655205798098,1.2041993727034341,6748,640,Ladner Exchange/Scott Road Station,SOUTH
308294,17.58841622095411,32.34110416271646,22.49805820740362,1.841056433098161,1.2791406528462959,6748,640,Ladner Exchange/Scott Road Station,SOUTH
308295,16.514427774890642,29.031073843457747,20.124063360203724,1.7607483717076946,1.2185746690419,6748,640,Ladner Exchange/Scott Road Station,SOUTH
308296,44.96055022371554,70.0473015657517,51.6112013827331,1.5566185113215023,1.147921925464104,6749,701,Haney/Maple Ridge East/Coquitlam Station,EAST
308297,25.694697328443887,54.58455589946695,38.35464183578171,2.1161493543854957,1.4927065045955352,6749,701,Haney/Maple Ridge East/Coquitlam Station,EAST
308298,19.3147040190779,38.95547795800294,26.746358030806363,2.0156397290425367,1.384766652618022,6749,701,Haney/Maple Ridge East/Coquitlam Station,EAST
308299,25.340768112696384,53.567497507463365,37.311687526570694,2.1093514901929504,1.4723976542714412,6749,701,Haney/Maple Ridge East/Coquitlam Station,EAST
308300,40.06101147265748,76.49249260292659,54.084747442711404,1.906074597953671,1.3500594581748249,6749,701,Haney/Maple Ridge East/Coquitlam Station,EAST
308301,45.3534183755283,71.30011349406753,51.84159090957336,1.5686744696556767,1.1430580707351032,6749,701,Haney/Maple Ridge East/Coquitlam Station,WEST
308302,4.841299744475155,8.429371571851558,4.928162251728589,1.7298595862318957,1.0179419808394554,6749,701,Haney/Maple Ridge East/Coquitlam Station,WEST
308303,23.992690466577177,45.29243389087943,29.94879502084658,1.8817126661136272,1.248246630054537,6749,701,Haney/Maple Ridge East/Coquitlam Station,WEST
308305,19.268206295064,37.501097319157026,25.579041171210577,1.9433415604375526,1.3275258101094363,6749,701,Haney/Maple Ridge East/Coquitlam Station,WEST
308306,4.855668605723804,8.88666401778057,6.211230727196229,1.8302339230667457,1.2791710537812453,34540,719,Meadowtown/Fraser Way,NORTH
308307,4.6931415369199305,9.574632724044685,6.526958574172214,2.0293421383917414,1.3907440299479659,34540,719,Meadowtown/Fraser Way,SOUTH
308308,7.0901158833598465,15.802649010073733,10.609879466867898,2.2213977808748013,1.4964324478488094,34541,722,Meadowtown/Bonson,NORTH
308309,7.429110768899523,16.947874721586686,11.568642105697466,2.2654943016403544,1.55720414805595,34541,722,Meadowtown/Bonson,SOUTH
308310,7.747386970409936,19.283569910363585,14.068749036617135,2.494656661963264,1.8159347261664815,31821,733,Rock Ridge/Haney Place/Port Haney Station,NORTH
308311,5.999802949906463,14.40309098853106,10.116543217918823,2.3960901859781893,1.6861459121880895,31821,733,Rock Ridge/Haney Place/Port Haney Station,NORTH
308312,2.1285960032525897,7.175368827312154,5.7905407688544726,3.3709397256914273,2.7203568737356774,31821,733,Rock Ridge/Haney Place/Port Haney Station,NORTH
308313,9.633829664845406,16.16566587970291,,1.6780103491649518,,31821,733,Rock Ridge/Haney Place/Port Haney Station,SOUTH
308314,7.612978357589764,12.728557129517952,,1.6719549868190822,,31821,733,Rock Ridge/Haney Place/Port Haney Station,SOUTH
308315,7.520501134949398,12.571062979503425,,1.6715725127788323,,31821,733,Rock Ridge/Haney Place/Port Haney Station,SOUTH
308316,3.5230465369680792,8.417001704300798,6.313275205710717,2.389392134965989,1.791993134199101,31822,741,Anderson Creek/Haney Place/Port Haney St,NORTH
308317,6.6973922428791735,14.66766760052863,10.382295915453803,2.1939338759665845,1.55019977014076,31822,741,Anderson Creek/Haney Place/Port Haney St,NORTH
308318,8.377310541617067,19.82065881030285,14.139035134446697,2.358384637244748,1.6877773677132242,31822,741,Anderson Creek/Haney Place/Port Haney St,NORTH
308319,7.701603135895182,14.094817675632193,9.319233514747758,1.8263679099177146,1.2100381375551823,31822,741,Anderson Creek/Haney Place/Port Haney St,SOUTH
308320,5.381698395623811,10.16854627744555,6.840814957456074,1.8821492289704949,1.2711256660199985,31822,741,Anderson Creek/Haney Place/Port Haney St,SOUTH
308321,5.398365532545724,10.1609404550545,7.0253884096125745,1.8859222649485397,1.3013917577936946,31822,741,Anderson Creek/Haney Place/Port Haney St,SOUTH
308322,6.040015790567551,14.216973261113539,9.737053622160033,2.3499909509222556,1.6120907560152402,6799,743,Haney Place/Maple Meadows Station/Meadowtown,EAST
308323,12.319101005472483,28.9866063679807,20.12666713404702,2.35039507892049,1.6337772638690276,6799,743,Haney Place/Maple Meadows Station/Meadowtown,EAST
308324,12.184545200995853,28.833703094507726,20.05315182439652,2.3543199730501234,1.645785828982567,6799,743,Haney Place/Maple Meadows Station/Meadowtown,EAST
308325,11.768418722579398,23.965569909556468,15.949766535654362,2.0359832597377543,1.3553024337120543,6799,743,Haney Place/Maple Meadows Station/Meadowtown,WEST
308326,11.277875640919424,26.276315483521355,18.38865448324854,2.3186281625370047,1.6305069384281146,6800,744,Haney Place/Maple Meadows Station/Meadowtown,EAST
308327,11.181081400382128,26.120484668847695,18.108927460473705,2.323445369627241,1.619604295149377,6800,744,Haney Place/Maple Meadows Station/Meadowtown,EAST
308328,11.457652169001822,23.20577172139986,15.488506631447379,2.032508788613883,1.3518045759279425,6800,744,Haney Place/Maple Meadows Station/Meadowtown,WEST
308329,13.348568084999016,28.478936228380142,19.816295634055244,2.1365534900070706,1.4845259437470746,34042,745,Haney Place/Cottonwood,EAST
308330,10.396636443227072,22.385013775471876,15.398616202026403,2.151332774651345,1.481115193948894,34042,745,Haney Place/Cottonwood,EAST
308331,1.7493164601210596,3.8218769283996785,2.528941520462603,2.1808451239770763,1.4456741122115722,34042,745,Haney Place/Cottonwood,WEST
308332,1.798517783958116,4.046233608680292,2.6823451351129513,2.244138318034031,1.4914198564162866,34042,745,Haney Place/Cottonwood,WEST
308333,10.331830643972742,19.700136449967907,13.20881466146288,1.9009433124626332,1.278458301982377,34042,745,Haney Place/Cottonwood,WEST
308334,10.291460434474368,19.56202623122382,13.21572390607128,1.9027308795036166,1.284144654708209,34042,745,Haney Place/Cottonwood,WEST
308335,11.113991331398287,22.357204255416878,16.031557131500016,2.0080977400729667,1.4424662259911114,34043,746,Haney Place/Albion,EAST
308336,10.52308793216565,21.614638340038248,15.635461583945897,2.0499877410239193,1.4858244732663868,34043,746,Haney Place/Albion,EAST
308338,13.567473285880551,24.81883935013594,17.52705446668477,1.8330528614374948,1.2918436688520987,34043,746,Haney Place/Albion,WEST
308339,10.814817619386188,20.781819237216578,14.663099186372687,1.9219379950500426,1.355834162204292,34043,746,Haney Place/Albion,WEST
308340,10.786596793505792,20.78647314849112,14.350520975795778,1.9203257799095745,1.3304030224283243,34043,746,Haney Place/Albion,WEST
308341,13.563982784361402,24.838448418177393,17.424131209622374,1.832250345131765,1.2845881247882098,34043,746,Haney Place/Albion,WEST
308342,12.621948111762874,22.88903336142058,16.344655077275732,1.8152281009976146,1.294939175200976,34043,746,Haney Place/Albion,WEST
308343,18.199946631347345,37.82340714876172,28.47012462904733,2.082413696344597,1.5642971490922268,6804,748,Thornhill/Haney Place,EAST
308344,17.528168361918212,36.87868567755948,27.75632146356514,2.1024111597554733,1.5835266349830748,6804,748,Thornhill/Haney Place,EAST
308345,22.053476144130485,32.43463747429362,22.025599727549636,1.4689352345153475,0.9987359626936514,6804,748,Thornhill/Haney Place,WEST
308346,19.801330171596618,29.166359853847947,19.345987306915035,1.4688071207153395,0.9770044304733257,6804,748,Thornhill/Haney Place,WEST
308347,19.72645980549662,29.01163434397794,19.44135768326188,1.4673391046492044,0.9855472231182962,6804,748,Thornhill/Haney Place,WEST
308348,21.63753736593031,37.84407777034054,26.41179301040071,1.7508128430175918,1.2206469046698343,6805,749,Ruskin/Haney Place,EAST
308349,18.076226621853326,30.89132397917189,21.629905899103736,1.7111261475259003,1.1965940874493228,6805,749,Ruskin/Haney Place,EAST
308350,18.9116762795869,35.296198898115875,25.72883361324338,1.8677379294855925,1.3604734573959931,6805,749,Ruskin/Haney Place,WEST
308352,4.66050368454641,7.939986150395894,4.9154977960444866,1.7049317326754925,1.0547138525699704,6805,749,Ruskin/Haney Place,WEST
308353,22.541680558778687,41.94121022696885,30.05482770318291,1.859000581107999,1.333300222439639,6805,749,Ruskin/Haney Place,WEST
308354,18.929829628162405,35.46451801824927,25.554482292813717,1.867175011475086,1.3499583881513462,6805,749,Ruskin/Haney Place,WEST
308355,26.913695514093515,50.316005148427834,35.91264961400301,1.8668974905776976,1.3343633762668208,7224,791,Haney Place/Braid Station,EAST
308356,27.155178989507846,48.71348610153466,33.142958235693335,1.7909050190006377,1.220502293448297,7224,791,Haney Place/Braid Station,WEST
308357,7.438230658093834,18.80404984771139,12.951456410723827,2.5177309065205815,1.7412012353543826,29040,840,Brookswood School,SOUTH
308359,18.33677419720213,35.138783870292855,,1.9163012802794082,,6754,855,Elgin Park School Special,EAST
308360,18.43344042622583,43.35362575091926,30.224949545699914,2.3548772027309597,1.6396803226541443,6754,855,Elgin Park School Special,WEST
308364,11.37450830061677,25.528250375049087,18.118253258412693,2.240569496838506,1.5928823277073219,29039,864,Lord Tweedsmuir School,WEST
308365,7.342509965978332,15.006698344126479,10.264338235637673,2.040272584229802,1.3979331704277818,8289,865,Samuel Robertson,WEST
308367,4.075331723042321,10.151741955527228,7.253263968615861,2.496190498627098,1.7797971948161182,6761,880,Windsor School Specials,WEST
308368,6.383782328100295,17.765146033992462,13.176803489304577,2.7822859248111502,2.0641060130297033,6762,881,Carson Graham School Specials,EAST
308369,4.170804860678096,7.923132155123738,5.094825495677268,1.8951213524086197,1.2215449213917295,6762,881,Carson Graham School Specials,WEST
308370,28.627591124414984,37.524174712288456,29.196940879518287,1.3081393928822258,1.0198881475087764,44845,900,Bike Bus/Bike Bus,NORTH
308371,27.8454684517474,35.70934143349141,27.584615255864534,1.2807457768761752,0.9906321132167379,44845,900,Bike Bus/Bike Bus,SOUTH
308431,24.202004698497177,56.34800839773004,37.049539888312864,2.321704253056463,1.5308459092487265,6830,N10,Downtown/Richmond NightBus,NORTH
308432,15.251177568638184,38.14274179054085,25.333553280752465,2.4960345776588277,1.6610883432927313,6830,N10,Downtown/Richmond NightBus,NORTH
308433,6.4022916102622975,15.192053803117346,10.36901894388609,2.3627009636024137,1.6195792967732812,6830,N10,Downtown/Richmond NightBus,NORTH
308434,25.593322938278977,58.0135654916679,37.03804956304722,2.259159163239116,1.4471762675119764,6830,N10,Downtown/Richmond NightBus,SOUTH
308435,16.031754373703485,38.250084034309005,24.088855489823732,2.374496780899211,1.5025713922698394,6830,N10,Downtown/Richmond NightBus,SOUTH
308436,9.341134668211335,24.509550228040272,15.83031771957375,2.6250325879003173,1.6946889518085688,6831,N15,Downtown/Cambie NightBus,NORTH
308437,9.999040879745515,25.29048946217904,15.253823458586243,2.523932648900872,1.525528662402515,6831,N15,Downtown/Cambie NightBus,SOUTH
308438,10.961249952714578,24.97579353667242,14.87271263991554,2.266515554342473,1.3568445847028858,6833,N17,Downtown/UBC NightBus,EAST
308439,12.228111847384293,34.062208862968234,22.29081459554583,2.7777245761265923,1.8229154978095856,6833,N17,Downtown/UBC NightBus,WEST
308440,21.42826458388342,60.88892547427998,38.04271557449403,2.8267072083622837,1.7753521488206114,6834,N19,Downtown/Surrey Central Station NightBus,EAST
308441,29.674662722564573,80.09484178518161,52.37997441558089,2.693963774772434,1.7651413566278287,6834,N19,Downtown/Surrey Central Station NightBus,EAST
308442,29.948354061440888,74.54483120032167,47.29721031158193,2.4805824411636994,1.57929247846305,6834,N19,Downtown/Surrey Central Station NightBus,WEST
308443,15.829766611321249,44.814379530290324,28.034452433000883,2.8314584455757443,1.770995942097529,6835,N20,Downtown/Victoria NightBus,NORTH
308444,16.082436538099238,45.152160156718296,28.042949742669425,2.7973259440328535,1.743700320298841,6835,N20,Downtown/Victoria NightBus,SOUTH
308445,10.004212384756109,25.275687577225874,16.01178561203516,2.515979341012336,1.600504367183675,6836,N22,Downtown/Macdonald NightBus,NORTH
308446,11.458083976131991,30.672730603138316,19.673486481925398,2.6785691512140826,1.71699618565431,6836,N22,Downtown/Macdonald NightBus,SOUTH
308447,16.439284240780495,45.85518846005593,30.8942148609507,2.770576312546239,1.8792919696778674,6837,N24,Downtown/Lynn Valley NightBus,NORTH
308448,5.74707117554737,23.565604483393827,16.49490507360431,4.098032282156666,2.870141080518858,6837,N24,Downtown/Lynn Valley NightBus,NORTH
308449,18.28424977948967,52.5316733015929,34.62008914331196,2.8558337260610993,1.8934377708046295,6837,N24,Downtown/Lynn Valley NightBus,NORTH
308450,10.855713446513498,22.611794186152316,14.471247749844924,2.0747715990778848,1.3330535870484512,6837,N24,Downtown/Lynn Valley NightBus,NORTH
308451,17.71411135982299,38.460067611831974,23.156432340404656,2.1600958425468506,1.3072308212381052,6837,N24,Downtown/Lynn Valley NightBus,SOUTH
308452,6.555767752880065,11.921155087850769,5.888117451040871,1.80732417257762,0.8981583352238365,6837,N24,Downtown/Lynn Valley NightBus,SOUTH
308453,18.16463937014673,39.62302835106614,24.243388381155093,2.175775507499279,1.334647382044847,6837,N24,Downtown/Lynn Valley NightBus,SOUTH
308454,11.573962237523375,28.003855257278122,18.193150227486193,2.4065527888660845,1.5719033684508728,6837,N24,Downtown/Lynn Valley NightBus,SOUTH
308455,17.550226761426778,62.41018890295038,44.16639153071693,3.5495293302595172,2.516570989714457,6838,N35,Downtown/SFU NightBus,EAST
308456,17.73008961929629,28.38834757305387,14.418154308793737,1.597352545207265,0.8132025623323383,6838,N35,Downtown/SFU NightBus,WEST
308457,12.7953850775676,37.91130744099339,23.126160421791425,2.9482090517569413,1.8073829182628791,6840,N8,Downtown/Fraser NightBus,EAST
308458,12.161423080418988,37.10951934515037,22.880912662293703,3.0374345727737286,1.8814338183114507,6840,N8,Downtown/Fraser NightBus,WEST
308459,35.264789279753636,83.96473775811369,53.94095264701183,2.3743427677583178,1.5295980423731221,6841,N9,Downtown/Lougheed Station/Coquitlam Central Station,EAST
308460,12.152044317250732,29.35138039887714,18.55022154248633,2.4155666367325934,1.5265103597550997,6841,N9,Downtown/Lougheed Station/Coquitlam Central Station,EAST
308461,33.75269033937055,81.16834498249848,53.22466421755059,2.3925098944359213,1.5769013871900786,6841,N9,Downtown/Lougheed Station/Coquitlam Central Station,WEST
308462,10.384305684909158,22.643563295559357,15.910230985852577,2.177069250898196,1.532142010127253,37808,R1,King George Blvd,NORTH
308463,10.863914314977647,23.39412947758648,16.071190688960954,2.1454316816806145,1.479318616017087,37808,R1,King George Blvd,NORTH
308464,11.718799151048913,25.404185691937904,17.229742952783937,2.1645943135091104,1.4702652320175449,37808,R1,King George Blvd,NORTH
308465,11.231256948970115,24.651100199460743,16.818919357050678,2.194516744100621,1.4975099789336528,37808,R1,King George Blvd,NORTH
308466,10.30512816093925,20.729589886185483,13.8388315349487,2.0022623880252537,1.342907270906505,37808,R1,King George Blvd,SOUTH
308467,11.611021017706134,23.344414157576217,15.776038062236967,2.0025726613277004,1.3587123852570264,37808,R1,King George Blvd,SOUTH
308468,9.643780742605115,21.11374743560511,13.840663011852456,2.1856833826343682,1.4351905524672495,38311,R2,Marine Dr,EAST
308469,9.616992717692028,21.11374743560511,13.580505864626355,2.1856833826343682,1.4121364404948333,38311,R2,Marine Dr,EAST
308470,10.231665689253935,22.47636493505738,14.869410232346935,2.189105404326319,1.4532736588494977,38311,R2,Marine Dr,WEST
308471,10.226590014272114,22.47636493505738,14.68441190607744,2.189105404326319,1.4359050167831153,38311,R2,Marine Dr,WEST
308472,17.33955494370733,30.36353104778248,21.89892346996912,1.7484141067005268,1.2629461102700574,37809,R3,Lougheed Hwy,EAST
308473,17.456155030687217,27.651969792310762,20.04837175301307,1.5801887771873429,1.1484987225290357,37809,R3,Lougheed Hwy,WEST
308474,19.10889196880695,37.87203973473288,25.565995057827173,1.9870437966500814,1.3379109107718383,37810,R4,41st Ave,EAST
308475,19.231410124170665,36.91345855612194,24.673550507483768,1.9136866424146342,1.2829818691492227,37810,R4,41st Ave,WEST
308476,17.095958346401826,56.1011149749314,41.04372330494192,3.2806436233352487,2.400785172337552,37807,R5,Hastings St,EAST
308477,7.171834103824418,20.981826421116203,13.887551950746818,2.920947057612771,1.9364017278845322,37807,R5,Hastings St,EAST
308478,17.102470814899903,56.1011149749314,40.99128712430957,3.2806436233352487,2.3968049744366415,37807,R5,Hastings St,EAST
308479,10.865022397490664,39.45693070998329,30.927724403698754,3.6280871236034975,2.846540326584295,37807,R5,Hastings St,EAST
308480,7.080094327826026,21.03969385672478,14.125630266811665,2.9823540824273973,1.9951189366638005,37807,R5,Hastings St,EAST
308482,18.152403484694442,25.06368737304525,12.702335979868968,1.3713257403123178,0.6997605573597564,37807,R5,Hastings St,WEST
308483,18.140031497771837,25.06368737304525,12.782466045417685,1.3713257403123178,0.7046551185419812,37807,R5,Hastings St,WEST
308484,12.627404308749123,27.124564434906162,,2.1480712719487745,,37807,R5,Hastings St,WEST
308485,8.375882461182243,21.286470038050847,13.542052596529,2.507199586634169,1.6167911452063954,37807,R5,Hastings St,WEST
308486,7.748151801704665,18.96534503002378,11.946664449641522,2.419775907860236,1.5418727917815376,37807,R5,Hastings St,WEST
308487,11.932483463732716,22.163369695850815,14.333611139073065,1.8580914015711243,1.2012261473178047,46604,R6,Scott Rd,NORTH
308488,12.006926908764534,28.842199738117408,20.19072499195667,2.393545802962844,1.6815897311091583,46604,R6,Scott Rd,SOUTH
308489,12.576889001688336,20.71975495494278,14.527413606494175,1.6419814028703514,1.1550880034437767,7224,791,Haney Place/Braid Station,EAST
308491,2.162807245728852,4.992931852917294,3.2754739666176595,2.2895680327928094,1.5144548702091325,23384,503,Aldergrove/Surrey Central Station,WEST
310964,6.069986438003087,15.249456393668305,10.76935148965712,2.500333596285105,1.7741969606772363,6749,701,Haney/Maple Ridge East/Coquitlam Station,EAST
