shape_id,distance_km,pack_used_kwh_heavy_duty,pack_used_kwh_medium_duty,kwh_per_km_heavy_duty,kwh_per_km_medium_duty,route_id,route_short_name,route_long_name,route_direction,Asset Class,Depot Code
309728,10.63006805982149,26.59414696147627,16.732467521080224,2.5017852013567317,1.5740696510047756,6612,002,Macdonald/Burrard Station,EAST,40-ft,VTC
309729,6.622933068938258,18.73065138193232,11.814534373393736,2.8281504866445952,1.7838824959298218,6612,002,Macdonald/Burrard Station,EAST,40-ft,VTC
309730,10.059134301661954,27.186677154404435,17.40388644705579,2.7026855730430697,1.7301574792753633,6612,002,Macdonald/Burrard Station,WEST,40-ft,VTC
309731,6.398860150565636,17.946848220093084,11.496731170147385,2.8046945546241773,1.796684237446745,6612,002,Macdonald/Burrard Station,WEST,40-ft,VTC
309732,10.639660279242978,32.3861103853754,20.22098552833788,3.0439045547871295,1.9005292460124135,6613,003,Main/Waterfront Station,NORTH,60-ft Trolley,VTC
309733,10.381978503305792,30.667223400715528,19.24293609352544,2.953890088575177,1.8534941184282143,6613,003,Main/Waterfront Station,SOUTH,60-ft Trolley,VTC
309734,6.363887427611505,18.97387227513327,12.191876520079797,2.98149087188592,1.9157907267784045,6614,004,Powell/Downtown/UBC,EAST,40-ft Trolley,VTC
309735,16.241099820059816,41.26021270830185,25.61498962608225,2.5404814430941594,1.5771708757337044,6614,004,Powell/Downtown/UBC,EAST,40-ft Trolley,VTC
309736,13.681320402541608,30.456358477852884,18.517286445732363,2.2261271267497644,1.3534721723418133,6614,004,Powell/Downtown/UBC,EAST,40-ft Trolley,VTC
309737,12.423893235674097,27.5437152121682,16.859353346164127,2.216995485205788,1.3570104818475102,6614,004,Powell/Downtown/UBC,EAST,40-ft Trolley,VTC
309738,18.914499985481854,45.95232829292272,28.334394115862715,2.4294762392975873,1.4980250145449925,6614,004,Powell/Downtown/UBC,EAST,40-ft Trolley,VTC
309739,12.422054493199589,27.5437152121682,16.62698135233181,2.2173236502260485,1.3385049438830101,6614,004,Powell/Downtown/UBC,EAST,40-ft Trolley,VTC
309740,17.774162326234766,50.27002579836985,32.986840844267554,2.8282641328289775,1.855887227696733,6614,004,Powell/Downtown/UBC,WEST,40-ft Trolley,VTC
309741,14.94152464808452,45.10054261750578,29.551414908717117,3.0184699138643523,1.9778045149164587,6614,004,Powell/Downtown/UBC,WEST,40-ft Trolley,VTC
309742,9.218859993724688,28.522701219160584,18.8988484336791,3.093951013311417,2.050020115995211,6614,004,Powell/Downtown/UBC,WEST,40-ft Trolley,VTC
309743,12.232808317896014,34.91184003105552,23.279035163669636,2.853951367813159,1.9030000764103792,6614,004,Powell/Downtown/UBC,WEST,40-ft Trolley,VTC
309744,12.288023280778884,35.54208153896857,23.398811093560667,2.892416520284759,1.9041965138657777,6614,004,Powell/Downtown/UBC,WEST,40-ft Trolley,VTC
309745,12.255103723980596,34.91184003105552,23.187938352623988,2.848759244912842,1.8921046181967591,6614,004,Powell/Downtown/UBC,WEST,40-ft Trolley,VTC
309746,12.33644205921257,35.54208153896857,23.820958493951373,2.881064197308539,1.930942355957683,6614,004,Powell/Downtown/UBC,WEST,40-ft Trolley,VTC
309747,12.408719819678328,35.54208153896857,24.24160350768044,2.864282702443186,1.9535942353406168,6614,004,Powell/Downtown/UBC,WEST,40-ft Trolley,VTC
309748,12.38683451006787,35.54208153896857,24.041110932202887,2.869343375022924,1.940859943891441,6614,004,Powell/Downtown/UBC,WEST,40-ft Trolley,VTC
309749,17.733125721392277,50.26426319114984,32.62055632116809,2.8344841163852896,1.8395265918526944,6614,004,Powell/Downtown/UBC,WEST,40-ft Trolley,VTC
309750,3.5253204953303707,13.10905196837212,8.088659408866297,3.7185418987397973,2.294446538855265,6615,005,Robson/Downtown,EAST,40-ft Trolley,VTC
309751,3.53531684250798,13.10905196837212,7.785702441653751,3.708027470339111,2.2022644047175457,6615,005,Robson/Downtown,EAST,40-ft Trolley,VTC
309752,2.8659080587330936,10.55124977514084,6.31512129803474,3.6816428018298457,2.2035324122806683,6615,005,Robson/Downtown,EAST,40-ft Trolley,VTC
309754,3.6659014138118704,12.67022433926376,7.25193353429188,3.456237063966494,1.9782129183750168,6615,005,Robson/Downtown,WEST,40-ft Trolley,VTC
309755,2.079379393790577,6.326117355146999,3.312926502985713,3.0423103037560106,1.5932284954245208,6615,005,Robson/Downtown,WEST,40-ft Trolley,VTC
309756,3.1733754354778503,10.960165693229172,6.628411981992552,3.453787903787305,2.088757575888413,6615,005,Robson/Downtown,WEST,40-ft Trolley,VTC
309757,3.154260446942416,11.52028605154559,7.418687324462893,3.652293856302445,2.3519577565810086,6616,006,Davie/Downtown,EAST,40-ft Trolley,VTC
309758,3.239332807508581,10.657006903647783,6.261386681427639,3.2898771249886627,1.9329247883743579,6616,006,Davie/Downtown,WEST,40-ft Trolley,VTC
309759,1.4652465416818012,4.212130916835479,2.3916478502007825,2.8746909117429618,1.6322494421011657,6616,006,Davie/Downtown,WEST,40-ft Trolley,VTC
309760,20.08611116112425,55.65367972091017,35.880081657798854,2.770754342364953,1.78631300852517,6617,007,Nanaimo Station/Dunbar,EAST,40-ft Trolley,VTC
309761,18.8767210385954,52.7403462205426,34.05417387890078,2.7939357747942313,1.8040301495833686,6617,007,Nanaimo Station/Dunbar,EAST,40-ft Trolley,VTC
309762,20.04829762138389,55.65367972091017,35.54328561436952,2.7759803237133167,1.7728829791741711,6617,007,Nanaimo Station/Dunbar,EAST,40-ft Trolley,VTC
309763,3.649138751827191,9.938242176119337,6.915727481942249,2.7234486962555415,1.8951670386551942,6617,007,Nanaimo Station/Dunbar,EAST,40-ft Trolley,VTC
309764,18.877201071308985,52.7403462205426,34.32259376610819,2.793864727154992,1.8182035375082324,6617,007,Nanaimo Station/Dunbar,EAST,40-ft Trolley,VTC
309765,8.819984880993646,25.842194449118853,16.776320319463505,2.9299590416313177,1.9020803942209832,6617,007,Nanaimo Station/Dunbar,EAST,40-ft Trolley,VTC
309766,18.91965110675492,52.49516225703648,32.52855447534184,2.7746369085154026,1.7192999115997498,6617,007,Nanaimo Station/Dunbar,WEST,40-ft Trolley,VTC
309768,19.022755609002385,53.10268014413318,32.92286436337575,2.791534582876243,1.7307095270569128,6617,007,Nanaimo Station/Dunbar,WEST,40-ft Trolley,VTC
309769,18.877295830110764,52.48970352640988,32.40639330111747,2.7805732345776293,1.7166862029797052,6617,007,Nanaimo Station/Dunbar,WEST,40-ft Trolley,VTC
309770,3.8304360057083295,9.118822579366922,5.601412592949083,2.3806226147043166,1.4623433427948007,6617,007,Nanaimo Station/Dunbar,WEST,40-ft Trolley,VTC
309771,18.97682766517701,52.96620774015386,33.24331896533237,2.791099159178659,1.7517848373748348,6617,007,Nanaimo Station/Dunbar,WEST,40-ft Trolley,VTC
309772,18.93886044813062,52.35323112243056,33.215316167983204,2.764328469804958,1.75381809581166,6617,007,Nanaimo Station/Dunbar,WEST,40-ft Trolley,VTC
309773,10.56405280561992,31.12019195448397,19.62361118861417,2.9458572885898953,1.8575835950171227,6617,007,Nanaimo Station/Dunbar,WEST,40-ft Trolley,VTC
309774,10.526352293461615,31.12019195448397,19.85088193304997,2.95640798321125,1.8858272438193269,6617,007,Nanaimo Station/Dunbar,WEST,40-ft Trolley,VTC
309775,9.20753840980504,24.72613150978685,15.26173576252956,2.68542257542539,1.6575261577271783,6617,007,Nanaimo Station/Dunbar,WEST,40-ft Trolley,VTC
309776,18.988819135499558,52.96620774015386,33.30677908195292,2.7893365754974013,1.754020555163747,6617,007,Nanaimo Station/Dunbar,WEST,40-ft Trolley,VTC
309777,18.953583807149283,52.35323112243056,33.11083088910226,2.762181108075347,1.7469430175317489,6617,007,Nanaimo Station/Dunbar,WEST,40-ft Trolley,VTC
309778,9.49992172923047,29.85276388502852,18.642961086243897,3.1424220889288006,1.96243312498892,6618,008,Fraser/Waterfront Station,EAST,60-ft Trolley,VTC
309779,9.517494689517417,29.85276388502852,18.56373170745688,3.1366199676379543,1.9504851132623173,6618,008,Fraser/Waterfront Station,EAST,60-ft Trolley,VTC
309780,9.507832729222203,29.85276388502852,18.08120981445219,3.1398074340618582,1.9017172818869459,6618,008,Fraser/Waterfront Station,EAST,60-ft Trolley,VTC
309781,2.364598655527576,3.533435920250604,0.9012874175211136,1.4943068296138582,0.38115872873996176,6618,008,Fraser/Waterfront Station,EAST,60-ft Trolley,VTC
309782,2.368262820982927,3.533435920250604,1.0051667394636614,1.4919948448897584,0.424432090289065,6618,008,Fraser/Waterfront Station,EAST,60-ft Trolley,VTC
309783,7.636195669434389,19.83787002016752,10.72743110417586,2.597873454130191,1.4048135444086176,6618,008,Fraser/Waterfront Station,WEST,60-ft Trolley,VTC
309784,2.8874515219357457,13.80965567127548,10.10594159425188,4.782645030181319,3.4999519532978556,6618,008,Fraser/Waterfront Station,WEST,60-ft Trolley,VTC
309785,10.237683797002788,32.49558000608823,20.3822699259596,3.1741144433081363,1.99090637395216,6618,008,Fraser/Waterfront Station,WEST,60-ft Trolley,VTC
309786,10.24189051541569,32.54187629070317,20.19669379908536,3.1773310056109683,1.971969312568426,6618,008,Fraser/Waterfront Station,WEST,60-ft Trolley,VTC
309787,4.087482945795956,11.413776820246362,6.813132261250627,2.792372952157665,1.6668283027964794,6619,009,Boundary/Commercial-Broadway/Granville/Alma/UBC,EAST,40-ft,VTC
309788,8.89336294290079,24.19463067770313,14.404994107173454,2.7205266256469067,1.6197465682734082,6619,009,Boundary/Commercial-Broadway/Granville/Alma/UBC,EAST,40-ft,VTC
309791,11.84505705143998,34.36611223387865,21.018774008622152,2.901304070097394,1.7744763843131461,6619,009,Boundary/Commercial-Broadway/Granville/Alma/UBC,EAST,40-ft,VTC
309794,16.6497935848166,41.78278152155029,26.176017084273287,2.509507478798605,1.5721526486757116,6619,009,Boundary/Commercial-Broadway/Granville/Alma/UBC,EAST,40-ft,VTC
309795,11.843659708722935,34.36611223387865,21.664403931351792,2.901646372748094,1.8291984457638388,6619,009,Boundary/Commercial-Broadway/Granville/Alma/UBC,EAST,40-ft,VTC
309798,5.952197984219816,17.356319467666793,10.620877602601697,2.9159513029776636,1.7843622861267825,6619,009,Boundary/Commercial-Broadway/Granville/Alma/UBC,WEST,40-ft,VTC
309800,8.471936231035714,25.790562762753925,16.401286644333204,3.0442347604404674,1.935954921880722,6619,009,Boundary/Commercial-Broadway/Granville/Alma/UBC,WEST,40-ft,VTC
309801,16.74014284323205,48.98098057166142,31.97468215308043,2.9259595351340844,1.910060293542096,6619,009,Boundary/Commercial-Broadway/Granville/Alma/UBC,WEST,40-ft,VTC
309802,11.868263620878103,34.44020626175488,21.76323792369584,2.901874053519443,1.8337339495400955,6619,009,Boundary/Commercial-Broadway/Granville/Alma/UBC,WEST,40-ft,VTC
309804,8.689423407773216,26.257271358735395,17.20586746585797,3.021750710783258,1.980093115322966,6619,009,Boundary/Commercial-Broadway/Granville/Alma/UBC,WEST,40-ft,VTC
309807,7.072837694413116,20.791248149677287,12.568550916058168,2.9395907340133705,1.7770167306378533,6619,009,Boundary/Commercial-Broadway/Granville/Alma/UBC,WEST,40-ft,VTC
309810,11.869170197098404,34.44020626175488,21.61648949675019,2.9016524061786817,1.8212300554957637,6619,009,Boundary/Commercial-Broadway/Granville/Alma/UBC,WEST,40-ft,VTC
309811,8.468250784309944,25.790562762753925,16.492421731815732,3.045559634409851,1.9475594372303011,6619,009,Boundary/Commercial-Broadway/Granville/Alma/UBC,WEST,40-ft,VTC
309814,13.429144448316336,35.870683986120696,23.097832107172398,2.6711071672639535,1.719977932776519,6620,010,Granville/Waterfront Station,NORTH,60-ft Trolley,VTC
309816,8.900457697339087,24.1204363026523,16.11190519125309,2.7100220149199106,1.8102333317161838,6620,010,Granville/Waterfront Station,NORTH,60-ft Trolley,VTC
309818,13.452898114961116,35.97672632312356,23.5133437940228,2.6742733064419366,1.7478273895402026,6620,010,Granville/Waterfront Station,NORTH,60-ft Trolley,VTC
309819,12.186817610303148,33.09017626323243,22.036437238959746,2.7152434147579982,1.8082191712075346,6620,010,Granville/Waterfront Station,NORTH,60-ft Trolley,VTC
309820,11.68196482823581,31.54267347800893,20.64854541793636,2.7001171414049234,1.767557574563822,6620,010,Granville/Waterfront Station,NORTH,60-ft Trolley,VTC
309821,11.661487393072278,31.43663856338679,20.466956240982807,2.6957657718742043,1.755089685483996,6620,010,Granville/Waterfront Station,NORTH,60-ft Trolley,VTC
309822,12.22298189557661,30.61436212907006,19.50040523178782,2.5046557698125307,1.5953885392601985,6620,010,Granville/Waterfront Station,SOUTH,60-ft Trolley,VTC
309823,12.318216265958933,31.285708874699715,19.71415712706427,2.539792141915624,1.6004068041526291,6620,010,Granville/Waterfront Station,SOUTH,60-ft Trolley,VTC
309824,12.224631790370148,30.61436212907006,19.305826160128813,2.5043177294866474,1.5792562501012763,6620,010,Granville/Waterfront Station,SOUTH,60-ft Trolley,VTC
309825,12.389749828966655,31.285708874699715,19.811778967827408,2.525128376809933,1.5990459243582462,6620,010,Granville/Waterfront Station,SOUTH,60-ft Trolley,VTC
309826,10.23776607980869,25.97007260774679,16.00034070187218,2.536693298645097,1.5628742224760006,6620,010,Granville/Waterfront Station,SOUTH,60-ft Trolley,VTC
309827,10.406259965981986,26.57624590779783,16.521281387716982,2.5538710348074574,1.587629123405044,6620,010,Granville/Waterfront Station,SOUTH,60-ft Trolley,VTC
309829,11.058870530180366,31.16721562247311,19.466810243227997,2.8183000729971277,1.7602891895787933,16718,014,Hastings/UBC,EAST,40-ft Trolley,VTC
309830,11.970725976651131,28.301996834152828,16.660816350343246,2.3642673710312803,1.3917966531720902,16718,014,Hastings/UBC,EAST,40-ft Trolley,VTC
309831,13.226927667126215,31.10730533929949,18.925355269985378,2.351816394718223,1.4308201984820597,16718,014,Hastings/UBC,EAST,40-ft Trolley,VTC
309832,17.26448069336402,47.560968000554354,29.50190811661873,2.754844981745408,1.7088210552408003,16718,014,Hastings/UBC,EAST,40-ft Trolley,VTC
309833,19.505595040162643,51.79864484139461,32.578672782150484,2.655578808784841,1.6702219396573115,16718,014,Hastings/UBC,EAST,40-ft Trolley,VTC
309843,12.408456225548449,36.420996810248255,23.937649521434757,2.9351755083971747,1.9291400224427775,16718,014,Hastings/UBC,WEST,40-ft Trolley,VTC
309844,12.476843688055675,36.12997347989585,24.08892034741887,2.895762292388401,1.930690241032647,16718,014,Hastings/UBC,WEST,40-ft Trolley,VTC
309845,18.622647526306245,51.61738253438344,32.23983185473983,2.771753181789486,1.7312163487601873,16718,014,Hastings/UBC,WEST,40-ft Trolley,VTC
309854,6.796916677952053,18.12489631712107,11.725192802194014,2.6666350605584,1.7250752595258938,6621,015,Cambie/Olympic Village Station,NORTH,40-ft,VTC
309855,6.84175179857532,18.258104750774915,11.648892016282266,2.66863009479193,1.7026183292278962,6621,015,Cambie/Olympic Village Station,SOUTH,40-ft,VTC
309856,21.88657000479992,62.24693372571557,41.20224689286655,2.8440698433817753,1.882535586153085,6622,016,29th Avenue Station/Arbutus,EAST,40-ft Trolley,VTC
309857,23.03744085999754,64.95156686859418,42.55614461677904,2.8193915836101735,1.8472600700485782,6622,016,29th Avenue Station/Arbutus,EAST,40-ft Trolley,VTC
309858,12.223738078812566,29.54940460134738,18.95326616164989,2.4173787437875025,1.550529473017884,6622,016,29th Avenue Station/Arbutus,EAST,40-ft Trolley,VTC
309859,14.103463037121248,41.58856425197487,26.6948567473234,2.9488193178165547,1.8927873726517217,6622,016,29th Avenue Station/Arbutus,EAST,40-ft Trolley,VTC
309860,21.74708633978563,61.89355528374043,40.4859432580518,2.84606196511521,1.8616720707078815,6622,016,29th Avenue Station/Arbutus,EAST,40-ft Trolley,VTC
309861,23.000844252514177,64.60586085324188,43.05658164688672,2.808847368556045,1.871956575775704,6622,016,29th Avenue Station/Arbutus,EAST,40-ft Trolley,VTC
309862,20.28770416132835,57.84548778558217,38.1084847343132,2.851258443320809,1.8784030184624905,6622,016,29th Avenue Station/Arbutus,EAST,40-ft Trolley,VTC
309863,21.50856604342011,60.75723288495871,39.73870157489508,2.82479235307021,1.8475755889385255,6622,016,29th Avenue Station/Arbutus,EAST,40-ft Trolley,VTC
309864,20.232204423444895,57.98594948303192,37.912248263721885,2.8660223211188165,1.8738565244916918,6622,016,29th Avenue Station/Arbutus,EAST,40-ft Trolley,VTC
309865,21.49364356191039,60.75723288495871,39.222071281410514,2.826753533432026,1.824821890641067,6622,016,29th Avenue Station/Arbutus,EAST,40-ft Trolley,VTC
309877,5.377459820016956,17.522216521686484,11.921850037690357,3.2584560569773324,2.217004019874344,6622,016,29th Avenue Station/Arbutus,EAST,40-ft Trolley,VTC
309880,21.654189757184906,57.43145625424596,35.93562574289088,2.6522098909376224,1.6595229905089088,6622,016,29th Avenue Station/Arbutus,WEST,40-ft Trolley,VTC
309881,21.554915805797727,57.66295847279375,35.82085425814927,2.6751650988719646,1.661841529833968,6622,016,29th Avenue Station/Arbutus,WEST,40-ft Trolley,VTC
309882,20.437835653126022,54.47493901024127,34.519368668137254,2.6653966660070085,1.688993357907613,6622,016,29th Avenue Station/Arbutus,WEST,40-ft Trolley,VTC
309883,20.51780715711673,54.248068800215,33.919123500395536,2.6439506124999674,1.653155390371747,6622,016,29th Avenue Station/Arbutus,WEST,40-ft Trolley,VTC
309884,20.37120920872716,54.47493901024127,34.13670592361069,2.674114160435005,1.6757329215875072,6622,016,29th Avenue Station/Arbutus,WEST,40-ft Trolley,VTC
309885,20.4133133677984,54.248068800215,33.74963868498731,2.6574847415897835,1.6533150732025064,6622,016,29th Avenue Station/Arbutus,WEST,40-ft Trolley,VTC
309887,6.558044990068398,15.891515219115172,9.78100883629346,2.4232092404339287,1.4914519267717692,6622,016,29th Avenue Station/Arbutus,WEST,40-ft Trolley,VTC
309895,10.510774293794974,27.98258590272544,17.975930639111844,2.6622763576271384,1.7102384787887528,6623,017,Downtown/Oak,NORTH,40-ft Trolley,VTC
309897,13.051496798360642,33.29727696496705,20.458328123145563,2.5512228581437046,1.5675081899966654,6623,017,Downtown/Oak,SOUTH,40-ft Trolley,VTC
309898,12.539999618759902,32.219444220585004,20.765183869046208,2.5693337480157936,1.6559158293738214,6623,017,Downtown/Oak,SOUTH,40-ft Trolley,VTC
309899,13.048947099671546,33.29727696496705,21.218237771417375,2.5517213542696613,1.626049796151864,6623,017,Downtown/Oak,SOUTH,40-ft Trolley,VTC
309900,12.511397215281466,32.219444220585004,20.70892698670655,2.575207522084908,1.6552049807364915,6623,017,Downtown/Oak,SOUTH,40-ft Trolley,VTC
309902,2.819064536760726,7.74465147644325,4.725227249249606,2.7472416382997453,1.6761685259888286,6624,019,Metrotown Station/Stanley Park,EAST,40-ft Trolley,VTC
309903,15.022642012117675,49.3212476142457,30.09226482336834,3.28312740025768,2.0031273326685874,6624,019,Metrotown Station/Stanley Park,EAST,40-ft Trolley,VTC
309904,15.022642012117675,49.3212476142457,30.09226482336834,3.28312740025768,2.0031273326685874,6624,019,Metrotown Station/Stanley Park,EAST,40-ft Trolley,VTC
309905,12.447643899839129,42.86400080501003,28.933024095624884,3.4435433042524615,2.324377555177234,6624,019,Metrotown Station/Stanley Park,EAST,40-ft Trolley,VTC
309906,3.200723199569288,10.781807566611684,7.157193025213557,3.368553571912298,2.236117458134674,6624,019,Metrotown Station/Stanley Park,EAST,40-ft Trolley,VTC
309907,8.987157019179927,30.403464669683476,20.71870810641712,3.382990260968844,2.305368434333608,6624,019,Metrotown Station/Stanley Park,EAST,40-ft Trolley,VTC
309908,15.022642012117675,49.3212476142457,30.09226482336834,3.28312740025768,2.0031273326685874,6624,019,Metrotown Station/Stanley Park,EAST,40-ft Trolley,VTC
309911,14.859936294208731,36.71110948345824,20.94052381961697,2.470475563059138,1.4091933777520962,6624,019,Metrotown Station/Stanley Park,WEST,40-ft Trolley,VTC
309912,14.905607408141709,36.70485909053732,21.87114066406509,2.46248663912136,1.4673095879419638,6624,019,Metrotown Station/Stanley Park,WEST,40-ft Trolley,VTC
309913,14.846744395181435,36.70485909053732,22.03910465043144,2.4722496807077796,1.4844402290366305,6624,019,Metrotown Station/Stanley Park,WEST,40-ft Trolley,VTC
309914,3.3726802036320533,10.316386359353515,6.397523669500661,3.058809533214491,1.8968663742892495,6624,019,Metrotown Station/Stanley Park,WEST,40-ft Trolley,VTC
309915,11.947196329623337,28.2387079441546,16.070851617555938,2.3636263408625924,1.3451567358701477,6624,019,Metrotown Station/Stanley Park,WEST,40-ft Trolley,VTC
309916,12.82750511489112,31.69156200160218,18.533729142225397,2.4705943765177114,1.4448428572996685,6624,019,Metrotown Station/Stanley Park,WEST,40-ft Trolley,VTC
309917,3.368602924002392,8.054356874204634,5.010323650598334,2.391008099178066,1.4873595266744404,6624,019,Metrotown Station/Stanley Park,WEST,40-ft Trolley,VTC
309919,11.477376641154308,33.3524308854584,20.721846946105373,2.905928064246576,1.8054515063837207,6625,020,Victoria/Downtown,NORTH,60-ft Trolley,VTC
309920,8.956079810973966,23.879242114872643,13.82016474730157,2.666260531266502,1.5431042419215153,6625,020,Victoria/Downtown,NORTH,60-ft Trolley,VTC
309921,10.467298975830063,28.026117467797096,16.740142552066892,2.6774927832396807,1.5992800617161496,6625,020,Victoria/Downtown,NORTH,60-ft Trolley,VTC
309922,2.591496370022837,10.08751647956874,7.520742265632855,3.8925450933507753,2.902084815795663,6625,020,Victoria/Downtown,NORTH,60-ft Trolley,VTC
309924,12.677625080341793,38.541678566891385,24.346837431076363,3.040133962208345,1.9204572841351106,6625,020,Victoria/Downtown,SOUTH,60-ft Trolley,VTC
309925,12.12244796480628,37.381644979035215,23.631888322859258,3.0836713085971645,1.9494320282064335,6625,020,Victoria/Downtown,SOUTH,60-ft Trolley,VTC
309926,12.706580676478485,38.541678566891385,23.780492246471656,3.033206143194525,1.8715099562931519,6625,020,Victoria/Downtown,SOUTH,60-ft Trolley,VTC
309927,12.127237369519074,37.381644979035215,23.18781110754397,3.0824534755946353,1.9120439718467819,6625,020,Victoria/Downtown,SOUTH,60-ft Trolley,VTC
309928,10.350964854258429,34.902319671246445,22.595806927967452,3.3718904626448896,2.1829662496314484,6625,020,Victoria/Downtown,SOUTH,60-ft Trolley,VTC
309929,9.778563431789037,33.76405632393724,21.7080610357784,3.452864682983392,2.219964229633964,6625,020,Victoria/Downtown,SOUTH,60-ft Trolley,VTC
309930,2.760989484682372,4.862989526660453,2.4558176675776,1.7613212776215619,0.8894701269969236,6625,020,Victoria/Downtown,SOUTH,60-ft Trolley,VTC
309931,11.68353760112827,38.605217295759694,24.65946793323972,3.3042404290316676,2.110616559393653,6625,020,Victoria/Downtown,SOUTH,60-ft Trolley,VTC
309932,1.8043738376643432,4.9269489623068985,2.8137460962252723,2.7305588561872227,1.5594030668652914,6625,020,Victoria/Downtown,SOUTH,60-ft Trolley,VTC
309933,11.355221787664233,33.25601209402153,20.895898548100707,2.928697714222479,1.8402017097368373,6626,022,Knight/Downtown,EAST,40-ft,VTC
309934,11.15183954073568,33.14729701484324,21.05621506363264,2.972361366370282,1.8881382741132566,6626,022,Knight/Downtown,EAST,40-ft,VTC
309935,11.37108270817084,33.25601209402153,20.94178021915751,2.9246126290265204,1.8416698529603976,6626,022,Knight/Downtown,EAST,40-ft,VTC
309936,11.121539752938896,33.14729701484324,20.492934078556857,2.980459338472803,1.8426346111959495,6626,022,Knight/Downtown,EAST,40-ft,VTC
309937,11.087202853843465,31.25479251441335,20.034233061577847,2.818997083974037,1.8069691089518423,6626,022,Knight/Downtown,EAST,40-ft,VTC
309939,13.75931869073348,32.87771161529497,21.385101120759707,2.389486889160958,1.5542267463549617,6626,022,Knight/Downtown,EAST,40-ft,VTC
309940,5.792618121893358,15.576026997710704,10.15003317171937,2.6889442165781112,1.752235855727662,6626,022,Knight/Downtown,EAST,40-ft,VTC
309941,2.41654642201446,3.410166066741088,1.3431371328279826,1.4111734149507194,0.5558085375857702,6626,022,Knight/Downtown,EAST,40-ft,VTC
309942,15.0809904681341,40.321338455703945,26.120705449812505,2.6736532020826025,1.7320285099977453,6626,022,Knight/Downtown,WEST,40-ft,VTC
309943,11.2085378336519,33.36621928685689,21.13630862973864,2.9768574440352054,1.8857329067739903,6626,022,Knight/Downtown,WEST,40-ft,VTC
309944,10.950662394515332,32.053742105503105,19.992861644424437,2.9271053157074136,1.8257216709043933,6626,022,Knight/Downtown,WEST,40-ft,VTC
309946,8.74747521696275,22.554135956302545,13.088855105316268,2.578359514819371,1.49630090748184,6626,022,Knight/Downtown,WEST,40-ft,VTC
309947,11.20519680521837,33.3862366924287,21.016865652793147,2.979531486397491,1.8756355660799628,6626,022,Knight/Downtown,WEST,40-ft,VTC
309948,5.425366176325117,14.876973690549974,9.03044261953506,2.742114210736449,1.6644853685529204,30055,023,Main St Station/English Bay,EAST,40-ft,VTC
309949,5.247198695242967,15.049715980877629,9.391486448469678,2.868142956835517,1.789809571530779,30055,023,Main St Station/English Bay,WEST,40-ft,VTC
309950,23.312601899424127,50.75080875769037,33.02039547786841,2.1769688761743935,1.4164182797066547,6627,025,Brentwood Station/UBC,EAST,60-ft,VTC
309951,16.68144848780475,36.6994392019588,23.68270682722733,2.200015138301002,1.4197032616526657,6627,025,Brentwood Station/UBC,EAST,60-ft,VTC
309953,13.432958538265153,29.85605023575613,19.63850712312451,2.2225967682925636,1.4619643965387237,6627,025,Brentwood Station/UBC,EAST,60-ft,VTC
309954,17.082040279255224,38.357374155818086,25.357033404348506,2.245479669217269,1.4844265081813792,6627,025,Brentwood Station/UBC,EAST,60-ft,VTC
309955,23.887690588820966,57.54105520745311,38.534372065691606,2.408816163852246,1.613147655375486,6627,025,Brentwood Station/UBC,WEST,60-ft,VTC
309956,13.99007621757538,35.803521130687066,24.15509924319609,2.5592084398874113,1.726588109137722,6627,025,Brentwood Station/UBC,WEST,60-ft,VTC
309957,19.690991720415447,45.14897647079844,29.846779914900136,2.2928746866511744,1.5157580856608281,6627,025,Brentwood Station/UBC,WEST,60-ft,VTC
309958,17.15865746113572,40.89425643109308,27.888151744968862,2.3833016378885343,1.6253108268018868,6627,025,Brentwood Station/UBC,WEST,60-ft,VTC
309960,8.31373575420122,21.54456871943964,14.237186854157931,2.5914425664241754,1.7124897007898507,6628,026,Joyce Station/29th Avenue Station,EAST,40-ft,BTC
309961,10.575005848042917,27.82432385521517,18.36106241890764,2.631140280680273,1.736269717742583,6628,026,Joyce Station/29th Avenue Station,EAST,40-ft,BTC
309962,10.736604783954284,26.32462946319027,17.212617206326797,2.4518579190445835,1.603171351901751,6628,026,Joyce Station/29th Avenue Station,WEST,40-ft,BTC
309963,6.063466184600503,14.970034662017955,9.4037988574915,2.4688905992479397,1.5508949124470262,6629,027,Kootenay Loop/Joyce Station,NORTH,40-ft,BTC
309964,7.602751831055315,18.17114326231702,10.921565683065475,2.390074497511875,1.4365279737862344,6629,027,Kootenay Loop/Joyce Station,NORTH,40-ft,BTC
309965,4.538129808535032,12.922109302331222,8.040340024543037,2.847452551495579,1.771729845501833,6629,027,Kootenay Loop/Joyce Station,NORTH,40-ft,BTC
309966,6.066320244398292,18.84637858773753,12.379357385539327,3.106723322946969,2.04066994270053,6629,027,Kootenay Loop/Joyce Station,SOUTH,40-ft,BTC
309967,6.627122087479531,20.637730876678507,13.873188197889489,3.114131685557581,2.093395596876023,6629,027,Kootenay Loop/Joyce Station,SOUTH,40-ft,BTC
309968,3.0954890232605976,12.00780222418392,8.403938791188908,3.879129318163642,2.7148985921251034,6629,027,Kootenay Loop/Joyce Station,SOUTH,40-ft,BTC
309969,8.576480850694502,19.4427804941475,12.75427294204143,2.2669881543049293,1.4871219517744998,6630,028,Phibbs Exchange/Joyce Station,NORTH,40-ft,BTC
309971,4.881078964140326,7.887465645759653,5.574178274028951,1.6159266636959277,1.1419971516504028,6630,028,Phibbs Exchange/Joyce Station,NORTH,40-ft,BTC
309972,12.224846050961093,21.85701681137376,13.81999651246614,1.7879175508844471,1.1304842985224866,6630,028,Phibbs Exchange/Joyce Station,NORTH,40-ft,BTC
309973,7.315308732138624,21.60783470168408,15.07292071552706,2.95378301762625,2.0604626909738784,6630,028,Phibbs Exchange/Joyce Station,SOUTH,40-ft,BTC
309974,3.3588809931904526,8.760156565000287,6.903885937168897,2.6080580356255494,2.0554124874222475,6630,028,Phibbs Exchange/Joyce Station,SOUTH,40-ft,BTC
309976,11.816702767836151,31.26997116509827,22.353666696561167,2.6462518165568074,1.891700852238202,6630,028,Phibbs Exchange/Joyce Station,SOUTH,40-ft,BTC
309978,4.089009368617008,11.37056245442276,7.343810930334728,2.78076214295115,1.795987797606481,6631,029,Elliott/29th Avenue Station,NORTH,40-ft,BTC
309979,4.797188551860463,11.802055854383584,7.531813729981298,2.4602026221809576,1.5700474660434771,6631,029,Elliott/29th Avenue Station,SOUTH,40-ft,BTC
309980,5.041895624977943,19.4773513412852,14.693142213446189,3.8631008632532744,2.914209913560134,39304,031,Metrotown Station/River District,NORTH,28-ft Shuttle,XHT
309981,5.6943565491159385,6.218350300544628,2.377871638081975,1.092019835236703,0.4175839039181951,39304,031,Metrotown Station/River District,SOUTH,28-ft Shuttle,XHT
309982,17.660461572957384,39.858493426223866,26.890572430723825,2.2569338440880427,1.5226426738415526,11201,033,29th Avenue Station/UBC,EAST,40-ft,VTC
309983,17.841354661508262,40.514732930167376,26.761514290042744,2.270832775807976,1.4999709830206578,11201,033,29th Avenue Station/UBC,WEST,40-ft,VTC
309984,4.08046457715916,15.52590863225089,10.74761379855833,3.8049365062887293,2.633919151931684,6633,041,Joyce Station/Crown,EAST,40-ft Trolley,VTC
309985,12.252501074483147,38.060142607199,25.165439075158456,3.1063162023680544,2.0539022132850553,6633,041,Joyce Station/Crown,EAST,40-ft Trolley,VTC
309986,7.330903952746423,20.65549855603589,13.257859777615783,2.8175923036472996,1.8084890844394308,6633,041,Joyce Station/Crown,EAST,40-ft Trolley,VTC
309987,7.115856705420443,18.63080882670609,11.69208719397285,2.618210230753274,1.643103238021432,6633,041,Joyce Station/Crown,WEST,40-ft Trolley,VTC
309988,7.716092314600215,20.50310276759908,13.217321212207857,2.6571873341644157,1.7129552982664997,6633,041,Joyce Station/Crown,WEST,40-ft Trolley,VTC
309989,7.766994014930818,20.62202307212367,13.14765180644962,2.655084197629236,1.692759358533731,6633,041,Joyce Station/Crown,WEST,40-ft Trolley,VTC
309990,12.502922958082964,30.54315482916958,18.24377227024929,2.4428811511970374,1.459160576403852,6633,041,Joyce Station/Crown,WEST,40-ft Trolley,VTC
309993,21.87583960121518,43.06709501115045,28.67777154282636,1.9687059238063767,1.3109335260089099,6635,044,UBC/Downtown,EAST,40-ft,BTC
309994,11.9496709451436,23.90885463281203,15.113696448363152,2.000796067320054,1.2647792995927998,6635,044,UBC/Downtown,EAST,40-ft,BTC
309995,21.13688041220683,48.1403355689522,33.32883826177468,2.27755158898238,1.5768097094653017,6635,044,UBC/Downtown,WEST,40-ft,BTC
309996,11.880359972955194,30.789584769715397,21.65370917208357,2.5916373611410535,1.822647564667798,6635,044,UBC/Downtown,WEST,40-ft,BTC
309997,21.01934994313719,51.20021069305376,34.42815403951349,2.435860805950881,1.637926678638997,6636,049,Metrotown Station/Dunbar Loop/UBC,EAST,60-ft,RTC
309998,14.335880545687628,41.67960804294927,27.127221680490134,2.9073629561936394,1.8922605830899077,6636,049,Metrotown Station/Dunbar Loop/UBC,EAST,60-ft,RTC
310000,8.705016029793349,25.79793976089801,17.640822857779614,2.963571769724867,2.026512392097042,6636,049,Metrotown Station/Dunbar Loop/UBC,EAST,60-ft,RTC
310002,10.38132766657798,29.10299669637012,19.273088391761377,2.803398335076674,1.856514793749344,6636,049,Metrotown Station/Dunbar Loop/UBC,EAST,60-ft,RTC
310004,22.028306648435382,49.24849332575787,32.053439526141915,2.23569129083537,1.4551022935037357,6636,049,Metrotown Station/Dunbar Loop/UBC,WEST,60-ft,RTC
310005,11.380961935992236,26.78319695816346,16.494912827235403,2.353333321804876,1.4493425880874202,6636,049,Metrotown Station/Dunbar Loop/UBC,WEST,60-ft,RTC
310011,9.458668403656128,22.132594316306356,13.630048478100408,2.3399270776583396,1.4410113449829667,6636,049,Metrotown Station/Dunbar Loop/UBC,WEST,60-ft,RTC
310012,8.110663582539404,20.738909551496704,13.161052484300107,2.5569929439735763,1.6226850430133923,6637,050,Waterfront Station/False Creek South,NORTH,40-ft,VTC
310013,6.837103985494134,17.819736313332346,11.63666356422002,2.6063281107233984,1.7019872140176335,6637,050,Waterfront Station/False Creek South,NORTH,40-ft,VTC
310014,6.970821156564907,18.787698763982856,11.871526779031102,2.695191619754751,1.7030313233399856,6637,050,Waterfront Station/False Creek South,SOUTH,40-ft,VTC
310015,7.0465500613299685,19.55450547974923,12.29832626716577,2.7750466979664807,1.7452975087279206,6637,050,Waterfront Station/False Creek South,SOUTH,40-ft,VTC
310016,6.954398770907739,18.787698763982856,11.722774646549125,2.7015561492644387,1.6856632805683909,6637,050,Waterfront Station/False Creek South,SOUTH,40-ft,VTC
310017,7.063442570038794,19.55450547974923,12.207513800387648,2.7684100615037397,1.7282668726109005,6637,050,Waterfront Station/False Creek South,SOUTH,40-ft,VTC
310018,6.9520478938844095,18.787698763982856,11.542483889694982,2.7024696968083397,1.6602998232864155,6637,050,Waterfront Station/False Creek South,SOUTH,40-ft,VTC
310019,7.066866267436215,19.55450547974923,12.253381609870573,2.76706884490732,1.7339201204830457,6637,050,Waterfront Station/False Creek South,SOUTH,40-ft,VTC
310020,6.586363701433853,12.70812937349024,8.683223140583548,1.9294606173545619,1.318363748830513,33538,068,UBC Exchange/Wesbrook Village,NORTH,28-ft Shuttle,XHT
310021,5.567010489710945,10.21902361531094,7.130560853266445,1.8356393676997615,1.2808599636097835,33538,068,UBC Exchange/Wesbrook Village,SOUTH,28-ft Shuttle,XHT
310022,6.96999263300376,14.927110190956627,9.93277485542398,2.141624959583881,1.4250768083155623,45596,080,Marine Dr Station/River District,EAST,40-ft,VTC
310023,7.270650126294884,15.420529257785594,10.425002530034035,2.120928526324768,1.4338473656339459,45596,080,Marine Dr Station/River District,WEST,40-ft,VTC
310024,13.593525359813546,27.343935842574663,16.875425438939978,2.011541165282361,1.241431121968455,6638,084,UBC/VCC-Clark Station,EAST,60-ft,VTC
310025,13.4558697571223,35.01454109603354,24.585096283815297,2.602175981786689,1.8270908330397748,6638,084,UBC/VCC-Clark Station,WEST,60-ft,VTC
310026,13.66658044594923,29.795815717556035,18.297848511506963,2.180195392358555,1.3388754109979604,6641,099,Commercial-Broadway/UBC (B-Line),EAST,60-ft,BTC
310027,8.781643691307705,24.464667527820957,15.586388041521374,2.7858870603047476,1.7748827656204247,6641,099,Commercial-Broadway/UBC (B-Line),EAST,60-ft,BTC
310028,16.86367489798488,35.524635646981466,22.43135915761632,2.1065773540989263,1.3301584199952023,6641,099,Commercial-Broadway/UBC (B-Line),EAST,60-ft,BTC
310029,13.60197474425826,29.795815717556035,18.25031824241977,2.1905507308880723,1.341740341792922,6641,099,Commercial-Broadway/UBC (B-Line),EAST,60-ft,BTC
310030,16.893062715827448,35.524635646981466,22.389648314692906,2.1029126715842787,1.3253753147862049,6641,099,Commercial-Broadway/UBC (B-Line),EAST,60-ft,BTC
310031,13.86831394805976,36.09457933766882,24.62738520476673,2.602665289584003,1.7758024008543745,6641,099,Commercial-Broadway/UBC (B-Line),WEST,60-ft,BTC
310032,16.830375175101356,42.79849536083146,29.391135144055955,2.542931747840477,1.7463149120725976,6641,099,Commercial-Broadway/UBC (B-Line),WEST,60-ft,BTC
310033,12.364658361816351,31.37222647849911,20.45117759613825,2.537249761415209,1.6540026418598113,6641,099,Commercial-Broadway/UBC (B-Line),WEST,60-ft,BTC
310035,14.944313448822513,36.23800229841878,24.74473552329856,2.424868992645094,1.6557960730707397,6642,100,22nd St Station/Marpole Loop,EAST,40-ft,HTC
310036,15.211029298139543,37.28240519456916,25.67678120703244,2.451011332883907,1.6880370620397767,6642,100,22nd St Station/Marpole Loop,EAST,40-ft,HTC
310037,16.805088457688324,36.21514906235062,23.62133581785016,2.155010915505309,1.4056061577613062,6642,100,22nd St Station/Marpole Loop,WEST,40-ft,HTC
310038,17.663729489567356,38.41706431440456,25.791588715632674,2.174912400979343,1.4601440047451948,6642,100,22nd St Station/Marpole Loop,WEST,40-ft,HTC
310039,16.46359227451425,34.845783636178275,23.00712307423836,2.1165358723150463,1.397454619296758,6642,100,22nd St Station/Marpole Loop,WEST,40-ft,HTC
310040,17.35174258116721,37.06454556457832,24.883564952020407,2.136070506532669,1.4340672030847148,6642,100,22nd St Station/Marpole Loop,WEST,40-ft,HTC
310043,12.181801834849214,27.925016036969428,19.032043312293737,2.2923551388828747,1.562334010215765,6643,101,Lougheed Station/22nd St Station,EAST,40-ft,PCT
310044,12.050211646904405,27.070390848362,18.725854242219363,2.246466007534079,1.553985505891913,6643,101,Lougheed Station/22nd St Station,WEST,40-ft,PCT
310045,5.752634970223397,11.65838418099622,7.7267257036939805,2.026616366472403,1.3431628712214156,6643,101,Lougheed Station/22nd St Station,WEST,40-ft,PCT
310046,3.353629377864002,12.217166610329086,8.33111280427481,3.6429686270551636,2.4842079626524125,46099,102,New Westminster Station/Victoria  Hill,EAST,28-ft Shuttle,XHT
310047,3.084587433112342,5.252228800097834,2.7073731039086497,1.702732995575472,0.8777099572038768,46099,102,New Westminster Station/Victoria  Hill,WEST,28-ft Shuttle,XHT
310048,1.3674998304947843,3.680913207361715,2.3256966978056357,2.691710174494061,1.7006924943926025,6790,103,New Westminster Station/Quayside,EAST,28-ft Shuttle,XHT
310049,1.6848636954624845,4.034337464381234,2.5824409991643336,2.3944592522505705,1.5327299211913221,6790,103,New Westminster Station/Quayside,WEST,28-ft Shuttle,XHT
310050,4.140640738718978,9.790518886769185,7.239922669003583,2.364493686983854,1.7485029795759228,6644,104,22nd St Station/Annacis Island,NORTH,40-ft,HTC
310051,11.105446351611208,22.87550397200282,16.110774486926,2.05984552513587,1.4507093165677762,6644,104,22nd St Station/Annacis Island,NORTH,40-ft,HTC
310053,5.686767420387091,8.772630370995877,5.576435114829977,1.542639204752062,0.9805984142833813,6644,104,22nd St Station/Annacis Island,SOUTH,40-ft,HTC
310054,11.69542752288387,21.53310092490132,14.297978898981444,1.8411555184937494,1.2225272544338623,6644,104,22nd St Station/Annacis Island,SOUTH,40-ft,HTC
310056,7.758700397153411,26.687421115394397,18.21628958297469,3.4396767176608267,2.347853203567193,6796,105,Uptown/New Westminster Station,EAST,28-ft Shuttle,XHT
310057,6.315896004627566,13.450538095621612,7.50750098742117,2.1296326104430148,1.1886676066104527,6796,105,Uptown/New Westminster Station,WEST,28-ft Shuttle,XHT
310058,6.308511139294525,13.550389587235813,7.705906832558773,2.147953659435266,1.221509586399893,6645,106,New Westminster Station/Edmonds Station,EAST,40-ft,HTC
310059,6.134169902677463,22.21752524465676,15.534408260168858,3.6219285734096114,2.532438537998164,6645,106,New Westminster Station/Edmonds Station,WEST,40-ft,HTC
310060,7.293522897256834,19.144295371558982,13.038636422243968,2.624835164191963,1.7877007594159922,16719,109,New Westminster Station/Lougheed Station,NORTH,28-ft Shuttle,XNE
310061,7.103175004190234,14.164842392964436,8.624059864264265,1.9941564701149068,1.214113387207389,16719,109,New Westminster Station/Lougheed Station,SOUTH,28-ft Shuttle,XNE
310062,17.287133264237756,33.1442240831522,21.11624691660856,1.9172770624565227,1.221500788698851,6646,110,Lougheed Station/Metrotown Station,EAST,40-ft,PCT
310063,8.213992907457776,17.256543071361857,12.372479048909195,2.1008714355832994,1.5062685332581407,6646,110,Lougheed Station/Metrotown Station,EAST,40-ft,PCT
310065,17.29563556377695,43.20552424080875,30.11395862486156,2.498059356158965,1.7411305016122458,6646,110,Lougheed Station/Metrotown Station,WEST,40-ft,PCT
310066,5.670852926043305,18.489151174658563,13.488228633010422,3.2603827705965394,2.3785185066369716,6646,110,Lougheed Station/Metrotown Station,WEST,40-ft,PCT
310067,13.784152154855787,36.3497265848024,25.350496214926803,2.637066551242135,1.8391044969709291,6646,110,Lougheed Station/Metrotown Station,WEST,40-ft,PCT
310068,8.030324336664263,14.20340858780157,9.9319451794471,1.7687216595913435,1.2368049860826364,6646,110,Lougheed Station/Metrotown Station,WEST,40-ft,PCT
310069,4.816502188552119,7.539980838831664,3.8435827289230224,1.5654474022149767,0.7980029030316783,6647,112,Edmonds Station/New West Station,EAST,40-ft,HTC
310070,5.252973500668222,18.62472690215959,12.97456137673678,3.5455588915098026,2.469946093405251,6647,112,Edmonds Station/New West Station,WEST,40-ft,HTC
310071,2.3545063408947264,5.427536020435821,3.547608069837703,2.305169421787722,1.50673115982758,6647,112,Edmonds Station/New West Station,WEST,40-ft,HTC
310072,7.312780582343446,19.483011847956227,14.360240106415924,2.664241273011465,1.963718170498431,6648,116,Edmonds Station/Metrotown Station,EAST,40-ft,HTC
310074,14.370960819631309,29.884919622294134,20.03031074370425,2.0795352514962073,1.3938045615114363,6648,116,Edmonds Station/Metrotown Station,EAST,40-ft,HTC
310075,7.242681760562763,9.629261995730642,5.61327710121236,1.3295160983274295,0.7750274396670721,6648,116,Edmonds Station/Metrotown Station,WEST,40-ft,HTC
310076,15.458718970083876,35.98270631751386,24.41243834044026,2.327664173671088,1.5792018981445914,6648,116,Edmonds Station/Metrotown Station,WEST,40-ft,HTC
310077,15.488991178212649,35.84323819194349,24.67809429195825,2.314110569212657,1.5932667278338508,6648,116,Edmonds Station/Metrotown Station,WEST,40-ft,HTC
310078,5.621137807779179,13.79387341452476,8.188740899072013,2.4539290595998566,1.4567763999202241,32799,119,Edmonds Station/Metrotown Station,EAST,40-ft,HTC
310079,6.013117919599164,18.926078186182828,12.694803833616476,3.147464998897684,2.1111849132775222,32799,119,Edmonds Station/Metrotown Station,WEST,40-ft,HTC
310080,12.473341604193909,30.71559718675904,20.064762252063257,2.462499477800844,1.6086116205874526,6649,123,New West Station/Brentwood Station,EAST,40-ft,HTC
310081,10.997206835771822,26.81879554098417,17.549488123923123,2.4386915642750058,1.5958132265765863,6649,123,New West Station/Brentwood Station,EAST,40-ft,HTC
310082,7.336416056818651,18.499887580937,11.654615357340523,2.521651912549689,1.5885979294356443,6649,123,New West Station/Brentwood Station,EAST,40-ft,HTC
310083,2.025232237151569,2.164665441279262,1.4152746938812584,1.0688480074382984,0.6988209391095817,6649,123,New West Station/Brentwood Station,EAST,40-ft,HTC
310084,8.454546120119415,17.857430907183314,11.500191974059112,2.1121690808082185,1.3602376532895037,6649,123,New West Station/Brentwood Station,WEST,40-ft,HTC
310085,11.027458667634113,30.72078281347861,21.11713842679288,2.7858442946283657,1.914959653285507,6649,123,New West Station/Brentwood Station,WEST,40-ft,HTC
310088,1.994373197468379,10.74400669660488,8.05645268781125,5.387159589911821,4.0395913352816635,6649,123,New West Station/Brentwood Station,WEST,40-ft,HTC
310089,7.151464723015965,16.19928555728102,10.35920066355415,2.265170309118066,1.448542510489431,6662,128,Braid Station/22nd Street Station,EAST,40-ft,PCT
310090,4.178839355179405,6.289739988696695,3.051315098154433,1.505140411990464,0.7301824355541503,6662,128,Braid Station/22nd Street Station,EAST,40-ft,PCT
310091,7.160888913081737,19.27371778669912,13.426854644306925,2.6915258734832888,1.8750262442667311,6662,128,Braid Station/22nd Street Station,WEST,40-ft,PCT
310092,3.2959321604279816,4.972943832730925,2.416746864897605,1.5088125576241171,0.7332513981670626,6662,128,Braid Station/22nd Street Station,WEST,40-ft,PCT
310093,11.563590510019887,24.66410728483244,15.055921270907698,2.132910817229382,1.3020109331839185,6650,129,Patterson Station/Holdom Station,EAST,40-ft,HTC
310094,12.331482847845356,27.02511345221041,16.35335939781886,2.1915542344473544,1.3261470335399472,6650,129,Patterson Station/Holdom Station,EAST,40-ft,HTC
310095,12.11215995975623,37.91609860765767,26.524512891664653,3.13041594014919,2.189907743936242,6650,129,Patterson Station/Holdom Station,WEST,40-ft,HTC
310096,8.253673887564924,19.21878396112885,11.14608486141965,2.3285126384850368,1.3504392120716648,6651,130,Metrotown/Phibbs Exchange,NORTH,40-ft,BTC
310098,8.230177045570004,19.21878396112885,11.550533602870818,2.3351604533797485,1.4034368323933004,6651,130,Metrotown/Phibbs Exchange,NORTH,40-ft,BTC
310099,12.346778149087834,22.494164589438476,13.439104785056768,1.8218651309532374,1.0884705809709259,6651,130,Metrotown/Phibbs Exchange,NORTH,40-ft,BTC
310101,2.149161466195729,10.549148317224224,7.984312376583947,4.908495002889415,3.715082604154972,6651,130,Metrotown/Phibbs Exchange,SOUTH,40-ft,BTC
310102,4.8016531434769165,17.2734303360574,12.740723631405215,3.5973923604880733,2.6534035780392817,6651,130,Metrotown/Phibbs Exchange,SOUTH,40-ft,BTC
310103,8.115228710274016,26.843811304363864,17.969013365624487,3.30783176454154,2.2142337581780556,6651,130,Metrotown/Phibbs Exchange,SOUTH,40-ft,BTC
310104,11.382442021640422,35.13869723231281,24.582341082374,3.0870965268706607,2.1596719786173995,6651,130,Metrotown/Phibbs Exchange,SOUTH,40-ft,BTC
310106,4.233423840178363,12.972510575245312,9.120591109101715,3.064307063263185,2.154424280068647,6776,131,Hastings @ Gilmore/Kootenay Loop,EAST,28-ft Shuttle,XHT
310107,4.646942907431089,11.19846229979334,7.275538621437164,2.409855796137604,1.5656612888018477,6776,131,Hastings @ Gilmore/Kootenay Loop,WEST,28-ft Shuttle,XHT
310108,3.585527275038339,16.086103215420966,11.903789953800407,4.486398228625652,3.3199552090070554,7322,132,Capitol Hill/Hastings @ Gilmore,NORTH,28-ft Shuttle,XHT
310109,3.635985478906936,5.303886184047364,2.377676579781935,1.4587203977618302,0.6539290636817178,7322,132,Capitol Hill/Hastings @ Gilmore,SOUTH,28-ft Shuttle,XHT
310110,8.77786898349582,26.047066472840587,17.994824961414373,2.967356487299409,2.0500220492295234,33292,133,Holdom Station/Edmonds Station,EAST,40-ft,HTC
310111,9.186382142523188,27.20378977065761,19.05915002647256,2.9613170177988755,2.0747177431525463,33292,133,Holdom Station/Edmonds Station,EAST,40-ft,HTC
310112,6.052868804618684,18.382532619607108,12.9120633094027,3.0369950535818964,2.1332138075667624,33292,133,Holdom Station/Edmonds Station,EAST,40-ft,HTC
310113,8.851573748312981,17.82848987551555,11.311081171130182,2.0141604625859304,1.277861032710252,33292,133,Holdom Station/Edmonds Station,WEST,40-ft,HTC
310114,9.484040350912515,19.468775104681747,12.546758155441106,2.0527933648878394,1.322933864809412,33292,133,Holdom Station/Edmonds Station,WEST,40-ft,HTC
310115,12.772050385858362,30.48590696687915,20.850956557648757,2.3869234810280857,1.6325457485460304,6652,134,Lake City Station/Brentwood Station,EAST,28-ft Shuttle,XNE
310116,7.874102338532617,14.34449592111446,9.49782284349563,1.8217309484178785,1.2062102364376437,6652,134,Lake City Station/Brentwood Station,EAST,28-ft Shuttle,XNE
310117,3.67227498264754,5.710828969628485,2.626123234230688,1.5551201902400136,0.7151216198786331,6652,134,Lake City Station/Brentwood Station,EAST,28-ft Shuttle,XNE
310118,11.938185606159951,22.297624063143697,15.087897603271475,1.8677565250483632,1.2638350668200629,6652,134,Lake City Station/Brentwood Station,WEST,28-ft Shuttle,XNE
310119,8.080618859894999,21.164473761196437,14.350309929181927,2.619164958545199,1.7758924381898638,6652,134,Lake City Station/Brentwood Station,WEST,28-ft Shuttle,XNE
310120,11.257046752869991,25.684178283936703,17.071872736218246,2.281608919976148,1.516549865253581,6652,134,Lake City Station/Brentwood Station,WEST,28-ft Shuttle,XNE
310121,13.401082701121757,27.19815612223813,19.519558709648955,2.0295491587378587,1.4565657973303188,6654,136,Lougheed Station/Brentwood Station,EAST,28-ft Shuttle,XNE
310122,14.090382875007826,29.065942473651944,20.2636806137431,2.0628213393126695,1.4381213621728393,6654,136,Lougheed Station/Brentwood Station,WEST,28-ft Shuttle,XNE
310123,5.139563607387447,12.153513577970685,9.019473568722718,2.3646975709185907,1.7549103888428215,6654,136,Lougheed Station/Brentwood Station,WEST,28-ft Shuttle,XNE
310124,7.550865955012281,-0.5711090636339313,-2.413065041594853,-0.07563490956356177,-0.31957460984896113,6656,143,Burquitlam Station/SFU,EAST,60-ft,BTC
310125,6.4905956325100105,24.35538800511056,20.15000843382255,3.7524118561815207,3.104492957918292,6656,143,Burquitlam Station/SFU,WEST,60-ft,BTC
310126,18.71358720750316,52.50902568954475,38.50607927383392,2.805930530972245,2.0576535565770637,6657,144,SFU/Metrotown Station,NORTH,40-ft,HTC
310127,7.176272203972285,22.77296245980824,16.231339996969833,3.173369377934509,2.2618066226620126,6657,144,SFU/Metrotown Station,SOUTH,40-ft,HTC
310129,19.79120148125092,32.789119421095954,19.481029622476097,1.6567523428104423,0.9843277903532708,6657,144,SFU/Metrotown Station,SOUTH,40-ft,HTC
310130,14.275931601410326,35.70304429596076,24.197201691439474,2.500925704381607,1.6949648097956018,6657,144,SFU/Metrotown Station,SOUTH,40-ft,HTC
310131,7.413152451377548,28.90664132538848,24.1930105194714,3.899372300109235,3.263525292128012,6658,145,SFU/Production Station,NORTH,60-ft,BTC
310132,8.76950556237479,-2.693291784390661,-4.46386394023775,-0.30712014095140333,-0.5090211652741037,6658,145,SFU/Production Station,SOUTH,60-ft,BTC
310133,3.5324567257010813,14.86400442672365,11.399539334196628,4.207837655470107,3.2270853458039688,6811,146,Metrotown Station/Suncrest,NORTH,28-ft Shuttle,XHT
310134,2.9788854839979124,1.3733042790390202,1.0532179416322043,0.4610127802549601,0.3535610708400573,6811,146,Metrotown Station/Suncrest,SOUTH,28-ft Shuttle,XHT
310135,6.6647750175507445,14.5610114114189,9.190252915672154,2.184771634912586,1.3789292048825235,6817,147,Metrotown Station/Edmonds Station,EAST,28-ft Shuttle,XHT
310136,6.548636308666862,18.122651886216275,12.756208198456196,2.7673932452519403,1.9479182530832957,6817,147,Metrotown Station/Edmonds Station,WEST,28-ft Shuttle,XHT
310137,6.1978886619648295,13.836090070801392,9.56361527247572,2.232387644474906,1.543044058078304,6806,148,Royal Oak Station/Edmonds Station,EAST,28-ft Shuttle,XHT
310138,6.33443027755466,16.19904915446963,11.316173786456284,2.5573016742909203,1.7864548650182275,6806,148,Royal Oak Station/Edmonds Station,WEST,28-ft Shuttle,XHT
310141,8.987230368614465,13.225245160165612,8.557204322578858,1.4715596037630565,0.9521514383855831,6659,151,Coquitlam Central Station/Burquitlam Station,EAST,40-ft,PCT
310142,5.10622891776597,7.398033397812046,4.783353813865732,1.4488252518550941,0.9367683844379036,6659,151,Coquitlam Central Station/Burquitlam Station,WEST,40-ft,PCT
310143,8.61058241735697,21.559560063084223,16.48372878951035,2.5038445738147828,1.9143570075216882,6659,151,Coquitlam Central Station/Burquitlam Station,WEST,40-ft,PCT
310144,7.223979975190652,11.644681564111302,7.685676319464854,1.6119482064045978,1.0639116312420311,6659,151,Coquitlam Central Station/Burquitlam Station,WEST,40-ft,PCT
310145,12.200501702299889,24.052804659179067,17.106935488118094,1.9714602928701634,1.4021501660782774,6660,152,Coquitlam Central Station/Lougheed Station,EAST,40-ft,PCT
310146,14.027907895095248,27.42550677019992,19.52980383908389,1.955067496543019,1.3922107262988472,6660,152,Coquitlam Central Station/Lougheed Station,EAST,40-ft,PCT
310147,13.281797993000044,26.281942790354584,18.2752590471074,1.9787940461228257,1.3759627316075036,6660,152,Coquitlam Central Station/Lougheed Station,EAST,40-ft,PCT
310148,12.941735865166716,25.30978444383524,17.952636937426462,1.9556715349103748,1.3871892553260046,6660,152,Coquitlam Central Station/Lougheed Station,EAST,40-ft,PCT
310149,13.95008702025422,29.63319588273609,21.45022049828357,2.124230181482844,1.537640623111516,6660,152,Coquitlam Central Station/Lougheed Station,WEST,40-ft,PCT
310150,12.515042079872368,26.41610341828441,19.33402683136885,2.110748269937404,1.5448631101659087,6660,152,Coquitlam Central Station/Lougheed Station,WEST,40-ft,PCT
310151,12.87816172763296,27.54789876264492,19.76571609819967,2.1391173169952333,1.5348243418769876,6660,152,Coquitlam Central Station/Lougheed Station,WEST,40-ft,PCT
310153,6.3283190112293735,5.850548766764254,2.9991941982341506,0.9245028192135488,0.4739322074175131,6661,153,Coquitlam Central Station/Braid Station,EAST,40-ft,PCT
310154,11.323713580555983,23.59284773159265,16.758712881670032,2.0834903288355924,1.479966157961335,6661,153,Coquitlam Central Station/Braid Station,EAST,40-ft,PCT
310155,11.635359786732064,23.794189897324543,17.200101595040806,2.0449896121353577,1.478261257950466,6661,153,Coquitlam Central Station/Braid Station,WEST,40-ft,PCT
310156,8.221343211417457,19.410883435627447,12.4263330912893,2.3610355311125346,1.5114723679254904,6663,155,Braid Station/22nd Street  Station,EAST,40-ft,PCT
310157,8.312683684273704,21.9934246620995,15.101406265680422,2.6457670588028765,1.816670384589506,6663,155,Braid Station/22nd Street  Station,WEST,40-ft,PCT
310158,14.594906666509894,28.85089738805606,20.10172724770291,1.9767784780877415,1.3773111200381436,6664,156,Braid Station/Lougheed Station,EAST,40-ft,PCT
310159,15.090942696768243,32.822236503228794,23.494794189789435,2.1749626357177636,1.5568804853271951,6664,156,Braid Station/Lougheed Station,WEST,40-ft,PCT
310160,10.541291416105876,23.981429928206957,17.985588114607495,2.2749992369593444,1.7062034815893234,6665,157,Burquitlam Station/Lougheed Station,EAST,28-ft Shuttle,XNE
310161,11.54410492638742,18.334234150166687,12.480764228257383,1.5881901859934109,1.0811374556834594,6665,157,Burquitlam Station/Lougheed Station,WEST,28-ft Shuttle,XNE
310162,20.430312236698423,38.83017910155506,27.09719418490353,1.9006160381536141,1.3263230571792028,6666,159,Coquitlam Central Station/Braid Station,EAST,40-ft,PCT
310163,9.63284994669386,18.432691227054683,13.303836765023725,1.9135241729142747,1.3810904185826962,6666,159,Coquitlam Central Station/Braid Station,EAST,40-ft,PCT
310164,19.69646733041308,37.24253307652804,26.42212103769996,1.8908229811861894,1.3414649741226377,6666,159,Coquitlam Central Station/Braid Station,EAST,40-ft,PCT
310165,21.86641713043894,40.65184048990452,28.66137167549552,1.8590992867009526,1.310748418660583,6666,159,Coquitlam Central Station/Braid Station,EAST,40-ft,PCT
310166,20.26282277176149,38.0154091285298,27.1514943894113,1.876116154038939,1.3399660400351499,6666,159,Coquitlam Central Station/Braid Station,WEST,40-ft,PCT
310167,16.044164389435426,31.52877231576306,22.2303550888132,1.9651239884156109,1.3855726324676145,6666,159,Coquitlam Central Station/Braid Station,WEST,40-ft,PCT
310168,19.50864231390985,36.42544702918232,25.707539250279805,1.867144132485869,1.3177513245988461,6666,159,Coquitlam Central Station/Braid Station,WEST,40-ft,PCT
310171,26.7931092435832,46.7092204863114,32.7691444503618,1.7433296024610507,1.2230437368223632,6667,160,Port Coquitlam Station/Kootenay Loop,EAST,40-ft,PCT
310172,26.776293669396782,53.51708617119517,38.572470033236186,1.998674156773274,1.4405455254369843,6667,160,Port Coquitlam Station/Kootenay Loop,WEST,40-ft,PCT
310173,11.602258963460642,20.22196337833837,14.37071894918924,1.7429332892865117,1.2386138763535097,6668,169,Coquitlam Central Station/Braid Station,EAST,28-ft Shuttle,XNE
310174,10.864106318806437,17.007210668693766,12.429006315536997,1.565449579525307,1.144043140853806,6668,169,Coquitlam Central Station/Braid Station,WEST,28-ft Shuttle,XNE
310175,4.150882679249207,5.480782065086692,3.1677195653933805,1.320389538467522,0.7631436034627563,30036,170,Port Coquitlam Station/Port Coquitlam South,NORTH,28-ft Shuttle,XNE
310176,3.4275205860924145,10.45640326206001,8.026668341795217,3.0507193171904348,2.341829360373329,30036,170,Port Coquitlam Station/Port Coquitlam South,SOUTH,28-ft Shuttle,XNE
310177,4.254605515392767,12.65922027053404,9.463444155446844,2.9754157523498144,2.2242823973242603,30036,170,Port Coquitlam Station/Port Coquitlam South,SOUTH,28-ft Shuttle,XNE
310178,4.997092332003114,13.357418127607136,9.892614183038711,2.6730380869814216,1.9796740836031737,30036,170,Port Coquitlam Station/Port Coquitlam South,SOUTH,28-ft Shuttle,XNE
310179,6.915100641755011,10.068013363103349,7.374025088561888,1.4559460353057345,1.066365548468779,30037,171,Coquitlam Central Station/Fremont,EAST,28-ft Shuttle,XNE
310180,6.71315821321279,12.068051614434712,9.026849802232883,1.797671264574468,1.3446502399520843,30037,171,Coquitlam Central Station/Fremont,WEST,28-ft Shuttle,XNE
310181,10.71871149826138,18.83774650567681,13.149516288614556,1.7574637127543151,1.2267814364392085,30038,172,Coquitlam Central Station/Riverside,EAST,28-ft Shuttle,XNE
310182,9.155489560725195,16.235745412293678,11.367304268243322,1.7733344901556158,1.241583444866375,30038,172,Coquitlam Central Station/Riverside,EAST,28-ft Shuttle,XNE
310183,10.789694252585749,20.32120675874586,14.470764221271502,1.8833904170987872,1.3411653641439918,30038,172,Coquitlam Central Station/Riverside,WEST,28-ft Shuttle,XNE
310185,7.385729939738787,15.332394723206528,10.857250994454914,2.07594846390346,1.4700308680442904,30039,173,Coquitlam Central Station/Cedar,EAST,28-ft Shuttle,XNE
310186,11.609101580468252,21.795009780707424,15.432617802981335,1.8774071042135136,1.3293550492267174,30039,173,Coquitlam Central Station/Cedar,EAST,28-ft Shuttle,XNE
310187,12.176630170604431,21.326623945572653,15.464057285876658,1.7514389159208592,1.2699783987205586,30039,173,Coquitlam Central Station/Cedar,WEST,28-ft Shuttle,XNE
310188,8.700286709457025,17.863196993794467,12.884044724997906,2.0531733712151756,1.480875878606762,30040,174,Coquitlam Central Station/Rocklin,EAST,28-ft Shuttle,XNE
310189,12.932497332453275,24.379370395445,17.390550372089468,1.8851247186625377,1.3447171049050977,30040,174,Coquitlam Central Station/Rocklin,EAST,28-ft Shuttle,XNE
310191,13.316881982939604,24.45278402844493,17.419911379823944,1.836224429995824,1.3081073634309273,30040,174,Coquitlam Central Station/Rocklin,WEST,28-ft Shuttle,XNE
310193,8.75213010603451,14.989269170339789,10.401349472767384,1.712642406904444,1.1884363402682683,30041,175,Coquitlam Central Station/Meridian,EAST,28-ft Shuttle,XNE
310194,8.76519914276051,14.989269170339789,10.576625129964873,1.7100888326901231,1.2066611331586783,30041,175,Coquitlam Central Station/Meridian,EAST,28-ft Shuttle,XNE
310195,8.208952336411594,14.582054151770386,10.447878850851064,1.7763599487708424,1.2727420531495228,30041,175,Coquitlam Central Station/Meridian,WEST,28-ft Shuttle,XNE
310196,8.222044554864768,14.582054151770386,10.564939337510856,1.7735313953197405,1.284952820069536,30041,175,Coquitlam Central Station/Meridian,WEST,28-ft Shuttle,XNE
310199,9.83637411309198,18.534494194759677,13.092936560429171,1.8842811366935208,1.3310734636457946,30043,180,Moody Centre Station/Lougheed Station,NORTH,28-ft Shuttle,XNE
310200,7.857883790927743,17.011478519518203,11.946896018603692,2.1648931152632556,1.5203706667686896,30043,180,Moody Centre Station/Lougheed Station,SOUTH,28-ft Shuttle,XNE
310201,9.48091948807312,20.772377218190705,14.847900406220734,2.190966524325209,1.5660823219624649,30043,180,Moody Centre Station/Lougheed Station,SOUTH,28-ft Shuttle,XNE
310203,7.420103524108366,13.582835731931244,9.47393795686841,1.8305453135255847,1.27679323153471,30044,181,Moody Centre Station/Ioco,NORTH,28-ft Shuttle,XNE
310204,20.008662903086087,35.07497696800014,25.77141843535766,1.7529895494711076,1.288013025167351,30044,181,Moody Centre Station/Ioco,NORTH,28-ft Shuttle,XNE
310205,7.174732908390912,12.940580893356715,8.980548261990089,1.8036324220825828,1.2516909516572052,30044,181,Moody Centre Station/Ioco,SOUTH,28-ft Shuttle,XNE
310206,14.279875525279856,24.19212477117997,17.300265026938405,1.6941411518855556,1.2115137135692473,30044,181,Moody Centre Station/Ioco,SOUTH,28-ft Shuttle,XNE
310207,20.273093539864245,36.702295133829445,26.749650589951457,1.8103944058492818,1.3194656522129666,30045,182,Moody Centre Station/Belcarra,NORTH,28-ft Shuttle,XNE
310208,18.32198324417245,33.724776124476975,24.54707381750676,1.8406727958996243,1.3397607393465052,30045,182,Moody Centre Station/Belcarra,NORTH,28-ft Shuttle,XNE
310209,20.166468089978625,35.66103456507312,25.961151391338127,1.768333175941416,1.2873424972337655,30045,182,Moody Centre Station/Belcarra,SOUTH,28-ft Shuttle,XNE
310210,18.198164838409145,32.6998680904735,23.93464242382445,1.7968772335470324,1.3152228610056254,30045,182,Moody Centre Station/Belcarra,SOUTH,28-ft Shuttle,XNE
310212,13.318923602105649,25.232248829735152,18.190815116411923,1.8944660682448897,1.3657871806949966,30046,183,Moody Centre Station/Coquitlam Central Station,EAST,40-ft,PCT
310213,13.420198358784862,27.66260162355853,19.998634085790517,2.061266226027918,1.490189157502237,30046,183,Moody Centre Station/Coquitlam Central Station,WEST,40-ft,PCT
310214,6.256615331478246,22.693735816656428,18.008562802982954,3.627158553679949,2.8783234782516325,30047,184,Moody Centre Station/Noons Creek,NORTH,28-ft Shuttle,XNE
310215,5.772693071379377,1.972500455249245,-0.3866966676657119,0.3416950166688697,-0.06698722119541188,30047,184,Moody Centre Station/Noons Creek,SOUTH,28-ft Shuttle,XNE
310216,4.499730104425442,19.549154705697735,15.847787831370498,4.34451717147909,3.521941863976319,30048,185,Coquitlam Central Station/Lansdowne,NORTH,28-ft Shuttle,XNE
310217,4.542135589979526,-0.7726486365465554,-2.340490748760207,-0.17010690703533976,-0.5152842099041691,30048,185,Coquitlam Central Station/Lansdowne,SOUTH,28-ft Shuttle,XNE
310218,6.76562127371385,26.07917943172924,20.96334557101735,3.8546614385663958,3.0985100588567156,30049,186,Coquitlam Central Station/Hampton Park,NORTH,28-ft Shuttle,XNE
310219,6.387988479830141,0.4887279118119558,-1.953898834474172,0.07650732517052868,-0.3058707511204101,30049,186,Coquitlam Central Station/Hampton Park,SOUTH,28-ft Shuttle,XNE
310220,6.513472078192766,30.69638841082992,25.142390051958166,4.712753511848471,3.860059542764509,30050,187,Coquitlam Central Station/Parkway Blvd,NORTH,28-ft Shuttle,XNE
310221,6.576487359090788,-2.1118864469661265,-4.256708873474777,-0.3211268161333619,-0.6472617738085753,30050,187,Coquitlam Central Station/Parkway Blvd,SOUTH,28-ft Shuttle,XNE
310222,12.600613800115118,22.33082026648901,15.748389378417771,1.7722009912156023,1.249811289214649,22638,188,Coquitlam Central Station/Port Coquitlam Station,EAST,40-ft,PCT
310223,12.546662056477624,25.49641943952685,18.09230524292612,2.0321276945818023,1.442001479077487,22638,188,Coquitlam Central Station/Port Coquitlam Station,WEST,40-ft,PCT
310224,4.606803980270837,9.629266333929706,6.996542830173053,2.090227058752258,1.5187411620152593,30051,189,Coquitlam Central Station/Lafarge Park,NORTH,28-ft Shuttle,XNE
310225,4.025262361023308,6.673246290239006,4.302232345157975,1.6578413260353355,1.0688079333204645,30051,189,Coquitlam Central Station/Lafarge Park,SOUTH,28-ft Shuttle,XNE
310226,7.675408795017151,20.41234930962633,15.773345692208206,2.6594478359091385,2.055049589338904,30584,191,Coquitlam Central Station/Princeton,NORTH,40-ft,PCT
310227,7.517852415894525,8.421842128796728,4.925173415328247,1.1202457381300748,0.6551303674058913,30584,191,Coquitlam Central Station/Princeton,SOUTH,40-ft,PCT
310228,18.45118810064763,51.86733001543854,35.99293883633983,2.811056379270125,1.9507111758877191,16717,209,Upper Lynn Valley/Burrard Station,EAST,40-ft,BTC
310229,17.9631332345138,35.21246810738363,21.48178730700719,1.9602631482868198,1.1958819781914636,16717,209,Upper Lynn Valley/Burrard Station,WEST,40-ft,BTC
310231,7.877995500521492,8.707110391840395,3.809283495663074,1.1052443976724813,0.48353461174367446,16717,209,Upper Lynn Valley/Burrard Station,WEST,40-ft,BTC
310232,10.526806436687524,27.32324486578723,17.958052481742993,2.5955872780714917,1.705935469579496,16717,209,Upper Lynn Valley/Burrard Station,WEST,40-ft,BTC
310233,17.893376216991783,35.076080607204005,21.049275297282914,1.9602829662685628,1.1763724767209807,16717,209,Upper Lynn Valley/Burrard Station,WEST,40-ft,BTC
310234,18.515903919231157,50.31586537308908,35.86304705564784,2.717440401104564,1.9368780056370587,6672,210,Upper Lynn Valley/Burrard Station,NORTH,40-ft,BTC
310235,8.03744191850518,27.73312283409576,21.271124256339885,3.450491227842505,2.6465042574510984,6672,210,Upper Lynn Valley/Burrard Station,NORTH,40-ft,BTC
310236,5.45405880841495,15.485362264168476,10.697368299668955,2.839236394055092,1.9613591777126085,6672,210,Upper Lynn Valley/Burrard Station,NORTH,40-ft,BTC
310237,10.45199330197683,22.64388266535412,14.741962719238844,2.1664654780319643,1.4104450982044385,6672,210,Upper Lynn Valley/Burrard Station,NORTH,40-ft,BTC
310238,3.630171314127321,10.612635300216253,7.944467275139295,2.9234530224278106,2.1884551961011556,6672,210,Upper Lynn Valley/Burrard Station,NORTH,40-ft,BTC
310240,17.957189814160223,33.439099368038065,20.556499223265888,1.8621565909867206,1.1447503443470852,6672,210,Upper Lynn Valley/Burrard Station,SOUTH,40-ft,BTC
310241,7.908581106461463,8.662392265264707,4.081806137150549,1.0953156006944615,0.516123699334086,6672,210,Upper Lynn Valley/Burrard Station,SOUTH,40-ft,BTC
310242,10.55502155181121,25.709438647125435,16.883678231557404,2.4357542541174415,1.5995872816252295,6672,210,Upper Lynn Valley/Burrard Station,SOUTH,40-ft,BTC
310243,5.064458272357099,4.479187001358937,3.0159571539397847,0.884435562596557,0.595514266629765,6672,210,Upper Lynn Valley/Burrard Station,SOUTH,40-ft,BTC
310245,19.852784555746105,44.28640113318453,29.438361825161877,2.230740025855288,1.4828328863641127,6673,211,Seymour/Phibbs Exchange/Burrard Station,EAST,40-ft,BTC
310246,20.68200483421512,46.205301224668965,30.663631921182123,2.2340823143136284,1.4826237672304365,6673,211,Seymour/Phibbs Exchange/Burrard Station,EAST,40-ft,BTC
310247,10.36041048610388,23.53540974489989,16.261513323227746,2.271667688888124,1.5695819528616983,6673,211,Seymour/Phibbs Exchange/Burrard Station,EAST,40-ft,BTC
310248,6.975474386329108,13.156303456485222,8.480699112130335,1.8860801040671324,1.215788151806742,6673,211,Seymour/Phibbs Exchange/Burrard Station,EAST,40-ft,BTC
310249,9.484389620467548,21.96753408870266,15.008345851082456,2.316177947951039,1.5824261182495154,6673,211,Seymour/Phibbs Exchange/Burrard Station,EAST,40-ft,BTC
310250,12.01572778107714,28.369994969757087,19.97527041929849,2.361071712562872,1.662427010934482,6673,211,Seymour/Phibbs Exchange/Burrard Station,EAST,40-ft,BTC
310251,10.813427284378877,24.09977354120543,16.538438281490286,2.2286896566105425,1.529435381267305,6673,211,Seymour/Phibbs Exchange/Burrard Station,WEST,40-ft,BTC
310252,10.820081706164562,23.966009366586377,15.800675693972172,2.214956413215636,1.460310201259386,6673,211,Seymour/Phibbs Exchange/Burrard Station,WEST,40-ft,BTC
310253,10.80765340678886,24.09977354120543,15.960905850942677,2.229880311119811,1.4768151096441329,6673,211,Seymour/Phibbs Exchange/Burrard Station,WEST,40-ft,BTC
310254,20.92736194954173,48.77650489644552,33.01917237088693,2.3307526774779963,1.5777990771364274,6673,211,Seymour/Phibbs Exchange/Burrard Station,WEST,40-ft,BTC
310255,7.726496898110971,14.898885870151574,9.281316452521327,1.9282847151332136,1.2012321463288866,6673,211,Seymour/Phibbs Exchange/Burrard Station,WEST,40-ft,BTC
310256,8.900253847060657,18.15667157263794,12.760999017209487,2.040017271938176,1.433779219839202,6674,212,Deep Cove/Phibbs Exchange,EAST,40-ft,BTC
310257,8.607371461784224,17.671711521289843,12.592873578190598,2.053090377213332,1.4630335909286085,6674,212,Deep Cove/Phibbs Exchange,EAST,40-ft,BTC
310258,8.493951177754441,16.042361574012673,10.861247125532874,1.8886806903278925,1.2787037384884379,6674,212,Deep Cove/Phibbs Exchange,WEST,40-ft,BTC
310259,8.884360652311049,16.486129770091225,11.348461894002446,1.855634908945616,1.2773526805274864,6674,212,Deep Cove/Phibbs Exchange,WEST,40-ft,BTC
310260,8.919950567058441,16.486129770091225,11.258608899782516,1.8482310687880756,1.2621828804030357,6674,212,Deep Cove/Phibbs Exchange,WEST,40-ft,BTC
310261,17.73596667570115,45.777517133108496,32.577458982854665,2.5810556577006416,1.8368019955454045,6675,214,Blueridge/Phibbs Exchange/Burrard Station,EAST,28-ft Shuttle,XWV
310262,7.432669062010993,23.782114307302237,17.984320322447285,3.1996735101330764,2.4196315176154797,6675,214,Blueridge/Phibbs Exchange/Burrard Station,EAST,28-ft Shuttle,XWV
310263,7.456406679037353,23.782114307302237,17.942381907144245,3.189487286706388,2.4063040925043357,6675,214,Blueridge/Phibbs Exchange/Burrard Station,EAST,28-ft Shuttle,XWV
310265,17.007283713644767,32.18613569314228,19.715626818389296,1.8924912546334298,1.1592460707039098,6675,214,Blueridge/Phibbs Exchange/Burrard Station,WEST,28-ft Shuttle,XWV
310266,5.239626738987656,3.8712860612501503,1.073233360356745,0.7388476802067236,0.20483011745300458,6675,214,Blueridge/Phibbs Exchange/Burrard Station,WEST,28-ft Shuttle,XWV
310267,5.272864953943055,3.8712860612501503,1.0270946821845466,0.7341902542668379,0.19478873272043196,6675,214,Blueridge/Phibbs Exchange/Burrard Station,WEST,28-ft Shuttle,XWV
310268,6.843997406670739,21.2518392143354,16.025954817004447,3.105179320147252,2.341607377200961,6780,215,Indian River/Phibbs Exchange,EAST,28-ft Shuttle,XWV
310269,6.558748120864333,8.425753085941615,4.678048405853777,1.2846587383250878,0.7132532488894067,6780,215,Indian River/Phibbs Exchange,WEST,28-ft Shuttle,XWV
310270,6.552307702768951,8.680891820374141,4.954220875478339,1.3248602193553376,0.7561032082459629,6780,215,Indian River/Phibbs Exchange,WEST,28-ft Shuttle,XWV
310271,11.79578259359667,17.853923049158155,13.153287253143125,1.5135852926663926,1.115083899586567,39305,222,Metrotown Station/Phibbs Exchange,NORTH,40-ft,BTC
310272,11.41973490266151,31.36771593416567,23.109127166117705,2.7467989582538417,2.0236132767610777,39305,222,Metrotown Station/Phibbs Exchange,SOUTH,40-ft,BTC
310275,8.238853171586983,25.485459820031814,18.763399280783283,3.0933261328072383,2.277428531617956,22639,227,Lynn Valley/Phibbs Exchange,NORTH,28-ft Shuttle,XWV
310277,6.920979735706754,8.875274789216261,4.4598354144987615,1.2823726015880235,0.6443936530386812,22639,227,Lynn Valley/Phibbs Exchange,SOUTH,28-ft Shuttle,XWV
310279,5.616494292046093,21.193990822080853,15.720157150610923,3.7735266377988013,2.798926934346453,6676,228,Lynn Valley/Lonsdale Quay,NORTH,40-ft,BTC
310280,8.188152889257678,31.38503684144671,23.2222690354165,3.8329812921082396,2.8360815130702557,6676,228,Lynn Valley/Lonsdale Quay,NORTH,40-ft,BTC
310281,4.242764353253617,14.130861852369131,10.378942256875794,3.3305789989332553,2.4462688456681723,6676,228,Lynn Valley/Lonsdale Quay,NORTH,40-ft,BTC
310282,4.165359613464763,4.420188706531148,2.917769147505429,1.0611781734865424,0.7004843322707537,6676,228,Lynn Valley/Lonsdale Quay,SOUTH,40-ft,BTC
310283,4.632823399130071,8.451244730635976,4.635623460980903,1.82421042257361,1.0006043964143674,6676,228,Lynn Valley/Lonsdale Quay,SOUTH,40-ft,BTC
310284,8.261505700349046,12.04154806925468,5.5564559466178025,1.457548842306788,0.672571822637978,6676,228,Lynn Valley/Lonsdale Quay,SOUTH,40-ft,BTC
310285,4.65687873094973,8.52133466277473,5.107648703709151,1.8298382146268342,1.0967965881876185,6676,228,Lynn Valley/Lonsdale Quay,SOUTH,40-ft,BTC
310286,5.735941568184522,24.39012469064273,16.965214135827704,4.252157104585434,2.9577034448761563,6677,229,Lynn Valley/Lonsdale Quay,EAST,40-ft,BTC
310287,6.542481998472449,12.15171100552336,5.749503376971131,1.857354901146165,0.8787954446513625,6677,229,Lynn Valley/Lonsdale Quay,WEST,40-ft,BTC
310288,7.403415141701884,32.39366146695993,24.33062682114797,4.37550250079767,3.2864058485790775,6678,230,Upper Lonsdale/Lonsdale Quay,NORTH,40-ft,BTC
310289,5.63550674249819,21.981577054253528,16.108453301502074,3.9005502182238914,2.85838595135125,6678,230,Upper Lonsdale/Lonsdale Quay,NORTH,40-ft,BTC
310290,7.360993052305668,32.39366146695993,23.90210919017213,4.400718929739151,3.247131062389106,6678,230,Upper Lonsdale/Lonsdale Quay,NORTH,40-ft,BTC
310291,3.883281287231628,23.375243219510853,17.356447510115224,6.019456611698337,4.469531364411809,6678,230,Upper Lonsdale/Lonsdale Quay,NORTH,40-ft,BTC
310292,4.300040680597924,2.403252943313427,-1.4801462874342357,0.5588907458845838,-0.34421681034618035,6678,230,Upper Lonsdale/Lonsdale Quay,SOUTH,40-ft,BTC
310293,7.863143141734381,11.796011649146951,5.232248315249812,1.500164938692073,0.6654143541504614,6678,230,Upper Lonsdale/Lonsdale Quay,SOUTH,40-ft,BTC
310294,2.5099158482188493,6.542385715347968,4.154789698050922,2.6066155644185214,1.6553501986926575,18213,231,Harbourside/Lonsdale Quay,EAST,40-ft,BTC
310295,2.400489681469153,6.43844433645221,4.351011038891572,2.682137893011787,1.8125514441822792,18213,231,Harbourside/Lonsdale Quay,WEST,40-ft,BTC
310296,13.15476693138318,19.659964966721013,9.79525671399609,1.4945126028663005,0.7446165154494419,6679,232,Grouse Mountain/Phibbs Exchange,EAST,40-ft,BTC
310297,13.137696566443587,19.80987406458757,9.93820752284707,1.5078650937323455,0.75646499160525,6679,232,Grouse Mountain/Phibbs Exchange,EAST,40-ft,BTC
310298,12.233143627068532,24.59086840434665,14.18887361212636,2.0101839031738273,1.15987141528612,6679,232,Grouse Mountain/Phibbs Exchange,EAST,40-ft,BTC
310299,10.988023313864163,21.744190918537548,12.707583140480615,1.9788992339597393,1.1564940096592982,6679,232,Grouse Mountain/Phibbs Exchange,EAST,40-ft,BTC
310300,9.98237485313792,23.44237247029848,13.878376120262574,2.348376294738067,1.390288015070879,6679,232,Grouse Mountain/Phibbs Exchange,EAST,40-ft,BTC
310301,13.075539740011529,48.29184835634246,34.92196249956513,3.6932967446512373,2.6707855426191642,6679,232,Grouse Mountain/Phibbs Exchange,WEST,40-ft,BTC
310302,9.90029076846217,31.36475913837842,21.58207725072028,3.168064440924533,2.1799437769515793,6679,232,Grouse Mountain/Phibbs Exchange,WEST,40-ft,BTC
310303,9.29552155065045,37.28199896832928,28.367861244238146,4.010748484114965,3.0517772552797875,6680,236,Grouse Mountain/Lonsdale Quay,NORTH,40-ft,BTC
310304,4.32147679705186,13.496707156589071,9.553978327179042,3.123170108375131,2.210813288109479,6680,236,Grouse Mountain/Lonsdale Quay,NORTH,40-ft,BTC
310305,7.480680082208219,31.802164561080545,25.0271799956437,4.2512397551551055,3.3455754985656245,6680,236,Grouse Mountain/Lonsdale Quay,NORTH,40-ft,BTC
310306,9.864784182616033,8.555662680736361,3.105150007822746,0.86729344731265,0.3147712053645044,6680,236,Grouse Mountain/Lonsdale Quay,SOUTH,40-ft,BTC
310307,4.3887646523642285,9.052603993920725,5.604712544780565,2.0626770198406708,1.2770592612573346,6680,236,Grouse Mountain/Lonsdale Quay,SOUTH,40-ft,BTC
310308,14.835070437444156,39.47246263541668,27.535854718597108,2.6607533008934707,1.8561323880940799,6682,240,Lynn Valley/Downtown,EAST,40-ft,BTC
310310,14.103626229787174,37.87747780227444,26.49202152166422,2.685655248171308,1.878383692962061,6682,240,Lynn Valley/Downtown,EAST,40-ft,BTC
310311,2.278081244605346,7.071788920800681,4.678945121785217,3.1042742384834456,2.053897389684974,6682,240,Lynn Valley/Downtown,EAST,40-ft,BTC
310312,15.345918985030542,28.68898140831984,17.509657787018906,1.8694860461797715,1.1409976687677696,6682,240,Lynn Valley/Downtown,WEST,40-ft,BTC
310313,14.530178776645023,26.98474159852012,16.270802245750865,1.8571513821904138,1.1197936719060622,6682,240,Lynn Valley/Downtown,WEST,40-ft,BTC
310314,14.309789064109816,26.53928351496322,16.61199994016532,1.8546243690989148,1.1608836346742277,6682,240,Lynn Valley/Downtown,WEST,40-ft,BTC
310315,15.03586327051518,28.2331718384989,17.718146246932992,1.877722039004119,1.1783923495551918,6682,240,Lynn Valley/Downtown,WEST,40-ft,BTC
310317,2.1668505176307207,13.022903487438258,9.787245701938645,6.010060860902288,4.516807053511113,6683,241,Upper Lonsdale/Downtown,NORTH,40-ft,BTC
310318,14.027625959591228,41.784936470582245,29.9036735642907,2.978760382615725,2.1317700978364345,6683,241,Upper Lonsdale/Downtown,NORTH,40-ft,BTC
310319,14.629866637364623,25.651313170096945,15.065028869586476,1.7533524949970214,1.0297447846250662,6683,241,Upper Lonsdale/Downtown,SOUTH,40-ft,BTC
310320,14.321602421441192,25.15835325538523,14.35386843628068,1.7566716708823096,1.0022529612183049,6683,241,Upper Lonsdale/Downtown,SOUTH,40-ft,BTC
310321,3.996029718646428,14.019439447541624,10.394367481550717,3.5083421382287456,2.6011737182654366,39307,245,Phibbs/Capilano,EAST,40-ft,BTC
310322,3.879643540799209,4.233395799021503,3.1387468660595235,1.0911816393702554,0.8090297041601249,39307,245,Phibbs/Capilano,WEST,40-ft,BTC
310323,13.001197932730076,38.399683165849424,28.443608536603165,2.9535496163149335,2.187768287489674,6685,246,Highland/Downtown,NORTH,40-ft,BTC
310324,6.202658310694268,26.32839168540098,20.44541529899581,4.244694833505028,3.2962343361305257,6685,246,Highland/Downtown,NORTH,40-ft,BTC
310325,13.637103083907991,19.075206196254825,10.599785683669008,1.3987726043344122,0.7772754681437388,6685,246,Highland/Downtown,SOUTH,40-ft,BTC
310326,13.371986560150662,18.57122802039308,10.40360998561995,1.388815935228089,0.7780152888145538,6685,246,Highland/Downtown,SOUTH,40-ft,BTC
310327,6.321571612150608,4.299680869301206,0.255140766093656,0.6801601141457999,0.040360337863333436,6685,246,Highland/Downtown,SOUTH,40-ft,BTC
310328,6.181427986071877,3.709762143350529,0.0219534293336337,0.6001464631974105,0.0035515142104865782,6685,246,Highland/Downtown,SOUTH,40-ft,BTC
310329,6.210830152740667,4.047549615526265,0.2385976682824168,0.6516922079635672,0.038416389180620285,6685,246,Highland/Downtown,SOUTH,40-ft,BTC
310330,16.119855560681472,47.95305663082094,36.12332211353269,2.974782028927417,2.2409209547536144,6686,247,Grouse Mountain/Downtown,NORTH,40-ft,BTC
310331,16.537339535493622,21.72057846026846,12.42624506481266,1.3134264077755795,0.7514053296264833,6686,247,Grouse Mountain/Downtown,SOUTH,40-ft,BTC
310332,16.268712573742615,21.219406528066383,12.31261573909167,1.3043076661342023,0.756827910216079,6686,247,Grouse Mountain/Downtown,SOUTH,40-ft,BTC
310333,5.72836787189198,28.457129059736367,21.020087181053324,4.967755161006703,3.6694722914348645,36799,249,Lonsdale Quay/Delbrook,NORTH,40-ft,BTC
310335,5.649428521987637,3.9598362295891336,-0.3955676905329279,0.7009268661737038,-0.07001906281199491,36799,249,Lonsdale Quay/Delbrook,SOUTH,40-ft,BTC
310340,3.443130237518311,8.930844180038505,5.558057422131678,2.5938153842462692,1.6142454797579,6687,250,Horseshoe Bay/Dundarave/Vancouver,EAST,40-ft,XWV
310341,12.836883690481292,28.276813364664164,18.721448444049365,2.2027786530177704,1.4584106933937206,6687,250,Horseshoe Bay/Dundarave/Vancouver,EAST,40-ft,XWV
310342,23.60120757055897,50.14791025473471,34.23291301769257,2.124802729047267,1.450472943613105,6687,250,Horseshoe Bay/Dundarave/Vancouver,EAST,40-ft,XWV
310343,10.4265392031764,23.677793858390384,15.707114233906658,2.2709159191745085,1.5064552031916356,6687,250,Horseshoe Bay/Dundarave/Vancouver,EAST,40-ft,XWV
310344,12.839606016232535,28.276813364664164,19.09028742245551,2.2023116074523674,1.486828131511241,6687,250,Horseshoe Bay/Dundarave/Vancouver,EAST,40-ft,XWV
310345,10.390397247378983,17.88538481481911,10.818872259157278,1.7213379227950851,1.0412375967517873,6687,250,Horseshoe Bay/Dundarave/Vancouver,EAST,40-ft,XWV
310346,8.561349891982555,19.041328359976006,12.742222838750974,2.2241035117379835,1.4883427262660622,6687,250,Horseshoe Bay/Dundarave/Vancouver,EAST,40-ft,XWV
310347,1.7447829219286082,0.607510449525314,-0.2638576504348855,0.34818683854023397,-0.15122663519839397,6687,250,Horseshoe Bay/Dundarave/Vancouver,WEST,40-ft,XWV
310348,23.58802428150801,47.92995986766156,33.10080958253476,2.03196161304771,1.4032887700766172,6687,250,Horseshoe Bay/Dundarave/Vancouver,WEST,40-ft,XWV
310349,16.35855004218483,35.65917559199597,23.9756876767586,2.1798494059705407,1.465636478473396,6687,250,Horseshoe Bay/Dundarave/Vancouver,WEST,40-ft,XWV
310350,11.128833340561126,23.68963633983981,15.97347091032406,2.128672037301383,1.4353230407454969,6687,250,Horseshoe Bay/Dundarave/Vancouver,WEST,40-ft,XWV
310351,13.380836993958662,29.114288722515507,19.56224357937241,2.175819699145903,1.4619596358736455,6687,250,Horseshoe Bay/Dundarave/Vancouver,WEST,40-ft,XWV
310352,3.907376073394639,11.35753265669898,7.293627918069106,2.906690434543153,1.866630644470464,6687,250,Horseshoe Bay/Dundarave/Vancouver,WEST,40-ft,XWV
310353,6.145043447758621,16.78097993685347,11.205733537678308,2.730815506760048,1.8235401641896531,6687,250,Horseshoe Bay/Dundarave/Vancouver,WEST,40-ft,XWV
310354,7.3419098241555645,12.826557897157032,8.571233840173374,1.747032884407878,1.1674392692720386,6687,250,Horseshoe Bay/Dundarave/Vancouver,WEST,40-ft,XWV
310355,4.962009720206068,11.850080177384148,8.464811954752209,2.388161419581424,1.705924097706256,6687,250,Horseshoe Bay/Dundarave/Vancouver,WEST,40-ft,XWV
310356,9.08950187053693,21.18205900115348,14.363726142466772,2.330387220647794,1.5802544899656077,6688,251,Queens/Park Royal,EAST,28-ft Shuttle,XWV
310357,10.452419346876743,27.991004672004877,19.305457072833956,2.677945052058095,1.8469845527774928,6688,251,Queens/Park Royal,WEST,28-ft Shuttle,XWV
310358,6.447201907713455,14.936349822977084,9.995204139477234,2.316718172748271,1.5503165997514265,6689,252,Inglewood/Park Royal,EAST,28-ft Shuttle,XWV
310360,7.037977943811466,19.13697516813524,13.100069402721097,2.7191013272444953,1.8613399341838037,6689,252,Inglewood/Park Royal,WEST,28-ft Shuttle,XWV
310362,17.400712303535563,31.948441731881424,19.867552412664207,1.8360421788819519,1.1417666165670366,6690,253,Caulfeild/Vancouver/Park Royal,EAST,40-ft,XWV
310363,10.465212302885831,16.954739099136923,9.571715949762549,1.620104648470588,0.9146222429833654,6690,253,Caulfeild/Vancouver/Park Royal,EAST,40-ft,XWV
310364,17.441554595977948,46.76040829219012,33.53309130532664,2.6809770903663113,1.9225976171332475,6690,253,Caulfeild/Vancouver/Park Royal,WEST,40-ft,XWV
310365,10.22621465157577,34.40817359333765,24.70298841069216,3.364702851023732,2.4156532257892365,6690,253,Caulfeild/Vancouver/Park Royal,WEST,40-ft,XWV
310366,20.026724030539405,53.53787179522852,39.348620559954256,2.673321493499729,1.9648056516857304,6691,254,British Properties/Park Royal/Van,NORTH,40-ft,XWV
310367,12.16650450517868,39.65673908616439,29.89601566163908,3.2595014508303906,2.457239517637446,6691,254,British Properties/Park Royal/Van,NORTH,40-ft,XWV
310368,4.659381896704233,20.88116449302673,16.751329588961326,4.481531017622061,3.5951827861137997,6691,254,British Properties/Park Royal/Van,NORTH,40-ft,XWV
310369,12.536937418690536,34.87448605158527,26.252200007366483,2.781738863878596,2.093988278846213,6691,254,British Properties/Park Royal/Van,NORTH,40-ft,XWV
310370,8.138273974173138,18.41443785663332,12.758288222032853,2.2626957405306887,1.5676896922518653,6691,254,British Properties/Park Royal/Van,NORTH,40-ft,XWV
310372,4.728913659667481,0.3361584937372094,-2.180935488920972,0.07108577528159962,-0.4611916490508154,6691,254,British Properties/Park Royal/Van,SOUTH,40-ft,XWV
310374,21.471172189076103,35.46386845841804,22.75044576467177,1.6516968960111553,1.0595809844162363,6691,254,British Properties/Park Royal/Van,SOUTH,40-ft,XWV
310375,12.396514170611706,17.076274150694633,9.788241197910525,1.3775061211301793,0.7895962577218208,6691,254,British Properties/Park Royal/Van,SOUTH,40-ft,XWV
310376,14.642198618335186,19.882094181287453,12.120816350989474,1.3578626201935813,0.8278002960437649,6691,254,British Properties/Park Royal/Van,SOUTH,40-ft,XWV
310377,15.435311030960715,42.76819481470921,28.215060247011756,2.770802268183854,1.8279554063029213,6692,255,Dundarave/Capilano University,EAST,40-ft,XWV
310378,12.109878965039483,34.37530151537888,23.831614376489195,2.8386164399015366,1.9679481888538837,6692,255,Dundarave/Capilano University,EAST,40-ft,XWV
310379,15.8659027633698,37.82891201676254,24.202963406411783,2.3842899191402807,1.5254702973656227,6692,255,Dundarave/Capilano University,WEST,40-ft,XWV
310380,11.03723134287959,23.487163301917235,15.257448628326122,2.127994111228757,1.3823619487842942,6692,255,Dundarave/Capilano University,WEST,40-ft,XWV
310381,12.028479115099149,26.785592211063182,16.940905184123128,2.2268477963635216,1.4083996008154924,6692,255,Dundarave/Capilano University,WEST,40-ft,XWV
310382,4.590262766344813,8.727255001728418,6.094711876003745,1.9012539033092994,1.3277479277851696,10232,256,Whitby Estate/Park Royal/Spuraway,NORTH,28-ft Shuttle,XWV
310383,7.196458103116409,30.93550391868315,24.013523128760603,4.298712432618291,3.3368530441887243,10232,256,Whitby Estate/Park Royal/Spuraway,NORTH,28-ft Shuttle,XWV
310385,11.702087781501527,39.13128627512807,29.948093486832736,3.3439576771066597,2.5592094373257224,10232,256,Whitby Estate/Park Royal/Spuraway,NORTH,28-ft Shuttle,XWV
310387,6.127599366352024,0.4235032211361152,-3.0492613186680235,0.06911405198284717,-0.49762739636866243,10232,256,Whitby Estate/Park Royal/Spuraway,SOUTH,28-ft Shuttle,XWV
310388,21.732394892563,36.42375329430956,27.25426681988316,1.6760119386001984,1.254084833016254,6693,257,Horseshoe Bay/Vancouver Express,EAST,60-ft,BTC
310389,22.22672804765137,35.23393423083797,26.28275912075557,1.5852056206968812,1.1824843973619765,6693,257,Horseshoe Bay/Vancouver Express,WEST,60-ft,BTC
310390,19.749087510788613,21.88376765309001,15.863906509811205,1.1080900644718525,0.8032728854507837,6779,262,Lions Bay/Caulfeild,NORTH,28-ft Shuttle,XWV
310391,5.306377432575403,-0.1178454805283608,-1.2464127830649685,-0.022208273351404923,-0.23488958312941435,6779,262,Lions Bay/Caulfeild,NORTH,28-ft Shuttle,XWV
310392,5.1579852088661164,17.307452730444613,14.167592205863064,3.355467693217624,2.7467299017279534,6779,262,Lions Bay/Caulfeild,SOUTH,28-ft Shuttle,XWV
310393,19.42918817748845,36.80080663753501,28.856818097624345,1.8940990380737637,1.4852302542964293,6779,262,Lions Bay/Caulfeild,SOUTH,28-ft Shuttle,XWV
310394,15.560655721006476,25.027256551520694,18.11514078422258,1.6083677320702208,1.1641630731388533,6777,280,Bluewater/Snug Cove,EAST,,
310395,14.76863752462469,23.22943408112134,16.94891598160125,1.5728894451088955,1.1476289504256056,6777,280,Bluewater/Snug Cove,EAST,,
310396,9.39811236091674,17.76445172613627,13.344193635922997,1.8902148691062717,1.4198801975827129,6777,280,Bluewater/Snug Cove,WEST,,
310397,8.581720492118025,16.052439307743413,12.013797460161404,1.8705385851807863,1.399928775493866,6777,280,Bluewater/Snug Cove,WEST,,
310398,4.617383046140031,10.234943058466513,7.631511051353323,2.216611218127672,1.6527784190945556,6778,281,Eagle Cliff/Snug Cove,NORTH,,
310400,7.40382356927127,10.767319558078915,7.131316888608267,1.4542917530838326,0.963193790598413,6778,281,Eagle Cliff/Snug Cove,SOUTH,,
310402,4.051344674257384,8.216394744763729,6.266863418062881,2.0280660880254042,1.546860097558005,34544,282,Mt Gardner/Snug Cove,NORTH,,
310403,6.3261699526391215,9.289521932787917,6.655043160604526,1.468427500736454,1.0519861480844672,34544,282,Mt Gardner/Snug Cove,SOUTH,,
310404,29.562558964204207,51.532213412444094,37.87243705174758,1.743158076228848,1.2810946812014947,6698,301,Newton Exchange/Brighouse Station,EAST,44-ft Double Deck,RTC
310405,29.30096128296553,45.16307386288201,31.9623862883618,1.5413512692205804,1.0908306379334907,6698,301,Newton Exchange/Brighouse Station,WEST,44-ft Double Deck,RTC
310406,21.00608700570657,43.431777487175616,31.367885622223028,2.067580576781236,1.4932760020322464,6822,310,Scottsdale/Ladner,EAST,40-ft,STC
310407,22.88817853961457,46.061944706740015,33.76350424050055,2.012477516592969,1.4751503350108486,6822,310,Scottsdale/Ladner,EAST,40-ft,STC
310408,21.028592783801905,40.83597003397081,30.267285843318977,1.9419259507191708,1.4393395770464268,6822,310,Scottsdale/Ladner,EAST,40-ft,STC
310409,21.452789636272986,35.29830171384601,24.479054950215108,1.6453944830635283,1.1410662839309824,6822,310,Scottsdale/Ladner,WEST,40-ft,STC
310410,23.285712244710304,37.73331437017046,26.28046386255799,1.6204492254147023,1.1286089764562812,6822,310,Scottsdale/Ladner,WEST,40-ft,STC
310411,29.3785838536532,37.29637143375884,27.760319041955636,1.2695088238271592,0.9449168544079999,6699,311,Scottsdale/Bridgeport Station,NORTH,44-ft Double Deck,RTC
310412,29.443283746750872,46.9096990631705,36.670812631032646,1.5932223955266906,1.245472921649894,6699,311,Scottsdale/Bridgeport Station,SOUTH,44-ft Double Deck,RTC
310413,12.057694889237505,23.179916773450504,15.08206205921052,1.9224169284744888,1.2508246557700273,6700,312,Scottsdale/Scott Road Station,NORTH,40-ft,STC
310414,12.033566449475346,22.910213189572424,14.293886752865568,1.903858950358918,1.1878346135271285,6700,312,Scottsdale/Scott Road Station,NORTH,40-ft,STC
310415,8.47437184130683,18.96442661451941,12.631423108040948,2.237856323707754,1.490543882730199,6700,312,Scottsdale/Scott Road Station,SOUTH,40-ft,STC
310416,12.26156058122428,30.705445937460283,21.7916534459806,2.5042037458493263,1.7772332731731908,6700,312,Scottsdale/Scott Road Station,SOUTH,40-ft,STC
310417,12.299560364756884,30.705445937460283,21.858657677916963,2.4964669489686444,1.7771901620606443,6700,312,Scottsdale/Scott Road Station,SOUTH,40-ft,STC
310418,4.791581657779603,11.74886975324184,7.585239319785021,2.451981536027127,1.5830345513301731,6701,314,Surrey Central/Sunbury,EAST,40-ft,STC
310419,5.109862979132721,12.756355434283709,8.49586114362807,2.4964182966113113,1.6626397181926085,6701,314,Surrey Central/Sunbury,EAST,40-ft,STC
310420,12.221194089366849,32.55502199127182,22.25630489214368,2.663816788540867,1.8211235931117373,6701,314,Surrey Central/Sunbury,EAST,40-ft,STC
310421,5.286917745150388,12.894298412216717,8.279729877817378,2.4389065678285737,1.566078815092641,6701,314,Surrey Central/Sunbury,EAST,40-ft,STC
310422,12.006960327263164,32.456072531091536,22.58054600112025,2.703104836400296,1.8806213550858966,6701,314,Surrey Central/Sunbury,EAST,40-ft,STC
310423,3.640508674141811,7.112047757265727,4.386165882929489,1.953586268804118,1.2048222585167865,6701,314,Surrey Central/Sunbury,EAST,40-ft,STC
310424,6.975591229462801,17.329061232926662,11.594559631113906,2.4842426488143277,1.66216156447671,6701,314,Surrey Central/Sunbury,WEST,40-ft,STC
310425,12.750122915072527,27.22284147523613,17.427771591876763,2.1351042383328487,1.3668708692427243,6701,314,Surrey Central/Sunbury,WEST,40-ft,STC
310426,4.925038710852557,12.886942766500525,9.040964089765426,2.6166175583764515,1.8357143203449815,6701,314,Surrey Central/Sunbury,WEST,40-ft,STC
310427,11.7859531222437,27.43578637056125,18.281540942803232,2.3278377307289237,1.5511296161784633,6702,316,Surrey Central Station/Scottsdale,NORTH,40-ft,STC
310428,12.225492594866164,28.690191088046824,19.348985886416543,2.3467513366369106,1.5826753593995662,6702,316,Surrey Central Station/Scottsdale,NORTH,40-ft,STC
310429,11.676082442767196,27.85659338847811,18.171372091254344,2.3857825195242612,1.5562901495707309,6702,316,Surrey Central Station/Scottsdale,SOUTH,40-ft,STC
310430,6.966938341663728,16.59305519452201,10.69920237631001,2.381685380404778,1.535710788816168,6702,316,Surrey Central Station/Scottsdale,SOUTH,40-ft,STC
310431,12.406253191691164,26.046984775030072,16.59917724264294,2.0995045298990442,1.3379686022980655,6703,319,Scott Station/Newton Exchange/Scottsdale,NORTH,40-ft,STC
310432,12.464463909797304,26.31694826375162,16.939620682175967,2.111358214376633,1.359033232777954,6703,319,Scott Station/Newton Exchange/Scottsdale,NORTH,40-ft,STC
310433,11.90871035491467,25.32821011882253,15.868390338400689,2.126864233318908,1.3325028374589594,6703,319,Scott Station/Newton Exchange/Scottsdale,NORTH,40-ft,STC
310434,11.945220965253132,25.058634899929825,15.81346572838808,2.0977958442812956,1.3238319972805104,6703,319,Scott Station/Newton Exchange/Scottsdale,NORTH,40-ft,STC
310435,12.314286525634657,32.4425721746132,22.66249097685338,2.6345474508066284,1.8403413733858525,6703,319,Scott Station/Newton Exchange/Scottsdale,SOUTH,40-ft,STC
310436,24.73872925754769,53.15923345639762,35.016081113306115,2.148826356559076,1.4154357222136964,6704,320,Langley/Fleetwood/Surrey Central Station,EAST,40-ft,STC
310437,8.10743140876769,21.657360122953605,14.516526606876978,2.67129736053425,1.79052105099258,6704,320,Langley/Fleetwood/Surrey Central Station,EAST,40-ft,STC
310438,24.808661628611823,61.045082160517126,41.99500358020385,2.4606358486551265,1.6927557080213882,6704,320,Langley/Fleetwood/Surrey Central Station,WEST,40-ft,STC
310439,24.46575395648048,60.123229834417984,42.08914248256701,2.457444391101324,1.720328854669057,6704,320,Langley/Fleetwood/Surrey Central Station,WEST,40-ft,STC
310440,7.805820138283671,19.868233459080905,12.788503373396724,2.545310179725649,1.6383292398290688,6704,320,Langley/Fleetwood/Surrey Central Station,WEST,40-ft,STC
310441,7.40047705533029,18.77844853931621,12.289218015558898,2.5374645984194744,1.660598083566441,6704,320,Langley/Fleetwood/Surrey Central Station,WEST,40-ft,STC
310442,31.631332411024168,64.62289354711248,42.66229767388548,2.0430025743901346,1.3487353969008526,6705,321,White Rock/Newton/Surrey Central Station,NORTH,40-ft,STC
310443,7.296326734855056,19.22657926823805,12.923267598121797,2.6351039320088776,1.771201875648805,6705,321,White Rock/Newton/Surrey Central Station,NORTH,40-ft,STC
310444,23.49361638709709,53.37020166257779,36.13750285104267,2.271689499956643,1.5381839158184993,6705,321,White Rock/Newton/Surrey Central Station,NORTH,40-ft,STC
310445,27.02873759741002,56.37420699680405,37.432058915463074,2.0857136517617456,1.384898528115125,6705,321,White Rock/Newton/Surrey Central Station,NORTH,40-ft,STC
310446,26.90931166107473,57.69931919559208,38.32675126676149,2.1442138662750034,1.4242932613621064,6705,321,White Rock/Newton/Surrey Central Station,NORTH,40-ft,STC
310447,28.00640514914725,61.251608451765975,40.51617743654965,2.1870571437345285,1.446675402315363,6705,321,White Rock/Newton/Surrey Central Station,NORTH,40-ft,STC
310448,27.113515939629185,56.16055527308053,38.07701092464841,2.0713121602571696,1.4043553410568548,6705,321,White Rock/Newton/Surrey Central Station,NORTH,40-ft,STC
310449,24.71557455391004,58.7202048246908,39.86501505120194,2.3758381459678093,1.6129511763624054,6705,321,White Rock/Newton/Surrey Central Station,NORTH,40-ft,STC
310450,23.01634697538505,52.08918515065407,34.666057804945666,2.2631386816666046,1.5061494268408213,6705,321,White Rock/Newton/Surrey Central Station,NORTH,40-ft,STC
310451,14.692772557891477,33.400149382147895,23.28169776665912,2.27323667133258,1.5845680367627102,6705,321,White Rock/Newton/Surrey Central Station,SOUTH,40-ft,STC
310452,7.184371532070251,17.757418057567058,11.609248685375936,2.47167312802517,1.6159031633530527,6705,321,White Rock/Newton/Surrey Central Station,SOUTH,40-ft,STC
310453,30.023953950213688,71.31437527547268,49.98852782550475,2.375249289075236,1.6649548526618683,6705,321,White Rock/Newton/Surrey Central Station,SOUTH,40-ft,STC
310454,21.78189245575871,50.68862661499046,35.228670726469886,2.327099296718333,1.6173374649619163,6705,321,White Rock/Newton/Surrey Central Station,SOUTH,40-ft,STC
310455,26.25765815387404,55.27751321252628,37.53796823014346,2.1051958589982127,1.4296007667616442,6705,321,White Rock/Newton/Surrey Central Station,SOUTH,40-ft,STC
310456,18.99663483293081,37.8280961450637,25.957835395085368,1.9913051168140796,1.3664438793173654,6705,321,White Rock/Newton/Surrey Central Station,SOUTH,40-ft,STC
310457,25.65011283472115,63.72791967359483,44.45759240564213,2.4845083561320576,1.7332318454935733,6705,321,White Rock/Newton/Surrey Central Station,SOUTH,40-ft,STC
310458,30.03829062339776,68.40100491783377,47.49903131345063,2.2771270767503027,1.5812827670177794,6705,321,White Rock/Newton/Surrey Central Station,SOUTH,40-ft,STC
310459,13.91382193182151,29.41745029843469,19.99026080855685,2.114260944446595,1.4367196092137895,6821,322,Newton Exchange/Scottsdale,EAST,28-ft Shuttle,XHT
310460,15.382122024212425,32.86748684931062,22.73387680720594,2.136732942150318,1.4779415201245572,6821,322,Newton Exchange/Scottsdale,WEST,28-ft Shuttle,XHT
310461,10.855085498687895,26.292643021100368,17.958402657135878,2.4221497863170662,1.6543768963686738,6706,323,Newton Exchange/Surrey Central Station,NORTH,40-ft,STC
310463,10.377791066771854,25.041377933809372,16.585972734933115,2.4129776532106284,1.5982180242613417,6706,323,Newton Exchange/Surrey Central Station,NORTH,40-ft,STC
310464,10.643771050517673,25.10148457938685,16.22346533846566,2.358326241728584,1.524221562213762,6706,323,Newton Exchange/Surrey Central Station,SOUTH,40-ft,STC
310467,11.035744881908704,25.64685566503065,17.258655713433875,2.323980477935338,1.5638867967785857,6707,324,Newton Exchange/Surrey Central Station,NORTH,40-ft,STC
310469,10.606154974819658,24.481626264397384,16.067308588535365,2.3082470812957037,1.514904187868381,6707,324,Newton Exchange/Surrey Central Station,NORTH,40-ft,STC
310470,11.008283792656927,25.260876938289083,16.49379880261178,2.2947152720698702,1.498307920950763,6707,324,Newton Exchange/Surrey Central Station,SOUTH,40-ft,STC
310471,8.46537499753561,22.207149380172403,15.042329560381985,2.6232918667675342,1.7769241840746592,6708,325,Newton Exchange/Surrey Central Station,NORTH,40-ft,STC
310473,8.162206798218492,21.148373664113134,14.126300972697258,2.5910117431390054,1.7306962837281346,6708,325,Newton Exchange/Surrey Central Station,NORTH,40-ft,STC
310474,6.545857608937415,18.440128522546846,12.42858383650952,2.8170683849537967,1.8986944994862245,6708,325,Newton Exchange/Surrey Central Station,NORTH,40-ft,STC
310475,8.087207766367296,19.01721988915267,12.40565704196632,2.351518650014236,1.5339852023535725,6708,325,Newton Exchange/Surrey Central Station,SOUTH,40-ft,STC
310477,12.517993616180345,29.98082742586237,20.04048559397427,2.3950185904480845,1.6009343197036465,6709,326,Guildford/Surrey Central Station,EAST,40-ft,STC
310478,12.44150057405106,29.42656533699944,19.10813868016595,2.3651942273244533,1.5358387492276726,6709,326,Guildford/Surrey Central Station,WEST,40-ft,STC
310479,12.14512051491292,28.39254152316997,18.527263378625268,2.337773551798596,1.5254902868914106,6709,326,Guildford/Surrey Central Station,WEST,40-ft,STC
310480,11.181475736982168,26.7326670260566,17.545858117838687,2.3907995379929723,1.5691898395671193,6710,329,Surrey Central Station/Scottsdale,NORTH,40-ft,STC
310481,11.033088702627134,26.659921640246445,17.55312497116349,2.4163606727731954,1.5909529456591647,6710,329,Surrey Central Station/Scottsdale,NORTH,40-ft,STC
310482,6.069751937563593,14.097475715481115,9.49052460130384,2.322578560128087,1.5635770125250537,6710,329,Surrey Central Station/Scottsdale,NORTH,40-ft,STC
310483,11.190025172619665,26.706656721533083,17.749621047998275,2.386648493595914,1.5862002787472695,6710,329,Surrey Central Station/Scottsdale,SOUTH,40-ft,STC
310484,5.157701127296929,10.943383828875849,7.257590809298526,2.121756100010996,1.4071367514662714,6710,329,Surrey Central Station/Scottsdale,SOUTH,40-ft,STC
310485,18.613958967945518,42.22878471346295,28.448373833482822,2.2686621790766672,1.5283354756756917,6712,335,Newton/Surrey Central Station,EAST,40-ft,STC
310486,5.985934024268589,15.369784653696868,10.3469743639695,2.567650193166784,1.728548013061968,6712,335,Newton/Surrey Central Station,EAST,40-ft,STC
310487,20.41377106978004,44.547637718205614,30.073986243085272,2.182234608487045,1.4732205108151692,6712,335,Newton/Surrey Central Station,EAST,40-ft,STC
310488,18.728332037665623,44.413563838945066,29.52663755763043,2.371463926932863,1.5765759330968563,6712,335,Newton/Surrey Central Station,WEST,40-ft,STC
310489,10.542286873483846,25.969208599968304,17.480158002404412,2.463337311118571,1.6580992541922595,6712,335,Newton/Surrey Central Station,WEST,40-ft,STC
310491,18.460916952606464,43.45082595968053,28.53368435403236,2.3536656424612636,1.5456266028001246,6712,335,Newton/Surrey Central Station,WEST,40-ft,STC
310492,17.73010302987141,39.00015364885578,26.441148960057276,2.199657474248678,1.4913138922830638,6712,335,Newton/Surrey Central Station,WEST,40-ft,STC
310493,6.340703630921162,12.192921870110956,8.166864515183033,1.922960381029447,1.2880060306487737,17707,337,Fraser Heights/Guildford/Surrey Centre,EAST,40-ft,STC
310494,5.746535388111642,10.278654564919687,6.737358330186162,1.7886698455184031,1.1724209241144363,17707,337,Fraser Heights/Guildford/Surrey Centre,EAST,40-ft,STC
310495,9.295736092289728,17.966569105879955,11.920723586962833,1.9327752990731073,1.2823861896047566,17707,337,Fraser Heights/Guildford/Surrey Centre,EAST,40-ft,STC
310496,6.311651482769131,15.902799850978502,11.238632081660176,2.5195941021764745,1.7806167074246335,17707,337,Fraser Heights/Guildford/Surrey Centre,WEST,40-ft,STC
310497,9.269222764248664,20.753896784504303,14.66891442228437,2.2390115452346184,1.5825398520857956,17707,337,Fraser Heights/Guildford/Surrey Centre,WEST,40-ft,STC
310498,9.605958541024112,21.730267946192505,15.461955727318632,2.2621654937806754,1.6096213263138026,17707,337,Fraser Heights/Guildford/Surrey Centre,WEST,40-ft,STC
310499,6.74926218693527,11.550453735014152,7.166506027969997,1.7113653930014274,1.061820659722243,48855,338,East Fraser Heights/Guildford,EAST,28-ft Shuttle,XHT
310500,6.970863973627905,17.960209149171458,13.131008452383975,2.5764681705335697,1.8836988502517134,48855,338,East Fraser Heights/Guildford,WEST,28-ft Shuttle,XHT
310501,16.912696946274227,30.030026938394176,22.05694795978116,1.7755906721316628,1.3041650323333074,6713,340,Scottsdale/22nd St Station,EAST,44-ft Double Deck,RTC
310502,16.062582896892238,23.902177765583023,17.45665680583188,1.4880656441752949,1.0867901456377458,6713,340,Scottsdale/22nd St Station,WEST,44-ft Double Deck,RTC
310503,10.588339271214304,25.450852472269208,17.449934021926698,2.4036680182189163,1.6480331405101911,8290,341,Guildford/Newton Exchange,NORTH,40-ft,STC
310504,10.266489353872288,24.314140100647784,16.654111658952083,2.3683013016983296,1.6221817492725035,8290,341,Guildford/Newton Exchange,NORTH,40-ft,STC
310505,8.28817284347914,19.117591616586854,13.097114098341876,2.3066111165415597,1.5802172982729543,8290,341,Guildford/Newton Exchange,NORTH,40-ft,STC
310506,8.07703656638979,17.66385839383305,11.634175624160248,2.186923167753876,1.440401504751439,8290,341,Guildford/Newton Exchange,SOUTH,40-ft,STC
310507,10.278572948206293,22.74008339111096,15.01742916739442,2.2123774871957607,1.4610422325226677,8290,341,Guildford/Newton Exchange,SOUTH,40-ft,STC
310508,20.81505956191645,39.81092434441495,27.02217802104288,1.9126019902077833,1.298203252345387,29038,342,Langley Centre/Newton Exchange,EAST,40-ft,STC
310509,20.616611390380573,39.21690960189675,26.75261038547869,1.9021995835937822,1.2976240313653624,29038,342,Langley Centre/Newton Exchange,EAST,40-ft,STC
310510,21.572415415604272,48.44948728891677,34.42311763400791,2.245899977147257,1.5957006654483465,29038,342,Langley Centre/Newton Exchange,WEST,40-ft,STC
310512,19.179085218897207,40.68907910741782,27.10319656359262,2.1215338814661897,1.4131641970539743,6714,345,King George Station/White Rock Centre,NORTH,40-ft,STC
310513,21.151707777273543,46.25565191534358,32.09760397916595,2.1868518798771874,1.517494677836521,6714,345,King George Station/White Rock Centre,NORTH,40-ft,STC
310514,19.828311502596648,45.248074924128886,31.39842872374596,2.2819933466449402,1.5835150017506092,6714,345,King George Station/White Rock Centre,SOUTH,40-ft,STC
310515,20.204804829661704,46.565591608660455,32.620442578053904,2.304679109807571,1.61448936790349,6714,345,King George Station/White Rock Centre,SOUTH,40-ft,STC
310516,8.26236834257335,22.09049287124972,15.534845020663802,2.673627216233444,1.880192745779403,40855,350,White Rock Centre/Crescent Beach,EAST,40-ft,RTC
310517,10.102203951388852,28.47906664051116,20.99993481116336,2.819094405295179,2.0787478566274924,40855,350,White Rock Centre/Crescent Beach,EAST,40-ft,RTC
310518,8.673561587361673,12.89415369701537,7.311786854525962,1.4866042705920899,0.8429970526963265,40855,350,White Rock Centre/Crescent Beach,WEST,40-ft,RTC
310519,39.53719105852924,53.41464020971717,39.33888918615068,1.3509973465399787,0.9949844218299424,6715,351,White Rock Centre/Bridgeport Station,NORTH,44-ft Double Deck,RTC
310520,39.52332091028178,53.41464020971717,39.890711011314615,1.3514714598747606,1.0092955271108621,6715,351,White Rock Centre/Bridgeport Station,NORTH,44-ft Double Deck,RTC
310521,38.04015177180329,59.83960704154873,45.70465288038436,1.5730643610603041,1.201484503914684,6715,351,White Rock Centre/Bridgeport Station,SOUTH,44-ft Double Deck,RTC
310522,38.02573635053537,59.83960704154873,45.85681536149038,1.57366070415902,1.2059415480811526,6715,351,White Rock Centre/Bridgeport Station,SOUTH,44-ft Double Deck,RTC
310523,44.411095914078224,58.11168732362224,43.04532368938458,1.3084947832868263,0.9692470497162242,6716,352,Ocean Park/Bridgeport Station,NORTH,40-ft,RTC
310524,43.890030871324825,69.69390236367194,53.51273575673226,1.5879210148654932,1.2192457989746903,6716,352,Ocean Park/Bridgeport Station,SOUTH,40-ft,RTC
310525,46.38187014189619,66.16720161361589,50.124074618142245,1.4265746812534807,1.0806824835824327,6717,354,White Rock South/Bridgeport Station,NORTH,40-ft,RTC
310526,45.71926146419997,77.08727046095525,58.39642606101562,1.6861005185159805,1.2772827948400345,6717,354,White Rock South/Bridgeport Station,SOUTH,40-ft,RTC
310528,12.582751107562832,28.06487614250875,19.536503702060543,2.2304244836918397,1.5526416707327362,31816,360,Ocean Park/Peace Arch Hospital,EAST,28-ft Shuttle,XHT
310529,11.365018047747384,22.99298575096494,15.500431247287802,2.0231367565247544,1.363872119002933,31816,360,Ocean Park/Peace Arch Hospital,WEST,28-ft Shuttle,XHT
310530,10.710074213193357,26.68097816604373,18.454939474463828,2.4912038548879885,1.723138337522428,31817,361,Ocean Park/White Rock Centre,EAST,28-ft Shuttle,XHT
310531,12.028327469043958,26.424687451902194,17.39132793112127,2.1968713040037056,1.4458641881740835,31817,361,Ocean Park/White Rock Centre,WEST,28-ft Shuttle,XHT
310532,4.168324900501572,16.010245344091274,11.99207658653105,3.84093028404882,2.8769534220060557,31818,362,Seaside/White Rock Centre,NORTH,28-ft Shuttle,XHT
310533,3.56299835831551,4.599029595873431,1.6973210079528354,1.2907751094355624,0.47637434465596645,31818,362,Seaside/White Rock Centre,SOUTH,28-ft Shuttle,XHT
310534,11.222930700839722,23.39435042636628,15.16386149678494,2.084513488496892,1.3511498824144346,31819,363,Southpoint/Peace Arch Hospital,NORTH,28-ft Shuttle,XHT
310535,12.730843164438314,32.41891421384209,22.476703571176653,2.5464860257174036,1.7655314169576708,31819,363,Southpoint/Peace Arch Hospital,SOUTH,28-ft Shuttle,XHT
310536,21.075154644371143,42.31162507492479,27.98370038994444,2.0076543109127596,1.3278052219378833,11692,364,Langley Centre/Scottsdale,EAST,40-ft,STC
310537,21.987380661042057,52.74829470478008,36.69601985837264,2.3990258556919057,1.6689582276342638,11692,364,Langley Centre/Scottsdale,WEST,40-ft,STC
310538,10.693118381299245,24.749355528288092,17.02464381845152,2.3145124411575972,1.5921121614275981,8286,370,Cloverdale/Willowbrook,EAST,,
310540,11.112507446491266,24.0488209533455,16.501809035009362,2.164121920200722,1.4849761959187482,8286,370,Cloverdale/Willowbrook,WEST,,
310542,8.134757956088514,22.45742110658133,16.27475319051875,2.7606747770255318,2.000643814895292,6818,371,Surrey Central/Scott Rd Station,EAST,28-ft Shuttle,XHT
310543,8.188654791826881,14.063866573075094,8.910828218591183,1.717481922319192,1.088191949120276,6818,371,Surrey Central/Scott Rd Station,WEST,28-ft Shuttle,XHT
310544,11.091218859520309,22.87401739380956,14.587372426302462,2.062353802907362,1.3152181569098855,31820,372,Clayton Heights/Langley Centre,EAST,,
310545,10.91575799148582,27.474285813523675,18.8569965389394,2.5169379748940326,1.7275022544149168,31820,372,Clayton Heights/Langley Centre,WEST,,
310546,8.783633610388806,21.91718982773371,14.673416656692048,2.4952304251182844,1.6705406108170455,6819,373,Guildford/Surrey Central Station,EAST,28-ft Shuttle,XHT
310547,7.216782144345807,18.08812844608254,12.32091524403911,2.5063980156660537,1.7072588582561388,6819,373,Guildford/Surrey Central Station,EAST,28-ft Shuttle,XHT
310548,14.5795925911092,35.4862245320784,23.95305855762657,2.4339654424718495,1.6429168653336317,6819,373,Guildford/Surrey Central Station,EAST,28-ft Shuttle,XHT
310549,8.670301099746947,20.840123882942084,13.47216559492604,2.403621701621219,1.5538290354552093,6819,373,Guildford/Surrey Central Station,WEST,28-ft Shuttle,XHT
310550,8.26476946377526,19.549472908725605,13.106591592538756,2.3653984535698847,1.585838739965507,6819,373,Guildford/Surrey Central Station,WEST,28-ft Shuttle,XHT
310551,13.537473901094188,32.54815960795614,22.008816963962374,2.4043008205042877,1.6257698537231142,6819,373,Guildford/Surrey Central Station,WEST,28-ft Shuttle,XHT
310552,21.729638696461432,53.31381065649643,36.836029723217656,2.4535065401330547,1.6951975243479878,7321,375,White Rock/White Rock South/Guildford,NORTH,40-ft,STC
310553,23.689960701896855,50.40206676848591,33.71713956506047,2.127570720894029,1.4232670112602062,7321,375,White Rock/White Rock South/Guildford,SOUTH,40-ft,STC
310554,34.319375273343205,61.95967478461384,43.39357739671178,1.805384692790128,1.264404641724838,11693,388,22nd St Station/Carvolth Exchange,EAST,40-ft,HTC
310555,33.151123700220325,61.65638887700042,43.55388673616204,1.8598581886559291,1.313798202740035,11693,388,22nd St Station/Carvolth Exchange,WEST,40-ft,HTC
310557,10.320551139166492,19.67489899839084,12.206698816521149,1.9063806509058028,1.1827564877031351,6718,391,Scottsdale/Scott Road Station,NORTH,40-ft,STC
310558,10.667020598724728,28.3353234122561,19.673057272297942,2.6563484292552757,1.8442879237197602,6718,391,Scottsdale/Scott Road Station,SOUTH,40-ft,STC
310559,13.759561503039588,32.84932156694091,21.969733160797094,2.3873814263400948,1.5966884668485852,6719,393,Newton Exchange/Surrey Central Station,NORTH,40-ft,STC
310560,13.373406326215258,31.65337122655563,20.967173590627727,2.3668892168861286,1.5678259584117147,6719,393,Newton Exchange/Surrey Central Station,NORTH,40-ft,STC
310561,13.339895105982048,31.87843529895778,20.743998169205103,2.389706594069277,1.5550345789377917,6719,393,Newton Exchange/Surrey Central Station,SOUTH,40-ft,STC
310562,21.00218680820043,39.2155549305647,26.639816631797977,1.8672129378095403,1.268430610349409,6720,394,White Rock/King George Station Express,NORTH,40-ft,STC
310563,22.138566107623248,45.55856722579481,31.83441650349485,2.057882475509878,1.4379619867310607,6720,394,White Rock/King George Station Express,SOUTH,40-ft,STC
310564,20.519311513128105,40.30716691426308,26.41303358227876,1.9643527946088664,1.287228061496113,6721,395,Langley Centre/King George Station,EAST,40-ft,STC
310565,21.390915728243584,50.57540375013991,34.592777744839765,2.3643402831680773,1.6171714284847116,6721,395,Langley Centre/King George Station,WEST,40-ft,STC
310566,9.034565022973442,23.119052830091853,14.770861726156364,2.5589558292296117,1.6349278231543458,6722,401,Richmond-Brighouse Station/One Road,EAST,40-ft,RTC
310567,9.728032808607376,23.53680402903605,15.545129407059449,2.419482385812952,1.5979725513780236,6722,401,Richmond-Brighouse Station/One Road,WEST,40-ft,RTC
310568,9.326885793986609,23.014932998629,14.69414461845562,2.4675903090255042,1.5754609784039044,6722,401,Richmond-Brighouse Station/One Road,WEST,40-ft,RTC
310569,8.440632816241138,21.305253066528547,13.945939609727947,2.5241298289310494,1.6522386310767734,6723,402,Two Road/Brighouse Station,NORTH,40-ft,RTC
310570,8.385741821813488,20.97396272647989,13.194952932051,2.501145774834276,1.573498589919321,6723,402,Two Road/Brighouse Station,SOUTH,40-ft,RTC
310571,10.429613555255838,26.25277827614531,17.032787831098776,2.51713816020687,1.633117827507173,6723,402,Two Road/Brighouse Station,SOUTH,40-ft,RTC
310572,13.210709461496169,32.04624451140538,21.56081185202184,2.425777707458265,1.6320707010371256,6724,403,Bridgeport Station/Three Road,NORTH,40-ft,RTC
310573,13.236561923786088,32.04624451140538,21.170984051475475,2.4210398966077675,1.5994322523759918,6724,403,Bridgeport Station/Three Road,NORTH,40-ft,RTC
310574,2.2743056281889578,4.33334803697549,3.159847621549797,1.9053499157130256,1.389368070141919,6724,403,Bridgeport Station/Three Road,NORTH,40-ft,RTC
310575,13.486516248246849,33.457263439794446,22.404762407406544,2.4807936181549963,1.6612713020175989,6724,403,Bridgeport Station/Three Road,SOUTH,40-ft,RTC
310576,13.455359644614136,33.64341114792196,21.742024079932047,2.500372493676795,1.6158634666175473,6724,403,Bridgeport Station/Three Road,SOUTH,40-ft,RTC
310577,13.504462983063464,33.671870416055924,22.143534631547983,2.4933883308270226,1.639719747413811,6724,403,Bridgeport Station/Three Road,SOUTH,40-ft,RTC
310579,9.645386371788709,22.186741888166225,14.931783609440537,2.3002439749908907,1.5480752179211543,6725,404,Four Road/Brighouse Station,EAST,40-ft,RTC
310580,9.615889491707025,22.37444494326988,14.877301164583352,2.3268200994370973,1.5471580842743562,6725,404,Four Road/Brighouse Station,EAST,40-ft,RTC
310582,9.591869924708714,22.37444494326988,14.881359146467986,2.3326468268333347,1.5514554787834973,6725,404,Four Road/Brighouse Station,EAST,40-ft,RTC
310583,9.280959711863796,20.81271898252056,13.918409789073973,2.242517975367977,1.4996735489846111,6725,404,Four Road/Brighouse Station,WEST,40-ft,RTC
310584,7.1385002142631695,16.953887783481818,11.217164117649196,2.374992964153295,1.5713614598254968,6725,404,Four Road/Brighouse Station,WEST,40-ft,RTC
310585,9.28635309506144,20.81271898252056,13.50070887260272,2.2412155524851776,1.45382247846924,6725,404,Four Road/Brighouse Station,WEST,40-ft,RTC
310586,2.2618379172457037,4.33334803697549,2.9780912081730637,1.9158525922371643,1.3166687079857426,6725,404,Four Road/Brighouse Station,WEST,40-ft,RTC
310587,18.7796924144653,41.28497368094491,27.541774479159205,2.1983839122489903,1.4665721818715625,6726,405,Five Road/Cambie,NORTH,40-ft,RTC
310588,20.81373060413448,45.39144870696023,30.795736643459666,2.180841559366757,1.4795875486801169,6726,405,Five Road/Cambie,NORTH,40-ft,RTC
310589,21.509468349876197,47.21056738409781,32.05898840242436,2.1948737465828407,1.4904593586855848,6726,405,Five Road/Cambie,NORTH,40-ft,RTC
310590,23.42427035458632,51.30076287089267,34.871750229297696,2.190068766041556,1.4887016629087888,6726,405,Five Road/Cambie,NORTH,40-ft,RTC
310591,10.609329740908786,24.93821410792225,16.598795042543003,2.350592800576492,1.564547002299239,6726,405,Five Road/Cambie,NORTH,40-ft,RTC
310592,22.20937558274531,46.82680066436299,31.61671791117998,2.108424907755768,1.4235752731266937,6726,405,Five Road/Cambie,SOUTH,40-ft,RTC
310593,24.17397453385045,50.767660879256105,33.928132439552904,2.1000957375944496,1.4034983114606931,6726,405,Five Road/Cambie,SOUTH,40-ft,RTC
310594,21.354328249079124,44.83796423755934,29.92354838116845,2.099713168897875,1.4012872721697,6726,405,Five Road/Cambie,SOUTH,40-ft,RTC
310595,19.451609148103717,40.80913213263421,27.321460650933133,2.097982322280652,1.4045861420979984,6726,405,Five Road/Cambie,SOUTH,40-ft,RTC
310596,10.781201808872243,22.73039617906861,14.879794905934007,2.108336026171307,1.3801610590100337,6726,405,Five Road/Cambie,SOUTH,40-ft,RTC
310597,11.612055074881097,25.00068859097388,16.862367831827456,2.1529943175222046,1.4521432875653253,6726,405,Five Road/Cambie,SOUTH,40-ft,RTC
310598,9.365739443163474,22.70273700285794,14.939804374803982,2.4240197093492513,1.5951548156413107,34542,406,Richmond Brighouse Station/Steveston,NORTH,40-ft,RTC
310599,11.238698868029497,26.82980780008712,17.599601948594454,2.3872699246715596,1.5659821617482512,34542,406,Richmond Brighouse Station/Steveston,SOUTH,40-ft,RTC
310600,9.189972397570273,21.67314251569137,14.060180315646372,2.358346856560909,1.5299480463470956,34542,406,Richmond Brighouse Station/Steveston,SOUTH,40-ft,RTC
310601,20.54405051546264,47.99335511183223,31.76695466588198,2.336119407207924,1.5462848790199544,6727,407,Gilbert/Bridgeport,NORTH,40-ft,RTC
310602,21.527555396503093,50.62365163623451,34.096699232900335,2.351574561246176,1.5838630353002812,6727,407,Gilbert/Bridgeport,NORTH,40-ft,RTC
310603,11.782463610898388,27.760489586026686,17.983384754836838,2.356085323306168,1.5262839206397212,6727,407,Gilbert/Bridgeport,NORTH,40-ft,RTC
310604,9.610818992411824,23.36518736223553,15.307993801858672,2.4311338482894542,1.5927876504536216,6727,407,Gilbert/Bridgeport,NORTH,40-ft,RTC
310605,20.02474284232533,45.4245231717983,30.032011529591525,2.2684198009168277,1.4997451785555176,6727,407,Gilbert/Bridgeport,SOUTH,40-ft,RTC
310606,19.56040045701628,44.87562285264289,29.19105748042767,2.294207777149373,1.4923547983884395,6727,407,Gilbert/Bridgeport,SOUTH,40-ft,RTC
310607,22.06578981949596,48.97434471487493,33.172309389123114,2.2194693738813847,1.5033365975331698,6727,407,Gilbert/Bridgeport,SOUTH,40-ft,RTC
310608,21.646802569028345,48.44021257136053,31.531692818623,2.237753701355759,1.4566443574321541,6727,407,Gilbert/Bridgeport,SOUTH,40-ft,RTC
310609,9.496422577917755,22.34702783077039,14.48826403742099,2.3532048671395938,1.525654942010571,6727,407,Gilbert/Bridgeport,SOUTH,40-ft,RTC
310610,9.024175548702692,21.805108535737,14.321039603078232,2.4162992417486473,1.5869637648102948,6727,407,Gilbert/Bridgeport,SOUTH,40-ft,RTC
310611,8.321942608931804,19.121335390231827,12.398865519631004,2.2977009442133394,1.4899003877199903,6727,407,Gilbert/Bridgeport,SOUTH,40-ft,RTC
310612,10.897270544574356,23.80980111646628,15.381187017782787,2.18493254976779,1.4114715198514485,6727,407,Gilbert/Bridgeport,SOUTH,40-ft,RTC
310613,9.275826306633457,20.73929378844365,14.054983598492576,2.2358432664497263,1.5152271219698652,34543,408,Brighouse/Ironwood/Riverport,EAST,40-ft,RTC
310614,7.936179305151279,18.75829943691317,12.359221901622126,2.3636436017439,1.5573264446784745,34543,408,Brighouse/Ironwood/Riverport,EAST,40-ft,RTC
310615,10.328800001695251,23.12749536261339,15.53169023769095,2.239127038844542,1.5037264963153276,34543,408,Brighouse/Ironwood/Riverport,EAST,40-ft,RTC
310616,4.226988361132368,9.915629627394846,6.732436875046248,2.345790615032247,1.592726617596528,34543,408,Brighouse/Ironwood/Riverport,EAST,40-ft,RTC
310617,7.644633225464434,17.56388065295094,11.539306662851931,2.297543928522991,1.509465048553835,34543,408,Brighouse/Ironwood/Riverport,WEST,40-ft,RTC
310618,10.177517820897602,22.28795262035972,14.705423417239407,2.1899202745285926,1.4448929175092782,34543,408,Brighouse/Ironwood/Riverport,WEST,40-ft,RTC
310619,8.481542098467388,19.742092699248683,13.276725355113957,2.3276536825556846,1.565366910990521,34543,408,Brighouse/Ironwood/Riverport,WEST,40-ft,RTC
310620,3.108109465162824,8.027394715096568,6.0125586196077245,2.5827258676283584,1.9344745373351082,6728,410,Richmond-Brighouse Station/22nd St Station,EAST,40-ft,HTC
310621,18.035267455398746,35.78293881921389,24.741480260306275,1.9840536830243949,1.3718388330803526,6728,410,Richmond-Brighouse Station/22nd St Station,EAST,40-ft,HTC
310622,21.770414543239298,44.8646102943105,31.313545638935157,2.060806430911211,1.4383532098914227,6728,410,Richmond-Brighouse Station/22nd St Station,EAST,40-ft,HTC
310623,22.48461804972184,50.42475663648275,34.08801288188029,2.2426334539005683,1.5160592368746952,6728,410,Richmond-Brighouse Station/22nd St Station,EAST,40-ft,HTC
310626,22.240669417388496,41.42903464096856,27.78650802789712,1.8627602372695653,1.2493557413417018,6728,410,Richmond-Brighouse Station/22nd St Station,WEST,40-ft,HTC
310627,23.233288143989547,47.85935465797569,31.5704884162077,2.0599475356809065,1.358847194617822,6728,410,Richmond-Brighouse Station/22nd St Station,WEST,40-ft,HTC
310628,17.87866297693243,35.567567723010576,24.6814279183006,1.9893863298894827,1.3804962904745894,6728,410,Richmond-Brighouse Station/22nd St Station,WEST,40-ft,HTC
310629,6.085615292567255,11.877428506601504,8.318514131315503,1.9517218778367662,1.3669142282910043,6827,412,Bridgeport Station/Sea Island South,EAST,40-ft,RTC
310630,7.120035598423998,13.972608102860624,9.451803449312008,1.9624351465255911,1.3274938472785363,6827,412,Bridgeport Station/Sea Island South,EAST,40-ft,RTC
310631,7.1875136644402,12.176582335619454,8.584517210704748,1.694129973743546,1.1943653412690038,6827,412,Bridgeport Station/Sea Island South,WEST,40-ft,RTC
310632,8.21937162076288,14.239789365806203,9.974576054940936,1.7324669114406752,1.2135448444433696,6827,412,Bridgeport Station/Sea Island South,WEST,40-ft,RTC
310633,11.71332979986878,25.036143326127046,16.67665260679231,2.1374061649324956,1.423732866036021,6828,413,Riverport/Steveston,EAST,28-ft Shuttle,XHT
310634,11.750752734795842,25.26173221439624,16.929006240631637,2.149796935101208,1.4406741953221571,6828,413,Riverport/Steveston,EAST,28-ft Shuttle,XHT
310635,5.664481712401894,12.35244417412927,8.425320023307489,2.180683918015775,1.4873946904729125,6828,413,Riverport/Steveston,EAST,28-ft Shuttle,XHT
310636,11.788803348915115,24.851121965823197,16.396957326731926,2.1080275266539386,1.3908924291489588,6828,413,Riverport/Steveston,EAST,28-ft Shuttle,XHT
310637,9.17367568202476,20.59063015718436,13.36583892175728,2.2445343470698886,1.4569774848207029,6828,413,Riverport/Steveston,WEST,28-ft Shuttle,XHT
310639,13.823799247017783,29.60924376078909,19.51311374642517,2.1419034833840422,1.411559398233792,6828,413,Riverport/Steveston,WEST,28-ft Shuttle,XHT
310640,5.155379532630084,12.97390030512,8.326041074538365,2.5165752051820705,1.6150200042189187,13684,414,Richmond Oval/Brighouse Station,EAST,28-ft Shuttle,XHT
310642,3.0518439458526765,9.143648815101162,5.771469626912206,2.996106281098345,1.891141791425929,13684,414,Richmond Oval/Brighouse Station,WEST,28-ft Shuttle,XHT
310643,3.686255270171798,10.75053488478635,6.7185139587643095,2.9163837273497673,1.822585107745724,13684,414,Richmond Oval/Brighouse Station,WEST,28-ft Shuttle,XHT
310644,11.152788990208265,26.74746197157507,18.136583549881312,2.3982756237079665,1.6261926560077986,6829,416,East Cambie/Brighouse Station,EAST,28-ft Shuttle,XHT
310645,10.679385084107157,26.314677147523906,17.353538795507,2.464062953089394,1.6249567422502802,6829,416,East Cambie/Brighouse Station,WEST,28-ft Shuttle,XHT
310646,3.055196041385082,7.514536683887683,5.748517358925254,2.459592308348549,1.8815543359761446,9745,418,Kingswood/22nd St Station,NORTH,40-ft,HTC
310647,12.224929072552545,23.56329165658182,16.8709149327061,1.9274788030865724,1.3800419481029742,9745,418,Kingswood/22nd St Station,NORTH,40-ft,HTC
310648,3.730892432625004,3.832830656479947,2.4647356740983435,1.0273227453473432,0.6606289831744598,9745,418,Kingswood/22nd St Station,SOUTH,40-ft,HTC
310649,14.591322273645538,23.280385770878176,16.071074647672024,1.595495276869225,1.1014131787561965,9745,418,Kingswood/22nd St Station,SOUTH,40-ft,HTC
310650,10.539503897506616,18.847188995959097,13.034496052568253,1.7882425187411215,1.2367276656780675,9745,418,Kingswood/22nd St Station,SOUTH,40-ft,HTC
310651,19.546470461980583,48.34422349614982,33.89123863045373,2.473296833317459,1.7338802264262922,6730,430,Metrotown/Brighouse Station,EAST,40-ft,RTC
310652,18.42907923047577,32.40546213725377,19.95621847437624,1.7583874773117019,1.0828657376096724,6730,430,Metrotown/Brighouse Station,WEST,40-ft,RTC
310655,28.29833561865479,60.06993480186517,42.30411571247256,2.122737379730063,1.4949329982709265,6737,501,Langley Centre/Surrey Central Station,NORTH,40-ft,STC
310656,27.681291376618915,59.23164068603923,42.183418308504095,2.139771583636066,1.523896328916737,6737,501,Langley Centre/Surrey Central Station,NORTH,40-ft,STC
310657,27.457601814167766,58.26369271139667,41.7242982664732,2.121951258005838,1.5195900409970984,6737,501,Langley Centre/Surrey Central Station,NORTH,40-ft,STC
310659,26.496367368873532,49.42089847992699,33.61077949373858,1.8651952470278597,1.2685051888744066,6737,501,Langley Centre/Surrey Central Station,SOUTH,40-ft,STC
310660,27.46039624886596,51.67228331984109,34.710827420427705,1.8817020283155972,1.2640322851080916,6737,501,Langley Centre/Surrey Central Station,SOUTH,40-ft,STC
310662,18.7828000847245,37.953041298434414,25.616601726274325,2.0206274425132444,1.3638329541242127,6738,502,Langley Centre/Surrey Central Station,EAST,40-ft,STC
310663,6.307661503727592,14.185932259088403,9.464877931116057,2.2490002437044296,1.5005367560581158,6738,502,Langley Centre/Surrey Central Station,WEST,40-ft,STC
310664,18.661608682728115,45.10941186882074,31.752325954896737,2.417230616917333,1.7014785003119521,6738,502,Langley Centre/Surrey Central Station,WEST,40-ft,STC
310665,20.389489100461034,37.43933715688475,25.268776164978306,1.8362077133182406,1.23930403751053,23384,503,Aldergrove/Surrey Central Station,EAST,40-ft,STC
310666,33.78419206559931,65.71780482006179,46.91550917866003,1.9452235143719423,1.3886822892660398,23384,503,Aldergrove/Surrey Central Station,EAST,40-ft,STC
310667,15.867635707068793,33.59063224111131,25.02872555399999,2.1169273646827667,1.5773443514871008,23384,503,Aldergrove/Surrey Central Station,EAST,40-ft,STC
310668,18.46218144706541,33.45551523376359,22.839656372951243,1.8121106289463638,1.2371049671696102,23384,503,Aldergrove/Surrey Central Station,EAST,40-ft,STC
310669,2.1667781101623658,4.917981531534911,3.360142149331331,2.2697208858023705,1.5507550743530178,23384,503,Aldergrove/Surrey Central Station,WEST,40-ft,STC
310670,20.10386682564928,45.86468432139392,32.91279261025975,2.28138619894149,1.6371374171792838,23384,503,Aldergrove/Surrey Central Station,WEST,40-ft,STC
310671,36.965811614949416,70.5324348015763,50.104582647776645,1.9080450751702727,1.3554303411402375,23384,503,Aldergrove/Surrey Central Station,WEST,40-ft,STC
310672,18.737456726673887,29.338767780520023,20.22031917442684,1.5657817498121043,1.0791389391518653,23384,503,Aldergrove/Surrey Central Station,WEST,40-ft,STC
310673,18.319791473661493,41.62573403110854,30.355885553522707,2.2721729169763853,1.6569995131858133,23384,503,Aldergrove/Surrey Central Station,WEST,40-ft,STC
310675,21.12249281441427,37.96633506755177,26.757070544263566,1.7974362875220409,1.2667572326503143,6739,509,Walnut Grove/Surrey Central Station,EAST,40-ft,STC
310676,15.939244573044842,21.792602182123563,15.970475616252628,1.3672292988701262,1.001959380387487,6739,509,Walnut Grove/Surrey Central Station,EAST,40-ft,STC
310677,24.98994147635055,41.65289679937837,29.562586545070367,1.6667864884276322,1.1829794228628818,6739,509,Walnut Grove/Surrey Central Station,EAST,40-ft,STC
310678,25.72690815553885,45.34108687496768,33.217716049950205,1.7623993758148513,1.291166270316032,6739,509,Walnut Grove/Surrey Central Station,WEST,40-ft,STC
310679,20.58709641717544,41.03283111590031,29.15539407533343,1.9931334795550557,1.4161974804280613,6739,509,Walnut Grove/Surrey Central Station,WEST,40-ft,STC
310680,11.844614182038946,23.94871754487812,17.383834642376485,2.0219077782367716,1.4676573145571223,6739,509,Walnut Grove/Surrey Central Station,WEST,40-ft,STC
310681,24.653714275537546,43.16166210487841,31.37125388515769,1.7507164081845967,1.2724757630652663,6739,509,Walnut Grove/Surrey Central Station,WEST,40-ft,STC
310682,22.83207755120432,44.48136974313415,28.77942984579492,1.9481963322600881,1.2604823096475903,18705,531,White Rock Centre/Willowbrook,NORTH,40-ft,STC
310683,8.16246349971651,16.46565509328112,10.333054536976476,2.017240884918259,1.2659235214142583,18705,531,White Rock Centre/Willowbrook,NORTH,40-ft,STC
310684,23.00534666306614,54.79448903003269,38.1115998454734,2.381815402851648,1.6566409714946633,18705,531,White Rock Centre/Willowbrook,SOUTH,40-ft,STC
310685,23.408751989756013,56.28153939774125,38.79074512347564,2.4042947450752954,1.6571043659418918,18705,531,White Rock Centre/Willowbrook,SOUTH,40-ft,STC
310686,22.30618234218673,26.82334145186942,21.607617250414098,1.2025070467185943,0.968682893331708,20667,555,Carvolth Exchange/Lougheed Station,EAST,44-ft Double Deck,RTC
310687,21.872436219382838,27.259694243984143,22.14537246339148,1.2463035196704446,1.0124785479436798,20667,555,Carvolth Exchange/Lougheed Station,WEST,44-ft Double Deck,RTC
310688,10.676947119973168,23.532979937446903,16.29405304043234,2.204092581242085,1.5260966320561198,34044,560,Murrayville/Langley Centre,EAST,,
310689,10.83276441297082,23.97091943534865,16.530208247467105,2.2128164632332084,1.5259455128253634,34044,560,Murrayville/Langley Centre,WEST,,
310690,11.365933582990126,25.495731564935088,17.413188343323345,2.243170908819241,1.5320508620060334,34045,561,Langley Centre/Brookswood,EAST,,
310691,11.23671195717592,24.42717451207328,16.19928526795003,2.173872090444905,1.4416392739875248,34045,561,Langley Centre/Brookswood,WEST,,
310692,21.256114479488737,41.93680997124859,30.082595752385917,1.9729292487446783,1.4152443421122127,6814,562,Langley Centre/Walnut Grove,NORTH,,
310694,20.242462239612752,40.41665069418828,29.15523162005854,1.996627199585255,1.4403006548780546,6814,562,Langley Centre/Walnut Grove,NORTH,,
310695,22.21469426123064,40.33760130001019,28.028282188382462,1.8158071781527,1.2617001097916423,6814,562,Langley Centre/Walnut Grove,SOUTH,,
310697,21.09486111287609,38.53146651759007,26.94851504391993,1.8265807161001337,1.2774919398483657,6814,562,Langley Centre/Walnut Grove,SOUTH,,
310698,12.905468518367115,25.16328952218616,17.02777897251124,1.9498160401052984,1.3194235411350805,6815,563,Langley Centre/Fernridge,NORTH,,
310701,12.375096789709234,28.5517016518262,19.809512356031963,2.3071901688533827,1.6007561550956895,6815,563,Langley Centre/Fernridge,SOUTH,,
310703,11.777900516542427,27.93101858014904,18.69567909610215,2.3714768638875032,1.58735243771532,6816,564,Langley Centre/Willowbrook,EAST,,
310704,11.394623999253517,26.15040427148781,17.286929046634864,2.294977374698891,1.517112723312973,6816,564,Langley Centre/Willowbrook,WEST,,
310705,18.762421240428115,35.53328045101327,24.927423954005747,1.8938536767551266,1.3285824699582836,12940,595,Maple Meadows Station/Langley Centre,NORTH,40-ft,STC
310706,17.419309116517034,32.1580746618708,22.47041511422178,1.8461165392247634,1.2899716609836882,12940,595,Maple Meadows Station/Langley Centre,NORTH,40-ft,STC
310707,17.6189491887825,32.537309432536254,22.291262506221152,1.846722473849454,1.2651868319373656,12940,595,Maple Meadows Station/Langley Centre,SOUTH,40-ft,STC
310708,16.221423659708613,29.90212446463764,21.229931336347928,1.8433723877707275,1.308758823005137,12940,595,Maple Meadows Station/Langley Centre,SOUTH,40-ft,STC
310709,30.678845716378625,50.15642755539673,35.760057051189044,1.634886397587623,1.1656258968080306,6741,601,South Delta/Boundary Bay/Bridgeport,NORTH,40-ft,RTC
310710,30.838395448925333,51.05900915213592,37.378971948653394,1.6556960376456695,1.2120919848297746,6741,601,South Delta/Boundary Bay/Bridgeport,NORTH,40-ft,RTC
310711,30.66867038642757,50.15642755539673,35.65301655024849,1.635428824380775,1.1625224080802257,6741,601,South Delta/Boundary Bay/Bridgeport,NORTH,40-ft,RTC
310712,16.10414893815991,21.488405895878994,16.708722361788745,1.3343397393053607,1.0375414699622068,6741,601,South Delta/Boundary Bay/Bridgeport,NORTH,40-ft,RTC
310713,25.896552276328546,40.34514328962537,29.83594708259366,1.5579349273649818,1.1521204353471417,6741,601,South Delta/Boundary Bay/Bridgeport,NORTH,40-ft,RTC
310715,18.730416339469333,28.126683807540594,20.26016789815517,1.5016582278671053,1.0816720531439707,6741,601,South Delta/Boundary Bay/Bridgeport,NORTH,40-ft,RTC
310716,15.220611690575897,20.380558768367944,15.677418638406907,1.3390104933159104,1.0300123909023873,6741,601,South Delta/Boundary Bay/Bridgeport,SOUTH,40-ft,RTC
310717,17.37891416079229,31.732987511898912,23.77815270375952,1.8259476523274472,1.3682185482798594,6741,601,South Delta/Boundary Bay/Bridgeport,SOUTH,40-ft,RTC
310718,30.2494546799787,55.12995062814179,40.38714953858572,1.82251056131041,1.3351364500900205,6741,601,South Delta/Boundary Bay/Bridgeport,SOUTH,40-ft,RTC
310719,30.15861831812412,50.17220346873008,36.467744793722005,1.6636108106643135,1.2091981273494334,6741,601,South Delta/Boundary Bay/Bridgeport,SOUTH,40-ft,RTC
310720,30.280197359050277,55.12995062814179,39.92845104991508,1.8206602148074942,1.318632457261085,6741,601,South Delta/Boundary Bay/Bridgeport,SOUTH,40-ft,RTC
310721,24.8453102423819,39.58803373200109,28.945161128258693,1.5933805352315784,1.1650150811513371,6741,601,South Delta/Boundary Bay/Bridgeport,SOUTH,40-ft,RTC
310722,26.585012160459588,38.27829394050352,28.414777146953,1.4398448911539554,1.06882693810518,6742,602,Tsawwassen Heights/Bridgeport,NORTH,40-ft,RTC
310723,26.214656431825016,43.329109329412354,32.86550147308642,1.6528581803883615,1.2537071221420688,6742,602,Tsawwassen Heights/Bridgeport,SOUTH,40-ft,RTC
310724,28.682347186534894,40.95379412929742,29.691797382046964,1.427839704434072,1.0351941279054722,6743,603,Beach Grove/Bridgeport,NORTH,40-ft,RTC
310725,7.090500760675088,13.094066202713355,7.936594381007093,1.8467054224625268,1.1193277666684078,6743,603,Beach Grove/Bridgeport,NORTH,40-ft,RTC
310726,7.427154910549021,13.970805495215888,8.675965341790922,1.881044042231126,1.1681411585300552,6743,603,Beach Grove/Bridgeport,NORTH,40-ft,RTC
310727,25.795795562034773,42.35207624844025,32.19637937456476,1.641820898548768,1.2481250790322636,6743,603,Beach Grove/Bridgeport,SOUTH,40-ft,RTC
310728,5.1130135083348325,15.185519280401076,10.707975690476545,2.9699744105206913,2.0942592216940645,6743,603,Beach Grove/Bridgeport,SOUTH,40-ft,RTC
310729,26.62945358827916,37.296604605428975,27.85157279478253,1.400577164746817,1.045893514204185,6744,604,English Bluff/Bridgeport,NORTH,40-ft,RTC
310730,5.065111931507648,9.533951549122312,5.715484731025513,1.8822785514010347,1.128402453551363,6744,604,English Bluff/Bridgeport,NORTH,40-ft,RTC
310731,7.180613595134284,18.934275350936776,13.551504758233971,2.6368603602019456,1.8872349248003986,6744,604,English Bluff/Bridgeport,SOUTH,40-ft,RTC
310732,27.85063609448001,46.07020215079268,34.508633623471006,1.654188507382917,1.2390608784088277,6744,604,English Bluff/Bridgeport,SOUTH,40-ft,RTC
310733,7.566098645784821,17.13881548304152,11.392421215751432,2.2652117406095136,1.505719360677158,6745,606,Ladner Ring,EAST,40-ft,RTC
310734,3.307683591483011,7.311167486787381,5.15116220928168,2.21035878571124,1.5573322135604089,6745,606,Ladner Ring,WEST,40-ft,RTC
310735,3.462629155578584,7.334819374339271,5.101474922674727,2.1182803715847727,1.4732952024203418,6746,608,Ladner Ring,EAST,40-ft,RTC
310736,6.27806896428182,14.874755586955247,10.065999863468711,2.369320195681674,1.6033592368509784,6746,608,Ladner Ring,WEST,40-ft,RTC
310737,19.06994825934289,38.67235557037035,26.601534284922625,2.027921368450683,1.3949452784639729,11696,609,South Delta Exchange/Ladner Exchange,NORTH,28-ft Shuttle,XHT
310738,19.0230614757464,37.735103912352045,26.1094865002254,1.9836504213826314,1.3725175904790035,11696,609,South Delta Exchange/Ladner Exchange,SOUTH,28-ft Shuttle,XHT
310739,7.953860257024356,14.61856666730534,9.170370453085782,1.8379209836374895,1.15294588498548,6843,614,English Bluff/South Delta Exchange,NORTH,28-ft Shuttle,XHT
310740,5.331544693475538,15.865201781156651,11.540262351936535,2.975723302211392,2.1645251077157615,6843,614,English Bluff/South Delta Exchange,SOUTH,28-ft Shuttle,XHT
310741,4.345885687057387,10.82771442141626,7.487935253627768,2.4914862472481967,1.7229940667624584,6823,616,Ladner South/Ladner Exchange,EAST,28-ft Shuttle,XHT
310742,3.255964405335374,7.311167486787381,4.969050429285224,2.245469107342502,1.5261378229880855,6823,616,Ladner South/Ladner Exchange,WEST,28-ft Shuttle,XHT
310743,3.9738673309781394,9.937698056654776,6.676804135841951,2.5007624132758055,1.680177917313234,6825,618,Ladner North/Ladner Exchange,NORTH,28-ft Shuttle,XHT
310744,4.6223512333088905,10.405678207799385,7.20361439333233,2.2511656260163777,1.558430770345345,6825,618,Ladner North/Ladner Exchange,NORTH,28-ft Shuttle,XHT
310745,4.508819870741143,10.246617285760111,6.993978182029217,2.2725718878797903,1.55117711120262,6825,618,Ladner North/Ladner Exchange,SOUTH,28-ft Shuttle,XHT
310746,3.885596342343039,9.4654484584573,6.192266721058654,2.436034941485861,1.5936464252806761,6825,618,Ladner North/Ladner Exchange,SOUTH,28-ft Shuttle,XHT
310747,5.516925679520187,12.133587374706694,8.28616165524871,2.1993385591088774,1.5019527426313575,6844,619,Boundary Bay/South Delta Recreation Centre,NORTH,28-ft Shuttle,XHT
310748,5.626020670766489,11.913511591777842,8.086025972115513,2.117573377161934,1.4372549347590422,6844,619,Boundary Bay/South Delta Recreation Centre,SOUTH,28-ft Shuttle,XHT
310749,28.651268267580907,38.33674278289411,30.140250459738414,1.3380469731691558,1.051969154672371,6747,620,Tsawwassen Ferry/Bridgeport Station,NORTH,40-ft,RTC
310750,27.6361988090787,36.32310493070774,28.280051394575043,1.314330714641383,1.0232974364508056,6747,620,Tsawwassen Ferry/Bridgeport Station,SOUTH,40-ft,RTC
310751,25.00828435457005,44.876684552437446,31.78694378857363,1.794472740159667,1.2710565562153342,6748,640,Ladner Exchange/Scott Road Station,NORTH,40-ft,RTC
310752,16.672535598420538,30.309440711931025,21.29356997147336,1.817926285597637,1.2771644628241545,6748,640,Ladner Exchange/Scott Road Station,NORTH,40-ft,RTC
310754,16.661527909167134,30.03931308060021,21.260259786049662,1.8029146693126894,1.276009013216148,6748,640,Ladner Exchange/Scott Road Station,NORTH,40-ft,RTC
310755,24.95610392367403,44.876684552437446,31.73327060411606,1.7982247825898106,1.2715634900852064,6748,640,Ladner Exchange/Scott Road Station,NORTH,40-ft,RTC
310756,23.86735946554105,42.01744728093959,29.362799107122648,1.7604564653079062,1.2302491672577247,6748,640,Ladner Exchange/Scott Road Station,NORTH,40-ft,RTC
310757,24.99849048255155,44.60533622964368,31.44549267509009,1.784321187744409,1.2578956596214648,6748,640,Ladner Exchange/Scott Road Station,NORTH,40-ft,RTC
310758,17.80291218622093,33.37020941769691,23.5478335302046,1.874424199178196,1.322695595186394,6748,640,Ladner Exchange/Scott Road Station,NORTH,40-ft,RTC
310759,20.441790671212555,36.21382639038264,25.54585609979445,1.7715584203384531,1.2496877847286523,6748,640,Ladner Exchange/Scott Road Station,NORTH,40-ft,RTC
310760,20.423538764501654,35.94209848661827,25.370829119479456,1.7598369656236839,1.2422347278805932,6748,640,Ladner Exchange/Scott Road Station,NORTH,40-ft,RTC
310761,16.46934374620123,29.590732693411343,20.776954834809075,1.7967159559855963,1.2615532928931323,6748,640,Ladner Exchange/Scott Road Station,SOUTH,40-ft,RTC
310762,17.551793345660258,32.863286346968025,23.377010576363123,1.8723606015503589,1.3318872958439412,6748,640,Ladner Exchange/Scott Road Station,SOUTH,40-ft,RTC
310763,23.626528958328805,40.71068910776245,28.73792081783235,1.7230922569949128,1.2163412098543438,6748,640,Ladner Exchange/Scott Road Station,SOUTH,40-ft,RTC
310764,24.70872345980931,44.25623747070932,31.25664236543999,1.7911179241086894,1.2650043380946567,6748,640,Ladner Exchange/Scott Road Station,SOUTH,40-ft,RTC
310765,40.11445328472483,75.19606310188954,54.247394385828464,1.8745379020414923,1.3523154360546978,6749,701,Haney/Maple Ridge East/Coquitlam Station,EAST,40-ft,PCT
310766,25.33718694051772,51.56422423460879,36.827105683492064,2.035120329484973,1.4534804424006655,6749,701,Haney/Maple Ridge East/Coquitlam Station,EAST,40-ft,PCT
310767,19.387610746287866,36.81018708716103,26.622818395925137,1.8986448391640551,1.3731871732066103,6749,701,Haney/Maple Ridge East/Coquitlam Station,EAST,40-ft,PCT
310768,25.771082514301263,51.94527616616181,37.74165327889208,2.0156419947565487,1.4644962336350418,6749,701,Haney/Maple Ridge East/Coquitlam Station,EAST,40-ft,PCT
310769,45.001366041643806,68.7062793912386,51.0810117881457,1.5267598616375002,1.1350991376767507,6749,701,Haney/Maple Ridge East/Coquitlam Station,EAST,40-ft,PCT
310770,19.243819593298728,35.19807329547177,24.30113974323971,1.8290585777331227,1.2628023051983968,6749,701,Haney/Maple Ridge East/Coquitlam Station,WEST,40-ft,PCT
310772,24.00412941781068,42.94908597263608,28.913248407971047,1.7892373943280167,1.204511436541326,6749,701,Haney/Maple Ridge East/Coquitlam Station,WEST,40-ft,PCT
310773,4.840215220098433,8.406608369734796,4.91878766360233,1.7368253243837852,1.0162332540870567,6749,701,Haney/Maple Ridge East/Coquitlam Station,WEST,40-ft,PCT
310774,45.34284047120165,69.41244164320197,51.668911581613386,1.5308357597775004,1.139516427393418,6749,701,Haney/Maple Ridge East/Coquitlam Station,WEST,40-ft,PCT
310775,4.856063904436644,9.050460387406282,6.290422425686545,1.8637440868802229,1.295374721065641,34540,719,Meadowtown/Fraser Way,NORTH,28-ft Shuttle,XNE
310776,4.717630195733086,9.76121374984141,6.99529406992439,2.0690926047298173,1.4827983075594526,34540,719,Meadowtown/Fraser Way,SOUTH,28-ft Shuttle,XNE
310777,7.093853947134032,15.942699439842023,10.848398502830324,2.247396064065146,1.5292672479129847,34541,722,Meadowtown/Bonson,NORTH,28-ft Shuttle,XNE
310778,7.458439945802345,17.136307330311677,11.714815895554649,2.2975726096656572,1.570679120658177,34541,722,Meadowtown/Bonson,SOUTH,28-ft Shuttle,XNE
310779,2.126122301323253,7.39408696834185,5.836225557992538,3.477733601561833,2.745009331946801,31821,733,Rock Ridge/Haney Place/Port Haney Station,NORTH,28-ft Shuttle,XNE
310780,6.003762788615092,14.40250339920898,10.455082159563704,2.3989127995730244,1.7414215930365582,31821,733,Rock Ridge/Haney Place/Port Haney Station,NORTH,28-ft Shuttle,XNE
310781,7.733329415174576,19.46253001741145,14.420701664439978,2.516707742879991,1.864746849674247,31821,733,Rock Ridge/Haney Place/Port Haney Station,NORTH,28-ft Shuttle,XNE
310782,7.5093546268335105,12.53890399834292,9.195494131904425,1.6697711882639152,1.2245385374457822,31821,733,Rock Ridge/Haney Place/Port Haney Station,SOUTH,28-ft Shuttle,XNE
310783,7.596577899504639,12.700199433574532,8.570076357321126,1.671831659147824,1.1281496050846747,31821,733,Rock Ridge/Haney Place/Port Haney Station,SOUTH,28-ft Shuttle,XNE
310784,9.60032307859735,16.021530743352944,11.749503142706747,1.6688532888097096,1.2238653893743128,31821,733,Rock Ridge/Haney Place/Port Haney Station,SOUTH,28-ft Shuttle,XNE
310785,8.654989230473548,20.617882128799604,14.894784869067548,2.3821961622096115,1.7209478223986878,31822,741,Anderson Creek/Haney Place/Port Haney St,NORTH,28-ft Shuttle,XNE
310786,6.921471046691282,15.438682286734608,11.030125172159156,2.230549283900402,1.5936099562869603,31822,741,Anderson Creek/Haney Place/Port Haney St,NORTH,28-ft Shuttle,XNE
310787,3.767575395956733,9.557046081730183,7.328560472415602,2.536656888668124,1.9451662414720163,31822,741,Anderson Creek/Haney Place/Port Haney St,NORTH,28-ft Shuttle,XNE
310788,6.666805915496811,11.942196323534764,8.609300665139164,1.7912920332322035,1.2913681265457386,31822,741,Anderson Creek/Haney Place/Port Haney St,SOUTH,28-ft Shuttle,XNE
310789,6.653017455676487,11.956803403410316,8.370213232354464,1.7972000649432436,1.2581078116987099,31822,741,Anderson Creek/Haney Place/Port Haney St,SOUTH,28-ft Shuttle,XNE
310790,8.96092921343973,15.778731148399526,10.617625845538976,1.7608364905655498,1.1848800043654522,31822,741,Anderson Creek/Haney Place/Port Haney St,SOUTH,28-ft Shuttle,XNE
310791,12.188820029095092,29.149541932298547,20.458673434536763,2.3914982633854374,1.6784785882227544,6799,743,Haney Place/Maple Meadows Station/Meadowtown,EAST,28-ft Shuttle,XNE
310792,12.300814180584457,29.306259500701422,21.02307304309481,2.3824650198324493,1.7090798002848888,6799,743,Haney Place/Maple Meadows Station/Meadowtown,EAST,28-ft Shuttle,XNE
310793,6.017622800158299,14.205216532510237,10.0524476154573,2.360602683859905,1.670501450372207,6799,743,Haney Place/Maple Meadows Station/Meadowtown,EAST,28-ft Shuttle,XNE
310794,11.77720344767815,24.044333963065043,16.434728037786662,2.0415996097787823,1.3954694856720617,6799,743,Haney Place/Maple Meadows Station/Meadowtown,WEST,28-ft Shuttle,XNE
310795,11.211396847366329,26.141877096173555,18.2911783789182,2.331723464263469,1.6314807715699569,6800,744,Haney Place/Maple Meadows Station/Meadowtown,EAST,28-ft Shuttle,XNE
310796,11.30006425405531,26.301392296320547,18.472947506621736,2.3275436055048657,1.634764820031201,6800,744,Haney Place/Maple Meadows Station/Meadowtown,EAST,28-ft Shuttle,XNE
310797,11.443035487953583,23.1115054050402,15.576045203982131,2.019700579393497,1.3611812373018932,6800,744,Haney Place/Maple Meadows Station/Meadowtown,WEST,28-ft Shuttle,XNE
310798,10.365309673635378,23.15493397478047,16.21563847488298,2.2338873322498087,1.564414280465558,34042,745,Haney Place/Cottonwood,EAST,28-ft Shuttle,XNE
310799,13.348887864941494,29.118319856018307,20.62204217845269,2.181329272567526,1.5448509559071852,34042,745,Haney Place/Cottonwood,EAST,28-ft Shuttle,XNE
310800,10.245531345521869,19.88633953350085,13.83373005703935,1.9409768866885364,1.3502208514628005,34042,745,Haney Place/Cottonwood,WEST,28-ft Shuttle,XNE
310801,10.353436553824052,20.02797098220439,13.87006136712219,1.9344273641013465,1.339657735382487,34042,745,Haney Place/Cottonwood,WEST,28-ft Shuttle,XNE
310802,1.8098202215323085,3.891077184583838,2.410263979901876,2.1499799473394132,1.3317698361559878,34042,745,Haney Place/Cottonwood,WEST,28-ft Shuttle,XNE
310803,1.7458322044261732,3.6542718123543367,2.47403741910893,2.093140339082837,1.417110655214489,34042,745,Haney Place/Cottonwood,WEST,28-ft Shuttle,XNE
310804,10.529030246454026,22.21339506193696,16.044288206760733,2.1097284879980283,1.5238144284146338,34043,746,Haney Place/Albion,EAST,28-ft Shuttle,XNE
310805,11.069647609086562,22.894320982672085,16.463195362022308,2.068206847332628,1.4872375294502087,34043,746,Haney Place/Albion,EAST,28-ft Shuttle,XNE
310806,12.609391978902888,23.19063216014049,15.967563504591428,1.8391554643508075,1.2663230337598503,34043,746,Haney Place/Albion,WEST,28-ft Shuttle,XNE
310807,11.615638650882309,22.56118130445297,16.039980253337657,1.9423108778215352,1.3808952512584645,34043,746,Haney Place/Albion,WEST,28-ft Shuttle,XNE
310808,10.797470154452508,21.326336765393528,14.977402003673223,1.9751234743259998,1.387121408017697,34043,746,Haney Place/Albion,WEST,28-ft Shuttle,XNE
310809,10.755004566080272,21.321274727599132,14.700462307099134,1.9824514807593245,1.3668485416977194,34043,746,Haney Place/Albion,WEST,28-ft Shuttle,XNE
310810,11.594646142511774,22.54781523050716,15.529144103584915,1.944674719121922,1.339337476341542,34043,746,Haney Place/Albion,WEST,28-ft Shuttle,XNE
310812,17.5313369880948,37.890921018426376,28.65037013491508,2.161325234017085,1.634237602891953,6804,748,Thornhill/Haney Place,EAST,28-ft Shuttle,XNE
310813,18.1502304829618,38.66969549519555,29.164928564832746,2.1305346800689957,1.6068627113143712,6804,748,Thornhill/Haney Place,EAST,28-ft Shuttle,XNE
310814,19.73920026620864,29.5416308958497,20.04754903583668,1.4965971517306986,1.0156211379118485,6804,748,Thornhill/Haney Place,WEST,28-ft Shuttle,XNE
310815,19.77442271456271,29.70019563980152,20.00095787895081,1.5019500730066349,1.0114559685335982,6804,748,Thornhill/Haney Place,WEST,28-ft Shuttle,XNE
310816,22.071790653525703,32.84123508500341,22.23989047142145,1.487927989193637,1.0076160480377199,6804,748,Thornhill/Haney Place,WEST,28-ft Shuttle,XNE
310817,17.405348606369227,31.874563108303345,23.106440851914588,1.8313085149377202,1.3275482941754544,6805,749,Ruskin/Haney Place,EAST,28-ft Shuttle,XNE
310818,20.914609848669148,39.086557940297936,28.139733417256743,1.8688638336127086,1.3454582046170633,6805,749,Ruskin/Haney Place,EAST,28-ft Shuttle,XNE
310819,19.801552916570337,35.059502489299305,25.24052016290211,1.7705430799803994,1.2746737727716464,6805,749,Ruskin/Haney Place,WEST,28-ft Shuttle,XNE
310820,23.382121167812187,41.71893333615628,30.034869387191552,1.7842236397947737,1.2845228699155633,6805,749,Ruskin/Haney Place,WEST,28-ft Shuttle,XNE
310821,4.642922773948733,7.901482715067843,5.059865654793663,1.701833758554583,1.0898018125962339,6805,749,Ruskin/Haney Place,WEST,28-ft Shuttle,XNE
310823,19.690120544209638,34.97999193799701,25.183277831128535,1.77652502733325,1.2789803787429983,6805,749,Ruskin/Haney Place,WEST,28-ft Shuttle,XNE
310824,12.622081702415432,20.503971342856552,14.929324267165924,1.624452433938278,1.1827941395997275,7224,791,Haney Place/Braid Station,EAST,40-ft,PCT
310825,26.891613438827036,50.30542200005879,35.79077452226965,1.8706732533729677,1.3309270045728718,7224,791,Haney Place/Braid Station,EAST,40-ft,PCT
310826,27.133035852642465,47.4282897925368,32.908163783422985,1.7479905326523866,1.2128448862908234,7224,791,Haney Place/Braid Station,WEST,40-ft,PCT
310827,7.410461056692265,19.50050167522365,13.269316798300707,2.6314829166551075,1.7906195979961876,29040,840,Brookswood School,SOUTH,40-ft,STC
310829,18.33270385123032,35.5021609243726,25.012587475270465,1.936547997091549,1.3643697993622392,6754,855,Elgin Park School Special,EAST,40-ft,STC
310830,18.433838616754223,44.172004719584855,31.12081358541138,2.396245602336869,1.6882437908036239,6754,855,Elgin Park School Special,WEST,40-ft,STC
310834,11.321763660385953,26.04321300839855,18.34819911173469,2.30027880722523,1.620613153755694,29039,864,Lord Tweedsmuir School,WEST,40-ft,STC
310835,7.3384524344222495,15.166912835686087,10.210477556264928,2.0667726569355582,1.3913665922764533,8289,865,Samuel Robertson,WEST,40-ft,PCT
310837,4.055470359967685,10.403236241540316,7.559010852835021,2.5652354272472633,1.8639048450338702,6761,880,Windsor School Specials,WEST,40-ft,BTC
310838,6.386671131538449,18.28770302461709,13.205038077044524,2.8634170521649938,2.0675932430332664,6762,881,Carson Graham School Specials,EAST,40-ft,BTC
310839,4.185514583205204,7.471031366467372,4.8717478868916295,1.7849732017290378,1.1639543454083294,6762,881,Carson Graham School Specials,WEST,40-ft,BTC
310901,6.400061155599847,15.486525988501922,10.32586522644342,2.41974656366396,1.6134010246774944,6830,N10,Downtown/Richmond NightBus,NORTH,40-ft,RTC
310903,24.186262647899525,57.38205465837776,37.65304303265087,2.372506058242163,1.5567945978590818,6830,N10,Downtown/Richmond NightBus,NORTH,40-ft,RTC
310905,25.559645205706524,58.84785426394936,38.60239139729301,2.302373674999636,1.5102866681684035,6830,N10,Downtown/Richmond NightBus,SOUTH,40-ft,RTC
310906,9.28912455083663,24.981266196484583,16.483028278086177,2.689302534352888,1.774443672046751,6831,N15,Downtown/Cambie NightBus,NORTH,40-ft,VTC
310907,10.01707375118805,25.704632678632624,16.39244079762222,2.566082003298018,1.636450045671076,6831,N15,Downtown/Cambie NightBus,SOUTH,40-ft,VTC
310908,11.000460788934497,25.365660847960932,15.766692938018275,2.3058725752176286,1.4332756818585446,6833,N17,Downtown/UBC NightBus,EAST,60-ft,BTC
310909,12.19292961836529,34.73194894034784,22.578214929481096,2.848531897373846,1.851746515084712,6833,N17,Downtown/UBC NightBus,WEST,60-ft,BTC
310910,29.64681309150081,81.57984750884314,53.96123252261132,2.7517240135409553,1.8201360246063345,6834,N19,Downtown/Surrey Central Station NightBus,EAST,40-ft,BTC
310911,21.391147515069004,61.887790709569614,38.52628769747831,2.8931496389323073,1.8010388489134792,6834,N19,Downtown/Surrey Central Station NightBus,EAST,40-ft,BTC
310912,29.89874866528715,74.94509455009963,47.78324300302492,2.506629805451085,1.5981686570883786,6834,N19,Downtown/Surrey Central Station NightBus,WEST,40-ft,BTC
310913,15.740593115379998,45.57622208523577,29.31048641522248,2.8954577347345087,1.862095424255866,6835,N20,Downtown/Victoria NightBus,NORTH,40-ft,VTC
310914,16.02772912058281,45.872165996559794,28.729714388235816,2.8620502412690993,1.792500620149683,6835,N20,Downtown/Victoria NightBus,SOUTH,40-ft,VTC
310915,10.026071313948911,25.74882275499099,16.79867185359545,2.5681866753897493,1.6754989394723399,6836,N22,Downtown/Macdonald NightBus,NORTH,40-ft,VTC
310916,11.443409871827528,31.4031746081406,19.74665711963073,2.7442147891121085,1.725592051740183,6836,N22,Downtown/Macdonald NightBus,SOUTH,40-ft,VTC
310917,10.87499795370693,22.22544310662912,14.540069967984095,2.0437192909128954,1.3370181796703569,6837,N24,Downtown/Lynn Valley NightBus,NORTH,40-ft,BTC
310918,18.19856247019504,52.8204499702444,35.1398646238102,2.9024517764384883,1.9309143060810996,6837,N24,Downtown/Lynn Valley NightBus,NORTH,40-ft,BTC
310919,5.694115437522252,24.35786176775256,16.93567647775424,4.277725317481742,2.974241857858024,6837,N24,Downtown/Lynn Valley NightBus,NORTH,40-ft,BTC
310920,16.5156961980249,45.9826405136781,31.59699855199213,2.7841781516408086,1.9131496591570138,6837,N24,Downtown/Lynn Valley NightBus,NORTH,40-ft,BTC
310921,11.604811550809211,27.796766162657985,18.662108019985123,2.3952794098340786,1.6081353788708272,6837,N24,Downtown/Lynn Valley NightBus,SOUTH,40-ft,BTC
310922,18.17906768363616,39.57383592809702,24.36479668770448,2.17689029034857,1.3402665698657577,6837,N24,Downtown/Lynn Valley NightBus,SOUTH,40-ft,BTC
310923,6.569782146163039,12.231674414424392,6.441066888814347,1.8618082216878495,0.9804079869796191,6837,N24,Downtown/Lynn Valley NightBus,SOUTH,40-ft,BTC
310924,17.76641443713177,38.39515523804401,24.07245847908036,2.1611088367835336,1.3549418519005711,6837,N24,Downtown/Lynn Valley NightBus,SOUTH,40-ft,BTC
310925,17.56021770101383,63.59383584776249,46.1356961436149,3.621471950435497,2.627284976139634,6838,N35,Downtown/SFU NightBus,EAST,60-ft,BTC
310926,17.67830201123466,27.55181195897112,14.271065174758215,1.5585100843656696,0.8072644740252132,6838,N35,Downtown/SFU NightBus,WEST,60-ft,BTC
310927,12.78233277838864,38.34413028407964,23.773953988245218,2.999775623813274,1.8599072955165388,6840,N8,Downtown/Fraser NightBus,EAST,40-ft,VTC
310928,12.113098289663029,37.70475623990104,23.69159111855788,3.1127260208956775,1.955865506249182,6840,N8,Downtown/Fraser NightBus,WEST,40-ft,VTC
310929,12.169771345621932,22.328647354830487,15.53599041613472,1.8347630962567925,1.2766049562405117,6841,N9,Downtown/Lougheed Station/Coquitlam Central Station,EAST,40-ft,PCT
310930,35.286571888106295,76.01974474426443,52.03353754320327,2.1543533609703718,1.4745988277977697,6841,N9,Downtown/Lougheed Station/Coquitlam Central Station,EAST,40-ft,PCT
310931,33.89429551128947,72.6275383108003,50.101684747588685,2.142765831690162,1.4781745421113968,6841,N9,Downtown/Lougheed Station/Coquitlam Central Station,WEST,40-ft,PCT
310932,11.228122532676393,25.1521565961022,17.353681239205695,2.2401035010887793,1.5455550283408943,37808,R1,King George Blvd,NORTH,60-ft,HTC
310933,11.707886152377991,25.90253625378613,17.828277507919125,2.2124007627563973,1.5227580176202875,37808,R1,King George Blvd,NORTH,60-ft,HTC
310934,10.85185581205434,23.85327717064972,16.634988044330214,2.1980827596468138,1.532916427607886,37808,R1,King George Blvd,NORTH,60-ft,HTC
310935,10.371102494254682,23.105467744972604,16.004573673005716,2.227869964429763,1.5431892300622647,37808,R1,King George Blvd,NORTH,60-ft,HTC
310936,11.65854165687544,23.77914847660146,16.141864160612567,2.039633187104331,1.3845525997750463,37808,R1,King George Blvd,SOUTH,60-ft,HTC
310937,10.345170477752076,21.11603304493117,14.40919725785575,2.0411488713832697,1.3928429008341248,37808,R1,King George Blvd,SOUTH,60-ft,HTC
310938,9.64460770683452,21.097205439986443,13.777193465567644,2.18746123028272,1.4284866615989598,38311,R2,Marine Dr,EAST,60-ft,BTC
310939,9.645366499076328,21.097205439986443,13.784657046707196,2.187289144690021,1.4291480834893375,38311,R2,Marine Dr,EAST,60-ft,BTC
310940,10.220250418821664,22.416429588113285,14.939599711331471,2.1933346708248047,1.461764545790251,38311,R2,Marine Dr,WEST,60-ft,BTC
310941,10.246849872525743,22.416429588113285,15.247313218223672,2.1876410669602078,1.4880000593260732,38311,R2,Marine Dr,WEST,60-ft,BTC
310942,17.372406612504168,27.55388621088355,21.049384393650744,1.5860719142419244,1.211656212242925,37809,R3,Lougheed Hwy,EAST,60-ft,PCT
310943,17.48912124538384,24.45512810124333,18.123705282335944,1.3983051382697762,1.0362845009791215,37809,R3,Lougheed Hwy,WEST,60-ft,PCT
310944,19.051310402264114,38.577451306605646,26.483474288321784,2.0249237712289325,1.3901130016323922,37810,R4,41st Ave,EAST,60-ft,HTC
310945,19.26241346303524,37.60693675472745,25.209130000661244,1.9523481222586945,1.3087212591006734,37810,R4,41st Ave,WEST,60-ft,HTC
310947,7.094667817957519,21.47250609722389,14.329047605402796,3.026569622170922,2.0196925315000835,37807,R5,Hastings St,EAST,60-ft,BTC
310948,10.851975787725726,40.19660090643856,31.89831554857996,3.7040813297707014,2.9394016511407055,37807,R5,Hastings St,EAST,60-ft,BTC
310949,17.114390828090166,57.07125663765402,41.98105491003847,3.334694013413665,2.452968109220352,37807,R5,Hastings St,EAST,60-ft,BTC
310950,7.189516703424861,21.40135383468184,14.246694815031692,2.9767444346414695,1.9815928389518884,37807,R5,Hastings St,EAST,60-ft,BTC
310951,17.088203201254576,57.07125663765402,42.59239439554443,3.339804423291501,2.4925028040641157,37807,R5,Hastings St,EAST,60-ft,BTC
310952,7.764688364149298,19.307484125753103,12.60450327001018,2.486575535329735,1.623310901723631,37807,R5,Hastings St,WEST,60-ft,BTC
310953,8.377253482226294,21.66972944027168,14.018654491600042,2.586734361834405,1.6734189220062277,37807,R5,Hastings St,WEST,60-ft,BTC
310954,12.627785112674736,27.51673724912953,18.317652281346483,2.1790628367211036,1.450583148026547,37807,R5,Hastings St,WEST,60-ft,BTC
310955,18.15483967110421,24.13409654691463,12.26536737006998,1.3293478204231781,0.6755976693967675,37807,R5,Hastings St,WEST,60-ft,BTC
310956,18.190144387804985,24.13409654691463,12.286411030977243,1.3267677283031674,0.6754432933041633,37807,R5,Hastings St,WEST,60-ft,BTC
310957,11.937045867266454,22.50441371178742,14.668846663161233,1.8852582089425163,1.2288506575471803,46604,R6,Scott Rd,NORTH,60-ft,HTC
310958,12.053094733024066,29.48843079676653,20.878353868587197,2.4465443481475084,1.732198603847604,46604,R6,Scott Rd,SOUTH,60-ft,HTC
310959,24.2555736532032,54.273619456798734,35.85108125635504,2.237573113412279,1.4780553850813802,6727,407,Gilbert/Bridgeport,NORTH,40-ft,RTC
310961,24.82792348704768,52.599336663279374,34.77151629445675,2.118555613026582,1.4005003806539231,6727,407,Gilbert/Bridgeport,SOUTH,40-ft,RTC
310962,24.412468919431287,52.07028757053284,34.7207349775024,2.132938202292481,1.4222541395584194,6727,407,Gilbert/Bridgeport,SOUTH,40-ft,RTC
310963,6.546177615748326,13.161904603529589,8.175956767137452,2.0106244248346727,1.2489665339156577,18705,531,White Rock Centre/Willowbrook,NORTH,40-ft,STC
310965,5.546571109145559,14.050197793356784,8.979831952460106,2.5331321850701367,1.6189879793758626,6712,335,Newton/Surrey Central Station,WEST,40-ft,STC
310966,11.781758565338713,29.70114304197933,21.508194762212185,2.5209431068599946,1.8255504594609597,6749,701,Haney/Maple Ridge East/Coquitlam Station,EAST,40-ft,PCT
310967,9.561679644210905,22.31071161346223,13.558257756943467,2.3333464876090253,1.4179786670799288,6636,049,Metrotown Station/Dunbar Loop/UBC,WEST,60-ft,RTC
310968,3.889091086505932,9.599006885993967,6.456594279399631,2.468187726253021,1.6601807815204495,34045,561,Langley Centre/Brookswood,EAST,,
310974,18.816505232465925,44.1466231202973,29.221455819765445,2.3461648470262633,1.5529693457288158,6712,335,Newton/Surrey Central Station,WEST,40-ft,STC
310975,19.09417903556123,45.13589018262468,30.151216152604064,2.363856026413236,1.5790789484297847,6712,335,Newton/Surrey Central Station,WEST,40-ft,STC
310980,1.4819191841201629,4.94393638244851,3.198566840662247,3.336171388714289,2.158394921219191,31816,360,Ocean Park/Peace Arch Hospital,EAST,28-ft Shuttle,XHT
